solid STL generated by MeshLab
  facet normal  9.984815e-01  0.000000e+00 -5.508753e-02
    outer loop
      vertex   5.019350e+01  6.600000e+01 -5.555415e+00
      vertex   5.019350e+01  6.800000e+01 -5.555415e+00
      vertex   5.050000e+01  6.600000e+01  0.000000e+00
    endloop
  endfacet
  facet normal  9.984815e-01  0.000000e+00 -5.508753e-02
    outer loop
      vertex   5.050000e+01  6.600000e+01  0.000000e+00
      vertex   5.019350e+01  6.800000e+01 -5.555415e+00
      vertex   5.050000e+01  6.800000e+01  0.000000e+00
    endloop
  endfacet
  facet normal  9.984815e-01 -0.000000e+00  5.508753e-02
    outer loop
      vertex   5.050000e+01  6.600000e+01  0.000000e+00
      vertex   5.050000e+01  6.800000e+01  0.000000e+00
      vertex   5.019350e+01  6.600000e+01  5.555415e+00
    endloop
  endfacet
  facet normal  9.984815e-01 -0.000000e+00  5.508753e-02
    outer loop
      vertex   5.019350e+01  6.600000e+01  5.555415e+00
      vertex   5.050000e+01  6.800000e+01  0.000000e+00
      vertex   5.019350e+01  6.800000e+01  5.555415e+00
    endloop
  endfacet
  facet normal  9.863612e-01 -0.000000e+00  1.645948e-01
    outer loop
      vertex   5.019350e+01  6.600000e+01  5.555415e+00
      vertex   5.019350e+01  6.800000e+01  5.555415e+00
      vertex   4.927772e+01  6.600000e+01  1.104340e+01
    endloop
  endfacet
  facet normal  9.863612e-01 -0.000000e+00  1.645948e-01
    outer loop
      vertex   4.927772e+01  6.600000e+01  1.104340e+01
      vertex   5.019350e+01  6.800000e+01  5.555415e+00
      vertex   4.927772e+01  6.800000e+01  1.104340e+01
    endloop
  endfacet
  facet normal  9.622680e-01 -0.000000e+00  2.721034e-01
    outer loop
      vertex   4.927772e+01  6.600000e+01  1.104340e+01
      vertex   4.927772e+01  6.800000e+01  1.104340e+01
      vertex   4.776377e+01  6.600000e+01  1.639732e+01
    endloop
  endfacet
  facet normal  9.622680e-01 -0.000000e+00  2.721034e-01
    outer loop
      vertex   4.776377e+01  6.600000e+01  1.639732e+01
      vertex   4.927772e+01  6.800000e+01  1.104340e+01
      vertex   4.776377e+01  6.800000e+01  1.639732e+01
    endloop
  endfacet
  facet normal  9.264940e-01 -0.000000e+00  3.763095e-01
    outer loop
      vertex   4.776377e+01  6.600000e+01  1.639732e+01
      vertex   4.776377e+01  6.800000e+01  1.639732e+01
      vertex   4.567004e+01  6.600000e+01  2.155221e+01
    endloop
  endfacet
  facet normal  9.264940e-01 -0.000000e+00  3.763095e-01
    outer loop
      vertex   4.567004e+01  6.600000e+01  2.155221e+01
      vertex   4.776377e+01  6.800000e+01  1.639732e+01
      vertex   4.567004e+01  6.800000e+01  2.155221e+01
    endloop
  endfacet
  facet normal  8.794738e-01 -0.000000e+00  4.759472e-01
    outer loop
      vertex   4.567004e+01  6.600000e+01  2.155221e+01
      vertex   4.567004e+01  6.800000e+01  2.155221e+01
      vertex   4.302193e+01  6.600000e+01  2.644548e+01
    endloop
  endfacet
  facet normal  8.794738e-01 -0.000000e+00  4.759472e-01
    outer loop
      vertex   4.302193e+01  6.600000e+01  2.644548e+01
      vertex   4.567004e+01  6.800000e+01  2.155221e+01
      vertex   4.302193e+01  6.800000e+01  2.644548e+01
    endloop
  endfacet
  facet normal  8.217778e-01 -0.000000e+00  5.698079e-01
    outer loop
      vertex   4.302193e+01  6.600000e+01  2.644548e+01
      vertex   4.302193e+01  6.800000e+01  2.644548e+01
      vertex   3.985160e+01  6.600000e+01  3.101774e+01
    endloop
  endfacet
  facet normal  8.217778e-01 -0.000000e+00  5.698079e-01
    outer loop
      vertex   3.985160e+01  6.600000e+01  3.101774e+01
      vertex   4.302193e+01  6.800000e+01  2.644548e+01
      vertex   3.985160e+01  6.800000e+01  3.101774e+01
    endloop
  endfacet
  facet normal  7.541066e-01 -0.000000e+00  6.567520e-01
    outer loop
      vertex   3.985160e+01  6.600000e+01  3.101774e+01
      vertex   3.985160e+01  6.800000e+01  3.101774e+01
      vertex   3.619752e+01  6.600000e+01  3.521349e+01
    endloop
  endfacet
  facet normal  7.541066e-01 -0.000000e+00  6.567520e-01
    outer loop
      vertex   3.619752e+01  6.600000e+01  3.521349e+01
      vertex   3.985160e+01  6.800000e+01  3.101774e+01
      vertex   3.619752e+01  6.800000e+01  3.521349e+01
    endloop
  endfacet
  facet normal  6.772813e-01 -0.000000e+00  7.357243e-01
    outer loop
      vertex   3.619752e+01  6.600000e+01  3.521349e+01
      vertex   3.619752e+01  6.800000e+01  3.521349e+01
      vertex   3.210405e+01  6.600000e+01  3.898179e+01
    endloop
  endfacet
  facet normal  6.772813e-01 -0.000000e+00  7.357243e-01
    outer loop
      vertex   3.210405e+01  6.600000e+01  3.898179e+01
      vertex   3.619752e+01  6.800000e+01  3.521349e+01
      vertex   3.210405e+01  6.800000e+01  3.898179e+01
    endloop
  endfacet
  facet normal  5.922359e-01 -0.000000e+00  8.057647e-01
    outer loop
      vertex   3.210405e+01  6.600000e+01  3.898179e+01
      vertex   3.210405e+01  6.800000e+01  3.898179e+01
      vertex   2.762088e+01  6.600000e+01  4.227691e+01
    endloop
  endfacet
  facet normal  5.922359e-01 -0.000000e+00  8.057647e-01
    outer loop
      vertex   2.762088e+01  6.600000e+01  4.227691e+01
      vertex   3.210405e+01  6.800000e+01  3.898179e+01
      vertex   2.762088e+01  6.800000e+01  4.227691e+01
    endloop
  endfacet
  facet normal  4.999993e-01 -0.000000e+00  8.660257e-01
    outer loop
      vertex   2.762088e+01  6.600000e+01  4.227691e+01
      vertex   2.762088e+01  6.800000e+01  4.227691e+01
      vertex   2.280243e+01  6.600000e+01  4.505884e+01
    endloop
  endfacet
  facet normal  4.999993e-01 -0.000000e+00  8.660257e-01
    outer loop
      vertex   2.280243e+01  6.600000e+01  4.505884e+01
      vertex   2.762088e+01  6.800000e+01  4.227691e+01
      vertex   2.280243e+01  6.800000e+01  4.505884e+01
    endloop
  endfacet
  facet normal  4.016954e-01 -0.000000e+00  9.157733e-01
    outer loop
      vertex   2.280243e+01  6.600000e+01  4.505884e+01
      vertex   2.280243e+01  6.800000e+01  4.505884e+01
      vertex   1.770720e+01  6.600000e+01  4.729382e+01
    endloop
  endfacet
  facet normal  4.016954e-01 -0.000000e+00  9.157733e-01
    outer loop
      vertex   1.770720e+01  6.600000e+01  4.729382e+01
      vertex   2.280243e+01  6.800000e+01  4.505884e+01
      vertex   1.770720e+01  6.800000e+01  4.729382e+01
    endloop
  endfacet
  facet normal  2.985155e-01 -0.000000e+00  9.544048e-01
    outer loop
      vertex   1.770720e+01  6.600000e+01  4.729382e+01
      vertex   1.770720e+01  6.800000e+01  4.729382e+01
      vertex   1.239702e+01  6.600000e+01  4.895472e+01
    endloop
  endfacet
  facet normal  2.985155e-01 -0.000000e+00  9.544048e-01
    outer loop
      vertex   1.239702e+01  6.600000e+01  4.895472e+01
      vertex   1.770720e+01  6.800000e+01  4.729382e+01
      vertex   1.239702e+01  6.800000e+01  4.895472e+01
    endloop
  endfacet
  facet normal  1.917104e-01 -0.000000e+00  9.814516e-01
    outer loop
      vertex   1.239702e+01  6.600000e+01  4.895472e+01
      vertex   1.239702e+01  6.800000e+01  4.895472e+01
      vertex   6.936355e+00  6.600000e+01  5.002137e+01
    endloop
  endfacet
  facet normal  1.917104e-01 -0.000000e+00  9.814516e-01
    outer loop
      vertex   6.936355e+00  6.600000e+01  5.002137e+01
      vertex   1.239702e+01  6.800000e+01  4.895472e+01
      vertex   6.936355e+00  6.800000e+01  5.002137e+01
    endloop
  endfacet
  facet normal  8.257884e-02 -0.000000e+00  9.965845e-01
    outer loop
      vertex   6.936355e+00  6.600000e+01  5.002137e+01
      vertex   6.936355e+00  6.800000e+01  5.002137e+01
      vertex   1.391494e+00  6.600000e+01  5.048082e+01
    endloop
  endfacet
  facet normal  8.257884e-02 -0.000000e+00  9.965845e-01
    outer loop
      vertex   1.391494e+00  6.600000e+01  5.048082e+01
      vertex   6.936355e+00  6.800000e+01  5.002137e+01
      vertex   1.391494e+00  6.800000e+01  5.048082e+01
    endloop
  endfacet
  facet normal -2.755439e-02  0.000000e+00  9.996203e-01
    outer loop
      vertex   1.391494e+00  6.600000e+01  5.048082e+01
      vertex   1.391494e+00  6.800000e+01  5.048082e+01
      vertex  -4.170257e+00  6.600000e+01  5.032751e+01
    endloop
  endfacet
  facet normal -2.755439e-02  0.000000e+00  9.996203e-01
    outer loop
      vertex  -4.170257e+00  6.600000e+01  5.032751e+01
      vertex   1.391494e+00  6.800000e+01  5.048082e+01
      vertex  -4.170257e+00  6.800000e+01  5.032751e+01
    endloop
  endfacet
  facet normal -1.373537e-01  0.000000e+00  9.905221e-01
    outer loop
      vertex  -4.170257e+00  6.600000e+01  5.032751e+01
      vertex  -4.170257e+00  6.800000e+01  5.032751e+01
      vertex  -9.681387e+00  6.600000e+01  4.956330e+01
    endloop
  endfacet
  facet normal -1.373537e-01  0.000000e+00  9.905221e-01
    outer loop
      vertex  -9.681387e+00  6.600000e+01  4.956330e+01
      vertex  -4.170257e+00  6.800000e+01  5.032751e+01
      vertex  -9.681387e+00  6.800000e+01  4.956330e+01
    endloop
  endfacet
  facet normal -2.454856e-01  0.000000e+00  9.694003e-01
    outer loop
      vertex  -9.681387e+00  6.600000e+01  4.956330e+01
      vertex  -9.681387e+00  6.800000e+01  4.956330e+01
      vertex  -1.507500e+01  6.600000e+01  4.819745e+01
    endloop
  endfacet
  facet normal -2.454856e-01  0.000000e+00  9.694003e-01
    outer loop
      vertex  -1.507500e+01  6.600000e+01  4.819745e+01
      vertex  -9.681387e+00  6.800000e+01  4.956330e+01
      vertex  -1.507500e+01  6.800000e+01  4.819745e+01
    endloop
  endfacet
  facet normal -3.506373e-01  0.000000e+00  9.365114e-01
    outer loop
      vertex  -1.507500e+01  6.600000e+01  4.819745e+01
      vertex  -1.507500e+01  6.800000e+01  4.819745e+01
      vertex  -2.028562e+01  6.600000e+01  4.624655e+01
    endloop
  endfacet
  facet normal -3.506373e-01  0.000000e+00  9.365114e-01
    outer loop
      vertex  -2.028562e+01  6.600000e+01  4.624655e+01
      vertex  -1.507500e+01  6.800000e+01  4.819745e+01
      vertex  -2.028562e+01  6.800000e+01  4.624655e+01
    endloop
  endfacet
  facet normal -4.515330e-01  0.000000e+00  8.922545e-01
    outer loop
      vertex  -2.028562e+01  6.600000e+01  4.624655e+01
      vertex  -2.028562e+01  6.800000e+01  4.624655e+01
      vertex  -2.525000e+01  6.600000e+01  4.373428e+01
    endloop
  endfacet
  facet normal -4.515330e-01  0.000000e+00  8.922545e-01
    outer loop
      vertex  -2.525000e+01  6.600000e+01  4.373428e+01
      vertex  -2.028562e+01  6.800000e+01  4.624655e+01
      vertex  -2.525000e+01  6.800000e+01  4.373428e+01
    endloop
  endfacet
  facet normal -5.469481e-01  0.000000e+00  8.371664e-01
    outer loop
      vertex  -2.525000e+01  6.600000e+01  4.373428e+01
      vertex  -2.525000e+01  6.800000e+01  4.373428e+01
      vertex  -2.990788e+01  6.600000e+01  4.069114e+01
    endloop
  endfacet
  facet normal -5.469481e-01  0.000000e+00  8.371664e-01
    outer loop
      vertex  -2.990788e+01  6.600000e+01  4.069114e+01
      vertex  -2.525000e+01  6.800000e+01  4.373428e+01
      vertex  -2.990788e+01  6.800000e+01  4.069114e+01
    endloop
  endfacet
  facet normal -6.357238e-01  0.000000e+00  7.719167e-01
    outer loop
      vertex  -2.990788e+01  6.600000e+01  4.069114e+01
      vertex  -2.990788e+01  6.800000e+01  4.069114e+01
      vertex  -3.420272e+01  6.600000e+01  3.715406e+01
    endloop
  endfacet
  facet normal -6.357238e-01  0.000000e+00  7.719167e-01
    outer loop
      vertex  -3.420272e+01  6.600000e+01  3.715406e+01
      vertex  -2.990788e+01  6.800000e+01  4.069114e+01
      vertex  -3.420272e+01  6.800000e+01  3.715406e+01
    endloop
  endfacet
  facet normal -7.167827e-01  0.000000e+00  6.972967e-01
    outer loop
      vertex  -3.420272e+01  6.600000e+01  3.715406e+01
      vertex  -3.420272e+01  6.800000e+01  3.715406e+01
      vertex  -3.808238e+01  6.600000e+01  3.316598e+01
    endloop
  endfacet
  facet normal -7.167827e-01  0.000000e+00  6.972967e-01
    outer loop
      vertex  -3.808238e+01  6.600000e+01  3.316598e+01
      vertex  -3.420272e+01  6.800000e+01  3.715406e+01
      vertex  -3.808238e+01  6.800000e+01  3.316598e+01
    endloop
  endfacet
  facet normal -7.891401e-01  0.000000e+00  6.142132e-01
    outer loop
      vertex  -3.808238e+01  6.600000e+01  3.316598e+01
      vertex  -3.808238e+01  6.800000e+01  3.316598e+01
      vertex  -4.149978e+01  6.600000e+01  2.877531e+01
    endloop
  endfacet
  facet normal -7.891401e-01  0.000000e+00  6.142132e-01
    outer loop
      vertex  -4.149978e+01  6.600000e+01  2.877531e+01
      vertex  -3.808238e+01  6.800000e+01  3.316598e+01
      vertex  -4.149978e+01  6.800000e+01  2.877531e+01
    endloop
  endfacet
  facet normal -8.519198e-01  0.000000e+00  5.236722e-01
    outer loop
      vertex  -4.149978e+01  6.600000e+01  2.877531e+01
      vertex  -4.149978e+01  6.800000e+01  2.877531e+01
      vertex  -4.441342e+01  6.600000e+01  2.403534e+01
    endloop
  endfacet
  facet normal -8.519198e-01  0.000000e+00  5.236722e-01
    outer loop
      vertex  -4.441342e+01  6.600000e+01  2.403534e+01
      vertex  -4.149978e+01  6.800000e+01  2.877531e+01
      vertex  -4.441342e+01  6.800000e+01  2.403534e+01
    endloop
  endfacet
  facet normal -9.043571e-01  0.000000e+00  4.267766e-01
    outer loop
      vertex  -4.441342e+01  6.600000e+01  2.403534e+01
      vertex  -4.441342e+01  6.800000e+01  2.403534e+01
      vertex  -4.678795e+01  6.600000e+01  1.900362e+01
    endloop
  endfacet
  facet normal -9.043571e-01  0.000000e+00  4.267766e-01
    outer loop
      vertex  -4.678795e+01  6.600000e+01  1.900362e+01
      vertex  -4.441342e+01  6.800000e+01  2.403534e+01
      vertex  -4.678795e+01  6.800000e+01  1.900362e+01
    endloop
  endfacet
  facet normal -9.458172e-01  0.000000e+00  3.246994e-01
    outer loop
      vertex  -4.678795e+01  6.600000e+01  1.900362e+01
      vertex  -4.678795e+01  6.800000e+01  1.900362e+01
      vertex  -4.859453e+01  6.600000e+01  1.374123e+01
    endloop
  endfacet
  facet normal -9.458172e-01  0.000000e+00  3.246994e-01
    outer loop
      vertex  -4.859453e+01  6.600000e+01  1.374123e+01
      vertex  -4.678795e+01  6.800000e+01  1.900362e+01
      vertex  -4.859453e+01  6.800000e+01  1.374123e+01
    endloop
  endfacet
  facet normal -9.757963e-01  0.000000e+00  2.186813e-01
    outer loop
      vertex  -4.859453e+01  6.600000e+01  1.374123e+01
      vertex  -4.859453e+01  6.800000e+01  1.374123e+01
      vertex  -4.981124e+01  6.600000e+01  8.312027e+00
    endloop
  endfacet
  facet normal -9.757963e-01  0.000000e+00  2.186813e-01
    outer loop
      vertex  -4.981124e+01  6.600000e+01  8.312027e+00
      vertex  -4.859453e+01  6.800000e+01  1.374123e+01
      vertex  -4.981124e+01  6.800000e+01  8.312027e+00
    endloop
  endfacet
  facet normal -9.939306e-01  0.000000e+00  1.100084e-01
    outer loop
      vertex  -4.981124e+01  6.600000e+01  8.312027e+00
      vertex  -4.981124e+01  6.800000e+01  8.312027e+00
      vertex  -5.042332e+01  6.600000e+01  2.781932e+00
    endloop
  endfacet
  facet normal -9.939306e-01  0.000000e+00  1.100084e-01
    outer loop
      vertex  -5.042332e+01  6.600000e+01  2.781932e+00
      vertex  -4.981124e+01  6.800000e+01  8.312027e+00
      vertex  -5.042332e+01  6.800000e+01  2.781932e+00
    endloop
  endfacet
  facet normal -1.000000e+00  0.000000e+00  0.000000e+00
    outer loop
      vertex  -5.042332e+01  6.600000e+01  2.781932e+00
      vertex  -5.042332e+01  6.800000e+01  2.781932e+00
      vertex  -5.042332e+01  6.600000e+01 -2.781932e+00
    endloop
  endfacet
  facet normal -1.000000e+00  0.000000e+00  0.000000e+00
    outer loop
      vertex  -5.042332e+01  6.600000e+01 -2.781932e+00
      vertex  -5.042332e+01  6.800000e+01  2.781932e+00
      vertex  -5.042332e+01  6.800000e+01 -2.781932e+00
    endloop
  endfacet
  facet normal -9.939306e-01  0.000000e+00 -1.100084e-01
    outer loop
      vertex  -5.042332e+01  6.600000e+01 -2.781932e+00
      vertex  -5.042332e+01  6.800000e+01 -2.781932e+00
      vertex  -4.981124e+01  6.600000e+01 -8.312027e+00
    endloop
  endfacet
  facet normal -9.939306e-01  0.000000e+00 -1.100084e-01
    outer loop
      vertex  -4.981124e+01  6.600000e+01 -8.312027e+00
      vertex  -5.042332e+01  6.800000e+01 -2.781932e+00
      vertex  -4.981124e+01  6.800000e+01 -8.312027e+00
    endloop
  endfacet
  facet normal -9.757963e-01  0.000000e+00 -2.186813e-01
    outer loop
      vertex  -4.981124e+01  6.600000e+01 -8.312027e+00
      vertex  -4.981124e+01  6.800000e+01 -8.312027e+00
      vertex  -4.859453e+01  6.600000e+01 -1.374123e+01
    endloop
  endfacet
  facet normal -9.757963e-01  0.000000e+00 -2.186813e-01
    outer loop
      vertex  -4.859453e+01  6.600000e+01 -1.374123e+01
      vertex  -4.981124e+01  6.800000e+01 -8.312027e+00
      vertex  -4.859453e+01  6.800000e+01 -1.374123e+01
    endloop
  endfacet
  facet normal -9.458172e-01  0.000000e+00 -3.246994e-01
    outer loop
      vertex  -4.859453e+01  6.600000e+01 -1.374123e+01
      vertex  -4.859453e+01  6.800000e+01 -1.374123e+01
      vertex  -4.678795e+01  6.600000e+01 -1.900362e+01
    endloop
  endfacet
  facet normal -9.458172e-01  0.000000e+00 -3.246994e-01
    outer loop
      vertex  -4.678795e+01  6.600000e+01 -1.900362e+01
      vertex  -4.859453e+01  6.800000e+01 -1.374123e+01
      vertex  -4.678795e+01  6.800000e+01 -1.900362e+01
    endloop
  endfacet
  facet normal -9.043571e-01  0.000000e+00 -4.267766e-01
    outer loop
      vertex  -4.678795e+01  6.600000e+01 -1.900362e+01
      vertex  -4.678795e+01  6.800000e+01 -1.900362e+01
      vertex  -4.441342e+01  6.600000e+01 -2.403534e+01
    endloop
  endfacet
  facet normal -9.043571e-01  0.000000e+00 -4.267766e-01
    outer loop
      vertex  -4.441342e+01  6.600000e+01 -2.403534e+01
      vertex  -4.678795e+01  6.800000e+01 -1.900362e+01
      vertex  -4.441342e+01  6.800000e+01 -2.403534e+01
    endloop
  endfacet
  facet normal -8.519198e-01  0.000000e+00 -5.236722e-01
    outer loop
      vertex  -4.441342e+01  6.600000e+01 -2.403534e+01
      vertex  -4.441342e+01  6.800000e+01 -2.403534e+01
      vertex  -4.149978e+01  6.600000e+01 -2.877531e+01
    endloop
  endfacet
  facet normal -8.519198e-01  0.000000e+00 -5.236722e-01
    outer loop
      vertex  -4.149978e+01  6.600000e+01 -2.877531e+01
      vertex  -4.441342e+01  6.800000e+01 -2.403534e+01
      vertex  -4.149978e+01  6.800000e+01 -2.877531e+01
    endloop
  endfacet
  facet normal -7.891401e-01  0.000000e+00 -6.142132e-01
    outer loop
      vertex  -4.149978e+01  6.600000e+01 -2.877531e+01
      vertex  -4.149978e+01  6.800000e+01 -2.877531e+01
      vertex  -3.808238e+01  6.600000e+01 -3.316598e+01
    endloop
  endfacet
  facet normal -7.891401e-01  0.000000e+00 -6.142132e-01
    outer loop
      vertex  -3.808238e+01  6.600000e+01 -3.316598e+01
      vertex  -4.149978e+01  6.800000e+01 -2.877531e+01
      vertex  -3.808238e+01  6.800000e+01 -3.316598e+01
    endloop
  endfacet
  facet normal -7.167827e-01  0.000000e+00 -6.972967e-01
    outer loop
      vertex  -3.808238e+01  6.600000e+01 -3.316598e+01
      vertex  -3.808238e+01  6.800000e+01 -3.316598e+01
      vertex  -3.420272e+01  6.600000e+01 -3.715406e+01
    endloop
  endfacet
  facet normal -7.167827e-01  0.000000e+00 -6.972967e-01
    outer loop
      vertex  -3.420272e+01  6.600000e+01 -3.715406e+01
      vertex  -3.808238e+01  6.800000e+01 -3.316598e+01
      vertex  -3.420272e+01  6.800000e+01 -3.715406e+01
    endloop
  endfacet
  facet normal -6.357238e-01  0.000000e+00 -7.719167e-01
    outer loop
      vertex  -3.420272e+01  6.600000e+01 -3.715406e+01
      vertex  -3.420272e+01  6.800000e+01 -3.715406e+01
      vertex  -2.990788e+01  6.600000e+01 -4.069114e+01
    endloop
  endfacet
  facet normal -6.357238e-01  0.000000e+00 -7.719167e-01
    outer loop
      vertex  -2.990788e+01  6.600000e+01 -4.069114e+01
      vertex  -3.420272e+01  6.800000e+01 -3.715406e+01
      vertex  -2.990788e+01  6.800000e+01 -4.069114e+01
    endloop
  endfacet
  facet normal -5.469481e-01  0.000000e+00 -8.371664e-01
    outer loop
      vertex  -2.990788e+01  6.600000e+01 -4.069114e+01
      vertex  -2.990788e+01  6.800000e+01 -4.069114e+01
      vertex  -2.525000e+01  6.600000e+01 -4.373428e+01
    endloop
  endfacet
  facet normal -5.469481e-01  0.000000e+00 -8.371664e-01
    outer loop
      vertex  -2.525000e+01  6.600000e+01 -4.373428e+01
      vertex  -2.990788e+01  6.800000e+01 -4.069114e+01
      vertex  -2.525000e+01  6.800000e+01 -4.373428e+01
    endloop
  endfacet
  facet normal -4.515330e-01  0.000000e+00 -8.922545e-01
    outer loop
      vertex  -2.525000e+01  6.600000e+01 -4.373428e+01
      vertex  -2.525000e+01  6.800000e+01 -4.373428e+01
      vertex  -2.028562e+01  6.600000e+01 -4.624655e+01
    endloop
  endfacet
  facet normal -4.515330e-01  0.000000e+00 -8.922545e-01
    outer loop
      vertex  -2.028562e+01  6.600000e+01 -4.624655e+01
      vertex  -2.525000e+01  6.800000e+01 -4.373428e+01
      vertex  -2.028562e+01  6.800000e+01 -4.624655e+01
    endloop
  endfacet
  facet normal -3.506373e-01  0.000000e+00 -9.365114e-01
    outer loop
      vertex  -2.028562e+01  6.600000e+01 -4.624655e+01
      vertex  -2.028562e+01  6.800000e+01 -4.624655e+01
      vertex  -1.507500e+01  6.600000e+01 -4.819745e+01
    endloop
  endfacet
  facet normal -3.506373e-01  0.000000e+00 -9.365114e-01
    outer loop
      vertex  -1.507500e+01  6.600000e+01 -4.819745e+01
      vertex  -2.028562e+01  6.800000e+01 -4.624655e+01
      vertex  -1.507500e+01  6.800000e+01 -4.819745e+01
    endloop
  endfacet
  facet normal -2.454856e-01  0.000000e+00 -9.694003e-01
    outer loop
      vertex  -1.507500e+01  6.600000e+01 -4.819745e+01
      vertex  -1.507500e+01  6.800000e+01 -4.819745e+01
      vertex  -9.681387e+00  6.600000e+01 -4.956330e+01
    endloop
  endfacet
  facet normal -2.454856e-01  0.000000e+00 -9.694003e-01
    outer loop
      vertex  -9.681387e+00  6.600000e+01 -4.956330e+01
      vertex  -1.507500e+01  6.800000e+01 -4.819745e+01
      vertex  -9.681387e+00  6.800000e+01 -4.956330e+01
    endloop
  endfacet
  facet normal -1.373537e-01  0.000000e+00 -9.905221e-01
    outer loop
      vertex  -9.681387e+00  6.600000e+01 -4.956330e+01
      vertex  -9.681387e+00  6.800000e+01 -4.956330e+01
      vertex  -4.170257e+00  6.600000e+01 -5.032751e+01
    endloop
  endfacet
  facet normal -1.373537e-01  0.000000e+00 -9.905221e-01
    outer loop
      vertex  -4.170257e+00  6.600000e+01 -5.032751e+01
      vertex  -9.681387e+00  6.800000e+01 -4.956330e+01
      vertex  -4.170257e+00  6.800000e+01 -5.032751e+01
    endloop
  endfacet
  facet normal -2.755439e-02  0.000000e+00 -9.996203e-01
    outer loop
      vertex  -4.170257e+00  6.600000e+01 -5.032751e+01
      vertex  -4.170257e+00  6.800000e+01 -5.032751e+01
      vertex   1.391494e+00  6.600000e+01 -5.048082e+01
    endloop
  endfacet
  facet normal -2.755439e-02  0.000000e+00 -9.996203e-01
    outer loop
      vertex   1.391494e+00  6.600000e+01 -5.048082e+01
      vertex  -4.170257e+00  6.800000e+01 -5.032751e+01
      vertex   1.391494e+00  6.800000e+01 -5.048082e+01
    endloop
  endfacet
  facet normal  8.257884e-02  0.000000e+00 -9.965845e-01
    outer loop
      vertex   1.391494e+00  6.600000e+01 -5.048082e+01
      vertex   1.391494e+00  6.800000e+01 -5.048082e+01
      vertex   6.936355e+00  6.600000e+01 -5.002137e+01
    endloop
  endfacet
  facet normal  8.257884e-02  0.000000e+00 -9.965845e-01
    outer loop
      vertex   6.936355e+00  6.600000e+01 -5.002137e+01
      vertex   1.391494e+00  6.800000e+01 -5.048082e+01
      vertex   6.936355e+00  6.800000e+01 -5.002137e+01
    endloop
  endfacet
  facet normal  1.917104e-01  0.000000e+00 -9.814516e-01
    outer loop
      vertex   6.936355e+00  6.600000e+01 -5.002137e+01
      vertex   6.936355e+00  6.800000e+01 -5.002137e+01
      vertex   1.239702e+01  6.600000e+01 -4.895472e+01
    endloop
  endfacet
  facet normal  1.917104e-01  0.000000e+00 -9.814516e-01
    outer loop
      vertex   1.239702e+01  6.600000e+01 -4.895472e+01
      vertex   6.936355e+00  6.800000e+01 -5.002137e+01
      vertex   1.239702e+01  6.800000e+01 -4.895472e+01
    endloop
  endfacet
  facet normal  2.985155e-01  0.000000e+00 -9.544048e-01
    outer loop
      vertex   1.239702e+01  6.600000e+01 -4.895472e+01
      vertex   1.239702e+01  6.800000e+01 -4.895472e+01
      vertex   1.770720e+01  6.600000e+01 -4.729382e+01
    endloop
  endfacet
  facet normal  2.985155e-01  0.000000e+00 -9.544048e-01
    outer loop
      vertex   1.770720e+01  6.600000e+01 -4.729382e+01
      vertex   1.239702e+01  6.800000e+01 -4.895472e+01
      vertex   1.770720e+01  6.800000e+01 -4.729382e+01
    endloop
  endfacet
  facet normal  4.016954e-01  0.000000e+00 -9.157733e-01
    outer loop
      vertex   1.770720e+01  6.600000e+01 -4.729382e+01
      vertex   1.770720e+01  6.800000e+01 -4.729382e+01
      vertex   2.280243e+01  6.600000e+01 -4.505884e+01
    endloop
  endfacet
  facet normal  4.016954e-01  0.000000e+00 -9.157733e-01
    outer loop
      vertex   2.280243e+01  6.600000e+01 -4.505884e+01
      vertex   1.770720e+01  6.800000e+01 -4.729382e+01
      vertex   2.280243e+01  6.800000e+01 -4.505884e+01
    endloop
  endfacet
  facet normal  4.999993e-01  0.000000e+00 -8.660257e-01
    outer loop
      vertex   2.280243e+01  6.600000e+01 -4.505884e+01
      vertex   2.280243e+01  6.800000e+01 -4.505884e+01
      vertex   2.762088e+01  6.600000e+01 -4.227691e+01
    endloop
  endfacet
  facet normal  4.999993e-01  0.000000e+00 -8.660257e-01
    outer loop
      vertex   2.762088e+01  6.600000e+01 -4.227691e+01
      vertex   2.280243e+01  6.800000e+01 -4.505884e+01
      vertex   2.762088e+01  6.800000e+01 -4.227691e+01
    endloop
  endfacet
  facet normal  5.922359e-01  0.000000e+00 -8.057647e-01
    outer loop
      vertex   2.762088e+01  6.600000e+01 -4.227691e+01
      vertex   2.762088e+01  6.800000e+01 -4.227691e+01
      vertex   3.210405e+01  6.600000e+01 -3.898179e+01
    endloop
  endfacet
  facet normal  5.922359e-01  0.000000e+00 -8.057647e-01
    outer loop
      vertex   3.210405e+01  6.600000e+01 -3.898179e+01
      vertex   2.762088e+01  6.800000e+01 -4.227691e+01
      vertex   3.210405e+01  6.800000e+01 -3.898179e+01
    endloop
  endfacet
  facet normal  6.772813e-01  0.000000e+00 -7.357243e-01
    outer loop
      vertex   3.210405e+01  6.600000e+01 -3.898179e+01
      vertex   3.210405e+01  6.800000e+01 -3.898179e+01
      vertex   3.619752e+01  6.600000e+01 -3.521349e+01
    endloop
  endfacet
  facet normal  6.772813e-01  0.000000e+00 -7.357243e-01
    outer loop
      vertex   3.619752e+01  6.600000e+01 -3.521349e+01
      vertex   3.210405e+01  6.800000e+01 -3.898179e+01
      vertex   3.619752e+01  6.800000e+01 -3.521349e+01
    endloop
  endfacet
  facet normal  7.541066e-01  0.000000e+00 -6.567520e-01
    outer loop
      vertex   3.619752e+01  6.600000e+01 -3.521349e+01
      vertex   3.619752e+01  6.800000e+01 -3.521349e+01
      vertex   3.985160e+01  6.600000e+01 -3.101774e+01
    endloop
  endfacet
  facet normal  7.541066e-01  0.000000e+00 -6.567520e-01
    outer loop
      vertex   3.985160e+01  6.600000e+01 -3.101774e+01
      vertex   3.619752e+01  6.800000e+01 -3.521349e+01
      vertex   3.985160e+01  6.800000e+01 -3.101774e+01
    endloop
  endfacet
  facet normal  8.217778e-01  0.000000e+00 -5.698079e-01
    outer loop
      vertex   3.985160e+01  6.600000e+01 -3.101774e+01
      vertex   3.985160e+01  6.800000e+01 -3.101774e+01
      vertex   4.302193e+01  6.600000e+01 -2.644548e+01
    endloop
  endfacet
  facet normal  8.217778e-01  0.000000e+00 -5.698079e-01
    outer loop
      vertex   4.302193e+01  6.600000e+01 -2.644548e+01
      vertex   3.985160e+01  6.800000e+01 -3.101774e+01
      vertex   4.302193e+01  6.800000e+01 -2.644548e+01
    endloop
  endfacet
  facet normal  8.794738e-01  0.000000e+00 -4.759472e-01
    outer loop
      vertex   4.302193e+01  6.600000e+01 -2.644548e+01
      vertex   4.302193e+01  6.800000e+01 -2.644548e+01
      vertex   4.567004e+01  6.600000e+01 -2.155221e+01
    endloop
  endfacet
  facet normal  8.794738e-01  0.000000e+00 -4.759472e-01
    outer loop
      vertex   4.567004e+01  6.600000e+01 -2.155221e+01
      vertex   4.302193e+01  6.800000e+01 -2.644548e+01
      vertex   4.567004e+01  6.800000e+01 -2.155221e+01
    endloop
  endfacet
  facet normal  9.264940e-01  0.000000e+00 -3.763095e-01
    outer loop
      vertex   4.567004e+01  6.600000e+01 -2.155221e+01
      vertex   4.567004e+01  6.800000e+01 -2.155221e+01
      vertex   4.776377e+01  6.600000e+01 -1.639732e+01
    endloop
  endfacet
  facet normal  9.264940e-01  0.000000e+00 -3.763095e-01
    outer loop
      vertex   4.776377e+01  6.600000e+01 -1.639732e+01
      vertex   4.567004e+01  6.800000e+01 -2.155221e+01
      vertex   4.776377e+01  6.800000e+01 -1.639732e+01
    endloop
  endfacet
  facet normal  9.622680e-01  0.000000e+00 -2.721034e-01
    outer loop
      vertex   4.776377e+01  6.600000e+01 -1.639732e+01
      vertex   4.776377e+01  6.800000e+01 -1.639732e+01
      vertex   4.927772e+01  6.600000e+01 -1.104340e+01
    endloop
  endfacet
  facet normal  9.622680e-01  0.000000e+00 -2.721034e-01
    outer loop
      vertex   4.927772e+01  6.600000e+01 -1.104340e+01
      vertex   4.776377e+01  6.800000e+01 -1.639732e+01
      vertex   4.927772e+01  6.800000e+01 -1.104340e+01
    endloop
  endfacet
  facet normal  9.863612e-01  0.000000e+00 -1.645948e-01
    outer loop
      vertex   4.927772e+01  6.600000e+01 -1.104340e+01
      vertex   4.927772e+01  6.800000e+01 -1.104340e+01
      vertex   5.019350e+01  6.600000e+01 -5.555415e+00
    endloop
  endfacet
  facet normal  9.863612e-01  0.000000e+00 -1.645948e-01
    outer loop
      vertex   5.019350e+01  6.600000e+01 -5.555415e+00
      vertex   4.927772e+01  6.800000e+01 -1.104340e+01
      vertex   5.019350e+01  6.800000e+01 -5.555415e+00
    endloop
  endfacet
  facet normal  0.000000e+00  1.000000e+00  0.000000e+00
    outer loop
      vertex   5.676249e+00  6.600000e+01  5.219225e+01
      vertex   1.391494e+00  6.600000e+01  5.048082e+01
      vertex   0.000000e+00  6.600000e+01  5.250000e+01
    endloop
  endfacet
  facet normal  0.000000e+00  1.000000e+00  0.000000e+00
    outer loop
      vertex   0.000000e+00  6.600000e+01  5.250000e+01
      vertex   1.391494e+00  6.600000e+01  5.048082e+01
      vertex  -4.170257e+00  6.600000e+01  5.032751e+01
    endloop
  endfacet
  facet normal  0.000000e+00  1.000000e+00  0.000000e+00
    outer loop
      vertex   0.000000e+00  6.600000e+01  5.250000e+01
      vertex  -4.170257e+00  6.600000e+01  5.032751e+01
      vertex  -5.676249e+00  6.600000e+01  5.219225e+01
    endloop
  endfacet
  facet normal  0.000000e+00  1.000000e+00  0.000000e+00
    outer loop
      vertex  -5.676249e+00  6.600000e+01  5.219225e+01
      vertex  -4.170257e+00  6.600000e+01  5.032751e+01
      vertex  -9.681387e+00  6.600000e+01  4.956330e+01
    endloop
  endfacet
  facet normal  0.000000e+00  1.000000e+00  0.000000e+00
    outer loop
      vertex  -5.676249e+00  6.600000e+01  5.219225e+01
      vertex  -9.681387e+00  6.600000e+01  4.956330e+01
      vertex  -1.128595e+01  6.600000e+01  5.127258e+01
    endloop
  endfacet
  facet normal  0.000000e+00  1.000000e+00  0.000000e+00
    outer loop
      vertex  -1.128595e+01  6.600000e+01  5.127258e+01
      vertex  -9.681387e+00  6.600000e+01  4.956330e+01
      vertex  -1.507500e+01  6.600000e+01  4.819745e+01
    endloop
  endfacet
  facet normal  0.000000e+00  1.000000e+00  0.000000e+00
    outer loop
      vertex  -1.128595e+01  6.600000e+01  5.127258e+01
      vertex  -1.507500e+01  6.600000e+01  4.819745e+01
      vertex  -1.676333e+01  6.600000e+01  4.975179e+01
    endloop
  endfacet
  facet normal  0.000000e+00  1.000000e+00  0.000000e+00
    outer loop
      vertex  -1.676333e+01  6.600000e+01  4.975179e+01
      vertex  -1.507500e+01  6.600000e+01  4.819745e+01
      vertex  -2.028562e+01  6.600000e+01  4.624655e+01
    endloop
  endfacet
  facet normal  0.000000e+00  1.000000e+00  0.000000e+00
    outer loop
      vertex  -1.676333e+01  6.600000e+01  4.975179e+01
      vertex  -2.028562e+01  6.600000e+01  4.624655e+01
      vertex  -2.204418e+01  6.600000e+01  4.764771e+01
    endloop
  endfacet
  facet normal  0.000000e+00  1.000000e+00  0.000000e+00
    outer loop
      vertex  -2.204418e+01  6.600000e+01  4.764771e+01
      vertex  -2.028562e+01  6.600000e+01  4.624655e+01
      vertex  -2.525000e+01  6.600000e+01  4.373428e+01
    endloop
  endfacet
  facet normal  0.000000e+00  1.000000e+00  0.000000e+00
    outer loop
      vertex  -2.204418e+01  6.600000e+01  4.764771e+01
      vertex  -2.525000e+01  6.600000e+01  4.373428e+01
      vertex  -2.706658e+01  6.600000e+01  4.498500e+01
    endloop
  endfacet
  facet normal  0.000000e+00  1.000000e+00  0.000000e+00
    outer loop
      vertex  -2.706658e+01  6.600000e+01  4.498500e+01
      vertex  -2.525000e+01  6.600000e+01  4.373428e+01
      vertex  -2.990788e+01  6.600000e+01  4.069114e+01
    endloop
  endfacet
  facet normal  0.000000e+00  1.000000e+00  0.000000e+00
    outer loop
      vertex  -2.706658e+01  6.600000e+01  4.498500e+01
      vertex  -2.990788e+01  6.600000e+01  4.069114e+01
      vertex  -3.177164e+01  6.600000e+01  4.179489e+01
    endloop
  endfacet
  facet normal  0.000000e+00  1.000000e+00  0.000000e+00
    outer loop
      vertex  -3.177164e+01  6.600000e+01  4.179489e+01
      vertex  -2.990788e+01  6.600000e+01  4.069114e+01
      vertex  -3.420272e+01  6.600000e+01  3.715406e+01
    endloop
  endfacet
  facet normal  0.000000e+00  1.000000e+00  0.000000e+00
    outer loop
      vertex  -3.177164e+01  6.600000e+01  4.179489e+01
      vertex  -3.420272e+01  6.600000e+01  3.715406e+01
      vertex  -3.610422e+01  6.600000e+01  3.811476e+01
    endloop
  endfacet
  facet normal  0.000000e+00  1.000000e+00  0.000000e+00
    outer loop
      vertex  -3.610422e+01  6.600000e+01  3.811476e+01
      vertex  -3.420272e+01  6.600000e+01  3.715406e+01
      vertex  -3.808238e+01  6.600000e+01  3.316598e+01
    endloop
  endfacet
  facet normal  0.000000e+00  1.000000e+00  0.000000e+00
    outer loop
      vertex  -3.610422e+01  6.600000e+01  3.811476e+01
      vertex  -3.808238e+01  6.600000e+01  3.316598e+01
      vertex  -4.001351e+01  6.600000e+01  3.398778e+01
    endloop
  endfacet
  facet normal  0.000000e+00  1.000000e+00  0.000000e+00
    outer loop
      vertex  -4.001351e+01  6.600000e+01  3.398778e+01
      vertex  -3.808238e+01  6.600000e+01  3.316598e+01
      vertex  -4.149978e+01  6.600000e+01  2.877531e+01
    endloop
  endfacet
  facet normal  0.000000e+00  1.000000e+00  0.000000e+00
    outer loop
      vertex  -4.001351e+01  6.600000e+01  3.398778e+01
      vertex  -4.149978e+01  6.600000e+01  2.877531e+01
      vertex  -4.345367e+01  6.600000e+01  2.946232e+01
    endloop
  endfacet
  facet normal  0.000000e+00  1.000000e+00  0.000000e+00
    outer loop
      vertex  -4.345367e+01  6.600000e+01  2.946232e+01
      vertex  -4.149978e+01  6.600000e+01  2.877531e+01
      vertex  -4.441342e+01  6.600000e+01  2.403534e+01
    endloop
  endfacet
  facet normal  0.000000e+00  1.000000e+00  0.000000e+00
    outer loop
      vertex  -4.345367e+01  6.600000e+01  2.946232e+01
      vertex  -4.441342e+01  6.600000e+01  2.403534e+01
      vertex  -4.638438e+01  6.600000e+01  2.459144e+01
    endloop
  endfacet
  facet normal  0.000000e+00  1.000000e+00  0.000000e+00
    outer loop
      vertex  -4.638438e+01  6.600000e+01  2.459144e+01
      vertex  -4.441342e+01  6.600000e+01  2.403534e+01
      vertex  -4.678795e+01  6.600000e+01  1.900362e+01
    endloop
  endfacet
  facet normal  0.000000e+00  1.000000e+00  0.000000e+00
    outer loop
      vertex  -4.638438e+01  6.600000e+01  2.459144e+01
      vertex  -4.678795e+01  6.600000e+01  1.900362e+01
      vertex  -4.877128e+01  6.600000e+01  1.943225e+01
    endloop
  endfacet
  facet normal  0.000000e+00  1.000000e+00  0.000000e+00
    outer loop
      vertex  -4.877128e+01  6.600000e+01  1.943225e+01
      vertex  -4.678795e+01  6.600000e+01  1.900362e+01
      vertex  -4.859453e+01  6.600000e+01  1.374123e+01
    endloop
  endfacet
  facet normal  0.000000e+00  1.000000e+00  0.000000e+00
    outer loop
      vertex  -4.877128e+01  6.600000e+01  1.943225e+01
      vertex  -4.859453e+01  6.600000e+01  1.374123e+01
      vertex  -5.058638e+01  6.600000e+01  1.404524e+01
    endloop
  endfacet
  facet normal  0.000000e+00  1.000000e+00  0.000000e+00
    outer loop
      vertex  -5.058638e+01  6.600000e+01  1.404524e+01
      vertex  -4.859453e+01  6.600000e+01  1.374123e+01
      vertex  -4.981124e+01  6.600000e+01  8.312027e+00
    endloop
  endfacet
  facet normal  0.000000e+00  1.000000e+00  0.000000e+00
    outer loop
      vertex  -5.058638e+01  6.600000e+01  1.404524e+01
      vertex  -4.981124e+01  6.600000e+01  8.312027e+00
      vertex  -5.180839e+01  6.600000e+01  8.493555e+00
    endloop
  endfacet
  facet normal  0.000000e+00  1.000000e+00  0.000000e+00
    outer loop
      vertex  -5.180839e+01  6.600000e+01  8.493555e+00
      vertex  -4.981124e+01  6.600000e+01  8.312027e+00
      vertex  -5.042332e+01  6.600000e+01  2.781932e+00
    endloop
  endfacet
  facet normal  0.000000e+00  1.000000e+00  0.000000e+00
    outer loop
      vertex  -5.180839e+01  6.600000e+01  8.493555e+00
      vertex  -5.042332e+01  6.600000e+01  2.781932e+00
      vertex  -5.242300e+01  6.600000e+01  2.842293e+00
    endloop
  endfacet
  facet normal  0.000000e+00  1.000000e+00  0.000000e+00
    outer loop
      vertex  -5.242300e+01  6.600000e+01  2.842293e+00
      vertex  -5.042332e+01  6.600000e+01  2.781932e+00
      vertex  -5.042332e+01  6.600000e+01 -2.781932e+00
    endloop
  endfacet
  facet normal  0.000000e+00  1.000000e+00  0.000000e+00
    outer loop
      vertex  -5.242300e+01  6.600000e+01  2.842293e+00
      vertex  -5.042332e+01  6.600000e+01 -2.781932e+00
      vertex  -5.242300e+01  6.600000e+01 -2.842293e+00
    endloop
  endfacet
  facet normal -0.000000e+00  1.000000e+00  0.000000e+00
    outer loop
      vertex  -5.242300e+01  6.600000e+01 -2.842293e+00
      vertex  -5.042332e+01  6.600000e+01 -2.781932e+00
      vertex  -5.180839e+01  6.600000e+01 -8.493555e+00
    endloop
  endfacet
  facet normal  0.000000e+00  1.000000e+00  0.000000e+00
    outer loop
      vertex  -5.180839e+01  6.600000e+01 -8.493555e+00
      vertex  -5.042332e+01  6.600000e+01 -2.781932e+00
      vertex  -4.981124e+01  6.600000e+01 -8.312027e+00
    endloop
  endfacet
  facet normal -0.000000e+00  1.000000e+00  0.000000e+00
    outer loop
      vertex  -5.180839e+01  6.600000e+01 -8.493555e+00
      vertex  -4.981124e+01  6.600000e+01 -8.312027e+00
      vertex  -5.058638e+01  6.600000e+01 -1.404524e+01
    endloop
  endfacet
  facet normal  0.000000e+00  1.000000e+00  0.000000e+00
    outer loop
      vertex  -5.058638e+01  6.600000e+01 -1.404524e+01
      vertex  -4.981124e+01  6.600000e+01 -8.312027e+00
      vertex  -4.859453e+01  6.600000e+01 -1.374123e+01
    endloop
  endfacet
  facet normal -0.000000e+00  1.000000e+00  0.000000e+00
    outer loop
      vertex  -5.058638e+01  6.600000e+01 -1.404524e+01
      vertex  -4.859453e+01  6.600000e+01 -1.374123e+01
      vertex  -4.877128e+01  6.600000e+01 -1.943225e+01
    endloop
  endfacet
  facet normal  0.000000e+00  1.000000e+00  0.000000e+00
    outer loop
      vertex  -4.877128e+01  6.600000e+01 -1.943225e+01
      vertex  -4.859453e+01  6.600000e+01 -1.374123e+01
      vertex  -4.678795e+01  6.600000e+01 -1.900362e+01
    endloop
  endfacet
  facet normal -0.000000e+00  1.000000e+00  0.000000e+00
    outer loop
      vertex  -4.877128e+01  6.600000e+01 -1.943225e+01
      vertex  -4.678795e+01  6.600000e+01 -1.900362e+01
      vertex  -4.638438e+01  6.600000e+01 -2.459144e+01
    endloop
  endfacet
  facet normal  0.000000e+00  1.000000e+00 -0.000000e+00
    outer loop
      vertex  -4.638438e+01  6.600000e+01 -2.459144e+01
      vertex  -4.678795e+01  6.600000e+01 -1.900362e+01
      vertex  -4.441342e+01  6.600000e+01 -2.403534e+01
    endloop
  endfacet
  facet normal -0.000000e+00  1.000000e+00  0.000000e+00
    outer loop
      vertex  -4.638438e+01  6.600000e+01 -2.459144e+01
      vertex  -4.441342e+01  6.600000e+01 -2.403534e+01
      vertex  -4.345367e+01  6.600000e+01 -2.946232e+01
    endloop
  endfacet
  facet normal  0.000000e+00  1.000000e+00 -0.000000e+00
    outer loop
      vertex  -4.345367e+01  6.600000e+01 -2.946232e+01
      vertex  -4.441342e+01  6.600000e+01 -2.403534e+01
      vertex  -4.149978e+01  6.600000e+01 -2.877531e+01
    endloop
  endfacet
  facet normal -0.000000e+00  1.000000e+00  0.000000e+00
    outer loop
      vertex  -4.345367e+01  6.600000e+01 -2.946232e+01
      vertex  -4.149978e+01  6.600000e+01 -2.877531e+01
      vertex  -4.001351e+01  6.600000e+01 -3.398778e+01
    endloop
  endfacet
  facet normal  0.000000e+00  1.000000e+00 -0.000000e+00
    outer loop
      vertex  -4.001351e+01  6.600000e+01 -3.398778e+01
      vertex  -4.149978e+01  6.600000e+01 -2.877531e+01
      vertex  -3.808238e+01  6.600000e+01 -3.316598e+01
    endloop
  endfacet
  facet normal -0.000000e+00  1.000000e+00  0.000000e+00
    outer loop
      vertex  -4.001351e+01  6.600000e+01 -3.398778e+01
      vertex  -3.808238e+01  6.600000e+01 -3.316598e+01
      vertex  -3.610422e+01  6.600000e+01 -3.811476e+01
    endloop
  endfacet
  facet normal  0.000000e+00  1.000000e+00 -0.000000e+00
    outer loop
      vertex  -3.610422e+01  6.600000e+01 -3.811476e+01
      vertex  -3.808238e+01  6.600000e+01 -3.316598e+01
      vertex  -3.420272e+01  6.600000e+01 -3.715406e+01
    endloop
  endfacet
  facet normal -0.000000e+00  1.000000e+00  0.000000e+00
    outer loop
      vertex  -3.610422e+01  6.600000e+01 -3.811476e+01
      vertex  -3.420272e+01  6.600000e+01 -3.715406e+01
      vertex  -3.177164e+01  6.600000e+01 -4.179489e+01
    endloop
  endfacet
  facet normal  0.000000e+00  1.000000e+00 -0.000000e+00
    outer loop
      vertex  -3.177164e+01  6.600000e+01 -4.179489e+01
      vertex  -3.420272e+01  6.600000e+01 -3.715406e+01
      vertex  -2.990788e+01  6.600000e+01 -4.069114e+01
    endloop
  endfacet
  facet normal -0.000000e+00  1.000000e+00  0.000000e+00
    outer loop
      vertex  -3.177164e+01  6.600000e+01 -4.179489e+01
      vertex  -2.990788e+01  6.600000e+01 -4.069114e+01
      vertex  -2.706658e+01  6.600000e+01 -4.498500e+01
    endloop
  endfacet
  facet normal  0.000000e+00  1.000000e+00 -0.000000e+00
    outer loop
      vertex  -2.706658e+01  6.600000e+01 -4.498500e+01
      vertex  -2.990788e+01  6.600000e+01 -4.069114e+01
      vertex  -2.525000e+01  6.600000e+01 -4.373428e+01
    endloop
  endfacet
  facet normal -0.000000e+00  1.000000e+00  0.000000e+00
    outer loop
      vertex  -2.706658e+01  6.600000e+01 -4.498500e+01
      vertex  -2.525000e+01  6.600000e+01 -4.373428e+01
      vertex  -2.204418e+01  6.600000e+01 -4.764771e+01
    endloop
  endfacet
  facet normal  0.000000e+00  1.000000e+00 -0.000000e+00
    outer loop
      vertex  -2.204418e+01  6.600000e+01 -4.764771e+01
      vertex  -2.525000e+01  6.600000e+01 -4.373428e+01
      vertex  -2.028562e+01  6.600000e+01 -4.624655e+01
    endloop
  endfacet
  facet normal -0.000000e+00  1.000000e+00  0.000000e+00
    outer loop
      vertex  -2.204418e+01  6.600000e+01 -4.764771e+01
      vertex  -2.028562e+01  6.600000e+01 -4.624655e+01
      vertex  -1.676333e+01  6.600000e+01 -4.975179e+01
    endloop
  endfacet
  facet normal  0.000000e+00  1.000000e+00 -0.000000e+00
    outer loop
      vertex  -1.676333e+01  6.600000e+01 -4.975179e+01
      vertex  -2.028562e+01  6.600000e+01 -4.624655e+01
      vertex  -1.507500e+01  6.600000e+01 -4.819745e+01
    endloop
  endfacet
  facet normal -0.000000e+00  1.000000e+00  0.000000e+00
    outer loop
      vertex  -1.676333e+01  6.600000e+01 -4.975179e+01
      vertex  -1.507500e+01  6.600000e+01 -4.819745e+01
      vertex  -1.128595e+01  6.600000e+01 -5.127258e+01
    endloop
  endfacet
  facet normal  0.000000e+00  1.000000e+00 -0.000000e+00
    outer loop
      vertex  -1.128595e+01  6.600000e+01 -5.127258e+01
      vertex  -1.507500e+01  6.600000e+01 -4.819745e+01
      vertex  -9.681387e+00  6.600000e+01 -4.956330e+01
    endloop
  endfacet
  facet normal -0.000000e+00  1.000000e+00  0.000000e+00
    outer loop
      vertex  -1.128595e+01  6.600000e+01 -5.127258e+01
      vertex  -9.681387e+00  6.600000e+01 -4.956330e+01
      vertex  -5.676249e+00  6.600000e+01 -5.219225e+01
    endloop
  endfacet
  facet normal  0.000000e+00  1.000000e+00 -0.000000e+00
    outer loop
      vertex  -5.676249e+00  6.600000e+01 -5.219225e+01
      vertex  -9.681387e+00  6.600000e+01 -4.956330e+01
      vertex  -4.170257e+00  6.600000e+01 -5.032751e+01
    endloop
  endfacet
  facet normal -0.000000e+00  1.000000e+00  0.000000e+00
    outer loop
      vertex  -5.676249e+00  6.600000e+01 -5.219225e+01
      vertex  -4.170257e+00  6.600000e+01 -5.032751e+01
      vertex   0.000000e+00  6.600000e+01 -5.250000e+01
    endloop
  endfacet
  facet normal  0.000000e+00  1.000000e+00 -0.000000e+00
    outer loop
      vertex   0.000000e+00  6.600000e+01 -5.250000e+01
      vertex  -4.170257e+00  6.600000e+01 -5.032751e+01
      vertex   1.391494e+00  6.600000e+01 -5.048082e+01
    endloop
  endfacet
  facet normal  0.000000e+00  1.000000e+00  0.000000e+00
    outer loop
      vertex   0.000000e+00  6.600000e+01 -5.250000e+01
      vertex   1.391494e+00  6.600000e+01 -5.048082e+01
      vertex   5.676249e+00  6.600000e+01 -5.219225e+01
    endloop
  endfacet
  facet normal  0.000000e+00  1.000000e+00 -0.000000e+00
    outer loop
      vertex   5.676249e+00  6.600000e+01 -5.219225e+01
      vertex   1.391494e+00  6.600000e+01 -5.048082e+01
      vertex   6.936355e+00  6.600000e+01 -5.002137e+01
    endloop
  endfacet
  facet normal  0.000000e+00  1.000000e+00  0.000000e+00
    outer loop
      vertex   5.676249e+00  6.600000e+01 -5.219225e+01
      vertex   6.936355e+00  6.600000e+01 -5.002137e+01
      vertex   1.128595e+01  6.600000e+01 -5.127258e+01
    endloop
  endfacet
  facet normal  0.000000e+00  1.000000e+00 -0.000000e+00
    outer loop
      vertex   1.128595e+01  6.600000e+01 -5.127258e+01
      vertex   6.936355e+00  6.600000e+01 -5.002137e+01
      vertex   1.239702e+01  6.600000e+01 -4.895472e+01
    endloop
  endfacet
  facet normal  0.000000e+00  1.000000e+00  0.000000e+00
    outer loop
      vertex   1.128595e+01  6.600000e+01 -5.127258e+01
      vertex   1.239702e+01  6.600000e+01 -4.895472e+01
      vertex   1.676333e+01  6.600000e+01 -4.975179e+01
    endloop
  endfacet
  facet normal  0.000000e+00  1.000000e+00 -0.000000e+00
    outer loop
      vertex   1.676333e+01  6.600000e+01 -4.975179e+01
      vertex   1.239702e+01  6.600000e+01 -4.895472e+01
      vertex   1.770720e+01  6.600000e+01 -4.729382e+01
    endloop
  endfacet
  facet normal  0.000000e+00  1.000000e+00  0.000000e+00
    outer loop
      vertex   1.676333e+01  6.600000e+01 -4.975179e+01
      vertex   1.770720e+01  6.600000e+01 -4.729382e+01
      vertex   2.204418e+01  6.600000e+01 -4.764771e+01
    endloop
  endfacet
  facet normal  0.000000e+00  1.000000e+00 -0.000000e+00
    outer loop
      vertex   2.204418e+01  6.600000e+01 -4.764771e+01
      vertex   1.770720e+01  6.600000e+01 -4.729382e+01
      vertex   2.280243e+01  6.600000e+01 -4.505884e+01
    endloop
  endfacet
  facet normal  0.000000e+00  1.000000e+00  0.000000e+00
    outer loop
      vertex   2.204418e+01  6.600000e+01 -4.764771e+01
      vertex   2.280243e+01  6.600000e+01 -4.505884e+01
      vertex   2.706658e+01  6.600000e+01 -4.498500e+01
    endloop
  endfacet
  facet normal  0.000000e+00  1.000000e+00 -0.000000e+00
    outer loop
      vertex   2.706658e+01  6.600000e+01 -4.498500e+01
      vertex   2.280243e+01  6.600000e+01 -4.505884e+01
      vertex   2.762088e+01  6.600000e+01 -4.227691e+01
    endloop
  endfacet
  facet normal  0.000000e+00  1.000000e+00  0.000000e+00
    outer loop
      vertex   2.706658e+01  6.600000e+01 -4.498500e+01
      vertex   2.762088e+01  6.600000e+01 -4.227691e+01
      vertex   3.177164e+01  6.600000e+01 -4.179489e+01
    endloop
  endfacet
  facet normal  0.000000e+00  1.000000e+00 -0.000000e+00
    outer loop
      vertex   3.177164e+01  6.600000e+01 -4.179489e+01
      vertex   2.762088e+01  6.600000e+01 -4.227691e+01
      vertex   3.210405e+01  6.600000e+01 -3.898179e+01
    endloop
  endfacet
  facet normal  0.000000e+00  1.000000e+00  0.000000e+00
    outer loop
      vertex   3.177164e+01  6.600000e+01 -4.179489e+01
      vertex   3.210405e+01  6.600000e+01 -3.898179e+01
      vertex   3.610422e+01  6.600000e+01 -3.811476e+01
    endloop
  endfacet
  facet normal  0.000000e+00  1.000000e+00 -0.000000e+00
    outer loop
      vertex   3.610422e+01  6.600000e+01 -3.811476e+01
      vertex   3.210405e+01  6.600000e+01 -3.898179e+01
      vertex   3.619752e+01  6.600000e+01 -3.521349e+01
    endloop
  endfacet
  facet normal  0.000000e+00  1.000000e+00  0.000000e+00
    outer loop
      vertex   3.610422e+01  6.600000e+01 -3.811476e+01
      vertex   3.619752e+01  6.600000e+01 -3.521349e+01
      vertex   4.001351e+01  6.600000e+01 -3.398778e+01
    endloop
  endfacet
  facet normal  0.000000e+00  1.000000e+00  0.000000e+00
    outer loop
      vertex   4.001351e+01  6.600000e+01 -3.398778e+01
      vertex   3.619752e+01  6.600000e+01 -3.521349e+01
      vertex   3.985160e+01  6.600000e+01 -3.101774e+01
    endloop
  endfacet
  facet normal  0.000000e+00  1.000000e+00 -0.000000e+00
    outer loop
      vertex   4.001351e+01  6.600000e+01 -3.398778e+01
      vertex   3.985160e+01  6.600000e+01 -3.101774e+01
      vertex   4.345367e+01  6.600000e+01 -2.946232e+01
    endloop
  endfacet
  facet normal  0.000000e+00  1.000000e+00  0.000000e+00
    outer loop
      vertex   4.345367e+01  6.600000e+01 -2.946232e+01
      vertex   3.985160e+01  6.600000e+01 -3.101774e+01
      vertex   4.302193e+01  6.600000e+01 -2.644548e+01
    endloop
  endfacet
  facet normal  0.000000e+00  1.000000e+00 -0.000000e+00
    outer loop
      vertex   4.345367e+01  6.600000e+01 -2.946232e+01
      vertex   4.302193e+01  6.600000e+01 -2.644548e+01
      vertex   4.638438e+01  6.600000e+01 -2.459144e+01
    endloop
  endfacet
  facet normal  0.000000e+00  1.000000e+00  0.000000e+00
    outer loop
      vertex   4.638438e+01  6.600000e+01 -2.459144e+01
      vertex   4.302193e+01  6.600000e+01 -2.644548e+01
      vertex   4.567004e+01  6.600000e+01 -2.155221e+01
    endloop
  endfacet
  facet normal  0.000000e+00  1.000000e+00 -0.000000e+00
    outer loop
      vertex   4.638438e+01  6.600000e+01 -2.459144e+01
      vertex   4.567004e+01  6.600000e+01 -2.155221e+01
      vertex   4.877128e+01  6.600000e+01 -1.943225e+01
    endloop
  endfacet
  facet normal  0.000000e+00  1.000000e+00  0.000000e+00
    outer loop
      vertex   4.877128e+01  6.600000e+01 -1.943225e+01
      vertex   4.567004e+01  6.600000e+01 -2.155221e+01
      vertex   4.776377e+01  6.600000e+01 -1.639732e+01
    endloop
  endfacet
  facet normal  0.000000e+00  1.000000e+00 -0.000000e+00
    outer loop
      vertex   4.877128e+01  6.600000e+01 -1.943225e+01
      vertex   4.776377e+01  6.600000e+01 -1.639732e+01
      vertex   5.058638e+01  6.600000e+01 -1.404524e+01
    endloop
  endfacet
  facet normal  0.000000e+00  1.000000e+00  0.000000e+00
    outer loop
      vertex   5.058638e+01  6.600000e+01 -1.404524e+01
      vertex   4.776377e+01  6.600000e+01 -1.639732e+01
      vertex   4.927772e+01  6.600000e+01 -1.104340e+01
    endloop
  endfacet
  facet normal  0.000000e+00  1.000000e+00 -0.000000e+00
    outer loop
      vertex   5.058638e+01  6.600000e+01 -1.404524e+01
      vertex   4.927772e+01  6.600000e+01 -1.104340e+01
      vertex   5.180839e+01  6.600000e+01 -8.493555e+00
    endloop
  endfacet
  facet normal  0.000000e+00  1.000000e+00  0.000000e+00
    outer loop
      vertex   5.180839e+01  6.600000e+01 -8.493555e+00
      vertex   4.927772e+01  6.600000e+01 -1.104340e+01
      vertex   5.019350e+01  6.600000e+01 -5.555415e+00
    endloop
  endfacet
  facet normal  0.000000e+00  1.000000e+00 -0.000000e+00
    outer loop
      vertex   5.180839e+01  6.600000e+01 -8.493555e+00
      vertex   5.019350e+01  6.600000e+01 -5.555415e+00
      vertex   5.242300e+01  6.600000e+01 -2.842293e+00
    endloop
  endfacet
  facet normal  0.000000e+00  1.000000e+00  0.000000e+00
    outer loop
      vertex   5.242300e+01  6.600000e+01 -2.842293e+00
      vertex   5.019350e+01  6.600000e+01 -5.555415e+00
      vertex   5.050000e+01  6.600000e+01  0.000000e+00
    endloop
  endfacet
  facet normal  0.000000e+00  1.000000e+00 -0.000000e+00
    outer loop
      vertex   5.242300e+01  6.600000e+01 -2.842293e+00
      vertex   5.050000e+01  6.600000e+01  0.000000e+00
      vertex   5.242300e+01  6.600000e+01  2.842293e+00
    endloop
  endfacet
  facet normal  0.000000e+00  1.000000e+00  0.000000e+00
    outer loop
      vertex   5.242300e+01  6.600000e+01  2.842293e+00
      vertex   5.050000e+01  6.600000e+01  0.000000e+00
      vertex   5.019350e+01  6.600000e+01  5.555415e+00
    endloop
  endfacet
  facet normal  0.000000e+00  1.000000e+00  0.000000e+00
    outer loop
      vertex   5.242300e+01  6.600000e+01  2.842293e+00
      vertex   5.019350e+01  6.600000e+01  5.555415e+00
      vertex   5.180839e+01  6.600000e+01  8.493555e+00
    endloop
  endfacet
  facet normal  0.000000e+00  1.000000e+00  0.000000e+00
    outer loop
      vertex   5.180839e+01  6.600000e+01  8.493555e+00
      vertex   5.019350e+01  6.600000e+01  5.555415e+00
      vertex   4.927772e+01  6.600000e+01  1.104340e+01
    endloop
  endfacet
  facet normal  0.000000e+00  1.000000e+00  0.000000e+00
    outer loop
      vertex   5.180839e+01  6.600000e+01  8.493555e+00
      vertex   4.927772e+01  6.600000e+01  1.104340e+01
      vertex   5.058638e+01  6.600000e+01  1.404524e+01
    endloop
  endfacet
  facet normal  0.000000e+00  1.000000e+00  0.000000e+00
    outer loop
      vertex   5.058638e+01  6.600000e+01  1.404524e+01
      vertex   4.927772e+01  6.600000e+01  1.104340e+01
      vertex   4.776377e+01  6.600000e+01  1.639732e+01
    endloop
  endfacet
  facet normal  0.000000e+00  1.000000e+00  0.000000e+00
    outer loop
      vertex   5.058638e+01  6.600000e+01  1.404524e+01
      vertex   4.776377e+01  6.600000e+01  1.639732e+01
      vertex   4.877128e+01  6.600000e+01  1.943225e+01
    endloop
  endfacet
  facet normal  0.000000e+00  1.000000e+00  0.000000e+00
    outer loop
      vertex   4.877128e+01  6.600000e+01  1.943225e+01
      vertex   4.776377e+01  6.600000e+01  1.639732e+01
      vertex   4.567004e+01  6.600000e+01  2.155221e+01
    endloop
  endfacet
  facet normal  0.000000e+00  1.000000e+00  0.000000e+00
    outer loop
      vertex   4.877128e+01  6.600000e+01  1.943225e+01
      vertex   4.567004e+01  6.600000e+01  2.155221e+01
      vertex   4.638438e+01  6.600000e+01  2.459144e+01
    endloop
  endfacet
  facet normal  0.000000e+00  1.000000e+00  0.000000e+00
    outer loop
      vertex   4.638438e+01  6.600000e+01  2.459144e+01
      vertex   4.567004e+01  6.600000e+01  2.155221e+01
      vertex   4.302193e+01  6.600000e+01  2.644548e+01
    endloop
  endfacet
  facet normal  0.000000e+00  1.000000e+00  0.000000e+00
    outer loop
      vertex   4.638438e+01  6.600000e+01  2.459144e+01
      vertex   4.302193e+01  6.600000e+01  2.644548e+01
      vertex   4.345367e+01  6.600000e+01  2.946232e+01
    endloop
  endfacet
  facet normal  0.000000e+00  1.000000e+00  0.000000e+00
    outer loop
      vertex   4.345367e+01  6.600000e+01  2.946232e+01
      vertex   4.302193e+01  6.600000e+01  2.644548e+01
      vertex   3.985160e+01  6.600000e+01  3.101774e+01
    endloop
  endfacet
  facet normal  0.000000e+00  1.000000e+00  0.000000e+00
    outer loop
      vertex   4.345367e+01  6.600000e+01  2.946232e+01
      vertex   3.985160e+01  6.600000e+01  3.101774e+01
      vertex   4.001351e+01  6.600000e+01  3.398778e+01
    endloop
  endfacet
  facet normal  0.000000e+00  1.000000e+00  0.000000e+00
    outer loop
      vertex   4.001351e+01  6.600000e+01  3.398778e+01
      vertex   3.985160e+01  6.600000e+01  3.101774e+01
      vertex   3.619752e+01  6.600000e+01  3.521349e+01
    endloop
  endfacet
  facet normal  0.000000e+00  1.000000e+00  0.000000e+00
    outer loop
      vertex   4.001351e+01  6.600000e+01  3.398778e+01
      vertex   3.619752e+01  6.600000e+01  3.521349e+01
      vertex   3.610422e+01  6.600000e+01  3.811476e+01
    endloop
  endfacet
  facet normal  0.000000e+00  1.000000e+00  0.000000e+00
    outer loop
      vertex   3.610422e+01  6.600000e+01  3.811476e+01
      vertex   3.619752e+01  6.600000e+01  3.521349e+01
      vertex   3.210405e+01  6.600000e+01  3.898179e+01
    endloop
  endfacet
  facet normal  0.000000e+00  1.000000e+00  0.000000e+00
    outer loop
      vertex   3.610422e+01  6.600000e+01  3.811476e+01
      vertex   3.210405e+01  6.600000e+01  3.898179e+01
      vertex   3.177164e+01  6.600000e+01  4.179489e+01
    endloop
  endfacet
  facet normal  0.000000e+00  1.000000e+00  0.000000e+00
    outer loop
      vertex   3.177164e+01  6.600000e+01  4.179489e+01
      vertex   3.210405e+01  6.600000e+01  3.898179e+01
      vertex   2.762088e+01  6.600000e+01  4.227691e+01
    endloop
  endfacet
  facet normal  0.000000e+00  1.000000e+00  0.000000e+00
    outer loop
      vertex   3.177164e+01  6.600000e+01  4.179489e+01
      vertex   2.762088e+01  6.600000e+01  4.227691e+01
      vertex   2.706658e+01  6.600000e+01  4.498500e+01
    endloop
  endfacet
  facet normal  0.000000e+00  1.000000e+00  0.000000e+00
    outer loop
      vertex   2.706658e+01  6.600000e+01  4.498500e+01
      vertex   2.762088e+01  6.600000e+01  4.227691e+01
      vertex   2.280243e+01  6.600000e+01  4.505884e+01
    endloop
  endfacet
  facet normal  0.000000e+00  1.000000e+00  0.000000e+00
    outer loop
      vertex   2.706658e+01  6.600000e+01  4.498500e+01
      vertex   2.280243e+01  6.600000e+01  4.505884e+01
      vertex   2.204418e+01  6.600000e+01  4.764771e+01
    endloop
  endfacet
  facet normal  0.000000e+00  1.000000e+00  0.000000e+00
    outer loop
      vertex   2.204418e+01  6.600000e+01  4.764771e+01
      vertex   2.280243e+01  6.600000e+01  4.505884e+01
      vertex   1.770720e+01  6.600000e+01  4.729382e+01
    endloop
  endfacet
  facet normal  0.000000e+00  1.000000e+00  0.000000e+00
    outer loop
      vertex   2.204418e+01  6.600000e+01  4.764771e+01
      vertex   1.770720e+01  6.600000e+01  4.729382e+01
      vertex   1.676333e+01  6.600000e+01  4.975179e+01
    endloop
  endfacet
  facet normal  0.000000e+00  1.000000e+00  0.000000e+00
    outer loop
      vertex   1.676333e+01  6.600000e+01  4.975179e+01
      vertex   1.770720e+01  6.600000e+01  4.729382e+01
      vertex   1.239702e+01  6.600000e+01  4.895472e+01
    endloop
  endfacet
  facet normal  0.000000e+00  1.000000e+00  0.000000e+00
    outer loop
      vertex   1.676333e+01  6.600000e+01  4.975179e+01
      vertex   1.239702e+01  6.600000e+01  4.895472e+01
      vertex   1.128595e+01  6.600000e+01  5.127258e+01
    endloop
  endfacet
  facet normal  0.000000e+00  1.000000e+00  0.000000e+00
    outer loop
      vertex   1.128595e+01  6.600000e+01  5.127258e+01
      vertex   1.239702e+01  6.600000e+01  4.895472e+01
      vertex   6.936355e+00  6.600000e+01  5.002137e+01
    endloop
  endfacet
  facet normal  0.000000e+00  1.000000e+00  0.000000e+00
    outer loop
      vertex   1.128595e+01  6.600000e+01  5.127258e+01
      vertex   6.936355e+00  6.600000e+01  5.002137e+01
      vertex   5.676249e+00  6.600000e+01  5.219225e+01
    endloop
  endfacet
  facet normal  0.000000e+00  1.000000e+00  0.000000e+00
    outer loop
      vertex   5.676249e+00  6.600000e+01  5.219225e+01
      vertex   6.936355e+00  6.600000e+01  5.002137e+01
      vertex   1.391494e+00  6.600000e+01  5.048082e+01
    endloop
  endfacet
  facet normal  6.279031e-02  0.000000e+00 -9.980268e-01
    outer loop
      vertex  -4.887996e+00  2.000000e+01  3.869247e+01
      vertex  -4.887996e+00  6.600000e+01  3.869247e+01
      vertex   0.000000e+00  2.000000e+01  3.900000e+01
    endloop
  endfacet
  facet normal  6.279031e-02  0.000000e+00 -9.980268e-01
    outer loop
      vertex   0.000000e+00  2.000000e+01  3.900000e+01
      vertex  -4.887996e+00  6.600000e+01  3.869247e+01
      vertex   0.000000e+00  6.600000e+01  3.900000e+01
    endloop
  endfacet
  facet normal -6.279031e-02  0.000000e+00 -9.980268e-01
    outer loop
      vertex   0.000000e+00  2.000000e+01  3.900000e+01
      vertex   0.000000e+00  6.600000e+01  3.900000e+01
      vertex   4.887996e+00  2.000000e+01  3.869247e+01
    endloop
  endfacet
  facet normal -6.279031e-02  0.000000e+00 -9.980268e-01
    outer loop
      vertex   4.887996e+00  2.000000e+01  3.869247e+01
      vertex   0.000000e+00  6.600000e+01  3.900000e+01
      vertex   4.887996e+00  6.600000e+01  3.869247e+01
    endloop
  endfacet
  facet normal -1.873818e-01  0.000000e+00 -9.822872e-01
    outer loop
      vertex   4.887996e+00  2.000000e+01  3.869247e+01
      vertex   4.887996e+00  6.600000e+01  3.869247e+01
      vertex   9.698905e+00  2.000000e+01  3.777474e+01
    endloop
  endfacet
  facet normal -1.873818e-01  0.000000e+00 -9.822872e-01
    outer loop
      vertex   9.698905e+00  2.000000e+01  3.777474e+01
      vertex   4.887996e+00  6.600000e+01  3.869247e+01
      vertex   9.698905e+00  6.600000e+01  3.777474e+01
    endloop
  endfacet
  facet normal -3.090166e-01  0.000000e+00 -9.510567e-01
    outer loop
      vertex   9.698905e+00  2.000000e+01  3.777474e+01
      vertex   9.698905e+00  6.600000e+01  3.777474e+01
      vertex   1.435686e+01  2.000000e+01  3.626128e+01
    endloop
  endfacet
  facet normal -3.090166e-01  0.000000e+00 -9.510567e-01
    outer loop
      vertex   1.435686e+01  2.000000e+01  3.626128e+01
      vertex   9.698905e+00  6.600000e+01  3.777474e+01
      vertex   1.435686e+01  6.600000e+01  3.626128e+01
    endloop
  endfacet
  facet normal -4.257794e-01  0.000000e+00 -9.048270e-01
    outer loop
      vertex   1.435686e+01  2.000000e+01  3.626128e+01
      vertex   1.435686e+01  6.600000e+01  3.626128e+01
      vertex   1.878839e+01  2.000000e+01  3.417596e+01
    endloop
  endfacet
  facet normal -4.257794e-01  0.000000e+00 -9.048270e-01
    outer loop
      vertex   1.878839e+01  2.000000e+01  3.417596e+01
      vertex   1.435686e+01  6.600000e+01  3.626128e+01
      vertex   1.878839e+01  6.600000e+01  3.417596e+01
    endloop
  endfacet
  facet normal -5.358266e-01  0.000000e+00 -8.443280e-01
    outer loop
      vertex   1.878839e+01  2.000000e+01  3.417596e+01
      vertex   1.878839e+01  6.600000e+01  3.417596e+01
      vertex   2.292362e+01  2.000000e+01  3.155166e+01
    endloop
  endfacet
  facet normal -5.358266e-01  0.000000e+00 -8.443280e-01
    outer loop
      vertex   2.292362e+01  2.000000e+01  3.155166e+01
      vertex   1.878839e+01  6.600000e+01  3.417596e+01
      vertex   2.292362e+01  6.600000e+01  3.155166e+01
    endloop
  endfacet
  facet normal -6.374239e-01  0.000000e+00 -7.705133e-01
    outer loop
      vertex   2.292362e+01  2.000000e+01  3.155166e+01
      vertex   2.292362e+01  6.600000e+01  3.155166e+01
      vertex   2.669734e+01  2.000000e+01  2.842978e+01
    endloop
  endfacet
  facet normal -6.374239e-01  0.000000e+00 -7.705133e-01
    outer loop
      vertex   2.669734e+01  2.000000e+01  2.842978e+01
      vertex   2.292362e+01  6.600000e+01  3.155166e+01
      vertex   2.669734e+01  6.600000e+01  2.842978e+01
    endloop
  endfacet
  facet normal -7.289690e-01  0.000000e+00 -6.845466e-01
    outer loop
      vertex   2.669734e+01  2.000000e+01  2.842978e+01
      vertex   2.669734e+01  6.600000e+01  2.842978e+01
      vertex   3.005001e+01  2.000000e+01  2.485954e+01
    endloop
  endfacet
  facet normal -7.289690e-01  0.000000e+00 -6.845466e-01
    outer loop
      vertex   3.005001e+01  2.000000e+01  2.485954e+01
      vertex   2.669734e+01  6.600000e+01  2.842978e+01
      vertex   3.005001e+01  6.600000e+01  2.485954e+01
    endloop
  endfacet
  facet normal -8.090169e-01  0.000000e+00 -5.877854e-01
    outer loop
      vertex   3.005001e+01  2.000000e+01  2.485954e+01
      vertex   3.005001e+01  6.600000e+01  2.485954e+01
      vertex   3.292879e+01  2.000000e+01  2.089725e+01
    endloop
  endfacet
  facet normal -8.090169e-01  0.000000e+00 -5.877854e-01
    outer loop
      vertex   3.292879e+01  2.000000e+01  2.089725e+01
      vertex   3.005001e+01  6.600000e+01  2.485954e+01
      vertex   3.292879e+01  6.600000e+01  2.089725e+01
    endloop
  endfacet
  facet normal -8.763067e-01  0.000000e+00 -4.817538e-01
    outer loop
      vertex   3.292879e+01  2.000000e+01  2.089725e+01
      vertex   3.292879e+01  6.600000e+01  2.089725e+01
      vertex   3.528825e+01  2.000000e+01  1.660539e+01
    endloop
  endfacet
  facet normal -8.763067e-01  0.000000e+00 -4.817538e-01
    outer loop
      vertex   3.528825e+01  2.000000e+01  1.660539e+01
      vertex   3.292879e+01  6.600000e+01  2.089725e+01
      vertex   3.528825e+01  6.600000e+01  1.660539e+01
    endloop
  endfacet
  facet normal -9.297763e-01  0.000000e+00 -3.681250e-01
    outer loop
      vertex   3.528825e+01  2.000000e+01  1.660539e+01
      vertex   3.528825e+01  6.600000e+01  1.660539e+01
      vertex   3.709121e+01  2.000000e+01  1.205166e+01
    endloop
  endfacet
  facet normal -9.297763e-01  0.000000e+00 -3.681250e-01
    outer loop
      vertex   3.709121e+01  2.000000e+01  1.205166e+01
      vertex   3.528825e+01  6.600000e+01  1.660539e+01
      vertex   3.709121e+01  6.600000e+01  1.205166e+01
    endloop
  endfacet
  facet normal -9.685832e-01  0.000000e+00 -2.486899e-01
    outer loop
      vertex   3.709121e+01  2.000000e+01  1.205166e+01
      vertex   3.709121e+01  6.600000e+01  1.205166e+01
      vertex   3.830920e+01  2.000000e+01  7.307871e+00
    endloop
  endfacet
  facet normal -9.685832e-01  0.000000e+00 -2.486899e-01
    outer loop
      vertex   3.830920e+01  2.000000e+01  7.307871e+00
      vertex   3.709121e+01  6.600000e+01  1.205166e+01
      vertex   3.830920e+01  6.600000e+01  7.307871e+00
    endloop
  endfacet
  facet normal -9.921147e-01  0.000000e+00 -1.253330e-01
    outer loop
      vertex   3.830920e+01  2.000000e+01  7.307871e+00
      vertex   3.830920e+01  6.600000e+01  7.307871e+00
      vertex   3.892304e+01  2.000000e+01  2.448830e+00
    endloop
  endfacet
  facet normal -9.921147e-01  0.000000e+00 -1.253330e-01
    outer loop
      vertex   3.892304e+01  2.000000e+01  2.448830e+00
      vertex   3.830920e+01  6.600000e+01  7.307871e+00
      vertex   3.892304e+01  6.600000e+01  2.448830e+00
    endloop
  endfacet
  facet normal -1.000000e+00  0.000000e+00  0.000000e+00
    outer loop
      vertex   3.892304e+01  2.000000e+01  2.448830e+00
      vertex   3.892304e+01  6.600000e+01  2.448830e+00
      vertex   3.892304e+01  2.000000e+01 -2.448830e+00
    endloop
  endfacet
  facet normal -1.000000e+00  0.000000e+00  0.000000e+00
    outer loop
      vertex   3.892304e+01  2.000000e+01 -2.448830e+00
      vertex   3.892304e+01  6.600000e+01  2.448830e+00
      vertex   3.892304e+01  6.600000e+01 -2.448830e+00
    endloop
  endfacet
  facet normal -9.921147e-01  0.000000e+00  1.253330e-01
    outer loop
      vertex   3.892304e+01  2.000000e+01 -2.448830e+00
      vertex   3.892304e+01  6.600000e+01 -2.448830e+00
      vertex   3.830920e+01  2.000000e+01 -7.307871e+00
    endloop
  endfacet
  facet normal -9.921147e-01  0.000000e+00  1.253330e-01
    outer loop
      vertex   3.830920e+01  2.000000e+01 -7.307871e+00
      vertex   3.892304e+01  6.600000e+01 -2.448830e+00
      vertex   3.830920e+01  6.600000e+01 -7.307871e+00
    endloop
  endfacet
  facet normal -9.685832e-01  0.000000e+00  2.486899e-01
    outer loop
      vertex   3.830920e+01  2.000000e+01 -7.307871e+00
      vertex   3.830920e+01  6.600000e+01 -7.307871e+00
      vertex   3.709121e+01  2.000000e+01 -1.205166e+01
    endloop
  endfacet
  facet normal -9.685832e-01  0.000000e+00  2.486899e-01
    outer loop
      vertex   3.709121e+01  2.000000e+01 -1.205166e+01
      vertex   3.830920e+01  6.600000e+01 -7.307871e+00
      vertex   3.709121e+01  6.600000e+01 -1.205166e+01
    endloop
  endfacet
  facet normal -9.297763e-01  0.000000e+00  3.681250e-01
    outer loop
      vertex   3.709121e+01  2.000000e+01 -1.205166e+01
      vertex   3.709121e+01  6.600000e+01 -1.205166e+01
      vertex   3.528825e+01  2.000000e+01 -1.660539e+01
    endloop
  endfacet
  facet normal -9.297763e-01  0.000000e+00  3.681250e-01
    outer loop
      vertex   3.528825e+01  2.000000e+01 -1.660539e+01
      vertex   3.709121e+01  6.600000e+01 -1.205166e+01
      vertex   3.528825e+01  6.600000e+01 -1.660539e+01
    endloop
  endfacet
  facet normal -8.763067e-01  0.000000e+00  4.817538e-01
    outer loop
      vertex   3.528825e+01  2.000000e+01 -1.660539e+01
      vertex   3.528825e+01  6.600000e+01 -1.660539e+01
      vertex   3.292879e+01  2.000000e+01 -2.089725e+01
    endloop
  endfacet
  facet normal -8.763067e-01  0.000000e+00  4.817538e-01
    outer loop
      vertex   3.292879e+01  2.000000e+01 -2.089725e+01
      vertex   3.528825e+01  6.600000e+01 -1.660539e+01
      vertex   3.292879e+01  6.600000e+01 -2.089725e+01
    endloop
  endfacet
  facet normal -8.090169e-01  0.000000e+00  5.877854e-01
    outer loop
      vertex   3.292879e+01  2.000000e+01 -2.089725e+01
      vertex   3.292879e+01  6.600000e+01 -2.089725e+01
      vertex   3.005001e+01  2.000000e+01 -2.485954e+01
    endloop
  endfacet
  facet normal -8.090169e-01  0.000000e+00  5.877854e-01
    outer loop
      vertex   3.005001e+01  2.000000e+01 -2.485954e+01
      vertex   3.292879e+01  6.600000e+01 -2.089725e+01
      vertex   3.005001e+01  6.600000e+01 -2.485954e+01
    endloop
  endfacet
  facet normal -7.289690e-01  0.000000e+00  6.845466e-01
    outer loop
      vertex   3.005001e+01  2.000000e+01 -2.485954e+01
      vertex   3.005001e+01  6.600000e+01 -2.485954e+01
      vertex   2.669734e+01  2.000000e+01 -2.842978e+01
    endloop
  endfacet
  facet normal -7.289690e-01  0.000000e+00  6.845466e-01
    outer loop
      vertex   2.669734e+01  2.000000e+01 -2.842978e+01
      vertex   3.005001e+01  6.600000e+01 -2.485954e+01
      vertex   2.669734e+01  6.600000e+01 -2.842978e+01
    endloop
  endfacet
  facet normal -6.374239e-01  0.000000e+00  7.705133e-01
    outer loop
      vertex   2.669734e+01  2.000000e+01 -2.842978e+01
      vertex   2.669734e+01  6.600000e+01 -2.842978e+01
      vertex   2.292362e+01  2.000000e+01 -3.155166e+01
    endloop
  endfacet
  facet normal -6.374239e-01  0.000000e+00  7.705133e-01
    outer loop
      vertex   2.292362e+01  2.000000e+01 -3.155166e+01
      vertex   2.669734e+01  6.600000e+01 -2.842978e+01
      vertex   2.292362e+01  6.600000e+01 -3.155166e+01
    endloop
  endfacet
  facet normal -5.358266e-01  0.000000e+00  8.443280e-01
    outer loop
      vertex   2.292362e+01  2.000000e+01 -3.155166e+01
      vertex   2.292362e+01  6.600000e+01 -3.155166e+01
      vertex   1.878839e+01  2.000000e+01 -3.417596e+01
    endloop
  endfacet
  facet normal -5.358266e-01  0.000000e+00  8.443280e-01
    outer loop
      vertex   1.878839e+01  2.000000e+01 -3.417596e+01
      vertex   2.292362e+01  6.600000e+01 -3.155166e+01
      vertex   1.878839e+01  6.600000e+01 -3.417596e+01
    endloop
  endfacet
  facet normal -4.257794e-01  0.000000e+00  9.048270e-01
    outer loop
      vertex   1.878839e+01  2.000000e+01 -3.417596e+01
      vertex   1.878839e+01  6.600000e+01 -3.417596e+01
      vertex   1.435686e+01  2.000000e+01 -3.626128e+01
    endloop
  endfacet
  facet normal -4.257794e-01  0.000000e+00  9.048270e-01
    outer loop
      vertex   1.435686e+01  2.000000e+01 -3.626128e+01
      vertex   1.878839e+01  6.600000e+01 -3.417596e+01
      vertex   1.435686e+01  6.600000e+01 -3.626128e+01
    endloop
  endfacet
  facet normal -3.090166e-01  0.000000e+00  9.510567e-01
    outer loop
      vertex   1.435686e+01  2.000000e+01 -3.626128e+01
      vertex   1.435686e+01  6.600000e+01 -3.626128e+01
      vertex   9.698905e+00  2.000000e+01 -3.777474e+01
    endloop
  endfacet
  facet normal -3.090166e-01  0.000000e+00  9.510567e-01
    outer loop
      vertex   9.698905e+00  2.000000e+01 -3.777474e+01
      vertex   1.435686e+01  6.600000e+01 -3.626128e+01
      vertex   9.698905e+00  6.600000e+01 -3.777474e+01
    endloop
  endfacet
  facet normal -1.873818e-01  0.000000e+00  9.822872e-01
    outer loop
      vertex   9.698905e+00  2.000000e+01 -3.777474e+01
      vertex   9.698905e+00  6.600000e+01 -3.777474e+01
      vertex   4.887996e+00  2.000000e+01 -3.869247e+01
    endloop
  endfacet
  facet normal -1.873818e-01  0.000000e+00  9.822872e-01
    outer loop
      vertex   4.887996e+00  2.000000e+01 -3.869247e+01
      vertex   9.698905e+00  6.600000e+01 -3.777474e+01
      vertex   4.887996e+00  6.600000e+01 -3.869247e+01
    endloop
  endfacet
  facet normal -6.279031e-02  0.000000e+00  9.980268e-01
    outer loop
      vertex   4.887996e+00  2.000000e+01 -3.869247e+01
      vertex   4.887996e+00  6.600000e+01 -3.869247e+01
      vertex   0.000000e+00  2.000000e+01 -3.900000e+01
    endloop
  endfacet
  facet normal -6.279031e-02  0.000000e+00  9.980268e-01
    outer loop
      vertex   0.000000e+00  2.000000e+01 -3.900000e+01
      vertex   4.887996e+00  6.600000e+01 -3.869247e+01
      vertex   0.000000e+00  6.600000e+01 -3.900000e+01
    endloop
  endfacet
  facet normal  6.279031e-02 -0.000000e+00  9.980268e-01
    outer loop
      vertex   0.000000e+00  2.000000e+01 -3.900000e+01
      vertex   0.000000e+00  6.600000e+01 -3.900000e+01
      vertex  -4.887996e+00  2.000000e+01 -3.869247e+01
    endloop
  endfacet
  facet normal  6.279031e-02 -0.000000e+00  9.980268e-01
    outer loop
      vertex  -4.887996e+00  2.000000e+01 -3.869247e+01
      vertex   0.000000e+00  6.600000e+01 -3.900000e+01
      vertex  -4.887996e+00  6.600000e+01 -3.869247e+01
    endloop
  endfacet
  facet normal  1.873818e-01 -0.000000e+00  9.822872e-01
    outer loop
      vertex  -4.887996e+00  2.000000e+01 -3.869247e+01
      vertex  -4.887996e+00  6.600000e+01 -3.869247e+01
      vertex  -9.698905e+00  2.000000e+01 -3.777474e+01
    endloop
  endfacet
  facet normal  1.873818e-01 -0.000000e+00  9.822872e-01
    outer loop
      vertex  -9.698905e+00  2.000000e+01 -3.777474e+01
      vertex  -4.887996e+00  6.600000e+01 -3.869247e+01
      vertex  -9.698905e+00  6.600000e+01 -3.777474e+01
    endloop
  endfacet
  facet normal  3.090166e-01 -0.000000e+00  9.510567e-01
    outer loop
      vertex  -9.698905e+00  2.000000e+01 -3.777474e+01
      vertex  -9.698905e+00  6.600000e+01 -3.777474e+01
      vertex  -1.435686e+01  2.000000e+01 -3.626128e+01
    endloop
  endfacet
  facet normal  3.090166e-01 -0.000000e+00  9.510567e-01
    outer loop
      vertex  -1.435686e+01  2.000000e+01 -3.626128e+01
      vertex  -9.698905e+00  6.600000e+01 -3.777474e+01
      vertex  -1.435686e+01  6.600000e+01 -3.626128e+01
    endloop
  endfacet
  facet normal  4.257794e-01 -0.000000e+00  9.048270e-01
    outer loop
      vertex  -1.435686e+01  2.000000e+01 -3.626128e+01
      vertex  -1.435686e+01  6.600000e+01 -3.626128e+01
      vertex  -1.878839e+01  2.000000e+01 -3.417596e+01
    endloop
  endfacet
  facet normal  4.257794e-01 -0.000000e+00  9.048270e-01
    outer loop
      vertex  -1.878839e+01  2.000000e+01 -3.417596e+01
      vertex  -1.435686e+01  6.600000e+01 -3.626128e+01
      vertex  -1.878839e+01  6.600000e+01 -3.417596e+01
    endloop
  endfacet
  facet normal  5.358266e-01 -0.000000e+00  8.443280e-01
    outer loop
      vertex  -1.878839e+01  2.000000e+01 -3.417596e+01
      vertex  -1.878839e+01  6.600000e+01 -3.417596e+01
      vertex  -2.292362e+01  2.000000e+01 -3.155166e+01
    endloop
  endfacet
  facet normal  5.358266e-01 -0.000000e+00  8.443280e-01
    outer loop
      vertex  -2.292362e+01  2.000000e+01 -3.155166e+01
      vertex  -1.878839e+01  6.600000e+01 -3.417596e+01
      vertex  -2.292362e+01  6.600000e+01 -3.155166e+01
    endloop
  endfacet
  facet normal  6.374239e-01 -0.000000e+00  7.705133e-01
    outer loop
      vertex  -2.292362e+01  2.000000e+01 -3.155166e+01
      vertex  -2.292362e+01  6.600000e+01 -3.155166e+01
      vertex  -2.669734e+01  2.000000e+01 -2.842978e+01
    endloop
  endfacet
  facet normal  6.374239e-01 -0.000000e+00  7.705133e-01
    outer loop
      vertex  -2.669734e+01  2.000000e+01 -2.842978e+01
      vertex  -2.292362e+01  6.600000e+01 -3.155166e+01
      vertex  -2.669734e+01  6.600000e+01 -2.842978e+01
    endloop
  endfacet
  facet normal  7.289690e-01 -0.000000e+00  6.845466e-01
    outer loop
      vertex  -2.669734e+01  2.000000e+01 -2.842978e+01
      vertex  -2.669734e+01  6.600000e+01 -2.842978e+01
      vertex  -3.005001e+01  2.000000e+01 -2.485954e+01
    endloop
  endfacet
  facet normal  7.289690e-01 -0.000000e+00  6.845466e-01
    outer loop
      vertex  -3.005001e+01  2.000000e+01 -2.485954e+01
      vertex  -2.669734e+01  6.600000e+01 -2.842978e+01
      vertex  -3.005001e+01  6.600000e+01 -2.485954e+01
    endloop
  endfacet
  facet normal  8.090169e-01 -0.000000e+00  5.877854e-01
    outer loop
      vertex  -3.005001e+01  2.000000e+01 -2.485954e+01
      vertex  -3.005001e+01  6.600000e+01 -2.485954e+01
      vertex  -3.292879e+01  2.000000e+01 -2.089725e+01
    endloop
  endfacet
  facet normal  8.090169e-01 -0.000000e+00  5.877854e-01
    outer loop
      vertex  -3.292879e+01  2.000000e+01 -2.089725e+01
      vertex  -3.005001e+01  6.600000e+01 -2.485954e+01
      vertex  -3.292879e+01  6.600000e+01 -2.089725e+01
    endloop
  endfacet
  facet normal  8.763067e-01 -0.000000e+00  4.817538e-01
    outer loop
      vertex  -3.292879e+01  2.000000e+01 -2.089725e+01
      vertex  -3.292879e+01  6.600000e+01 -2.089725e+01
      vertex  -3.528825e+01  2.000000e+01 -1.660539e+01
    endloop
  endfacet
  facet normal  8.763067e-01 -0.000000e+00  4.817538e-01
    outer loop
      vertex  -3.528825e+01  2.000000e+01 -1.660539e+01
      vertex  -3.292879e+01  6.600000e+01 -2.089725e+01
      vertex  -3.528825e+01  6.600000e+01 -1.660539e+01
    endloop
  endfacet
  facet normal  9.297763e-01 -0.000000e+00  3.681250e-01
    outer loop
      vertex  -3.528825e+01  2.000000e+01 -1.660539e+01
      vertex  -3.528825e+01  6.600000e+01 -1.660539e+01
      vertex  -3.709121e+01  2.000000e+01 -1.205166e+01
    endloop
  endfacet
  facet normal  9.297763e-01 -0.000000e+00  3.681250e-01
    outer loop
      vertex  -3.709121e+01  2.000000e+01 -1.205166e+01
      vertex  -3.528825e+01  6.600000e+01 -1.660539e+01
      vertex  -3.709121e+01  6.600000e+01 -1.205166e+01
    endloop
  endfacet
  facet normal  9.685832e-01 -0.000000e+00  2.486899e-01
    outer loop
      vertex  -3.709121e+01  2.000000e+01 -1.205166e+01
      vertex  -3.709121e+01  6.600000e+01 -1.205166e+01
      vertex  -3.830920e+01  2.000000e+01 -7.307871e+00
    endloop
  endfacet
  facet normal  9.685832e-01 -0.000000e+00  2.486899e-01
    outer loop
      vertex  -3.830920e+01  2.000000e+01 -7.307871e+00
      vertex  -3.709121e+01  6.600000e+01 -1.205166e+01
      vertex  -3.830920e+01  6.600000e+01 -7.307871e+00
    endloop
  endfacet
  facet normal  9.921147e-01 -0.000000e+00  1.253330e-01
    outer loop
      vertex  -3.830920e+01  2.000000e+01 -7.307871e+00
      vertex  -3.830920e+01  6.600000e+01 -7.307871e+00
      vertex  -3.892304e+01  2.000000e+01 -2.448830e+00
    endloop
  endfacet
  facet normal  9.921147e-01 -0.000000e+00  1.253330e-01
    outer loop
      vertex  -3.892304e+01  2.000000e+01 -2.448830e+00
      vertex  -3.830920e+01  6.600000e+01 -7.307871e+00
      vertex  -3.892304e+01  6.600000e+01 -2.448830e+00
    endloop
  endfacet
  facet normal  1.000000e+00  0.000000e+00  0.000000e+00
    outer loop
      vertex  -3.892304e+01  2.000000e+01 -2.448830e+00
      vertex  -3.892304e+01  6.600000e+01 -2.448830e+00
      vertex  -3.892304e+01  2.000000e+01  2.448830e+00
    endloop
  endfacet
  facet normal  1.000000e+00 -0.000000e+00  0.000000e+00
    outer loop
      vertex  -3.892304e+01  2.000000e+01  2.448830e+00
      vertex  -3.892304e+01  6.600000e+01 -2.448830e+00
      vertex  -3.892304e+01  6.600000e+01  2.448830e+00
    endloop
  endfacet
  facet normal  9.921147e-01  0.000000e+00 -1.253330e-01
    outer loop
      vertex  -3.892304e+01  2.000000e+01  2.448830e+00
      vertex  -3.892304e+01  6.600000e+01  2.448830e+00
      vertex  -3.830920e+01  2.000000e+01  7.307871e+00
    endloop
  endfacet
  facet normal  9.921147e-01  0.000000e+00 -1.253330e-01
    outer loop
      vertex  -3.830920e+01  2.000000e+01  7.307871e+00
      vertex  -3.892304e+01  6.600000e+01  2.448830e+00
      vertex  -3.830920e+01  6.600000e+01  7.307871e+00
    endloop
  endfacet
  facet normal  9.685832e-01  0.000000e+00 -2.486899e-01
    outer loop
      vertex  -3.830920e+01  2.000000e+01  7.307871e+00
      vertex  -3.830920e+01  6.600000e+01  7.307871e+00
      vertex  -3.709121e+01  2.000000e+01  1.205166e+01
    endloop
  endfacet
  facet normal  9.685832e-01  0.000000e+00 -2.486899e-01
    outer loop
      vertex  -3.709121e+01  2.000000e+01  1.205166e+01
      vertex  -3.830920e+01  6.600000e+01  7.307871e+00
      vertex  -3.709121e+01  6.600000e+01  1.205166e+01
    endloop
  endfacet
  facet normal  9.297763e-01  0.000000e+00 -3.681250e-01
    outer loop
      vertex  -3.709121e+01  2.000000e+01  1.205166e+01
      vertex  -3.709121e+01  6.600000e+01  1.205166e+01
      vertex  -3.528825e+01  2.000000e+01  1.660539e+01
    endloop
  endfacet
  facet normal  9.297763e-01  0.000000e+00 -3.681250e-01
    outer loop
      vertex  -3.528825e+01  2.000000e+01  1.660539e+01
      vertex  -3.709121e+01  6.600000e+01  1.205166e+01
      vertex  -3.528825e+01  6.600000e+01  1.660539e+01
    endloop
  endfacet
  facet normal  8.763067e-01  0.000000e+00 -4.817538e-01
    outer loop
      vertex  -3.528825e+01  2.000000e+01  1.660539e+01
      vertex  -3.528825e+01  6.600000e+01  1.660539e+01
      vertex  -3.292879e+01  2.000000e+01  2.089725e+01
    endloop
  endfacet
  facet normal  8.763067e-01  0.000000e+00 -4.817538e-01
    outer loop
      vertex  -3.292879e+01  2.000000e+01  2.089725e+01
      vertex  -3.528825e+01  6.600000e+01  1.660539e+01
      vertex  -3.292879e+01  6.600000e+01  2.089725e+01
    endloop
  endfacet
  facet normal  8.090169e-01  0.000000e+00 -5.877854e-01
    outer loop
      vertex  -3.292879e+01  2.000000e+01  2.089725e+01
      vertex  -3.292879e+01  6.600000e+01  2.089725e+01
      vertex  -3.005001e+01  2.000000e+01  2.485954e+01
    endloop
  endfacet
  facet normal  8.090169e-01  0.000000e+00 -5.877854e-01
    outer loop
      vertex  -3.005001e+01  2.000000e+01  2.485954e+01
      vertex  -3.292879e+01  6.600000e+01  2.089725e+01
      vertex  -3.005001e+01  6.600000e+01  2.485954e+01
    endloop
  endfacet
  facet normal  7.289690e-01  0.000000e+00 -6.845466e-01
    outer loop
      vertex  -3.005001e+01  2.000000e+01  2.485954e+01
      vertex  -3.005001e+01  6.600000e+01  2.485954e+01
      vertex  -2.669734e+01  2.000000e+01  2.842978e+01
    endloop
  endfacet
  facet normal  7.289690e-01  0.000000e+00 -6.845466e-01
    outer loop
      vertex  -2.669734e+01  2.000000e+01  2.842978e+01
      vertex  -3.005001e+01  6.600000e+01  2.485954e+01
      vertex  -2.669734e+01  6.600000e+01  2.842978e+01
    endloop
  endfacet
  facet normal  6.374239e-01  0.000000e+00 -7.705133e-01
    outer loop
      vertex  -2.669734e+01  2.000000e+01  2.842978e+01
      vertex  -2.669734e+01  6.600000e+01  2.842978e+01
      vertex  -2.292362e+01  2.000000e+01  3.155166e+01
    endloop
  endfacet
  facet normal  6.374239e-01  0.000000e+00 -7.705133e-01
    outer loop
      vertex  -2.292362e+01  2.000000e+01  3.155166e+01
      vertex  -2.669734e+01  6.600000e+01  2.842978e+01
      vertex  -2.292362e+01  6.600000e+01  3.155166e+01
    endloop
  endfacet
  facet normal  5.358266e-01  0.000000e+00 -8.443280e-01
    outer loop
      vertex  -2.292362e+01  2.000000e+01  3.155166e+01
      vertex  -2.292362e+01  6.600000e+01  3.155166e+01
      vertex  -1.878839e+01  2.000000e+01  3.417596e+01
    endloop
  endfacet
  facet normal  5.358266e-01  0.000000e+00 -8.443280e-01
    outer loop
      vertex  -1.878839e+01  2.000000e+01  3.417596e+01
      vertex  -2.292362e+01  6.600000e+01  3.155166e+01
      vertex  -1.878839e+01  6.600000e+01  3.417596e+01
    endloop
  endfacet
  facet normal  4.257794e-01  0.000000e+00 -9.048270e-01
    outer loop
      vertex  -1.878839e+01  2.000000e+01  3.417596e+01
      vertex  -1.878839e+01  6.600000e+01  3.417596e+01
      vertex  -1.435686e+01  2.000000e+01  3.626128e+01
    endloop
  endfacet
  facet normal  4.257794e-01  0.000000e+00 -9.048270e-01
    outer loop
      vertex  -1.435686e+01  2.000000e+01  3.626128e+01
      vertex  -1.878839e+01  6.600000e+01  3.417596e+01
      vertex  -1.435686e+01  6.600000e+01  3.626128e+01
    endloop
  endfacet
  facet normal  3.090166e-01  0.000000e+00 -9.510567e-01
    outer loop
      vertex  -1.435686e+01  2.000000e+01  3.626128e+01
      vertex  -1.435686e+01  6.600000e+01  3.626128e+01
      vertex  -9.698905e+00  2.000000e+01  3.777474e+01
    endloop
  endfacet
  facet normal  3.090166e-01  0.000000e+00 -9.510567e-01
    outer loop
      vertex  -9.698905e+00  2.000000e+01  3.777474e+01
      vertex  -1.435686e+01  6.600000e+01  3.626128e+01
      vertex  -9.698905e+00  6.600000e+01  3.777474e+01
    endloop
  endfacet
  facet normal  1.873818e-01  0.000000e+00 -9.822872e-01
    outer loop
      vertex  -9.698905e+00  2.000000e+01  3.777474e+01
      vertex  -9.698905e+00  6.600000e+01  3.777474e+01
      vertex  -4.887996e+00  2.000000e+01  3.869247e+01
    endloop
  endfacet
  facet normal  1.873818e-01  0.000000e+00 -9.822872e-01
    outer loop
      vertex  -4.887996e+00  2.000000e+01  3.869247e+01
      vertex  -9.698905e+00  6.600000e+01  3.777474e+01
      vertex  -4.887996e+00  6.600000e+01  3.869247e+01
    endloop
  endfacet
  facet normal -5.413843e-02  0.000000e+00  9.985335e-01
    outer loop
      vertex  -5.676249e+00  6.600000e+01  5.219225e+01
      vertex  -5.676249e+00  2.000000e+01  5.219225e+01
      vertex   0.000000e+00  6.600000e+01  5.250000e+01
    endloop
  endfacet
  facet normal -5.413843e-02  0.000000e+00  9.985335e-01
    outer loop
      vertex   0.000000e+00  6.600000e+01  5.250000e+01
      vertex  -5.676249e+00  2.000000e+01  5.219225e+01
      vertex   0.000000e+00  2.000000e+01  5.250000e+01
    endloop
  endfacet
  facet normal  5.413843e-02  0.000000e+00  9.985335e-01
    outer loop
      vertex   0.000000e+00  6.600000e+01  5.250000e+01
      vertex   0.000000e+00  2.000000e+01  5.250000e+01
      vertex   5.676249e+00  6.600000e+01  5.219225e+01
    endloop
  endfacet
  facet normal  5.413843e-02  0.000000e+00  9.985335e-01
    outer loop
      vertex   5.676249e+00  6.600000e+01  5.219225e+01
      vertex   0.000000e+00  2.000000e+01  5.250000e+01
      vertex   5.676249e+00  2.000000e+01  5.219225e+01
    endloop
  endfacet
  facet normal  1.617825e-01  0.000000e+00  9.868265e-01
    outer loop
      vertex   5.676249e+00  6.600000e+01  5.219225e+01
      vertex   5.676249e+00  2.000000e+01  5.219225e+01
      vertex   1.128595e+01  6.600000e+01  5.127258e+01
    endloop
  endfacet
  facet normal  1.617825e-01  0.000000e+00  9.868265e-01
    outer loop
      vertex   1.128595e+01  6.600000e+01  5.127258e+01
      vertex   5.676249e+00  2.000000e+01  5.219225e+01
      vertex   1.128595e+01  2.000000e+01  5.127258e+01
    endloop
  endfacet
  facet normal  2.675281e-01  0.000000e+00  9.635502e-01
    outer loop
      vertex   1.128595e+01  6.600000e+01  5.127258e+01
      vertex   1.128595e+01  2.000000e+01  5.127258e+01
      vertex   1.676333e+01  6.600000e+01  4.975179e+01
    endloop
  endfacet
  facet normal  2.675281e-01  0.000000e+00  9.635502e-01
    outer loop
      vertex   1.676333e+01  6.600000e+01  4.975179e+01
      vertex   1.128595e+01  2.000000e+01  5.127258e+01
      vertex   1.676333e+01  2.000000e+01  4.975179e+01
    endloop
  endfacet
  facet normal  3.701385e-01  0.000000e+00  9.289766e-01
    outer loop
      vertex   1.676333e+01  6.600000e+01  4.975179e+01
      vertex   1.676333e+01  2.000000e+01  4.975179e+01
      vertex   2.204418e+01  6.600000e+01  4.764771e+01
    endloop
  endfacet
  facet normal  3.701385e-01  0.000000e+00  9.289766e-01
    outer loop
      vertex   2.204418e+01  6.600000e+01  4.764771e+01
      vertex   1.676333e+01  2.000000e+01  4.975179e+01
      vertex   2.204418e+01  2.000000e+01  4.764771e+01
    endloop
  endfacet
  facet normal  4.684081e-01  0.000000e+00  8.835122e-01
    outer loop
      vertex   2.204418e+01  6.600000e+01  4.764771e+01
      vertex   2.204418e+01  2.000000e+01  4.764771e+01
      vertex   2.706658e+01  6.600000e+01  4.498500e+01
    endloop
  endfacet
  facet normal  4.684081e-01  0.000000e+00  8.835122e-01
    outer loop
      vertex   2.706658e+01  6.600000e+01  4.498500e+01
      vertex   2.204418e+01  2.000000e+01  4.764771e+01
      vertex   2.706658e+01  2.000000e+01  4.498500e+01
    endloop
  endfacet
  facet normal  5.611873e-01  0.000000e+00  8.276889e-01
    outer loop
      vertex   2.706658e+01  6.600000e+01  4.498500e+01
      vertex   2.706658e+01  2.000000e+01  4.498500e+01
      vertex   3.177164e+01  6.600000e+01  4.179489e+01
    endloop
  endfacet
  facet normal  5.611873e-01  0.000000e+00  8.276889e-01
    outer loop
      vertex   3.177164e+01  6.600000e+01  4.179489e+01
      vertex   2.706658e+01  2.000000e+01  4.498500e+01
      vertex   3.177164e+01  2.000000e+01  4.179489e+01
    endloop
  endfacet
  facet normal  6.473865e-01  0.000000e+00  7.621618e-01
    outer loop
      vertex   3.177164e+01  6.600000e+01  4.179489e+01
      vertex   3.177164e+01  2.000000e+01  4.179489e+01
      vertex   3.610422e+01  6.600000e+01  3.811476e+01
    endloop
  endfacet
  facet normal  6.473865e-01  0.000000e+00  7.621618e-01
    outer loop
      vertex   3.610422e+01  6.600000e+01  3.811476e+01
      vertex   3.177164e+01  2.000000e+01  4.179489e+01
      vertex   3.610422e+01  2.000000e+01  3.811476e+01
    endloop
  endfacet
  facet normal  7.259955e-01  0.000000e+00  6.876995e-01
    outer loop
      vertex   3.610422e+01  6.600000e+01  3.811476e+01
      vertex   3.610422e+01  2.000000e+01  3.811476e+01
      vertex   4.001351e+01  6.600000e+01  3.398778e+01
    endloop
  endfacet
  facet normal  7.259955e-01  0.000000e+00  6.876995e-01
    outer loop
      vertex   4.001351e+01  6.600000e+01  3.398778e+01
      vertex   3.610422e+01  2.000000e+01  3.811476e+01
      vertex   4.001351e+01  2.000000e+01  3.398778e+01
    endloop
  endfacet
  facet normal  7.960928e-01  0.000000e+00  6.051746e-01
    outer loop
      vertex   4.001351e+01  6.600000e+01  3.398778e+01
      vertex   4.001351e+01  2.000000e+01  3.398778e+01
      vertex   4.345367e+01  6.600000e+01  2.946232e+01
    endloop
  endfacet
  facet normal  7.960928e-01  0.000000e+00  6.051746e-01
    outer loop
      vertex   4.345367e+01  6.600000e+01  2.946232e+01
      vertex   4.001351e+01  2.000000e+01  3.398778e+01
      vertex   4.345367e+01  2.000000e+01  2.946232e+01
    endloop
  endfacet
  facet normal  8.568572e-01  0.000000e+00  5.155540e-01
    outer loop
      vertex   4.345367e+01  6.600000e+01  2.946232e+01
      vertex   4.345367e+01  2.000000e+01  2.946232e+01
      vertex   4.638438e+01  6.600000e+01  2.459144e+01
    endloop
  endfacet
  facet normal  8.568572e-01  0.000000e+00  5.155540e-01
    outer loop
      vertex   4.638438e+01  6.600000e+01  2.459144e+01
      vertex   4.345367e+01  2.000000e+01  2.946232e+01
      vertex   4.638438e+01  2.000000e+01  2.459144e+01
    endloop
  endfacet
  facet normal  9.075755e-01  0.000000e+00  4.198889e-01
    outer loop
      vertex   4.638438e+01  6.600000e+01  2.459144e+01
      vertex   4.638438e+01  2.000000e+01  2.459144e+01
      vertex   4.877128e+01  6.600000e+01  1.943225e+01
    endloop
  endfacet
  facet normal  9.075755e-01  0.000000e+00  4.198889e-01
    outer loop
      vertex   4.877128e+01  6.600000e+01  1.943225e+01
      vertex   4.638438e+01  2.000000e+01  2.459144e+01
      vertex   4.877128e+01  2.000000e+01  1.943225e+01
    endloop
  endfacet
  facet normal  9.476531e-01  0.000000e+00  3.193017e-01
    outer loop
      vertex   4.877128e+01  6.600000e+01  1.943225e+01
      vertex   4.877128e+01  2.000000e+01  1.943225e+01
      vertex   5.058638e+01  6.600000e+01  1.404524e+01
    endloop
  endfacet
  facet normal  9.476531e-01  0.000000e+00  3.193017e-01
    outer loop
      vertex   5.058638e+01  6.600000e+01  1.404524e+01
      vertex   4.877128e+01  2.000000e+01  1.943225e+01
      vertex   5.058638e+01  2.000000e+01  1.404524e+01
    endloop
  endfacet
  facet normal  9.766207e-01  0.000000e+00  2.149701e-01
    outer loop
      vertex   5.058638e+01  6.600000e+01  1.404524e+01
      vertex   5.058638e+01  2.000000e+01  1.404524e+01
      vertex   5.180839e+01  6.600000e+01  8.493555e+00
    endloop
  endfacet
  facet normal  9.766207e-01  0.000000e+00  2.149701e-01
    outer loop
      vertex   5.180839e+01  6.600000e+01  8.493555e+00
      vertex   5.058638e+01  2.000000e+01  1.404524e+01
      vertex   5.180839e+01  2.000000e+01  8.493555e+00
    endloop
  endfacet
  facet normal  9.941379e-01  0.000000e+00  1.081192e-01
    outer loop
      vertex   5.180839e+01  6.600000e+01  8.493555e+00
      vertex   5.180839e+01  2.000000e+01  8.493555e+00
      vertex   5.242300e+01  6.600000e+01  2.842293e+00
    endloop
  endfacet
  facet normal  9.941379e-01  0.000000e+00  1.081192e-01
    outer loop
      vertex   5.242300e+01  6.600000e+01  2.842293e+00
      vertex   5.180839e+01  2.000000e+01  8.493555e+00
      vertex   5.242300e+01  2.000000e+01  2.842293e+00
    endloop
  endfacet
  facet normal  1.000000e+00  0.000000e+00  0.000000e+00
    outer loop
      vertex   5.242300e+01  6.600000e+01  2.842293e+00
      vertex   5.242300e+01  2.000000e+01  2.842293e+00
      vertex   5.242300e+01  6.600000e+01 -2.842293e+00
    endloop
  endfacet
  facet normal  1.000000e+00  0.000000e+00  0.000000e+00
    outer loop
      vertex   5.242300e+01  6.600000e+01 -2.842293e+00
      vertex   5.242300e+01  2.000000e+01  2.842293e+00
      vertex   5.242300e+01  2.000000e+01 -2.842293e+00
    endloop
  endfacet
  facet normal  9.941379e-01  0.000000e+00 -1.081192e-01
    outer loop
      vertex   5.242300e+01  6.600000e+01 -2.842293e+00
      vertex   5.242300e+01  2.000000e+01 -2.842293e+00
      vertex   5.180839e+01  6.600000e+01 -8.493555e+00
    endloop
  endfacet
  facet normal  9.941379e-01  0.000000e+00 -1.081192e-01
    outer loop
      vertex   5.180839e+01  6.600000e+01 -8.493555e+00
      vertex   5.242300e+01  2.000000e+01 -2.842293e+00
      vertex   5.180839e+01  2.000000e+01 -8.493555e+00
    endloop
  endfacet
  facet normal  9.766207e-01  0.000000e+00 -2.149701e-01
    outer loop
      vertex   5.180839e+01  6.600000e+01 -8.493555e+00
      vertex   5.180839e+01  2.000000e+01 -8.493555e+00
      vertex   5.058638e+01  6.600000e+01 -1.404524e+01
    endloop
  endfacet
  facet normal  9.766207e-01  0.000000e+00 -2.149701e-01
    outer loop
      vertex   5.058638e+01  6.600000e+01 -1.404524e+01
      vertex   5.180839e+01  2.000000e+01 -8.493555e+00
      vertex   5.058638e+01  2.000000e+01 -1.404524e+01
    endloop
  endfacet
  facet normal  9.476531e-01  0.000000e+00 -3.193017e-01
    outer loop
      vertex   5.058638e+01  6.600000e+01 -1.404524e+01
      vertex   5.058638e+01  2.000000e+01 -1.404524e+01
      vertex   4.877128e+01  6.600000e+01 -1.943225e+01
    endloop
  endfacet
  facet normal  9.476531e-01  0.000000e+00 -3.193017e-01
    outer loop
      vertex   4.877128e+01  6.600000e+01 -1.943225e+01
      vertex   5.058638e+01  2.000000e+01 -1.404524e+01
      vertex   4.877128e+01  2.000000e+01 -1.943225e+01
    endloop
  endfacet
  facet normal  9.075755e-01  0.000000e+00 -4.198889e-01
    outer loop
      vertex   4.877128e+01  6.600000e+01 -1.943225e+01
      vertex   4.877128e+01  2.000000e+01 -1.943225e+01
      vertex   4.638438e+01  6.600000e+01 -2.459144e+01
    endloop
  endfacet
  facet normal  9.075755e-01  0.000000e+00 -4.198889e-01
    outer loop
      vertex   4.638438e+01  6.600000e+01 -2.459144e+01
      vertex   4.877128e+01  2.000000e+01 -1.943225e+01
      vertex   4.638438e+01  2.000000e+01 -2.459144e+01
    endloop
  endfacet
  facet normal  8.568572e-01  0.000000e+00 -5.155540e-01
    outer loop
      vertex   4.638438e+01  6.600000e+01 -2.459144e+01
      vertex   4.638438e+01  2.000000e+01 -2.459144e+01
      vertex   4.345367e+01  6.600000e+01 -2.946232e+01
    endloop
  endfacet
  facet normal  8.568572e-01  0.000000e+00 -5.155540e-01
    outer loop
      vertex   4.345367e+01  6.600000e+01 -2.946232e+01
      vertex   4.638438e+01  2.000000e+01 -2.459144e+01
      vertex   4.345367e+01  2.000000e+01 -2.946232e+01
    endloop
  endfacet
  facet normal  7.960928e-01  0.000000e+00 -6.051746e-01
    outer loop
      vertex   4.345367e+01  6.600000e+01 -2.946232e+01
      vertex   4.345367e+01  2.000000e+01 -2.946232e+01
      vertex   4.001351e+01  6.600000e+01 -3.398778e+01
    endloop
  endfacet
  facet normal  7.960928e-01  0.000000e+00 -6.051746e-01
    outer loop
      vertex   4.001351e+01  6.600000e+01 -3.398778e+01
      vertex   4.345367e+01  2.000000e+01 -2.946232e+01
      vertex   4.001351e+01  2.000000e+01 -3.398778e+01
    endloop
  endfacet
  facet normal  7.259955e-01  0.000000e+00 -6.876995e-01
    outer loop
      vertex   4.001351e+01  6.600000e+01 -3.398778e+01
      vertex   4.001351e+01  2.000000e+01 -3.398778e+01
      vertex   3.610422e+01  6.600000e+01 -3.811476e+01
    endloop
  endfacet
  facet normal  7.259955e-01  0.000000e+00 -6.876995e-01
    outer loop
      vertex   3.610422e+01  6.600000e+01 -3.811476e+01
      vertex   4.001351e+01  2.000000e+01 -3.398778e+01
      vertex   3.610422e+01  2.000000e+01 -3.811476e+01
    endloop
  endfacet
  facet normal  6.473865e-01  0.000000e+00 -7.621618e-01
    outer loop
      vertex   3.610422e+01  6.600000e+01 -3.811476e+01
      vertex   3.610422e+01  2.000000e+01 -3.811476e+01
      vertex   3.177164e+01  6.600000e+01 -4.179489e+01
    endloop
  endfacet
  facet normal  6.473865e-01  0.000000e+00 -7.621618e-01
    outer loop
      vertex   3.177164e+01  6.600000e+01 -4.179489e+01
      vertex   3.610422e+01  2.000000e+01 -3.811476e+01
      vertex   3.177164e+01  2.000000e+01 -4.179489e+01
    endloop
  endfacet
  facet normal  5.611873e-01  0.000000e+00 -8.276889e-01
    outer loop
      vertex   3.177164e+01  6.600000e+01 -4.179489e+01
      vertex   3.177164e+01  2.000000e+01 -4.179489e+01
      vertex   2.706658e+01  6.600000e+01 -4.498500e+01
    endloop
  endfacet
  facet normal  5.611873e-01  0.000000e+00 -8.276889e-01
    outer loop
      vertex   2.706658e+01  6.600000e+01 -4.498500e+01
      vertex   3.177164e+01  2.000000e+01 -4.179489e+01
      vertex   2.706658e+01  2.000000e+01 -4.498500e+01
    endloop
  endfacet
  facet normal  4.684081e-01  0.000000e+00 -8.835122e-01
    outer loop
      vertex   2.706658e+01  6.600000e+01 -4.498500e+01
      vertex   2.706658e+01  2.000000e+01 -4.498500e+01
      vertex   2.204418e+01  6.600000e+01 -4.764771e+01
    endloop
  endfacet
  facet normal  4.684081e-01  0.000000e+00 -8.835122e-01
    outer loop
      vertex   2.204418e+01  6.600000e+01 -4.764771e+01
      vertex   2.706658e+01  2.000000e+01 -4.498500e+01
      vertex   2.204418e+01  2.000000e+01 -4.764771e+01
    endloop
  endfacet
  facet normal  3.701385e-01  0.000000e+00 -9.289766e-01
    outer loop
      vertex   2.204418e+01  6.600000e+01 -4.764771e+01
      vertex   2.204418e+01  2.000000e+01 -4.764771e+01
      vertex   1.676333e+01  6.600000e+01 -4.975179e+01
    endloop
  endfacet
  facet normal  3.701385e-01  0.000000e+00 -9.289766e-01
    outer loop
      vertex   1.676333e+01  6.600000e+01 -4.975179e+01
      vertex   2.204418e+01  2.000000e+01 -4.764771e+01
      vertex   1.676333e+01  2.000000e+01 -4.975179e+01
    endloop
  endfacet
  facet normal  2.675281e-01  0.000000e+00 -9.635502e-01
    outer loop
      vertex   1.676333e+01  6.600000e+01 -4.975179e+01
      vertex   1.676333e+01  2.000000e+01 -4.975179e+01
      vertex   1.128595e+01  6.600000e+01 -5.127258e+01
    endloop
  endfacet
  facet normal  2.675281e-01  0.000000e+00 -9.635502e-01
    outer loop
      vertex   1.128595e+01  6.600000e+01 -5.127258e+01
      vertex   1.676333e+01  2.000000e+01 -4.975179e+01
      vertex   1.128595e+01  2.000000e+01 -5.127258e+01
    endloop
  endfacet
  facet normal  1.617825e-01  0.000000e+00 -9.868265e-01
    outer loop
      vertex   1.128595e+01  6.600000e+01 -5.127258e+01
      vertex   1.128595e+01  2.000000e+01 -5.127258e+01
      vertex   5.676249e+00  6.600000e+01 -5.219225e+01
    endloop
  endfacet
  facet normal  1.617825e-01  0.000000e+00 -9.868265e-01
    outer loop
      vertex   5.676249e+00  6.600000e+01 -5.219225e+01
      vertex   1.128595e+01  2.000000e+01 -5.127258e+01
      vertex   5.676249e+00  2.000000e+01 -5.219225e+01
    endloop
  endfacet
  facet normal  5.413843e-02  0.000000e+00 -9.985335e-01
    outer loop
      vertex   5.676249e+00  6.600000e+01 -5.219225e+01
      vertex   5.676249e+00  2.000000e+01 -5.219225e+01
      vertex   0.000000e+00  6.600000e+01 -5.250000e+01
    endloop
  endfacet
  facet normal  5.413843e-02  0.000000e+00 -9.985335e-01
    outer loop
      vertex   0.000000e+00  6.600000e+01 -5.250000e+01
      vertex   5.676249e+00  2.000000e+01 -5.219225e+01
      vertex   0.000000e+00  2.000000e+01 -5.250000e+01
    endloop
  endfacet
  facet normal -5.413843e-02 -0.000000e+00 -9.985335e-01
    outer loop
      vertex   0.000000e+00  6.600000e+01 -5.250000e+01
      vertex   0.000000e+00  2.000000e+01 -5.250000e+01
      vertex  -5.676249e+00  6.600000e+01 -5.219225e+01
    endloop
  endfacet
  facet normal -5.413843e-02 -0.000000e+00 -9.985335e-01
    outer loop
      vertex  -5.676249e+00  6.600000e+01 -5.219225e+01
      vertex   0.000000e+00  2.000000e+01 -5.250000e+01
      vertex  -5.676249e+00  2.000000e+01 -5.219225e+01
    endloop
  endfacet
  facet normal -1.617825e-01 -0.000000e+00 -9.868265e-01
    outer loop
      vertex  -5.676249e+00  6.600000e+01 -5.219225e+01
      vertex  -5.676249e+00  2.000000e+01 -5.219225e+01
      vertex  -1.128595e+01  6.600000e+01 -5.127258e+01
    endloop
  endfacet
  facet normal -1.617825e-01 -0.000000e+00 -9.868265e-01
    outer loop
      vertex  -1.128595e+01  6.600000e+01 -5.127258e+01
      vertex  -5.676249e+00  2.000000e+01 -5.219225e+01
      vertex  -1.128595e+01  2.000000e+01 -5.127258e+01
    endloop
  endfacet
  facet normal -2.675281e-01 -0.000000e+00 -9.635502e-01
    outer loop
      vertex  -1.128595e+01  6.600000e+01 -5.127258e+01
      vertex  -1.128595e+01  2.000000e+01 -5.127258e+01
      vertex  -1.676333e+01  6.600000e+01 -4.975179e+01
    endloop
  endfacet
  facet normal -2.675281e-01 -0.000000e+00 -9.635502e-01
    outer loop
      vertex  -1.676333e+01  6.600000e+01 -4.975179e+01
      vertex  -1.128595e+01  2.000000e+01 -5.127258e+01
      vertex  -1.676333e+01  2.000000e+01 -4.975179e+01
    endloop
  endfacet
  facet normal -3.701385e-01 -0.000000e+00 -9.289766e-01
    outer loop
      vertex  -1.676333e+01  6.600000e+01 -4.975179e+01
      vertex  -1.676333e+01  2.000000e+01 -4.975179e+01
      vertex  -2.204418e+01  6.600000e+01 -4.764771e+01
    endloop
  endfacet
  facet normal -3.701385e-01 -0.000000e+00 -9.289766e-01
    outer loop
      vertex  -2.204418e+01  6.600000e+01 -4.764771e+01
      vertex  -1.676333e+01  2.000000e+01 -4.975179e+01
      vertex  -2.204418e+01  2.000000e+01 -4.764771e+01
    endloop
  endfacet
  facet normal -4.684081e-01 -0.000000e+00 -8.835122e-01
    outer loop
      vertex  -2.204418e+01  6.600000e+01 -4.764771e+01
      vertex  -2.204418e+01  2.000000e+01 -4.764771e+01
      vertex  -2.706658e+01  6.600000e+01 -4.498500e+01
    endloop
  endfacet
  facet normal -4.684081e-01 -0.000000e+00 -8.835122e-01
    outer loop
      vertex  -2.706658e+01  6.600000e+01 -4.498500e+01
      vertex  -2.204418e+01  2.000000e+01 -4.764771e+01
      vertex  -2.706658e+01  2.000000e+01 -4.498500e+01
    endloop
  endfacet
  facet normal -5.611873e-01 -0.000000e+00 -8.276889e-01
    outer loop
      vertex  -2.706658e+01  6.600000e+01 -4.498500e+01
      vertex  -2.706658e+01  2.000000e+01 -4.498500e+01
      vertex  -3.177164e+01  6.600000e+01 -4.179489e+01
    endloop
  endfacet
  facet normal -5.611873e-01 -0.000000e+00 -8.276889e-01
    outer loop
      vertex  -3.177164e+01  6.600000e+01 -4.179489e+01
      vertex  -2.706658e+01  2.000000e+01 -4.498500e+01
      vertex  -3.177164e+01  2.000000e+01 -4.179489e+01
    endloop
  endfacet
  facet normal -6.473865e-01 -0.000000e+00 -7.621618e-01
    outer loop
      vertex  -3.177164e+01  6.600000e+01 -4.179489e+01
      vertex  -3.177164e+01  2.000000e+01 -4.179489e+01
      vertex  -3.610422e+01  6.600000e+01 -3.811476e+01
    endloop
  endfacet
  facet normal -6.473865e-01 -0.000000e+00 -7.621618e-01
    outer loop
      vertex  -3.610422e+01  6.600000e+01 -3.811476e+01
      vertex  -3.177164e+01  2.000000e+01 -4.179489e+01
      vertex  -3.610422e+01  2.000000e+01 -3.811476e+01
    endloop
  endfacet
  facet normal -7.259955e-01 -0.000000e+00 -6.876995e-01
    outer loop
      vertex  -3.610422e+01  6.600000e+01 -3.811476e+01
      vertex  -3.610422e+01  2.000000e+01 -3.811476e+01
      vertex  -4.001351e+01  6.600000e+01 -3.398778e+01
    endloop
  endfacet
  facet normal -7.259955e-01 -0.000000e+00 -6.876995e-01
    outer loop
      vertex  -4.001351e+01  6.600000e+01 -3.398778e+01
      vertex  -3.610422e+01  2.000000e+01 -3.811476e+01
      vertex  -4.001351e+01  2.000000e+01 -3.398778e+01
    endloop
  endfacet
  facet normal -7.960928e-01 -0.000000e+00 -6.051746e-01
    outer loop
      vertex  -4.001351e+01  6.600000e+01 -3.398778e+01
      vertex  -4.001351e+01  2.000000e+01 -3.398778e+01
      vertex  -4.345367e+01  6.600000e+01 -2.946232e+01
    endloop
  endfacet
  facet normal -7.960928e-01 -0.000000e+00 -6.051746e-01
    outer loop
      vertex  -4.345367e+01  6.600000e+01 -2.946232e+01
      vertex  -4.001351e+01  2.000000e+01 -3.398778e+01
      vertex  -4.345367e+01  2.000000e+01 -2.946232e+01
    endloop
  endfacet
  facet normal -8.568572e-01 -0.000000e+00 -5.155540e-01
    outer loop
      vertex  -4.345367e+01  6.600000e+01 -2.946232e+01
      vertex  -4.345367e+01  2.000000e+01 -2.946232e+01
      vertex  -4.638438e+01  6.600000e+01 -2.459144e+01
    endloop
  endfacet
  facet normal -8.568572e-01 -0.000000e+00 -5.155540e-01
    outer loop
      vertex  -4.638438e+01  6.600000e+01 -2.459144e+01
      vertex  -4.345367e+01  2.000000e+01 -2.946232e+01
      vertex  -4.638438e+01  2.000000e+01 -2.459144e+01
    endloop
  endfacet
  facet normal -9.075755e-01 -0.000000e+00 -4.198889e-01
    outer loop
      vertex  -4.638438e+01  6.600000e+01 -2.459144e+01
      vertex  -4.638438e+01  2.000000e+01 -2.459144e+01
      vertex  -4.877128e+01  6.600000e+01 -1.943225e+01
    endloop
  endfacet
  facet normal -9.075755e-01 -0.000000e+00 -4.198889e-01
    outer loop
      vertex  -4.877128e+01  6.600000e+01 -1.943225e+01
      vertex  -4.638438e+01  2.000000e+01 -2.459144e+01
      vertex  -4.877128e+01  2.000000e+01 -1.943225e+01
    endloop
  endfacet
  facet normal -9.476531e-01 -0.000000e+00 -3.193017e-01
    outer loop
      vertex  -4.877128e+01  6.600000e+01 -1.943225e+01
      vertex  -4.877128e+01  2.000000e+01 -1.943225e+01
      vertex  -5.058638e+01  6.600000e+01 -1.404524e+01
    endloop
  endfacet
  facet normal -9.476531e-01 -0.000000e+00 -3.193017e-01
    outer loop
      vertex  -5.058638e+01  6.600000e+01 -1.404524e+01
      vertex  -4.877128e+01  2.000000e+01 -1.943225e+01
      vertex  -5.058638e+01  2.000000e+01 -1.404524e+01
    endloop
  endfacet
  facet normal -9.766207e-01 -0.000000e+00 -2.149701e-01
    outer loop
      vertex  -5.058638e+01  6.600000e+01 -1.404524e+01
      vertex  -5.058638e+01  2.000000e+01 -1.404524e+01
      vertex  -5.180839e+01  6.600000e+01 -8.493555e+00
    endloop
  endfacet
  facet normal -9.766207e-01 -0.000000e+00 -2.149701e-01
    outer loop
      vertex  -5.180839e+01  6.600000e+01 -8.493555e+00
      vertex  -5.058638e+01  2.000000e+01 -1.404524e+01
      vertex  -5.180839e+01  2.000000e+01 -8.493555e+00
    endloop
  endfacet
  facet normal -9.941379e-01 -0.000000e+00 -1.081192e-01
    outer loop
      vertex  -5.180839e+01  6.600000e+01 -8.493555e+00
      vertex  -5.180839e+01  2.000000e+01 -8.493555e+00
      vertex  -5.242300e+01  6.600000e+01 -2.842293e+00
    endloop
  endfacet
  facet normal -9.941379e-01 -0.000000e+00 -1.081192e-01
    outer loop
      vertex  -5.242300e+01  6.600000e+01 -2.842293e+00
      vertex  -5.180839e+01  2.000000e+01 -8.493555e+00
      vertex  -5.242300e+01  2.000000e+01 -2.842293e+00
    endloop
  endfacet
  facet normal -1.000000e+00  0.000000e+00  0.000000e+00
    outer loop
      vertex  -5.242300e+01  6.600000e+01 -2.842293e+00
      vertex  -5.242300e+01  2.000000e+01 -2.842293e+00
      vertex  -5.242300e+01  6.600000e+01  2.842293e+00
    endloop
  endfacet
  facet normal -1.000000e+00 -0.000000e+00  0.000000e+00
    outer loop
      vertex  -5.242300e+01  6.600000e+01  2.842293e+00
      vertex  -5.242300e+01  2.000000e+01 -2.842293e+00
      vertex  -5.242300e+01  2.000000e+01  2.842293e+00
    endloop
  endfacet
  facet normal -9.941379e-01  0.000000e+00  1.081192e-01
    outer loop
      vertex  -5.242300e+01  6.600000e+01  2.842293e+00
      vertex  -5.242300e+01  2.000000e+01  2.842293e+00
      vertex  -5.180839e+01  6.600000e+01  8.493555e+00
    endloop
  endfacet
  facet normal -9.941379e-01  0.000000e+00  1.081192e-01
    outer loop
      vertex  -5.180839e+01  6.600000e+01  8.493555e+00
      vertex  -5.242300e+01  2.000000e+01  2.842293e+00
      vertex  -5.180839e+01  2.000000e+01  8.493555e+00
    endloop
  endfacet
  facet normal -9.766207e-01  0.000000e+00  2.149701e-01
    outer loop
      vertex  -5.180839e+01  6.600000e+01  8.493555e+00
      vertex  -5.180839e+01  2.000000e+01  8.493555e+00
      vertex  -5.058638e+01  6.600000e+01  1.404524e+01
    endloop
  endfacet
  facet normal -9.766207e-01  0.000000e+00  2.149701e-01
    outer loop
      vertex  -5.058638e+01  6.600000e+01  1.404524e+01
      vertex  -5.180839e+01  2.000000e+01  8.493555e+00
      vertex  -5.058638e+01  2.000000e+01  1.404524e+01
    endloop
  endfacet
  facet normal -9.476531e-01  0.000000e+00  3.193017e-01
    outer loop
      vertex  -5.058638e+01  6.600000e+01  1.404524e+01
      vertex  -5.058638e+01  2.000000e+01  1.404524e+01
      vertex  -4.877128e+01  6.600000e+01  1.943225e+01
    endloop
  endfacet
  facet normal -9.476531e-01  0.000000e+00  3.193017e-01
    outer loop
      vertex  -4.877128e+01  6.600000e+01  1.943225e+01
      vertex  -5.058638e+01  2.000000e+01  1.404524e+01
      vertex  -4.877128e+01  2.000000e+01  1.943225e+01
    endloop
  endfacet
  facet normal -9.075755e-01  0.000000e+00  4.198889e-01
    outer loop
      vertex  -4.877128e+01  6.600000e+01  1.943225e+01
      vertex  -4.877128e+01  2.000000e+01  1.943225e+01
      vertex  -4.638438e+01  6.600000e+01  2.459144e+01
    endloop
  endfacet
  facet normal -9.075755e-01  0.000000e+00  4.198889e-01
    outer loop
      vertex  -4.638438e+01  6.600000e+01  2.459144e+01
      vertex  -4.877128e+01  2.000000e+01  1.943225e+01
      vertex  -4.638438e+01  2.000000e+01  2.459144e+01
    endloop
  endfacet
  facet normal -8.568572e-01  0.000000e+00  5.155540e-01
    outer loop
      vertex  -4.638438e+01  6.600000e+01  2.459144e+01
      vertex  -4.638438e+01  2.000000e+01  2.459144e+01
      vertex  -4.345367e+01  6.600000e+01  2.946232e+01
    endloop
  endfacet
  facet normal -8.568572e-01  0.000000e+00  5.155540e-01
    outer loop
      vertex  -4.345367e+01  6.600000e+01  2.946232e+01
      vertex  -4.638438e+01  2.000000e+01  2.459144e+01
      vertex  -4.345367e+01  2.000000e+01  2.946232e+01
    endloop
  endfacet
  facet normal -7.960928e-01  0.000000e+00  6.051746e-01
    outer loop
      vertex  -4.345367e+01  6.600000e+01  2.946232e+01
      vertex  -4.345367e+01  2.000000e+01  2.946232e+01
      vertex  -4.001351e+01  6.600000e+01  3.398778e+01
    endloop
  endfacet
  facet normal -7.960928e-01  0.000000e+00  6.051746e-01
    outer loop
      vertex  -4.001351e+01  6.600000e+01  3.398778e+01
      vertex  -4.345367e+01  2.000000e+01  2.946232e+01
      vertex  -4.001351e+01  2.000000e+01  3.398778e+01
    endloop
  endfacet
  facet normal -7.259955e-01  0.000000e+00  6.876995e-01
    outer loop
      vertex  -4.001351e+01  6.600000e+01  3.398778e+01
      vertex  -4.001351e+01  2.000000e+01  3.398778e+01
      vertex  -3.610422e+01  6.600000e+01  3.811476e+01
    endloop
  endfacet
  facet normal -7.259955e-01  0.000000e+00  6.876995e-01
    outer loop
      vertex  -3.610422e+01  6.600000e+01  3.811476e+01
      vertex  -4.001351e+01  2.000000e+01  3.398778e+01
      vertex  -3.610422e+01  2.000000e+01  3.811476e+01
    endloop
  endfacet
  facet normal -6.473865e-01  0.000000e+00  7.621618e-01
    outer loop
      vertex  -3.610422e+01  6.600000e+01  3.811476e+01
      vertex  -3.610422e+01  2.000000e+01  3.811476e+01
      vertex  -3.177164e+01  6.600000e+01  4.179489e+01
    endloop
  endfacet
  facet normal -6.473865e-01  0.000000e+00  7.621618e-01
    outer loop
      vertex  -3.177164e+01  6.600000e+01  4.179489e+01
      vertex  -3.610422e+01  2.000000e+01  3.811476e+01
      vertex  -3.177164e+01  2.000000e+01  4.179489e+01
    endloop
  endfacet
  facet normal -5.611873e-01  0.000000e+00  8.276889e-01
    outer loop
      vertex  -3.177164e+01  6.600000e+01  4.179489e+01
      vertex  -3.177164e+01  2.000000e+01  4.179489e+01
      vertex  -2.706658e+01  6.600000e+01  4.498500e+01
    endloop
  endfacet
  facet normal -5.611873e-01  0.000000e+00  8.276889e-01
    outer loop
      vertex  -2.706658e+01  6.600000e+01  4.498500e+01
      vertex  -3.177164e+01  2.000000e+01  4.179489e+01
      vertex  -2.706658e+01  2.000000e+01  4.498500e+01
    endloop
  endfacet
  facet normal -4.684081e-01  0.000000e+00  8.835122e-01
    outer loop
      vertex  -2.706658e+01  6.600000e+01  4.498500e+01
      vertex  -2.706658e+01  2.000000e+01  4.498500e+01
      vertex  -2.204418e+01  6.600000e+01  4.764771e+01
    endloop
  endfacet
  facet normal -4.684081e-01  0.000000e+00  8.835122e-01
    outer loop
      vertex  -2.204418e+01  6.600000e+01  4.764771e+01
      vertex  -2.706658e+01  2.000000e+01  4.498500e+01
      vertex  -2.204418e+01  2.000000e+01  4.764771e+01
    endloop
  endfacet
  facet normal -3.701385e-01  0.000000e+00  9.289766e-01
    outer loop
      vertex  -2.204418e+01  6.600000e+01  4.764771e+01
      vertex  -2.204418e+01  2.000000e+01  4.764771e+01
      vertex  -1.676333e+01  6.600000e+01  4.975179e+01
    endloop
  endfacet
  facet normal -3.701385e-01  0.000000e+00  9.289766e-01
    outer loop
      vertex  -1.676333e+01  6.600000e+01  4.975179e+01
      vertex  -2.204418e+01  2.000000e+01  4.764771e+01
      vertex  -1.676333e+01  2.000000e+01  4.975179e+01
    endloop
  endfacet
  facet normal -2.675281e-01  0.000000e+00  9.635502e-01
    outer loop
      vertex  -1.676333e+01  6.600000e+01  4.975179e+01
      vertex  -1.676333e+01  2.000000e+01  4.975179e+01
      vertex  -1.128595e+01  6.600000e+01  5.127258e+01
    endloop
  endfacet
  facet normal -2.675281e-01  0.000000e+00  9.635502e-01
    outer loop
      vertex  -1.128595e+01  6.600000e+01  5.127258e+01
      vertex  -1.676333e+01  2.000000e+01  4.975179e+01
      vertex  -1.128595e+01  2.000000e+01  5.127258e+01
    endloop
  endfacet
  facet normal -1.617825e-01  0.000000e+00  9.868265e-01
    outer loop
      vertex  -1.128595e+01  6.600000e+01  5.127258e+01
      vertex  -1.128595e+01  2.000000e+01  5.127258e+01
      vertex  -5.676249e+00  6.600000e+01  5.219225e+01
    endloop
  endfacet
  facet normal -1.617825e-01  0.000000e+00  9.868265e-01
    outer loop
      vertex  -5.676249e+00  6.600000e+01  5.219225e+01
      vertex  -1.128595e+01  2.000000e+01  5.127258e+01
      vertex  -5.676249e+00  2.000000e+01  5.219225e+01
    endloop
  endfacet
  facet normal  0.000000e+00  1.000000e+00 -0.000000e+00
    outer loop
      vertex   5.019350e+01  6.800000e+01 -5.555415e+00
      vertex   3.698099e+01  6.800000e+01 -1.185908e+00
      vertex   5.050000e+01  6.800000e+01  0.000000e+00
    endloop
  endfacet
  facet normal  0.000000e+00  1.000000e+00  0.000000e+00
    outer loop
      vertex   5.050000e+01  6.800000e+01  0.000000e+00
      vertex   3.698099e+01  6.800000e+01 -1.185908e+00
      vertex   3.682903e+01  6.800000e+01  3.552852e+00
    endloop
  endfacet
  facet normal  0.000000e+00  1.000000e+00  0.000000e+00
    outer loop
      vertex   5.050000e+01  6.800000e+01  0.000000e+00
      vertex   3.682903e+01  6.800000e+01  3.552852e+00
      vertex   5.019350e+01  6.800000e+01  5.555415e+00
    endloop
  endfacet
  facet normal  0.000000e+00  1.000000e+00  0.000000e+00
    outer loop
      vertex   5.019350e+01  6.800000e+01  5.555415e+00
      vertex   3.682903e+01  6.800000e+01  3.552852e+00
      vertex   3.607233e+01  6.800000e+01  8.233274e+00
    endloop
  endfacet
  facet normal  0.000000e+00  1.000000e+00  0.000000e+00
    outer loop
      vertex   5.019350e+01  6.800000e+01  5.555415e+00
      vertex   3.607233e+01  6.800000e+01  8.233274e+00
      vertex   4.927772e+01  6.800000e+01  1.104340e+01
    endloop
  endfacet
  facet normal  0.000000e+00  1.000000e+00  0.000000e+00
    outer loop
      vertex   4.927772e+01  6.800000e+01  1.104340e+01
      vertex   3.607233e+01  6.800000e+01  8.233274e+00
      vertex   4.776377e+01  6.800000e+01  1.639732e+01
    endloop
  endfacet
  facet normal  0.000000e+00  1.000000e+00  0.000000e+00
    outer loop
      vertex   4.776377e+01  6.800000e+01  1.639732e+01
      vertex   3.607233e+01  6.800000e+01  8.233274e+00
      vertex   3.472333e+01  6.800000e+01  1.277851e+01
    endloop
  endfacet
  facet normal  0.000000e+00  1.000000e+00  0.000000e+00
    outer loop
      vertex   4.776377e+01  6.800000e+01  1.639732e+01
      vertex   3.472333e+01  6.800000e+01  1.277851e+01
      vertex   4.567004e+01  6.800000e+01  2.155221e+01
    endloop
  endfacet
  facet normal  0.000000e+00  1.000000e+00  0.000000e+00
    outer loop
      vertex   4.567004e+01  6.800000e+01  2.155221e+01
      vertex   3.472333e+01  6.800000e+01  1.277851e+01
      vertex   3.280418e+01  6.800000e+01  1.711392e+01
    endloop
  endfacet
  facet normal  0.000000e+00  1.000000e+00  0.000000e+00
    outer loop
      vertex   4.567004e+01  6.800000e+01  2.155221e+01
      vertex   3.280418e+01  6.800000e+01  1.711392e+01
      vertex   4.302193e+01  6.800000e+01  2.644548e+01
    endloop
  endfacet
  facet normal  0.000000e+00  1.000000e+00  0.000000e+00
    outer loop
      vertex   4.302193e+01  6.800000e+01  2.644548e+01
      vertex   3.280418e+01  6.800000e+01  1.711392e+01
      vertex   3.034637e+01  6.800000e+01  2.116832e+01
    endloop
  endfacet
  facet normal  0.000000e+00  1.000000e+00  0.000000e+00
    outer loop
      vertex   4.302193e+01  6.800000e+01  2.644548e+01
      vertex   3.034637e+01  6.800000e+01  2.116832e+01
      vertex   3.985160e+01  6.800000e+01  3.101774e+01
    endloop
  endfacet
  facet normal  0.000000e+00  1.000000e+00  0.000000e+00
    outer loop
      vertex   3.985160e+01  6.800000e+01  3.101774e+01
      vertex   3.034637e+01  6.800000e+01  2.116832e+01
      vertex   2.739029e+01  6.800000e+01  2.487513e+01
    endloop
  endfacet
  facet normal  0.000000e+00  1.000000e+00  0.000000e+00
    outer loop
      vertex   3.985160e+01  6.800000e+01  3.101774e+01
      vertex   2.739029e+01  6.800000e+01  2.487513e+01
      vertex   3.619752e+01  6.800000e+01  3.521349e+01
    endloop
  endfacet
  facet normal  0.000000e+00  1.000000e+00  0.000000e+00
    outer loop
      vertex   3.619752e+01  6.800000e+01  3.521349e+01
      vertex   2.739029e+01  6.800000e+01  2.487513e+01
      vertex   2.398445e+01  6.800000e+01  2.817350e+01
    endloop
  endfacet
  facet normal  0.000000e+00  1.000000e+00  0.000000e+00
    outer loop
      vertex   3.619752e+01  6.800000e+01  3.521349e+01
      vertex   2.398445e+01  6.800000e+01  2.817350e+01
      vertex   3.210405e+01  6.800000e+01  3.898179e+01
    endloop
  endfacet
  facet normal  0.000000e+00  1.000000e+00  0.000000e+00
    outer loop
      vertex   3.210405e+01  6.800000e+01  3.898179e+01
      vertex   2.398445e+01  6.800000e+01  2.817350e+01
      vertex   2.018479e+01  6.800000e+01  3.100926e+01
    endloop
  endfacet
  facet normal  0.000000e+00  1.000000e+00  0.000000e+00
    outer loop
      vertex   3.210405e+01  6.800000e+01  3.898179e+01
      vertex   2.018479e+01  6.800000e+01  3.100926e+01
      vertex   2.762088e+01  6.800000e+01  4.227691e+01
    endloop
  endfacet
  facet normal  0.000000e+00  1.000000e+00  0.000000e+00
    outer loop
      vertex   2.762088e+01  6.800000e+01  4.227691e+01
      vertex   2.018479e+01  6.800000e+01  3.100926e+01
      vertex   2.280243e+01  6.800000e+01  4.505884e+01
    endloop
  endfacet
  facet normal  0.000000e+00  1.000000e+00  0.000000e+00
    outer loop
      vertex   2.280243e+01  6.800000e+01  4.505884e+01
      vertex   2.018479e+01  6.800000e+01  3.100926e+01
      vertex   1.605370e+01  6.800000e+01  3.333585e+01
    endloop
  endfacet
  facet normal  0.000000e+00  1.000000e+00  0.000000e+00
    outer loop
      vertex   2.280243e+01  6.800000e+01  4.505884e+01
      vertex   1.605370e+01  6.800000e+01  3.333585e+01
      vertex   1.770720e+01  6.800000e+01  4.729382e+01
    endloop
  endfacet
  facet normal  0.000000e+00  1.000000e+00  0.000000e+00
    outer loop
      vertex   1.770720e+01  6.800000e+01  4.729382e+01
      vertex   1.605370e+01  6.800000e+01  3.333585e+01
      vertex   1.165900e+01  6.800000e+01  3.511506e+01
    endloop
  endfacet
  facet normal  0.000000e+00  1.000000e+00  0.000000e+00
    outer loop
      vertex   1.770720e+01  6.800000e+01  4.729382e+01
      vertex   1.165900e+01  6.800000e+01  3.511506e+01
      vertex   1.239702e+01  6.800000e+01  4.895472e+01
    endloop
  endfacet
  facet normal  0.000000e+00  1.000000e+00  0.000000e+00
    outer loop
      vertex   1.239702e+01  6.800000e+01  4.895472e+01
      vertex   1.165900e+01  6.800000e+01  3.511506e+01
      vertex   7.072869e+00  6.800000e+01  3.631769e+01
    endloop
  endfacet
  facet normal  0.000000e+00  1.000000e+00  0.000000e+00
    outer loop
      vertex   1.239702e+01  6.800000e+01  4.895472e+01
      vertex   7.072869e+00  6.800000e+01  3.631769e+01
      vertex   6.936355e+00  6.800000e+01  5.002137e+01
    endloop
  endfacet
  facet normal  0.000000e+00  1.000000e+00  0.000000e+00
    outer loop
      vertex   6.936355e+00  6.800000e+01  5.002137e+01
      vertex   7.072869e+00  6.800000e+01  3.631769e+01
      vertex   2.370598e+00  6.800000e+01  3.692398e+01
    endloop
  endfacet
  facet normal  0.000000e+00  1.000000e+00  0.000000e+00
    outer loop
      vertex   6.936355e+00  6.800000e+01  5.002137e+01
      vertex   2.370598e+00  6.800000e+01  3.692398e+01
      vertex   1.391494e+00  6.800000e+01  5.048082e+01
    endloop
  endfacet
  facet normal  0.000000e+00  1.000000e+00  0.000000e+00
    outer loop
      vertex   1.391494e+00  6.800000e+01  5.048082e+01
      vertex   2.370598e+00  6.800000e+01  3.692398e+01
      vertex  -2.370598e+00  6.800000e+01  3.692398e+01
    endloop
  endfacet
  facet normal  0.000000e+00  1.000000e+00  0.000000e+00
    outer loop
      vertex   1.391494e+00  6.800000e+01  5.048082e+01
      vertex  -2.370598e+00  6.800000e+01  3.692398e+01
      vertex  -4.170257e+00  6.800000e+01  5.032751e+01
    endloop
  endfacet
  facet normal  0.000000e+00  1.000000e+00  0.000000e+00
    outer loop
      vertex  -4.170257e+00  6.800000e+01  5.032751e+01
      vertex  -2.370598e+00  6.800000e+01  3.692398e+01
      vertex  -7.072869e+00  6.800000e+01  3.631769e+01
    endloop
  endfacet
  facet normal  0.000000e+00  1.000000e+00  0.000000e+00
    outer loop
      vertex  -4.170257e+00  6.800000e+01  5.032751e+01
      vertex  -7.072869e+00  6.800000e+01  3.631769e+01
      vertex  -9.681387e+00  6.800000e+01  4.956330e+01
    endloop
  endfacet
  facet normal  0.000000e+00  1.000000e+00  0.000000e+00
    outer loop
      vertex  -9.681387e+00  6.800000e+01  4.956330e+01
      vertex  -7.072869e+00  6.800000e+01  3.631769e+01
      vertex  -1.507500e+01  6.800000e+01  4.819745e+01
    endloop
  endfacet
  facet normal  0.000000e+00  1.000000e+00  0.000000e+00
    outer loop
      vertex  -1.507500e+01  6.800000e+01  4.819745e+01
      vertex  -7.072869e+00  6.800000e+01  3.631769e+01
      vertex  -1.165900e+01  6.800000e+01  3.511506e+01
    endloop
  endfacet
  facet normal  0.000000e+00  1.000000e+00  0.000000e+00
    outer loop
      vertex  -1.507500e+01  6.800000e+01  4.819745e+01
      vertex  -1.165900e+01  6.800000e+01  3.511506e+01
      vertex  -2.028562e+01  6.800000e+01  4.624655e+01
    endloop
  endfacet
  facet normal  0.000000e+00  1.000000e+00  0.000000e+00
    outer loop
      vertex  -2.028562e+01  6.800000e+01  4.624655e+01
      vertex  -1.165900e+01  6.800000e+01  3.511506e+01
      vertex  -1.605370e+01  6.800000e+01  3.333585e+01
    endloop
  endfacet
  facet normal  0.000000e+00  1.000000e+00  0.000000e+00
    outer loop
      vertex  -2.028562e+01  6.800000e+01  4.624655e+01
      vertex  -1.605370e+01  6.800000e+01  3.333585e+01
      vertex  -2.525000e+01  6.800000e+01  4.373428e+01
    endloop
  endfacet
  facet normal  0.000000e+00  1.000000e+00  0.000000e+00
    outer loop
      vertex  -2.525000e+01  6.800000e+01  4.373428e+01
      vertex  -1.605370e+01  6.800000e+01  3.333585e+01
      vertex  -2.018479e+01  6.800000e+01  3.100926e+01
    endloop
  endfacet
  facet normal  0.000000e+00  1.000000e+00  0.000000e+00
    outer loop
      vertex  -2.525000e+01  6.800000e+01  4.373428e+01
      vertex  -2.018479e+01  6.800000e+01  3.100926e+01
      vertex  -2.990788e+01  6.800000e+01  4.069114e+01
    endloop
  endfacet
  facet normal  0.000000e+00  1.000000e+00  0.000000e+00
    outer loop
      vertex  -2.990788e+01  6.800000e+01  4.069114e+01
      vertex  -2.018479e+01  6.800000e+01  3.100926e+01
      vertex  -2.398445e+01  6.800000e+01  2.817350e+01
    endloop
  endfacet
  facet normal  0.000000e+00  1.000000e+00  0.000000e+00
    outer loop
      vertex  -2.990788e+01  6.800000e+01  4.069114e+01
      vertex  -2.398445e+01  6.800000e+01  2.817350e+01
      vertex  -3.420272e+01  6.800000e+01  3.715406e+01
    endloop
  endfacet
  facet normal  0.000000e+00  1.000000e+00  0.000000e+00
    outer loop
      vertex  -3.420272e+01  6.800000e+01  3.715406e+01
      vertex  -2.398445e+01  6.800000e+01  2.817350e+01
      vertex  -2.739029e+01  6.800000e+01  2.487513e+01
    endloop
  endfacet
  facet normal  0.000000e+00  1.000000e+00  0.000000e+00
    outer loop
      vertex  -3.420272e+01  6.800000e+01  3.715406e+01
      vertex  -2.739029e+01  6.800000e+01  2.487513e+01
      vertex  -3.808238e+01  6.800000e+01  3.316598e+01
    endloop
  endfacet
  facet normal  0.000000e+00  1.000000e+00  0.000000e+00
    outer loop
      vertex  -3.808238e+01  6.800000e+01  3.316598e+01
      vertex  -2.739029e+01  6.800000e+01  2.487513e+01
      vertex  -3.034637e+01  6.800000e+01  2.116832e+01
    endloop
  endfacet
  facet normal  0.000000e+00  1.000000e+00  0.000000e+00
    outer loop
      vertex  -3.808238e+01  6.800000e+01  3.316598e+01
      vertex  -3.034637e+01  6.800000e+01  2.116832e+01
      vertex  -4.149978e+01  6.800000e+01  2.877531e+01
    endloop
  endfacet
  facet normal  0.000000e+00  1.000000e+00  0.000000e+00
    outer loop
      vertex  -4.149978e+01  6.800000e+01  2.877531e+01
      vertex  -3.034637e+01  6.800000e+01  2.116832e+01
      vertex  -4.441342e+01  6.800000e+01  2.403534e+01
    endloop
  endfacet
  facet normal  0.000000e+00  1.000000e+00  0.000000e+00
    outer loop
      vertex  -4.441342e+01  6.800000e+01  2.403534e+01
      vertex  -3.034637e+01  6.800000e+01  2.116832e+01
      vertex  -3.280418e+01  6.800000e+01  1.711392e+01
    endloop
  endfacet
  facet normal  0.000000e+00  1.000000e+00  0.000000e+00
    outer loop
      vertex  -4.441342e+01  6.800000e+01  2.403534e+01
      vertex  -3.280418e+01  6.800000e+01  1.711392e+01
      vertex  -4.678795e+01  6.800000e+01  1.900362e+01
    endloop
  endfacet
  facet normal  0.000000e+00  1.000000e+00  0.000000e+00
    outer loop
      vertex  -4.678795e+01  6.800000e+01  1.900362e+01
      vertex  -3.280418e+01  6.800000e+01  1.711392e+01
      vertex  -3.472333e+01  6.800000e+01  1.277851e+01
    endloop
  endfacet
  facet normal  0.000000e+00  1.000000e+00  0.000000e+00
    outer loop
      vertex  -4.678795e+01  6.800000e+01  1.900362e+01
      vertex  -3.472333e+01  6.800000e+01  1.277851e+01
      vertex  -4.859453e+01  6.800000e+01  1.374123e+01
    endloop
  endfacet
  facet normal  0.000000e+00  1.000000e+00  0.000000e+00
    outer loop
      vertex  -4.859453e+01  6.800000e+01  1.374123e+01
      vertex  -3.472333e+01  6.800000e+01  1.277851e+01
      vertex  -3.607233e+01  6.800000e+01  8.233274e+00
    endloop
  endfacet
  facet normal  0.000000e+00  1.000000e+00  0.000000e+00
    outer loop
      vertex  -4.859453e+01  6.800000e+01  1.374123e+01
      vertex  -3.607233e+01  6.800000e+01  8.233274e+00
      vertex  -4.981124e+01  6.800000e+01  8.312027e+00
    endloop
  endfacet
  facet normal  0.000000e+00  1.000000e+00  0.000000e+00
    outer loop
      vertex  -4.981124e+01  6.800000e+01  8.312027e+00
      vertex  -3.607233e+01  6.800000e+01  8.233274e+00
      vertex  -3.682903e+01  6.800000e+01  3.552852e+00
    endloop
  endfacet
  facet normal  0.000000e+00  1.000000e+00  0.000000e+00
    outer loop
      vertex  -4.981124e+01  6.800000e+01  8.312027e+00
      vertex  -3.682903e+01  6.800000e+01  3.552852e+00
      vertex  -5.042332e+01  6.800000e+01  2.781932e+00
    endloop
  endfacet
  facet normal -0.000000e+00  1.000000e+00  0.000000e+00
    outer loop
      vertex  -5.042332e+01  6.800000e+01  2.781932e+00
      vertex  -3.682903e+01  6.800000e+01  3.552852e+00
      vertex  -3.698099e+01  6.800000e+01 -1.185908e+00
    endloop
  endfacet
  facet normal  0.000000e+00  1.000000e+00  0.000000e+00
    outer loop
      vertex  -5.042332e+01  6.800000e+01  2.781932e+00
      vertex  -3.698099e+01  6.800000e+01 -1.185908e+00
      vertex  -5.042332e+01  6.800000e+01 -2.781932e+00
    endloop
  endfacet
  facet normal -0.000000e+00  1.000000e+00  0.000000e+00
    outer loop
      vertex  -5.042332e+01  6.800000e+01 -2.781932e+00
      vertex  -3.698099e+01  6.800000e+01 -1.185908e+00
      vertex  -3.652573e+01  6.800000e+01 -5.905196e+00
    endloop
  endfacet
  facet normal  0.000000e+00  1.000000e+00  0.000000e+00
    outer loop
      vertex  -5.042332e+01  6.800000e+01 -2.781932e+00
      vertex  -3.652573e+01  6.800000e+01 -5.905196e+00
      vertex  -4.981124e+01  6.800000e+01 -8.312027e+00
    endloop
  endfacet
  facet normal -0.000000e+00  1.000000e+00  0.000000e+00
    outer loop
      vertex  -4.981124e+01  6.800000e+01 -8.312027e+00
      vertex  -3.652573e+01  6.800000e+01 -5.905196e+00
      vertex  -4.859453e+01  6.800000e+01 -1.374123e+01
    endloop
  endfacet
  facet normal  0.000000e+00  1.000000e+00  0.000000e+00
    outer loop
      vertex  -4.859453e+01  6.800000e+01 -1.374123e+01
      vertex  -3.652573e+01  6.800000e+01 -5.905196e+00
      vertex  -3.547071e+01  6.800000e+01 -1.052752e+01
    endloop
  endfacet
  facet normal -0.000000e+00  1.000000e+00  0.000000e+00
    outer loop
      vertex  -4.859453e+01  6.800000e+01 -1.374123e+01
      vertex  -3.547071e+01  6.800000e+01 -1.052752e+01
      vertex  -4.678795e+01  6.800000e+01 -1.900362e+01
    endloop
  endfacet
  facet normal  0.000000e+00  1.000000e+00  0.000000e+00
    outer loop
      vertex  -4.678795e+01  6.800000e+01 -1.900362e+01
      vertex  -3.547071e+01  6.800000e+01 -1.052752e+01
      vertex  -3.383327e+01  6.800000e+01 -1.497698e+01
    endloop
  endfacet
  facet normal -0.000000e+00  1.000000e+00  0.000000e+00
    outer loop
      vertex  -4.678795e+01  6.800000e+01 -1.900362e+01
      vertex  -3.383327e+01  6.800000e+01 -1.497698e+01
      vertex  -4.441342e+01  6.800000e+01 -2.403534e+01
    endloop
  endfacet
  facet normal  0.000000e+00  1.000000e+00  0.000000e+00
    outer loop
      vertex  -4.441342e+01  6.800000e+01 -2.403534e+01
      vertex  -3.383327e+01  6.800000e+01 -1.497698e+01
      vertex  -3.164028e+01  6.800000e+01 -1.918052e+01
    endloop
  endfacet
  facet normal -0.000000e+00  1.000000e+00  0.000000e+00
    outer loop
      vertex  -4.441342e+01  6.800000e+01 -2.403534e+01
      vertex  -3.164028e+01  6.800000e+01 -1.918052e+01
      vertex  -4.149978e+01  6.800000e+01 -2.877531e+01
    endloop
  endfacet
  facet normal  0.000000e+00  1.000000e+00  0.000000e+00
    outer loop
      vertex  -4.149978e+01  6.800000e+01 -2.877531e+01
      vertex  -3.164028e+01  6.800000e+01 -1.918052e+01
      vertex  -2.892776e+01  6.800000e+01 -2.306912e+01
    endloop
  endfacet
  facet normal -0.000000e+00  1.000000e+00  0.000000e+00
    outer loop
      vertex  -4.149978e+01  6.800000e+01 -2.877531e+01
      vertex  -2.892776e+01  6.800000e+01 -2.306912e+01
      vertex  -3.808238e+01  6.800000e+01 -3.316598e+01
    endloop
  endfacet
  facet normal  0.000000e+00  1.000000e+00  0.000000e+00
    outer loop
      vertex  -3.808238e+01  6.800000e+01 -3.316598e+01
      vertex  -2.892776e+01  6.800000e+01 -2.306912e+01
      vertex  -2.574025e+01  6.800000e+01 -2.657893e+01
    endloop
  endfacet
  facet normal -0.000000e+00  1.000000e+00  0.000000e+00
    outer loop
      vertex  -3.808238e+01  6.800000e+01 -3.316598e+01
      vertex  -2.574025e+01  6.800000e+01 -2.657893e+01
      vertex  -3.420272e+01  6.800000e+01 -3.715406e+01
    endloop
  endfacet
  facet normal  0.000000e+00  1.000000e+00  0.000000e+00
    outer loop
      vertex  -3.420272e+01  6.800000e+01 -3.715406e+01
      vertex  -2.574025e+01  6.800000e+01 -2.657893e+01
      vertex  -2.213009e+01  6.800000e+01 -2.965231e+01
    endloop
  endfacet
  facet normal -0.000000e+00  1.000000e+00  0.000000e+00
    outer loop
      vertex  -3.420272e+01  6.800000e+01 -3.715406e+01
      vertex  -2.213009e+01  6.800000e+01 -2.965231e+01
      vertex  -2.990788e+01  6.800000e+01 -4.069114e+01
    endloop
  endfacet
  facet normal -0.000000e+00  1.000000e+00  0.000000e+00
    outer loop
      vertex  -2.990788e+01  6.800000e+01 -4.069114e+01
      vertex  -2.213009e+01  6.800000e+01 -2.965231e+01
      vertex  -2.525000e+01  6.800000e+01 -4.373428e+01
    endloop
  endfacet
  facet normal  0.000000e+00  1.000000e+00  0.000000e+00
    outer loop
      vertex  -2.525000e+01  6.800000e+01 -4.373428e+01
      vertex  -2.213009e+01  6.800000e+01 -2.965231e+01
      vertex  -1.815655e+01  6.800000e+01 -3.223879e+01
    endloop
  endfacet
  facet normal -0.000000e+00  1.000000e+00  0.000000e+00
    outer loop
      vertex  -2.525000e+01  6.800000e+01 -4.373428e+01
      vertex  -1.815655e+01  6.800000e+01 -3.223879e+01
      vertex  -2.028562e+01  6.800000e+01 -4.624655e+01
    endloop
  endfacet
  facet normal  0.000000e+00  1.000000e+00  0.000000e+00
    outer loop
      vertex  -2.028562e+01  6.800000e+01 -4.624655e+01
      vertex  -1.815655e+01  6.800000e+01 -3.223879e+01
      vertex  -1.388488e+01  6.800000e+01 -3.429592e+01
    endloop
  endfacet
  facet normal -0.000000e+00  1.000000e+00  0.000000e+00
    outer loop
      vertex  -2.028562e+01  6.800000e+01 -4.624655e+01
      vertex  -1.388488e+01  6.800000e+01 -3.429592e+01
      vertex  -1.507500e+01  6.800000e+01 -4.819745e+01
    endloop
  endfacet
  facet normal  0.000000e+00  1.000000e+00  0.000000e+00
    outer loop
      vertex  -1.507500e+01  6.800000e+01 -4.819745e+01
      vertex  -1.388488e+01  6.800000e+01 -3.429592e+01
      vertex  -9.385220e+00  6.800000e+01 -3.578991e+01
    endloop
  endfacet
  facet normal -0.000000e+00  1.000000e+00  0.000000e+00
    outer loop
      vertex  -1.507500e+01  6.800000e+01 -4.819745e+01
      vertex  -9.385220e+00  6.800000e+01 -3.578991e+01
      vertex  -9.681387e+00  6.800000e+01 -4.956330e+01
    endloop
  endfacet
  facet normal  0.000000e+00  1.000000e+00  0.000000e+00
    outer loop
      vertex  -9.681387e+00  6.800000e+01 -4.956330e+01
      vertex  -9.385220e+00  6.800000e+01 -3.578991e+01
      vertex  -4.731455e+00  6.800000e+01 -3.669623e+01
    endloop
  endfacet
  facet normal -0.000000e+00  1.000000e+00  0.000000e+00
    outer loop
      vertex  -9.681387e+00  6.800000e+01 -4.956330e+01
      vertex  -4.731455e+00  6.800000e+01 -3.669623e+01
      vertex  -4.170257e+00  6.800000e+01 -5.032751e+01
    endloop
  endfacet
  facet normal  0.000000e+00  1.000000e+00 -0.000000e+00
    outer loop
      vertex  -4.170257e+00  6.800000e+01 -5.032751e+01
      vertex  -4.731455e+00  6.800000e+01 -3.669623e+01
      vertex   0.000000e+00  6.800000e+01 -3.700000e+01
    endloop
  endfacet
  facet normal -0.000000e+00  1.000000e+00  0.000000e+00
    outer loop
      vertex  -4.170257e+00  6.800000e+01 -5.032751e+01
      vertex   0.000000e+00  6.800000e+01 -3.700000e+01
      vertex   1.391494e+00  6.800000e+01 -5.048082e+01
    endloop
  endfacet
  facet normal  0.000000e+00  1.000000e+00 -0.000000e+00
    outer loop
      vertex   1.391494e+00  6.800000e+01 -5.048082e+01
      vertex   0.000000e+00  6.800000e+01 -3.700000e+01
      vertex   4.731455e+00  6.800000e+01 -3.669623e+01
    endloop
  endfacet
  facet normal  0.000000e+00  1.000000e+00  0.000000e+00
    outer loop
      vertex   1.391494e+00  6.800000e+01 -5.048082e+01
      vertex   4.731455e+00  6.800000e+01 -3.669623e+01
      vertex   6.936355e+00  6.800000e+01 -5.002137e+01
    endloop
  endfacet
  facet normal  0.000000e+00  1.000000e+00 -0.000000e+00
    outer loop
      vertex   6.936355e+00  6.800000e+01 -5.002137e+01
      vertex   4.731455e+00  6.800000e+01 -3.669623e+01
      vertex   9.385220e+00  6.800000e+01 -3.578991e+01
    endloop
  endfacet
  facet normal  0.000000e+00  1.000000e+00  0.000000e+00
    outer loop
      vertex   6.936355e+00  6.800000e+01 -5.002137e+01
      vertex   9.385220e+00  6.800000e+01 -3.578991e+01
      vertex   1.239702e+01  6.800000e+01 -4.895472e+01
    endloop
  endfacet
  facet normal  0.000000e+00  1.000000e+00 -0.000000e+00
    outer loop
      vertex   1.239702e+01  6.800000e+01 -4.895472e+01
      vertex   9.385220e+00  6.800000e+01 -3.578991e+01
      vertex   1.770720e+01  6.800000e+01 -4.729382e+01
    endloop
  endfacet
  facet normal  0.000000e+00  1.000000e+00  0.000000e+00
    outer loop
      vertex   1.770720e+01  6.800000e+01 -4.729382e+01
      vertex   9.385220e+00  6.800000e+01 -3.578991e+01
      vertex   1.388488e+01  6.800000e+01 -3.429592e+01
    endloop
  endfacet
  facet normal  0.000000e+00  1.000000e+00 -0.000000e+00
    outer loop
      vertex   1.770720e+01  6.800000e+01 -4.729382e+01
      vertex   1.388488e+01  6.800000e+01 -3.429592e+01
      vertex   2.280243e+01  6.800000e+01 -4.505884e+01
    endloop
  endfacet
  facet normal  0.000000e+00  1.000000e+00  0.000000e+00
    outer loop
      vertex   2.280243e+01  6.800000e+01 -4.505884e+01
      vertex   1.388488e+01  6.800000e+01 -3.429592e+01
      vertex   1.815655e+01  6.800000e+01 -3.223879e+01
    endloop
  endfacet
  facet normal  0.000000e+00  1.000000e+00 -0.000000e+00
    outer loop
      vertex   2.280243e+01  6.800000e+01 -4.505884e+01
      vertex   1.815655e+01  6.800000e+01 -3.223879e+01
      vertex   2.762088e+01  6.800000e+01 -4.227691e+01
    endloop
  endfacet
  facet normal  0.000000e+00  1.000000e+00  0.000000e+00
    outer loop
      vertex   2.762088e+01  6.800000e+01 -4.227691e+01
      vertex   1.815655e+01  6.800000e+01 -3.223879e+01
      vertex   2.213009e+01  6.800000e+01 -2.965231e+01
    endloop
  endfacet
  facet normal  0.000000e+00  1.000000e+00 -0.000000e+00
    outer loop
      vertex   2.762088e+01  6.800000e+01 -4.227691e+01
      vertex   2.213009e+01  6.800000e+01 -2.965231e+01
      vertex   3.210405e+01  6.800000e+01 -3.898179e+01
    endloop
  endfacet
  facet normal  0.000000e+00  1.000000e+00  0.000000e+00
    outer loop
      vertex   3.210405e+01  6.800000e+01 -3.898179e+01
      vertex   2.213009e+01  6.800000e+01 -2.965231e+01
      vertex   2.574025e+01  6.800000e+01 -2.657893e+01
    endloop
  endfacet
  facet normal  0.000000e+00  1.000000e+00 -0.000000e+00
    outer loop
      vertex   3.210405e+01  6.800000e+01 -3.898179e+01
      vertex   2.574025e+01  6.800000e+01 -2.657893e+01
      vertex   3.619752e+01  6.800000e+01 -3.521349e+01
    endloop
  endfacet
  facet normal  0.000000e+00  1.000000e+00  0.000000e+00
    outer loop
      vertex   3.619752e+01  6.800000e+01 -3.521349e+01
      vertex   2.574025e+01  6.800000e+01 -2.657893e+01
      vertex   2.892776e+01  6.800000e+01 -2.306912e+01
    endloop
  endfacet
  facet normal  0.000000e+00  1.000000e+00 -0.000000e+00
    outer loop
      vertex   3.619752e+01  6.800000e+01 -3.521349e+01
      vertex   2.892776e+01  6.800000e+01 -2.306912e+01
      vertex   3.985160e+01  6.800000e+01 -3.101774e+01
    endloop
  endfacet
  facet normal  0.000000e+00  1.000000e+00  0.000000e+00
    outer loop
      vertex   3.985160e+01  6.800000e+01 -3.101774e+01
      vertex   2.892776e+01  6.800000e+01 -2.306912e+01
      vertex   3.164028e+01  6.800000e+01 -1.918052e+01
    endloop
  endfacet
  facet normal  0.000000e+00  1.000000e+00 -0.000000e+00
    outer loop
      vertex   3.985160e+01  6.800000e+01 -3.101774e+01
      vertex   3.164028e+01  6.800000e+01 -1.918052e+01
      vertex   4.302193e+01  6.800000e+01 -2.644548e+01
    endloop
  endfacet
  facet normal  0.000000e+00  1.000000e+00 -0.000000e+00
    outer loop
      vertex   4.302193e+01  6.800000e+01 -2.644548e+01
      vertex   3.164028e+01  6.800000e+01 -1.918052e+01
      vertex   4.567004e+01  6.800000e+01 -2.155221e+01
    endloop
  endfacet
  facet normal  0.000000e+00  1.000000e+00  0.000000e+00
    outer loop
      vertex   4.567004e+01  6.800000e+01 -2.155221e+01
      vertex   3.164028e+01  6.800000e+01 -1.918052e+01
      vertex   3.383327e+01  6.800000e+01 -1.497698e+01
    endloop
  endfacet
  facet normal  0.000000e+00  1.000000e+00 -0.000000e+00
    outer loop
      vertex   4.567004e+01  6.800000e+01 -2.155221e+01
      vertex   3.383327e+01  6.800000e+01 -1.497698e+01
      vertex   4.776377e+01  6.800000e+01 -1.639732e+01
    endloop
  endfacet
  facet normal  0.000000e+00  1.000000e+00  0.000000e+00
    outer loop
      vertex   4.776377e+01  6.800000e+01 -1.639732e+01
      vertex   3.383327e+01  6.800000e+01 -1.497698e+01
      vertex   3.547071e+01  6.800000e+01 -1.052752e+01
    endloop
  endfacet
  facet normal  0.000000e+00  1.000000e+00 -0.000000e+00
    outer loop
      vertex   4.776377e+01  6.800000e+01 -1.639732e+01
      vertex   3.547071e+01  6.800000e+01 -1.052752e+01
      vertex   4.927772e+01  6.800000e+01 -1.104340e+01
    endloop
  endfacet
  facet normal  0.000000e+00  1.000000e+00  0.000000e+00
    outer loop
      vertex   4.927772e+01  6.800000e+01 -1.104340e+01
      vertex   3.547071e+01  6.800000e+01 -1.052752e+01
      vertex   3.652573e+01  6.800000e+01 -5.905196e+00
    endloop
  endfacet
  facet normal  0.000000e+00  1.000000e+00 -0.000000e+00
    outer loop
      vertex   4.927772e+01  6.800000e+01 -1.104340e+01
      vertex   3.652573e+01  6.800000e+01 -5.905196e+00
      vertex   5.019350e+01  6.800000e+01 -5.555415e+00
    endloop
  endfacet
  facet normal  0.000000e+00  1.000000e+00  0.000000e+00
    outer loop
      vertex   5.019350e+01  6.800000e+01 -5.555415e+00
      vertex   3.652573e+01  6.800000e+01 -5.905196e+00
      vertex   3.698099e+01  6.800000e+01 -1.185908e+00
    endloop
  endfacet
  facet normal  0.000000e+00 -1.000000e+00  0.000000e+00
    outer loop
      vertex  -4.887996e+00  6.600000e+01  3.869247e+01
      vertex  -2.370598e+00  6.600000e+01  3.692398e+01
      vertex   0.000000e+00  6.600000e+01  3.900000e+01
    endloop
  endfacet
  facet normal  0.000000e+00 -1.000000e+00 -0.000000e+00
    outer loop
      vertex   0.000000e+00  6.600000e+01  3.900000e+01
      vertex  -2.370598e+00  6.600000e+01  3.692398e+01
      vertex   2.370598e+00  6.600000e+01  3.692398e+01
    endloop
  endfacet
  facet normal  0.000000e+00 -1.000000e+00  0.000000e+00
    outer loop
      vertex   0.000000e+00  6.600000e+01  3.900000e+01
      vertex   2.370598e+00  6.600000e+01  3.692398e+01
      vertex   4.887996e+00  6.600000e+01  3.869247e+01
    endloop
  endfacet
  facet normal  0.000000e+00 -1.000000e+00 -0.000000e+00
    outer loop
      vertex   4.887996e+00  6.600000e+01  3.869247e+01
      vertex   2.370598e+00  6.600000e+01  3.692398e+01
      vertex   7.072869e+00  6.600000e+01  3.631769e+01
    endloop
  endfacet
  facet normal  0.000000e+00 -1.000000e+00  0.000000e+00
    outer loop
      vertex   4.887996e+00  6.600000e+01  3.869247e+01
      vertex   7.072869e+00  6.600000e+01  3.631769e+01
      vertex   9.698905e+00  6.600000e+01  3.777474e+01
    endloop
  endfacet
  facet normal  0.000000e+00 -1.000000e+00 -0.000000e+00
    outer loop
      vertex   9.698905e+00  6.600000e+01  3.777474e+01
      vertex   7.072869e+00  6.600000e+01  3.631769e+01
      vertex   1.165900e+01  6.600000e+01  3.511506e+01
    endloop
  endfacet
  facet normal  0.000000e+00 -1.000000e+00  0.000000e+00
    outer loop
      vertex   9.698905e+00  6.600000e+01  3.777474e+01
      vertex   1.165900e+01  6.600000e+01  3.511506e+01
      vertex   1.435686e+01  6.600000e+01  3.626128e+01
    endloop
  endfacet
  facet normal  0.000000e+00 -1.000000e+00 -0.000000e+00
    outer loop
      vertex   1.435686e+01  6.600000e+01  3.626128e+01
      vertex   1.165900e+01  6.600000e+01  3.511506e+01
      vertex   1.605370e+01  6.600000e+01  3.333585e+01
    endloop
  endfacet
  facet normal  0.000000e+00 -1.000000e+00  0.000000e+00
    outer loop
      vertex   1.435686e+01  6.600000e+01  3.626128e+01
      vertex   1.605370e+01  6.600000e+01  3.333585e+01
      vertex   1.878839e+01  6.600000e+01  3.417596e+01
    endloop
  endfacet
  facet normal  0.000000e+00 -1.000000e+00 -0.000000e+00
    outer loop
      vertex   1.878839e+01  6.600000e+01  3.417596e+01
      vertex   1.605370e+01  6.600000e+01  3.333585e+01
      vertex   2.018479e+01  6.600000e+01  3.100926e+01
    endloop
  endfacet
  facet normal  0.000000e+00 -1.000000e+00  0.000000e+00
    outer loop
      vertex   1.878839e+01  6.600000e+01  3.417596e+01
      vertex   2.018479e+01  6.600000e+01  3.100926e+01
      vertex   2.292362e+01  6.600000e+01  3.155166e+01
    endloop
  endfacet
  facet normal  0.000000e+00 -1.000000e+00 -0.000000e+00
    outer loop
      vertex   2.292362e+01  6.600000e+01  3.155166e+01
      vertex   2.018479e+01  6.600000e+01  3.100926e+01
      vertex   2.398445e+01  6.600000e+01  2.817350e+01
    endloop
  endfacet
  facet normal  0.000000e+00 -1.000000e+00  0.000000e+00
    outer loop
      vertex   2.292362e+01  6.600000e+01  3.155166e+01
      vertex   2.398445e+01  6.600000e+01  2.817350e+01
      vertex   2.669734e+01  6.600000e+01  2.842978e+01
    endloop
  endfacet
  facet normal  0.000000e+00 -1.000000e+00 -0.000000e+00
    outer loop
      vertex   2.669734e+01  6.600000e+01  2.842978e+01
      vertex   2.398445e+01  6.600000e+01  2.817350e+01
      vertex   2.739029e+01  6.600000e+01  2.487513e+01
    endloop
  endfacet
  facet normal  0.000000e+00 -1.000000e+00  0.000000e+00
    outer loop
      vertex   2.669734e+01  6.600000e+01  2.842978e+01
      vertex   2.739029e+01  6.600000e+01  2.487513e+01
      vertex   3.005001e+01  6.600000e+01  2.485954e+01
    endloop
  endfacet
  facet normal -0.000000e+00 -1.000000e+00 -0.000000e+00
    outer loop
      vertex   3.005001e+01  6.600000e+01  2.485954e+01
      vertex   2.739029e+01  6.600000e+01  2.487513e+01
      vertex   3.034637e+01  6.600000e+01  2.116832e+01
    endloop
  endfacet
  facet normal  0.000000e+00 -1.000000e+00  0.000000e+00
    outer loop
      vertex   3.005001e+01  6.600000e+01  2.485954e+01
      vertex   3.034637e+01  6.600000e+01  2.116832e+01
      vertex   3.292879e+01  6.600000e+01  2.089725e+01
    endloop
  endfacet
  facet normal -0.000000e+00 -1.000000e+00  0.000000e+00
    outer loop
      vertex   3.292879e+01  6.600000e+01  2.089725e+01
      vertex   3.034637e+01  6.600000e+01  2.116832e+01
      vertex   3.280418e+01  6.600000e+01  1.711392e+01
    endloop
  endfacet
  facet normal  0.000000e+00 -1.000000e+00 -0.000000e+00
    outer loop
      vertex   3.292879e+01  6.600000e+01  2.089725e+01
      vertex   3.280418e+01  6.600000e+01  1.711392e+01
      vertex   3.528825e+01  6.600000e+01  1.660539e+01
    endloop
  endfacet
  facet normal -0.000000e+00 -1.000000e+00  0.000000e+00
    outer loop
      vertex   3.528825e+01  6.600000e+01  1.660539e+01
      vertex   3.280418e+01  6.600000e+01  1.711392e+01
      vertex   3.472333e+01  6.600000e+01  1.277851e+01
    endloop
  endfacet
  facet normal  0.000000e+00 -1.000000e+00 -0.000000e+00
    outer loop
      vertex   3.528825e+01  6.600000e+01  1.660539e+01
      vertex   3.472333e+01  6.600000e+01  1.277851e+01
      vertex   3.709121e+01  6.600000e+01  1.205166e+01
    endloop
  endfacet
  facet normal -0.000000e+00 -1.000000e+00  0.000000e+00
    outer loop
      vertex   3.709121e+01  6.600000e+01  1.205166e+01
      vertex   3.472333e+01  6.600000e+01  1.277851e+01
      vertex   3.607233e+01  6.600000e+01  8.233274e+00
    endloop
  endfacet
  facet normal  0.000000e+00 -1.000000e+00 -0.000000e+00
    outer loop
      vertex   3.709121e+01  6.600000e+01  1.205166e+01
      vertex   3.607233e+01  6.600000e+01  8.233274e+00
      vertex   3.830920e+01  6.600000e+01  7.307871e+00
    endloop
  endfacet
  facet normal -0.000000e+00 -1.000000e+00  0.000000e+00
    outer loop
      vertex   3.830920e+01  6.600000e+01  7.307871e+00
      vertex   3.607233e+01  6.600000e+01  8.233274e+00
      vertex   3.682903e+01  6.600000e+01  3.552852e+00
    endloop
  endfacet
  facet normal  0.000000e+00 -1.000000e+00 -0.000000e+00
    outer loop
      vertex   3.830920e+01  6.600000e+01  7.307871e+00
      vertex   3.682903e+01  6.600000e+01  3.552852e+00
      vertex   3.892304e+01  6.600000e+01  2.448830e+00
    endloop
  endfacet
  facet normal -0.000000e+00 -1.000000e+00  0.000000e+00
    outer loop
      vertex   3.892304e+01  6.600000e+01  2.448830e+00
      vertex   3.682903e+01  6.600000e+01  3.552852e+00
      vertex   3.698099e+01  6.600000e+01 -1.185908e+00
    endloop
  endfacet
  facet normal  0.000000e+00 -1.000000e+00 -0.000000e+00
    outer loop
      vertex   3.892304e+01  6.600000e+01  2.448830e+00
      vertex   3.698099e+01  6.600000e+01 -1.185908e+00
      vertex   3.892304e+01  6.600000e+01 -2.448830e+00
    endloop
  endfacet
  facet normal -0.000000e+00 -1.000000e+00  0.000000e+00
    outer loop
      vertex   3.892304e+01  6.600000e+01 -2.448830e+00
      vertex   3.698099e+01  6.600000e+01 -1.185908e+00
      vertex   3.652573e+01  6.600000e+01 -5.905196e+00
    endloop
  endfacet
  facet normal  0.000000e+00 -1.000000e+00  0.000000e+00
    outer loop
      vertex   3.892304e+01  6.600000e+01 -2.448830e+00
      vertex   3.652573e+01  6.600000e+01 -5.905196e+00
      vertex   3.830920e+01  6.600000e+01 -7.307871e+00
    endloop
  endfacet
  facet normal -0.000000e+00 -1.000000e+00  0.000000e+00
    outer loop
      vertex   3.830920e+01  6.600000e+01 -7.307871e+00
      vertex   3.652573e+01  6.600000e+01 -5.905196e+00
      vertex   3.547071e+01  6.600000e+01 -1.052752e+01
    endloop
  endfacet
  facet normal  0.000000e+00 -1.000000e+00  0.000000e+00
    outer loop
      vertex   3.830920e+01  6.600000e+01 -7.307871e+00
      vertex   3.547071e+01  6.600000e+01 -1.052752e+01
      vertex   3.709121e+01  6.600000e+01 -1.205166e+01
    endloop
  endfacet
  facet normal -0.000000e+00 -1.000000e+00  0.000000e+00
    outer loop
      vertex   3.709121e+01  6.600000e+01 -1.205166e+01
      vertex   3.547071e+01  6.600000e+01 -1.052752e+01
      vertex   3.383327e+01  6.600000e+01 -1.497698e+01
    endloop
  endfacet
  facet normal  0.000000e+00 -1.000000e+00  0.000000e+00
    outer loop
      vertex   3.709121e+01  6.600000e+01 -1.205166e+01
      vertex   3.383327e+01  6.600000e+01 -1.497698e+01
      vertex   3.528825e+01  6.600000e+01 -1.660539e+01
    endloop
  endfacet
  facet normal -0.000000e+00 -1.000000e+00  0.000000e+00
    outer loop
      vertex   3.528825e+01  6.600000e+01 -1.660539e+01
      vertex   3.383327e+01  6.600000e+01 -1.497698e+01
      vertex   3.164028e+01  6.600000e+01 -1.918052e+01
    endloop
  endfacet
  facet normal  0.000000e+00 -1.000000e+00  0.000000e+00
    outer loop
      vertex   3.528825e+01  6.600000e+01 -1.660539e+01
      vertex   3.164028e+01  6.600000e+01 -1.918052e+01
      vertex   3.292879e+01  6.600000e+01 -2.089725e+01
    endloop
  endfacet
  facet normal -0.000000e+00 -1.000000e+00  0.000000e+00
    outer loop
      vertex   3.292879e+01  6.600000e+01 -2.089725e+01
      vertex   3.164028e+01  6.600000e+01 -1.918052e+01
      vertex   2.892776e+01  6.600000e+01 -2.306912e+01
    endloop
  endfacet
  facet normal  0.000000e+00 -1.000000e+00  0.000000e+00
    outer loop
      vertex   3.292879e+01  6.600000e+01 -2.089725e+01
      vertex   2.892776e+01  6.600000e+01 -2.306912e+01
      vertex   3.005001e+01  6.600000e+01 -2.485954e+01
    endloop
  endfacet
  facet normal -0.000000e+00 -1.000000e+00  0.000000e+00
    outer loop
      vertex   3.005001e+01  6.600000e+01 -2.485954e+01
      vertex   2.892776e+01  6.600000e+01 -2.306912e+01
      vertex   2.574025e+01  6.600000e+01 -2.657893e+01
    endloop
  endfacet
  facet normal  0.000000e+00 -1.000000e+00  0.000000e+00
    outer loop
      vertex   3.005001e+01  6.600000e+01 -2.485954e+01
      vertex   2.574025e+01  6.600000e+01 -2.657893e+01
      vertex   2.669734e+01  6.600000e+01 -2.842978e+01
    endloop
  endfacet
  facet normal -0.000000e+00 -1.000000e+00  0.000000e+00
    outer loop
      vertex   2.669734e+01  6.600000e+01 -2.842978e+01
      vertex   2.574025e+01  6.600000e+01 -2.657893e+01
      vertex   2.213009e+01  6.600000e+01 -2.965231e+01
    endloop
  endfacet
  facet normal  0.000000e+00 -1.000000e+00  0.000000e+00
    outer loop
      vertex   2.669734e+01  6.600000e+01 -2.842978e+01
      vertex   2.213009e+01  6.600000e+01 -2.965231e+01
      vertex   2.292362e+01  6.600000e+01 -3.155166e+01
    endloop
  endfacet
  facet normal -0.000000e+00 -1.000000e+00  0.000000e+00
    outer loop
      vertex   2.292362e+01  6.600000e+01 -3.155166e+01
      vertex   2.213009e+01  6.600000e+01 -2.965231e+01
      vertex   1.815655e+01  6.600000e+01 -3.223879e+01
    endloop
  endfacet
  facet normal  0.000000e+00 -1.000000e+00  0.000000e+00
    outer loop
      vertex   2.292362e+01  6.600000e+01 -3.155166e+01
      vertex   1.815655e+01  6.600000e+01 -3.223879e+01
      vertex   1.878839e+01  6.600000e+01 -3.417596e+01
    endloop
  endfacet
  facet normal -0.000000e+00 -1.000000e+00  0.000000e+00
    outer loop
      vertex   1.878839e+01  6.600000e+01 -3.417596e+01
      vertex   1.815655e+01  6.600000e+01 -3.223879e+01
      vertex   1.388488e+01  6.600000e+01 -3.429592e+01
    endloop
  endfacet
  facet normal  0.000000e+00 -1.000000e+00  0.000000e+00
    outer loop
      vertex   1.878839e+01  6.600000e+01 -3.417596e+01
      vertex   1.388488e+01  6.600000e+01 -3.429592e+01
      vertex   1.435686e+01  6.600000e+01 -3.626128e+01
    endloop
  endfacet
  facet normal  0.000000e+00 -1.000000e+00  0.000000e+00
    outer loop
      vertex   1.435686e+01  6.600000e+01 -3.626128e+01
      vertex   1.388488e+01  6.600000e+01 -3.429592e+01
      vertex   9.385220e+00  6.600000e+01 -3.578991e+01
    endloop
  endfacet
  facet normal -0.000000e+00 -1.000000e+00  0.000000e+00
    outer loop
      vertex   1.435686e+01  6.600000e+01 -3.626128e+01
      vertex   9.385220e+00  6.600000e+01 -3.578991e+01
      vertex   9.698905e+00  6.600000e+01 -3.777474e+01
    endloop
  endfacet
  facet normal  0.000000e+00 -1.000000e+00  0.000000e+00
    outer loop
      vertex   9.698905e+00  6.600000e+01 -3.777474e+01
      vertex   9.385220e+00  6.600000e+01 -3.578991e+01
      vertex   4.731455e+00  6.600000e+01 -3.669623e+01
    endloop
  endfacet
  facet normal -0.000000e+00 -1.000000e+00  0.000000e+00
    outer loop
      vertex   9.698905e+00  6.600000e+01 -3.777474e+01
      vertex   4.731455e+00  6.600000e+01 -3.669623e+01
      vertex   4.887996e+00  6.600000e+01 -3.869247e+01
    endloop
  endfacet
  facet normal  0.000000e+00 -1.000000e+00  0.000000e+00
    outer loop
      vertex   4.887996e+00  6.600000e+01 -3.869247e+01
      vertex   4.731455e+00  6.600000e+01 -3.669623e+01
      vertex   0.000000e+00  6.600000e+01 -3.700000e+01
    endloop
  endfacet
  facet normal -0.000000e+00 -1.000000e+00  0.000000e+00
    outer loop
      vertex   4.887996e+00  6.600000e+01 -3.869247e+01
      vertex   0.000000e+00  6.600000e+01 -3.700000e+01
      vertex   0.000000e+00  6.600000e+01 -3.900000e+01
    endloop
  endfacet
  facet normal  0.000000e+00 -1.000000e+00  0.000000e+00
    outer loop
      vertex   0.000000e+00  6.600000e+01 -3.900000e+01
      vertex   0.000000e+00  6.600000e+01 -3.700000e+01
      vertex  -4.887996e+00  6.600000e+01 -3.869247e+01
    endloop
  endfacet
  facet normal  0.000000e+00 -1.000000e+00  0.000000e+00
    outer loop
      vertex  -4.887996e+00  6.600000e+01 -3.869247e+01
      vertex   0.000000e+00  6.600000e+01 -3.700000e+01
      vertex  -4.731455e+00  6.600000e+01 -3.669623e+01
    endloop
  endfacet
  facet normal  0.000000e+00 -1.000000e+00  0.000000e+00
    outer loop
      vertex  -4.887996e+00  6.600000e+01 -3.869247e+01
      vertex  -4.731455e+00  6.600000e+01 -3.669623e+01
      vertex  -9.698905e+00  6.600000e+01 -3.777474e+01
    endloop
  endfacet
  facet normal  0.000000e+00 -1.000000e+00  0.000000e+00
    outer loop
      vertex  -9.698905e+00  6.600000e+01 -3.777474e+01
      vertex  -4.731455e+00  6.600000e+01 -3.669623e+01
      vertex  -9.385220e+00  6.600000e+01 -3.578991e+01
    endloop
  endfacet
  facet normal  0.000000e+00 -1.000000e+00  0.000000e+00
    outer loop
      vertex  -9.698905e+00  6.600000e+01 -3.777474e+01
      vertex  -9.385220e+00  6.600000e+01 -3.578991e+01
      vertex  -1.435686e+01  6.600000e+01 -3.626128e+01
    endloop
  endfacet
  facet normal  0.000000e+00 -1.000000e+00  0.000000e+00
    outer loop
      vertex  -1.435686e+01  6.600000e+01 -3.626128e+01
      vertex  -9.385220e+00  6.600000e+01 -3.578991e+01
      vertex  -1.388488e+01  6.600000e+01 -3.429592e+01
    endloop
  endfacet
  facet normal  0.000000e+00 -1.000000e+00  0.000000e+00
    outer loop
      vertex  -1.435686e+01  6.600000e+01 -3.626128e+01
      vertex  -1.388488e+01  6.600000e+01 -3.429592e+01
      vertex  -1.878839e+01  6.600000e+01 -3.417596e+01
    endloop
  endfacet
  facet normal  0.000000e+00 -1.000000e+00  0.000000e+00
    outer loop
      vertex  -1.878839e+01  6.600000e+01 -3.417596e+01
      vertex  -1.388488e+01  6.600000e+01 -3.429592e+01
      vertex  -1.815655e+01  6.600000e+01 -3.223879e+01
    endloop
  endfacet
  facet normal  0.000000e+00 -1.000000e+00  0.000000e+00
    outer loop
      vertex  -1.878839e+01  6.600000e+01 -3.417596e+01
      vertex  -1.815655e+01  6.600000e+01 -3.223879e+01
      vertex  -2.292362e+01  6.600000e+01 -3.155166e+01
    endloop
  endfacet
  facet normal  0.000000e+00 -1.000000e+00  0.000000e+00
    outer loop
      vertex  -2.292362e+01  6.600000e+01 -3.155166e+01
      vertex  -1.815655e+01  6.600000e+01 -3.223879e+01
      vertex  -2.213009e+01  6.600000e+01 -2.965231e+01
    endloop
  endfacet
  facet normal  0.000000e+00 -1.000000e+00  0.000000e+00
    outer loop
      vertex  -2.292362e+01  6.600000e+01 -3.155166e+01
      vertex  -2.213009e+01  6.600000e+01 -2.965231e+01
      vertex  -2.669734e+01  6.600000e+01 -2.842978e+01
    endloop
  endfacet
  facet normal  0.000000e+00 -1.000000e+00  0.000000e+00
    outer loop
      vertex  -2.669734e+01  6.600000e+01 -2.842978e+01
      vertex  -2.213009e+01  6.600000e+01 -2.965231e+01
      vertex  -2.574025e+01  6.600000e+01 -2.657893e+01
    endloop
  endfacet
  facet normal  0.000000e+00 -1.000000e+00  0.000000e+00
    outer loop
      vertex  -2.669734e+01  6.600000e+01 -2.842978e+01
      vertex  -2.574025e+01  6.600000e+01 -2.657893e+01
      vertex  -3.005001e+01  6.600000e+01 -2.485954e+01
    endloop
  endfacet
  facet normal  0.000000e+00 -1.000000e+00  0.000000e+00
    outer loop
      vertex  -3.005001e+01  6.600000e+01 -2.485954e+01
      vertex  -2.574025e+01  6.600000e+01 -2.657893e+01
      vertex  -2.892776e+01  6.600000e+01 -2.306912e+01
    endloop
  endfacet
  facet normal  0.000000e+00 -1.000000e+00  0.000000e+00
    outer loop
      vertex  -3.005001e+01  6.600000e+01 -2.485954e+01
      vertex  -2.892776e+01  6.600000e+01 -2.306912e+01
      vertex  -3.292879e+01  6.600000e+01 -2.089725e+01
    endloop
  endfacet
  facet normal  0.000000e+00 -1.000000e+00  0.000000e+00
    outer loop
      vertex  -3.292879e+01  6.600000e+01 -2.089725e+01
      vertex  -2.892776e+01  6.600000e+01 -2.306912e+01
      vertex  -3.164028e+01  6.600000e+01 -1.918052e+01
    endloop
  endfacet
  facet normal  0.000000e+00 -1.000000e+00  0.000000e+00
    outer loop
      vertex  -3.292879e+01  6.600000e+01 -2.089725e+01
      vertex  -3.164028e+01  6.600000e+01 -1.918052e+01
      vertex  -3.528825e+01  6.600000e+01 -1.660539e+01
    endloop
  endfacet
  facet normal  0.000000e+00 -1.000000e+00  0.000000e+00
    outer loop
      vertex  -3.528825e+01  6.600000e+01 -1.660539e+01
      vertex  -3.164028e+01  6.600000e+01 -1.918052e+01
      vertex  -3.383327e+01  6.600000e+01 -1.497698e+01
    endloop
  endfacet
  facet normal  0.000000e+00 -1.000000e+00  0.000000e+00
    outer loop
      vertex  -3.528825e+01  6.600000e+01 -1.660539e+01
      vertex  -3.383327e+01  6.600000e+01 -1.497698e+01
      vertex  -3.709121e+01  6.600000e+01 -1.205166e+01
    endloop
  endfacet
  facet normal  0.000000e+00 -1.000000e+00  0.000000e+00
    outer loop
      vertex  -3.709121e+01  6.600000e+01 -1.205166e+01
      vertex  -3.383327e+01  6.600000e+01 -1.497698e+01
      vertex  -3.547071e+01  6.600000e+01 -1.052752e+01
    endloop
  endfacet
  facet normal  0.000000e+00 -1.000000e+00  0.000000e+00
    outer loop
      vertex  -3.709121e+01  6.600000e+01 -1.205166e+01
      vertex  -3.547071e+01  6.600000e+01 -1.052752e+01
      vertex  -3.830920e+01  6.600000e+01 -7.307871e+00
    endloop
  endfacet
  facet normal  0.000000e+00 -1.000000e+00  0.000000e+00
    outer loop
      vertex  -3.830920e+01  6.600000e+01 -7.307871e+00
      vertex  -3.547071e+01  6.600000e+01 -1.052752e+01
      vertex  -3.652573e+01  6.600000e+01 -5.905196e+00
    endloop
  endfacet
  facet normal  0.000000e+00 -1.000000e+00  0.000000e+00
    outer loop
      vertex  -3.830920e+01  6.600000e+01 -7.307871e+00
      vertex  -3.652573e+01  6.600000e+01 -5.905196e+00
      vertex  -3.892304e+01  6.600000e+01 -2.448830e+00
    endloop
  endfacet
  facet normal  0.000000e+00 -1.000000e+00  0.000000e+00
    outer loop
      vertex  -3.892304e+01  6.600000e+01 -2.448830e+00
      vertex  -3.652573e+01  6.600000e+01 -5.905196e+00
      vertex  -3.698099e+01  6.600000e+01 -1.185908e+00
    endloop
  endfacet
  facet normal  0.000000e+00 -1.000000e+00  0.000000e+00
    outer loop
      vertex  -3.892304e+01  6.600000e+01 -2.448830e+00
      vertex  -3.698099e+01  6.600000e+01 -1.185908e+00
      vertex  -3.892304e+01  6.600000e+01  2.448830e+00
    endloop
  endfacet
  facet normal  0.000000e+00 -1.000000e+00  0.000000e+00
    outer loop
      vertex  -3.892304e+01  6.600000e+01  2.448830e+00
      vertex  -3.698099e+01  6.600000e+01 -1.185908e+00
      vertex  -3.682903e+01  6.600000e+01  3.552852e+00
    endloop
  endfacet
  facet normal  0.000000e+00 -1.000000e+00  0.000000e+00
    outer loop
      vertex  -3.892304e+01  6.600000e+01  2.448830e+00
      vertex  -3.682903e+01  6.600000e+01  3.552852e+00
      vertex  -3.830920e+01  6.600000e+01  7.307871e+00
    endloop
  endfacet
  facet normal  0.000000e+00 -1.000000e+00  0.000000e+00
    outer loop
      vertex  -3.830920e+01  6.600000e+01  7.307871e+00
      vertex  -3.682903e+01  6.600000e+01  3.552852e+00
      vertex  -3.607233e+01  6.600000e+01  8.233274e+00
    endloop
  endfacet
  facet normal  0.000000e+00 -1.000000e+00  0.000000e+00
    outer loop
      vertex  -3.830920e+01  6.600000e+01  7.307871e+00
      vertex  -3.607233e+01  6.600000e+01  8.233274e+00
      vertex  -3.709121e+01  6.600000e+01  1.205166e+01
    endloop
  endfacet
  facet normal  0.000000e+00 -1.000000e+00  0.000000e+00
    outer loop
      vertex  -3.709121e+01  6.600000e+01  1.205166e+01
      vertex  -3.607233e+01  6.600000e+01  8.233274e+00
      vertex  -3.472333e+01  6.600000e+01  1.277851e+01
    endloop
  endfacet
  facet normal  0.000000e+00 -1.000000e+00  0.000000e+00
    outer loop
      vertex  -3.709121e+01  6.600000e+01  1.205166e+01
      vertex  -3.472333e+01  6.600000e+01  1.277851e+01
      vertex  -3.528825e+01  6.600000e+01  1.660539e+01
    endloop
  endfacet
  facet normal  0.000000e+00 -1.000000e+00  0.000000e+00
    outer loop
      vertex  -3.528825e+01  6.600000e+01  1.660539e+01
      vertex  -3.472333e+01  6.600000e+01  1.277851e+01
      vertex  -3.280418e+01  6.600000e+01  1.711392e+01
    endloop
  endfacet
  facet normal  0.000000e+00 -1.000000e+00  0.000000e+00
    outer loop
      vertex  -3.528825e+01  6.600000e+01  1.660539e+01
      vertex  -3.280418e+01  6.600000e+01  1.711392e+01
      vertex  -3.292879e+01  6.600000e+01  2.089725e+01
    endloop
  endfacet
  facet normal  0.000000e+00 -1.000000e+00  0.000000e+00
    outer loop
      vertex  -3.292879e+01  6.600000e+01  2.089725e+01
      vertex  -3.280418e+01  6.600000e+01  1.711392e+01
      vertex  -3.034637e+01  6.600000e+01  2.116832e+01
    endloop
  endfacet
  facet normal  0.000000e+00 -1.000000e+00  0.000000e+00
    outer loop
      vertex  -3.292879e+01  6.600000e+01  2.089725e+01
      vertex  -3.034637e+01  6.600000e+01  2.116832e+01
      vertex  -3.005001e+01  6.600000e+01  2.485954e+01
    endloop
  endfacet
  facet normal  0.000000e+00 -1.000000e+00 -0.000000e+00
    outer loop
      vertex  -3.005001e+01  6.600000e+01  2.485954e+01
      vertex  -3.034637e+01  6.600000e+01  2.116832e+01
      vertex  -2.739029e+01  6.600000e+01  2.487513e+01
    endloop
  endfacet
  facet normal  0.000000e+00 -1.000000e+00  0.000000e+00
    outer loop
      vertex  -3.005001e+01  6.600000e+01  2.485954e+01
      vertex  -2.739029e+01  6.600000e+01  2.487513e+01
      vertex  -2.669734e+01  6.600000e+01  2.842978e+01
    endloop
  endfacet
  facet normal  0.000000e+00 -1.000000e+00 -0.000000e+00
    outer loop
      vertex  -2.669734e+01  6.600000e+01  2.842978e+01
      vertex  -2.739029e+01  6.600000e+01  2.487513e+01
      vertex  -2.398445e+01  6.600000e+01  2.817350e+01
    endloop
  endfacet
  facet normal  0.000000e+00 -1.000000e+00  0.000000e+00
    outer loop
      vertex  -2.669734e+01  6.600000e+01  2.842978e+01
      vertex  -2.398445e+01  6.600000e+01  2.817350e+01
      vertex  -2.292362e+01  6.600000e+01  3.155166e+01
    endloop
  endfacet
  facet normal  0.000000e+00 -1.000000e+00 -0.000000e+00
    outer loop
      vertex  -2.292362e+01  6.600000e+01  3.155166e+01
      vertex  -2.398445e+01  6.600000e+01  2.817350e+01
      vertex  -2.018479e+01  6.600000e+01  3.100926e+01
    endloop
  endfacet
  facet normal  0.000000e+00 -1.000000e+00  0.000000e+00
    outer loop
      vertex  -2.292362e+01  6.600000e+01  3.155166e+01
      vertex  -2.018479e+01  6.600000e+01  3.100926e+01
      vertex  -1.878839e+01  6.600000e+01  3.417596e+01
    endloop
  endfacet
  facet normal  0.000000e+00 -1.000000e+00 -0.000000e+00
    outer loop
      vertex  -1.878839e+01  6.600000e+01  3.417596e+01
      vertex  -2.018479e+01  6.600000e+01  3.100926e+01
      vertex  -1.605370e+01  6.600000e+01  3.333585e+01
    endloop
  endfacet
  facet normal  0.000000e+00 -1.000000e+00  0.000000e+00
    outer loop
      vertex  -1.878839e+01  6.600000e+01  3.417596e+01
      vertex  -1.605370e+01  6.600000e+01  3.333585e+01
      vertex  -1.435686e+01  6.600000e+01  3.626128e+01
    endloop
  endfacet
  facet normal  0.000000e+00 -1.000000e+00 -0.000000e+00
    outer loop
      vertex  -1.435686e+01  6.600000e+01  3.626128e+01
      vertex  -1.605370e+01  6.600000e+01  3.333585e+01
      vertex  -1.165900e+01  6.600000e+01  3.511506e+01
    endloop
  endfacet
  facet normal  0.000000e+00 -1.000000e+00  0.000000e+00
    outer loop
      vertex  -1.435686e+01  6.600000e+01  3.626128e+01
      vertex  -1.165900e+01  6.600000e+01  3.511506e+01
      vertex  -9.698905e+00  6.600000e+01  3.777474e+01
    endloop
  endfacet
  facet normal  0.000000e+00 -1.000000e+00 -0.000000e+00
    outer loop
      vertex  -9.698905e+00  6.600000e+01  3.777474e+01
      vertex  -1.165900e+01  6.600000e+01  3.511506e+01
      vertex  -7.072869e+00  6.600000e+01  3.631769e+01
    endloop
  endfacet
  facet normal  0.000000e+00 -1.000000e+00  0.000000e+00
    outer loop
      vertex  -9.698905e+00  6.600000e+01  3.777474e+01
      vertex  -7.072869e+00  6.600000e+01  3.631769e+01
      vertex  -4.887996e+00  6.600000e+01  3.869247e+01
    endloop
  endfacet
  facet normal  0.000000e+00 -1.000000e+00 -0.000000e+00
    outer loop
      vertex  -4.887996e+00  6.600000e+01  3.869247e+01
      vertex  -7.072869e+00  6.600000e+01  3.631769e+01
      vertex  -2.370598e+00  6.600000e+01  3.692398e+01
    endloop
  endfacet
  facet normal  6.406994e-02  0.000000e+00  9.979454e-01
    outer loop
      vertex  -4.731455e+00  6.800000e+01 -3.669623e+01
      vertex  -4.731455e+00  6.600000e+01 -3.669623e+01
      vertex   0.000000e+00  6.800000e+01 -3.700000e+01
    endloop
  endfacet
  facet normal  6.406994e-02  0.000000e+00  9.979454e-01
    outer loop
      vertex   0.000000e+00  6.800000e+01 -3.700000e+01
      vertex  -4.731455e+00  6.600000e+01 -3.669623e+01
      vertex   0.000000e+00  6.600000e+01 -3.700000e+01
    endloop
  endfacet
  facet normal -6.406994e-02  0.000000e+00  9.979454e-01
    outer loop
      vertex   0.000000e+00  6.800000e+01 -3.700000e+01
      vertex   0.000000e+00  6.600000e+01 -3.700000e+01
      vertex   4.731455e+00  6.800000e+01 -3.669623e+01
    endloop
  endfacet
  facet normal -6.406994e-02  0.000000e+00  9.979454e-01
    outer loop
      vertex   4.731455e+00  6.800000e+01 -3.669623e+01
      vertex   0.000000e+00  6.600000e+01 -3.700000e+01
      vertex   4.731455e+00  6.600000e+01 -3.669623e+01
    endloop
  endfacet
  facet normal -1.911590e-01  0.000000e+00  9.815591e-01
    outer loop
      vertex   4.731455e+00  6.800000e+01 -3.669623e+01
      vertex   4.731455e+00  6.600000e+01 -3.669623e+01
      vertex   9.385220e+00  6.800000e+01 -3.578991e+01
    endloop
  endfacet
  facet normal -1.911590e-01  0.000000e+00  9.815591e-01
    outer loop
      vertex   9.385220e+00  6.800000e+01 -3.578991e+01
      vertex   4.731455e+00  6.600000e+01 -3.669623e+01
      vertex   9.385220e+00  6.600000e+01 -3.578991e+01
    endloop
  endfacet
  facet normal -3.151086e-01  0.000000e+00  9.490556e-01
    outer loop
      vertex   9.385220e+00  6.800000e+01 -3.578991e+01
      vertex   9.385220e+00  6.600000e+01 -3.578991e+01
      vertex   1.388488e+01  6.800000e+01 -3.429592e+01
    endloop
  endfacet
  facet normal -3.151086e-01  0.000000e+00  9.490556e-01
    outer loop
      vertex   1.388488e+01  6.800000e+01 -3.429592e+01
      vertex   9.385220e+00  6.600000e+01 -3.578991e+01
      vertex   1.388488e+01  6.600000e+01 -3.429592e+01
    endloop
  endfacet
  facet normal -4.338832e-01  0.000000e+00  9.009691e-01
    outer loop
      vertex   1.388488e+01  6.800000e+01 -3.429592e+01
      vertex   1.388488e+01  6.600000e+01 -3.429592e+01
      vertex   1.815655e+01  6.800000e+01 -3.223879e+01
    endloop
  endfacet
  facet normal -4.338832e-01  0.000000e+00  9.009691e-01
    outer loop
      vertex   1.815655e+01  6.800000e+01 -3.223879e+01
      vertex   1.388488e+01  6.600000e+01 -3.429592e+01
      vertex   1.815655e+01  6.600000e+01 -3.223879e+01
    endloop
  endfacet
  facet normal -5.455348e-01  0.000000e+00  8.380882e-01
    outer loop
      vertex   1.815655e+01  6.800000e+01 -3.223879e+01
      vertex   1.815655e+01  6.600000e+01 -3.223879e+01
      vertex   2.213009e+01  6.800000e+01 -2.965231e+01
    endloop
  endfacet
  facet normal -5.455348e-01  0.000000e+00  8.380882e-01
    outer loop
      vertex   2.213009e+01  6.800000e+01 -2.965231e+01
      vertex   1.815655e+01  6.600000e+01 -3.223879e+01
      vertex   2.213009e+01  6.600000e+01 -2.965231e+01
    endloop
  endfacet
  facet normal -6.482286e-01  0.000000e+00  7.614458e-01
    outer loop
      vertex   2.213009e+01  6.800000e+01 -2.965231e+01
      vertex   2.213009e+01  6.600000e+01 -2.965231e+01
      vertex   2.574025e+01  6.800000e+01 -2.657893e+01
    endloop
  endfacet
  facet normal -6.482286e-01  0.000000e+00  7.614458e-01
    outer loop
      vertex   2.574025e+01  6.800000e+01 -2.657893e+01
      vertex   2.213009e+01  6.600000e+01 -2.965231e+01
      vertex   2.574025e+01  6.600000e+01 -2.657893e+01
    endloop
  endfacet
  facet normal -7.402779e-01  0.000000e+00  6.723009e-01
    outer loop
      vertex   2.574025e+01  6.800000e+01 -2.657893e+01
      vertex   2.574025e+01  6.600000e+01 -2.657893e+01
      vertex   2.892776e+01  6.800000e+01 -2.306912e+01
    endloop
  endfacet
  facet normal -7.402779e-01  0.000000e+00  6.723009e-01
    outer loop
      vertex   2.892776e+01  6.800000e+01 -2.306912e+01
      vertex   2.574025e+01  6.600000e+01 -2.657893e+01
      vertex   2.892776e+01  6.600000e+01 -2.306912e+01
    endloop
  endfacet
  facet normal -8.201723e-01  0.000000e+00  5.721166e-01
    outer loop
      vertex   2.892776e+01  6.800000e+01 -2.306912e+01
      vertex   2.892776e+01  6.600000e+01 -2.306912e+01
      vertex   3.164028e+01  6.800000e+01 -1.918052e+01
    endloop
  endfacet
  facet normal -8.201723e-01  0.000000e+00  5.721166e-01
    outer loop
      vertex   3.164028e+01  6.800000e+01 -1.918052e+01
      vertex   2.892776e+01  6.600000e+01 -2.306912e+01
      vertex   3.164028e+01  6.600000e+01 -1.918052e+01
    endloop
  endfacet
  facet normal -8.865992e-01  0.000000e+00  4.625385e-01
    outer loop
      vertex   3.164028e+01  6.800000e+01 -1.918052e+01
      vertex   3.164028e+01  6.600000e+01 -1.918052e+01
      vertex   3.383327e+01  6.800000e+01 -1.497698e+01
    endloop
  endfacet
  facet normal -8.865992e-01  0.000000e+00  4.625385e-01
    outer loop
      vertex   3.383327e+01  6.800000e+01 -1.497698e+01
      vertex   3.164028e+01  6.600000e+01 -1.918052e+01
      vertex   3.383327e+01  6.600000e+01 -1.497698e+01
    endloop
  endfacet
  facet normal -9.384685e-01  0.000000e+00  3.453650e-01
    outer loop
      vertex   3.383327e+01  6.800000e+01 -1.497698e+01
      vertex   3.383327e+01  6.600000e+01 -1.497698e+01
      vertex   3.547071e+01  6.800000e+01 -1.052752e+01
    endloop
  endfacet
  facet normal -9.384685e-01  0.000000e+00  3.453650e-01
    outer loop
      vertex   3.547071e+01  6.800000e+01 -1.052752e+01
      vertex   3.383327e+01  6.600000e+01 -1.497698e+01
      vertex   3.547071e+01  6.600000e+01 -1.052752e+01
    endloop
  endfacet
  facet normal -9.749279e-01  0.000000e+00  2.225210e-01
    outer loop
      vertex   3.547071e+01  6.800000e+01 -1.052752e+01
      vertex   3.547071e+01  6.600000e+01 -1.052752e+01
      vertex   3.652573e+01  6.800000e+01 -5.905196e+00
    endloop
  endfacet
  facet normal -9.749279e-01  0.000000e+00  2.225210e-01
    outer loop
      vertex   3.652573e+01  6.800000e+01 -5.905196e+00
      vertex   3.547071e+01  6.600000e+01 -1.052752e+01
      vertex   3.652573e+01  6.600000e+01 -5.905196e+00
    endloop
  endfacet
  facet normal -9.953791e-01  0.000000e+00  9.602244e-02
    outer loop
      vertex   3.652573e+01  6.800000e+01 -5.905196e+00
      vertex   3.652573e+01  6.600000e+01 -5.905196e+00
      vertex   3.698099e+01  6.800000e+01 -1.185908e+00
    endloop
  endfacet
  facet normal -9.953791e-01  0.000000e+00  9.602244e-02
    outer loop
      vertex   3.698099e+01  6.800000e+01 -1.185908e+00
      vertex   3.652573e+01  6.600000e+01 -5.905196e+00
      vertex   3.698099e+01  6.600000e+01 -1.185908e+00
    endloop
  endfacet
  facet normal -9.994863e-01 -0.000000e+00 -3.205066e-02
    outer loop
      vertex   3.698099e+01  6.800000e+01 -1.185908e+00
      vertex   3.698099e+01  6.600000e+01 -1.185908e+00
      vertex   3.682903e+01  6.800000e+01  3.552852e+00
    endloop
  endfacet
  facet normal -9.994863e-01 -0.000000e+00 -3.205066e-02
    outer loop
      vertex   3.682903e+01  6.800000e+01  3.552852e+00
      vertex   3.698099e+01  6.600000e+01 -1.185908e+00
      vertex   3.682903e+01  6.600000e+01  3.552852e+00
    endloop
  endfacet
  facet normal -9.871818e-01 -0.000000e+00 -1.596000e-01
    outer loop
      vertex   3.682903e+01  6.800000e+01  3.552852e+00
      vertex   3.682903e+01  6.600000e+01  3.552852e+00
      vertex   3.607233e+01  6.800000e+01  8.233274e+00
    endloop
  endfacet
  facet normal -9.871818e-01 -0.000000e+00 -1.596000e-01
    outer loop
      vertex   3.607233e+01  6.800000e+01  8.233274e+00
      vertex   3.682903e+01  6.600000e+01  3.552852e+00
      vertex   3.607233e+01  6.600000e+01  8.233274e+00
    endloop
  endfacet
  facet normal -9.586678e-01 -0.000000e+00 -2.845279e-01
    outer loop
      vertex   3.607233e+01  6.800000e+01  8.233274e+00
      vertex   3.607233e+01  6.600000e+01  8.233274e+00
      vertex   3.472333e+01  6.800000e+01  1.277851e+01
    endloop
  endfacet
  facet normal -9.586678e-01 -0.000000e+00 -2.845279e-01
    outer loop
      vertex   3.472333e+01  6.800000e+01  1.277851e+01
      vertex   3.607233e+01  6.600000e+01  8.233274e+00
      vertex   3.472333e+01  6.600000e+01  1.277851e+01
    endloop
  endfacet
  facet normal -9.144128e-01 -0.000000e+00 -4.047830e-01
    outer loop
      vertex   3.472333e+01  6.800000e+01  1.277851e+01
      vertex   3.472333e+01  6.600000e+01  1.277851e+01
      vertex   3.280418e+01  6.800000e+01  1.711392e+01
    endloop
  endfacet
  facet normal -9.144128e-01 -0.000000e+00 -4.047830e-01
    outer loop
      vertex   3.280418e+01  6.800000e+01  1.711392e+01
      vertex   3.472333e+01  6.600000e+01  1.277851e+01
      vertex   3.280418e+01  6.600000e+01  1.711392e+01
    endloop
  endfacet
  facet normal -8.551427e-01 -0.000000e+00 -5.183927e-01
    outer loop
      vertex   3.280418e+01  6.800000e+01  1.711392e+01
      vertex   3.280418e+01  6.600000e+01  1.711392e+01
      vertex   3.034637e+01  6.800000e+01  2.116832e+01
    endloop
  endfacet
  facet normal -8.551427e-01 -0.000000e+00 -5.183927e-01
    outer loop
      vertex   3.034637e+01  6.800000e+01  2.116832e+01
      vertex   3.280418e+01  6.600000e+01  1.711392e+01
      vertex   3.034637e+01  6.600000e+01  2.116832e+01
    endloop
  endfacet
  facet normal -7.818317e-01 -0.000000e+00 -6.234897e-01
    outer loop
      vertex   3.034637e+01  6.800000e+01  2.116832e+01
      vertex   3.034637e+01  6.600000e+01  2.116832e+01
      vertex   2.739029e+01  6.800000e+01  2.487513e+01
    endloop
  endfacet
  facet normal -7.818317e-01 -0.000000e+00 -6.234897e-01
    outer loop
      vertex   2.739029e+01  6.800000e+01  2.487513e+01
      vertex   3.034637e+01  6.600000e+01  2.116832e+01
      vertex   2.739029e+01  6.600000e+01  2.487513e+01
    endloop
  endfacet
  facet normal -6.956826e-01 -0.000000e+00 -7.183493e-01
    outer loop
      vertex   2.739029e+01  6.800000e+01  2.487513e+01
      vertex   2.739029e+01  6.600000e+01  2.487513e+01
      vertex   2.398445e+01  6.800000e+01  2.817350e+01
    endloop
  endfacet
  facet normal -6.956826e-01 -0.000000e+00 -7.183493e-01
    outer loop
      vertex   2.398445e+01  6.800000e+01  2.817350e+01
      vertex   2.739029e+01  6.600000e+01  2.487513e+01
      vertex   2.398445e+01  6.600000e+01  2.817350e+01
    endloop
  endfacet
  facet normal -5.981101e-01 -0.000000e+00 -8.014140e-01
    outer loop
      vertex   2.398445e+01  6.800000e+01  2.817350e+01
      vertex   2.398445e+01  6.600000e+01  2.817350e+01
      vertex   2.018479e+01  6.800000e+01  3.100926e+01
    endloop
  endfacet
  facet normal -5.981101e-01 -0.000000e+00 -8.014140e-01
    outer loop
      vertex   2.018479e+01  6.800000e+01  3.100926e+01
      vertex   2.398445e+01  6.600000e+01  2.817350e+01
      vertex   2.018479e+01  6.600000e+01  3.100926e+01
    endloop
  endfacet
  facet normal -4.907174e-01 -0.000000e+00 -8.713188e-01
    outer loop
      vertex   2.018479e+01  6.800000e+01  3.100926e+01
      vertex   2.018479e+01  6.600000e+01  3.100926e+01
      vertex   1.605370e+01  6.800000e+01  3.333585e+01
    endloop
  endfacet
  facet normal -4.907174e-01 -0.000000e+00 -8.713188e-01
    outer loop
      vertex   1.605370e+01  6.800000e+01  3.333585e+01
      vertex   2.018479e+01  6.600000e+01  3.100926e+01
      vertex   1.605370e+01  6.600000e+01  3.333585e+01
    endloop
  endfacet
  facet normal -3.752674e-01 -0.000000e+00 -9.269166e-01
    outer loop
      vertex   1.605370e+01  6.800000e+01  3.333585e+01
      vertex   1.605370e+01  6.600000e+01  3.333585e+01
      vertex   1.165900e+01  6.800000e+01  3.511506e+01
    endloop
  endfacet
  facet normal -3.752674e-01 -0.000000e+00 -9.269166e-01
    outer loop
      vertex   1.165900e+01  6.800000e+01  3.511506e+01
      vertex   1.605370e+01  6.600000e+01  3.333585e+01
      vertex   1.165900e+01  6.600000e+01  3.511506e+01
    endloop
  endfacet
  facet normal -2.536545e-01 -0.000000e+00 -9.672949e-01
    outer loop
      vertex   1.165900e+01  6.800000e+01  3.511506e+01
      vertex   1.165900e+01  6.600000e+01  3.511506e+01
      vertex   7.072869e+00  6.800000e+01  3.631769e+01
    endloop
  endfacet
  facet normal -2.536545e-01 -0.000000e+00 -9.672949e-01
    outer loop
      vertex   7.072869e+00  6.800000e+01  3.631769e+01
      vertex   1.165900e+01  6.600000e+01  3.511506e+01
      vertex   7.072869e+00  6.600000e+01  3.631769e+01
    endloop
  endfacet
  facet normal -1.278776e-01 -0.000000e+00 -9.917900e-01
    outer loop
      vertex   7.072869e+00  6.800000e+01  3.631769e+01
      vertex   7.072869e+00  6.600000e+01  3.631769e+01
      vertex   2.370598e+00  6.800000e+01  3.692398e+01
    endloop
  endfacet
  facet normal -1.278776e-01 -0.000000e+00 -9.917900e-01
    outer loop
      vertex   2.370598e+00  6.800000e+01  3.692398e+01
      vertex   7.072869e+00  6.600000e+01  3.631769e+01
      vertex   2.370598e+00  6.600000e+01  3.692398e+01
    endloop
  endfacet
  facet normal -0.000000e+00 -0.000000e+00 -1.000000e+00
    outer loop
      vertex   2.370598e+00  6.800000e+01  3.692398e+01
      vertex   2.370598e+00  6.600000e+01  3.692398e+01
      vertex  -2.370598e+00  6.800000e+01  3.692398e+01
    endloop
  endfacet
  facet normal  0.000000e+00  0.000000e+00 -1.000000e+00
    outer loop
      vertex  -2.370598e+00  6.800000e+01  3.692398e+01
      vertex   2.370598e+00  6.600000e+01  3.692398e+01
      vertex  -2.370598e+00  6.600000e+01  3.692398e+01
    endloop
  endfacet
  facet normal  1.278776e-01  0.000000e+00 -9.917900e-01
    outer loop
      vertex  -2.370598e+00  6.800000e+01  3.692398e+01
      vertex  -2.370598e+00  6.600000e+01  3.692398e+01
      vertex  -7.072869e+00  6.800000e+01  3.631769e+01
    endloop
  endfacet
  facet normal  1.278776e-01  0.000000e+00 -9.917900e-01
    outer loop
      vertex  -7.072869e+00  6.800000e+01  3.631769e+01
      vertex  -2.370598e+00  6.600000e+01  3.692398e+01
      vertex  -7.072869e+00  6.600000e+01  3.631769e+01
    endloop
  endfacet
  facet normal  2.536545e-01  0.000000e+00 -9.672949e-01
    outer loop
      vertex  -7.072869e+00  6.800000e+01  3.631769e+01
      vertex  -7.072869e+00  6.600000e+01  3.631769e+01
      vertex  -1.165900e+01  6.800000e+01  3.511506e+01
    endloop
  endfacet
  facet normal  2.536545e-01  0.000000e+00 -9.672949e-01
    outer loop
      vertex  -1.165900e+01  6.800000e+01  3.511506e+01
      vertex  -7.072869e+00  6.600000e+01  3.631769e+01
      vertex  -1.165900e+01  6.600000e+01  3.511506e+01
    endloop
  endfacet
  facet normal  3.752674e-01  0.000000e+00 -9.269166e-01
    outer loop
      vertex  -1.165900e+01  6.800000e+01  3.511506e+01
      vertex  -1.165900e+01  6.600000e+01  3.511506e+01
      vertex  -1.605370e+01  6.800000e+01  3.333585e+01
    endloop
  endfacet
  facet normal  3.752674e-01  0.000000e+00 -9.269166e-01
    outer loop
      vertex  -1.605370e+01  6.800000e+01  3.333585e+01
      vertex  -1.165900e+01  6.600000e+01  3.511506e+01
      vertex  -1.605370e+01  6.600000e+01  3.333585e+01
    endloop
  endfacet
  facet normal  4.907174e-01  0.000000e+00 -8.713188e-01
    outer loop
      vertex  -1.605370e+01  6.800000e+01  3.333585e+01
      vertex  -1.605370e+01  6.600000e+01  3.333585e+01
      vertex  -2.018479e+01  6.800000e+01  3.100926e+01
    endloop
  endfacet
  facet normal  4.907174e-01  0.000000e+00 -8.713188e-01
    outer loop
      vertex  -2.018479e+01  6.800000e+01  3.100926e+01
      vertex  -1.605370e+01  6.600000e+01  3.333585e+01
      vertex  -2.018479e+01  6.600000e+01  3.100926e+01
    endloop
  endfacet
  facet normal  5.981101e-01  0.000000e+00 -8.014140e-01
    outer loop
      vertex  -2.018479e+01  6.800000e+01  3.100926e+01
      vertex  -2.018479e+01  6.600000e+01  3.100926e+01
      vertex  -2.398445e+01  6.800000e+01  2.817350e+01
    endloop
  endfacet
  facet normal  5.981101e-01  0.000000e+00 -8.014140e-01
    outer loop
      vertex  -2.398445e+01  6.800000e+01  2.817350e+01
      vertex  -2.018479e+01  6.600000e+01  3.100926e+01
      vertex  -2.398445e+01  6.600000e+01  2.817350e+01
    endloop
  endfacet
  facet normal  6.956826e-01  0.000000e+00 -7.183493e-01
    outer loop
      vertex  -2.398445e+01  6.800000e+01  2.817350e+01
      vertex  -2.398445e+01  6.600000e+01  2.817350e+01
      vertex  -2.739029e+01  6.800000e+01  2.487513e+01
    endloop
  endfacet
  facet normal  6.956826e-01  0.000000e+00 -7.183493e-01
    outer loop
      vertex  -2.739029e+01  6.800000e+01  2.487513e+01
      vertex  -2.398445e+01  6.600000e+01  2.817350e+01
      vertex  -2.739029e+01  6.600000e+01  2.487513e+01
    endloop
  endfacet
  facet normal  7.818317e-01  0.000000e+00 -6.234897e-01
    outer loop
      vertex  -2.739029e+01  6.800000e+01  2.487513e+01
      vertex  -2.739029e+01  6.600000e+01  2.487513e+01
      vertex  -3.034637e+01  6.800000e+01  2.116832e+01
    endloop
  endfacet
  facet normal  7.818317e-01  0.000000e+00 -6.234897e-01
    outer loop
      vertex  -3.034637e+01  6.800000e+01  2.116832e+01
      vertex  -2.739029e+01  6.600000e+01  2.487513e+01
      vertex  -3.034637e+01  6.600000e+01  2.116832e+01
    endloop
  endfacet
  facet normal  8.551427e-01  0.000000e+00 -5.183927e-01
    outer loop
      vertex  -3.034637e+01  6.800000e+01  2.116832e+01
      vertex  -3.034637e+01  6.600000e+01  2.116832e+01
      vertex  -3.280418e+01  6.800000e+01  1.711392e+01
    endloop
  endfacet
  facet normal  8.551427e-01  0.000000e+00 -5.183927e-01
    outer loop
      vertex  -3.280418e+01  6.800000e+01  1.711392e+01
      vertex  -3.034637e+01  6.600000e+01  2.116832e+01
      vertex  -3.280418e+01  6.600000e+01  1.711392e+01
    endloop
  endfacet
  facet normal  9.144128e-01  0.000000e+00 -4.047830e-01
    outer loop
      vertex  -3.280418e+01  6.800000e+01  1.711392e+01
      vertex  -3.280418e+01  6.600000e+01  1.711392e+01
      vertex  -3.472333e+01  6.800000e+01  1.277851e+01
    endloop
  endfacet
  facet normal  9.144128e-01  0.000000e+00 -4.047830e-01
    outer loop
      vertex  -3.472333e+01  6.800000e+01  1.277851e+01
      vertex  -3.280418e+01  6.600000e+01  1.711392e+01
      vertex  -3.472333e+01  6.600000e+01  1.277851e+01
    endloop
  endfacet
  facet normal  9.586678e-01  0.000000e+00 -2.845279e-01
    outer loop
      vertex  -3.472333e+01  6.800000e+01  1.277851e+01
      vertex  -3.472333e+01  6.600000e+01  1.277851e+01
      vertex  -3.607233e+01  6.800000e+01  8.233274e+00
    endloop
  endfacet
  facet normal  9.586678e-01  0.000000e+00 -2.845279e-01
    outer loop
      vertex  -3.607233e+01  6.800000e+01  8.233274e+00
      vertex  -3.472333e+01  6.600000e+01  1.277851e+01
      vertex  -3.607233e+01  6.600000e+01  8.233274e+00
    endloop
  endfacet
  facet normal  9.871818e-01  0.000000e+00 -1.596000e-01
    outer loop
      vertex  -3.607233e+01  6.800000e+01  8.233274e+00
      vertex  -3.607233e+01  6.600000e+01  8.233274e+00
      vertex  -3.682903e+01  6.800000e+01  3.552852e+00
    endloop
  endfacet
  facet normal  9.871818e-01  0.000000e+00 -1.596000e-01
    outer loop
      vertex  -3.682903e+01  6.800000e+01  3.552852e+00
      vertex  -3.607233e+01  6.600000e+01  8.233274e+00
      vertex  -3.682903e+01  6.600000e+01  3.552852e+00
    endloop
  endfacet
  facet normal  9.994863e-01  0.000000e+00 -3.205066e-02
    outer loop
      vertex  -3.682903e+01  6.800000e+01  3.552852e+00
      vertex  -3.682903e+01  6.600000e+01  3.552852e+00
      vertex  -3.698099e+01  6.800000e+01 -1.185908e+00
    endloop
  endfacet
  facet normal  9.994863e-01  0.000000e+00 -3.205066e-02
    outer loop
      vertex  -3.698099e+01  6.800000e+01 -1.185908e+00
      vertex  -3.682903e+01  6.600000e+01  3.552852e+00
      vertex  -3.698099e+01  6.600000e+01 -1.185908e+00
    endloop
  endfacet
  facet normal  9.953791e-01  0.000000e+00  9.602244e-02
    outer loop
      vertex  -3.698099e+01  6.800000e+01 -1.185908e+00
      vertex  -3.698099e+01  6.600000e+01 -1.185908e+00
      vertex  -3.652573e+01  6.800000e+01 -5.905196e+00
    endloop
  endfacet
  facet normal  9.953791e-01  0.000000e+00  9.602244e-02
    outer loop
      vertex  -3.652573e+01  6.800000e+01 -5.905196e+00
      vertex  -3.698099e+01  6.600000e+01 -1.185908e+00
      vertex  -3.652573e+01  6.600000e+01 -5.905196e+00
    endloop
  endfacet
  facet normal  9.749279e-01  0.000000e+00  2.225210e-01
    outer loop
      vertex  -3.652573e+01  6.800000e+01 -5.905196e+00
      vertex  -3.652573e+01  6.600000e+01 -5.905196e+00
      vertex  -3.547071e+01  6.800000e+01 -1.052752e+01
    endloop
  endfacet
  facet normal  9.749279e-01  0.000000e+00  2.225210e-01
    outer loop
      vertex  -3.547071e+01  6.800000e+01 -1.052752e+01
      vertex  -3.652573e+01  6.600000e+01 -5.905196e+00
      vertex  -3.547071e+01  6.600000e+01 -1.052752e+01
    endloop
  endfacet
  facet normal  9.384685e-01  0.000000e+00  3.453650e-01
    outer loop
      vertex  -3.547071e+01  6.800000e+01 -1.052752e+01
      vertex  -3.547071e+01  6.600000e+01 -1.052752e+01
      vertex  -3.383327e+01  6.800000e+01 -1.497698e+01
    endloop
  endfacet
  facet normal  9.384685e-01  0.000000e+00  3.453650e-01
    outer loop
      vertex  -3.383327e+01  6.800000e+01 -1.497698e+01
      vertex  -3.547071e+01  6.600000e+01 -1.052752e+01
      vertex  -3.383327e+01  6.600000e+01 -1.497698e+01
    endloop
  endfacet
  facet normal  8.865992e-01  0.000000e+00  4.625385e-01
    outer loop
      vertex  -3.383327e+01  6.800000e+01 -1.497698e+01
      vertex  -3.383327e+01  6.600000e+01 -1.497698e+01
      vertex  -3.164028e+01  6.800000e+01 -1.918052e+01
    endloop
  endfacet
  facet normal  8.865992e-01  0.000000e+00  4.625385e-01
    outer loop
      vertex  -3.164028e+01  6.800000e+01 -1.918052e+01
      vertex  -3.383327e+01  6.600000e+01 -1.497698e+01
      vertex  -3.164028e+01  6.600000e+01 -1.918052e+01
    endloop
  endfacet
  facet normal  8.201723e-01  0.000000e+00  5.721166e-01
    outer loop
      vertex  -3.164028e+01  6.800000e+01 -1.918052e+01
      vertex  -3.164028e+01  6.600000e+01 -1.918052e+01
      vertex  -2.892776e+01  6.800000e+01 -2.306912e+01
    endloop
  endfacet
  facet normal  8.201723e-01  0.000000e+00  5.721166e-01
    outer loop
      vertex  -2.892776e+01  6.800000e+01 -2.306912e+01
      vertex  -3.164028e+01  6.600000e+01 -1.918052e+01
      vertex  -2.892776e+01  6.600000e+01 -2.306912e+01
    endloop
  endfacet
  facet normal  7.402779e-01  0.000000e+00  6.723009e-01
    outer loop
      vertex  -2.892776e+01  6.800000e+01 -2.306912e+01
      vertex  -2.892776e+01  6.600000e+01 -2.306912e+01
      vertex  -2.574025e+01  6.800000e+01 -2.657893e+01
    endloop
  endfacet
  facet normal  7.402779e-01  0.000000e+00  6.723009e-01
    outer loop
      vertex  -2.574025e+01  6.800000e+01 -2.657893e+01
      vertex  -2.892776e+01  6.600000e+01 -2.306912e+01
      vertex  -2.574025e+01  6.600000e+01 -2.657893e+01
    endloop
  endfacet
  facet normal  6.482286e-01  0.000000e+00  7.614458e-01
    outer loop
      vertex  -2.574025e+01  6.800000e+01 -2.657893e+01
      vertex  -2.574025e+01  6.600000e+01 -2.657893e+01
      vertex  -2.213009e+01  6.800000e+01 -2.965231e+01
    endloop
  endfacet
  facet normal  6.482286e-01  0.000000e+00  7.614458e-01
    outer loop
      vertex  -2.213009e+01  6.800000e+01 -2.965231e+01
      vertex  -2.574025e+01  6.600000e+01 -2.657893e+01
      vertex  -2.213009e+01  6.600000e+01 -2.965231e+01
    endloop
  endfacet
  facet normal  5.455348e-01  0.000000e+00  8.380882e-01
    outer loop
      vertex  -2.213009e+01  6.800000e+01 -2.965231e+01
      vertex  -2.213009e+01  6.600000e+01 -2.965231e+01
      vertex  -1.815655e+01  6.800000e+01 -3.223879e+01
    endloop
  endfacet
  facet normal  5.455348e-01  0.000000e+00  8.380882e-01
    outer loop
      vertex  -1.815655e+01  6.800000e+01 -3.223879e+01
      vertex  -2.213009e+01  6.600000e+01 -2.965231e+01
      vertex  -1.815655e+01  6.600000e+01 -3.223879e+01
    endloop
  endfacet
  facet normal  4.338832e-01  0.000000e+00  9.009691e-01
    outer loop
      vertex  -1.815655e+01  6.800000e+01 -3.223879e+01
      vertex  -1.815655e+01  6.600000e+01 -3.223879e+01
      vertex  -1.388488e+01  6.800000e+01 -3.429592e+01
    endloop
  endfacet
  facet normal  4.338832e-01  0.000000e+00  9.009691e-01
    outer loop
      vertex  -1.388488e+01  6.800000e+01 -3.429592e+01
      vertex  -1.815655e+01  6.600000e+01 -3.223879e+01
      vertex  -1.388488e+01  6.600000e+01 -3.429592e+01
    endloop
  endfacet
  facet normal  3.151086e-01  0.000000e+00  9.490556e-01
    outer loop
      vertex  -1.388488e+01  6.800000e+01 -3.429592e+01
      vertex  -1.388488e+01  6.600000e+01 -3.429592e+01
      vertex  -9.385220e+00  6.800000e+01 -3.578991e+01
    endloop
  endfacet
  facet normal  3.151086e-01  0.000000e+00  9.490556e-01
    outer loop
      vertex  -9.385220e+00  6.800000e+01 -3.578991e+01
      vertex  -1.388488e+01  6.600000e+01 -3.429592e+01
      vertex  -9.385220e+00  6.600000e+01 -3.578991e+01
    endloop
  endfacet
  facet normal  1.911590e-01  0.000000e+00  9.815591e-01
    outer loop
      vertex  -9.385220e+00  6.800000e+01 -3.578991e+01
      vertex  -9.385220e+00  6.600000e+01 -3.578991e+01
      vertex  -4.731455e+00  6.800000e+01 -3.669623e+01
    endloop
  endfacet
  facet normal  1.911590e-01  0.000000e+00  9.815591e-01
    outer loop
      vertex  -4.731455e+00  6.800000e+01 -3.669623e+01
      vertex  -9.385220e+00  6.600000e+01 -3.578991e+01
      vertex  -4.731455e+00  6.600000e+01 -3.669623e+01
    endloop
  endfacet
  facet normal -0.000000e+00 -1.000000e+00  0.000000e+00
    outer loop
      vertex   5.676249e+00  2.000000e+01  5.219225e+01
      vertex   0.000000e+00  2.000000e+01  5.250000e+01
      vertex   0.000000e+00  2.000000e+01  3.900000e+01
    endloop
  endfacet
  facet normal  0.000000e+00 -1.000000e+00  0.000000e+00
    outer loop
      vertex   0.000000e+00  2.000000e+01  3.900000e+01
      vertex   0.000000e+00  2.000000e+01  5.250000e+01
      vertex  -5.676249e+00  2.000000e+01  5.219225e+01
    endloop
  endfacet
  facet normal -0.000000e+00 -1.000000e+00  0.000000e+00
    outer loop
      vertex   0.000000e+00  2.000000e+01  3.900000e+01
      vertex  -5.676249e+00  2.000000e+01  5.219225e+01
      vertex  -4.887996e+00  2.000000e+01  3.869247e+01
    endloop
  endfacet
  facet normal  0.000000e+00 -1.000000e+00  0.000000e+00
    outer loop
      vertex  -4.887996e+00  2.000000e+01  3.869247e+01
      vertex  -5.676249e+00  2.000000e+01  5.219225e+01
      vertex  -1.128595e+01  2.000000e+01  5.127258e+01
    endloop
  endfacet
  facet normal -0.000000e+00 -1.000000e+00  0.000000e+00
    outer loop
      vertex  -4.887996e+00  2.000000e+01  3.869247e+01
      vertex  -1.128595e+01  2.000000e+01  5.127258e+01
      vertex  -9.698905e+00  2.000000e+01  3.777474e+01
    endloop
  endfacet
  facet normal  0.000000e+00 -1.000000e+00  0.000000e+00
    outer loop
      vertex  -9.698905e+00  2.000000e+01  3.777474e+01
      vertex  -1.128595e+01  2.000000e+01  5.127258e+01
      vertex  -1.676333e+01  2.000000e+01  4.975179e+01
    endloop
  endfacet
  facet normal -0.000000e+00 -1.000000e+00  0.000000e+00
    outer loop
      vertex  -9.698905e+00  2.000000e+01  3.777474e+01
      vertex  -1.676333e+01  2.000000e+01  4.975179e+01
      vertex  -1.435686e+01  2.000000e+01  3.626128e+01
    endloop
  endfacet
  facet normal  0.000000e+00 -1.000000e+00  0.000000e+00
    outer loop
      vertex  -1.435686e+01  2.000000e+01  3.626128e+01
      vertex  -1.676333e+01  2.000000e+01  4.975179e+01
      vertex  -2.204418e+01  2.000000e+01  4.764771e+01
    endloop
  endfacet
  facet normal -0.000000e+00 -1.000000e+00  0.000000e+00
    outer loop
      vertex  -1.435686e+01  2.000000e+01  3.626128e+01
      vertex  -2.204418e+01  2.000000e+01  4.764771e+01
      vertex  -1.878839e+01  2.000000e+01  3.417596e+01
    endloop
  endfacet
  facet normal  0.000000e+00 -1.000000e+00  0.000000e+00
    outer loop
      vertex  -1.878839e+01  2.000000e+01  3.417596e+01
      vertex  -2.204418e+01  2.000000e+01  4.764771e+01
      vertex  -2.706658e+01  2.000000e+01  4.498500e+01
    endloop
  endfacet
  facet normal -0.000000e+00 -1.000000e+00  0.000000e+00
    outer loop
      vertex  -1.878839e+01  2.000000e+01  3.417596e+01
      vertex  -2.706658e+01  2.000000e+01  4.498500e+01
      vertex  -2.292362e+01  2.000000e+01  3.155166e+01
    endloop
  endfacet
  facet normal  0.000000e+00 -1.000000e+00  0.000000e+00
    outer loop
      vertex  -2.292362e+01  2.000000e+01  3.155166e+01
      vertex  -2.706658e+01  2.000000e+01  4.498500e+01
      vertex  -3.177164e+01  2.000000e+01  4.179489e+01
    endloop
  endfacet
  facet normal -0.000000e+00 -1.000000e+00  0.000000e+00
    outer loop
      vertex  -2.292362e+01  2.000000e+01  3.155166e+01
      vertex  -3.177164e+01  2.000000e+01  4.179489e+01
      vertex  -2.669734e+01  2.000000e+01  2.842978e+01
    endloop
  endfacet
  facet normal  0.000000e+00 -1.000000e+00  0.000000e+00
    outer loop
      vertex  -2.669734e+01  2.000000e+01  2.842978e+01
      vertex  -3.177164e+01  2.000000e+01  4.179489e+01
      vertex  -3.610422e+01  2.000000e+01  3.811476e+01
    endloop
  endfacet
  facet normal  0.000000e+00 -1.000000e+00  0.000000e+00
    outer loop
      vertex  -2.669734e+01  2.000000e+01  2.842978e+01
      vertex  -3.610422e+01  2.000000e+01  3.811476e+01
      vertex  -4.001351e+01  2.000000e+01  3.398778e+01
    endloop
  endfacet
  facet normal -0.000000e+00 -1.000000e+00  0.000000e+00
    outer loop
      vertex  -2.669734e+01  2.000000e+01  2.842978e+01
      vertex  -4.001351e+01  2.000000e+01  3.398778e+01
      vertex  -3.005001e+01  2.000000e+01  2.485954e+01
    endloop
  endfacet
  facet normal  0.000000e+00 -1.000000e+00  0.000000e+00
    outer loop
      vertex  -3.005001e+01  2.000000e+01  2.485954e+01
      vertex  -4.001351e+01  2.000000e+01  3.398778e+01
      vertex  -4.345367e+01  2.000000e+01  2.946232e+01
    endloop
  endfacet
  facet normal -0.000000e+00 -1.000000e+00  0.000000e+00
    outer loop
      vertex  -3.005001e+01  2.000000e+01  2.485954e+01
      vertex  -4.345367e+01  2.000000e+01  2.946232e+01
      vertex  -3.292879e+01  2.000000e+01  2.089725e+01
    endloop
  endfacet
  facet normal  0.000000e+00 -1.000000e+00  0.000000e+00
    outer loop
      vertex  -3.292879e+01  2.000000e+01  2.089725e+01
      vertex  -4.345367e+01  2.000000e+01  2.946232e+01
      vertex  -4.638438e+01  2.000000e+01  2.459144e+01
    endloop
  endfacet
  facet normal -0.000000e+00 -1.000000e+00  0.000000e+00
    outer loop
      vertex  -3.292879e+01  2.000000e+01  2.089725e+01
      vertex  -4.638438e+01  2.000000e+01  2.459144e+01
      vertex  -3.528825e+01  2.000000e+01  1.660539e+01
    endloop
  endfacet
  facet normal  0.000000e+00 -1.000000e+00  0.000000e+00
    outer loop
      vertex  -3.528825e+01  2.000000e+01  1.660539e+01
      vertex  -4.638438e+01  2.000000e+01  2.459144e+01
      vertex  -4.877128e+01  2.000000e+01  1.943225e+01
    endloop
  endfacet
  facet normal -0.000000e+00 -1.000000e+00  0.000000e+00
    outer loop
      vertex  -3.528825e+01  2.000000e+01  1.660539e+01
      vertex  -4.877128e+01  2.000000e+01  1.943225e+01
      vertex  -3.709121e+01  2.000000e+01  1.205166e+01
    endloop
  endfacet
  facet normal  0.000000e+00 -1.000000e+00  0.000000e+00
    outer loop
      vertex  -3.709121e+01  2.000000e+01  1.205166e+01
      vertex  -4.877128e+01  2.000000e+01  1.943225e+01
      vertex  -5.058638e+01  2.000000e+01  1.404524e+01
    endloop
  endfacet
  facet normal -0.000000e+00 -1.000000e+00  0.000000e+00
    outer loop
      vertex  -3.709121e+01  2.000000e+01  1.205166e+01
      vertex  -5.058638e+01  2.000000e+01  1.404524e+01
      vertex  -3.830920e+01  2.000000e+01  7.307871e+00
    endloop
  endfacet
  facet normal  0.000000e+00 -1.000000e+00  0.000000e+00
    outer loop
      vertex  -3.830920e+01  2.000000e+01  7.307871e+00
      vertex  -5.058638e+01  2.000000e+01  1.404524e+01
      vertex  -5.180839e+01  2.000000e+01  8.493555e+00
    endloop
  endfacet
  facet normal -0.000000e+00 -1.000000e+00  0.000000e+00
    outer loop
      vertex  -3.830920e+01  2.000000e+01  7.307871e+00
      vertex  -5.180839e+01  2.000000e+01  8.493555e+00
      vertex  -3.892304e+01  2.000000e+01  2.448830e+00
    endloop
  endfacet
  facet normal  0.000000e+00 -1.000000e+00  0.000000e+00
    outer loop
      vertex  -3.892304e+01  2.000000e+01  2.448830e+00
      vertex  -5.180839e+01  2.000000e+01  8.493555e+00
      vertex  -5.242300e+01  2.000000e+01  2.842293e+00
    endloop
  endfacet
  facet normal -0.000000e+00 -1.000000e+00  0.000000e+00
    outer loop
      vertex  -3.892304e+01  2.000000e+01  2.448830e+00
      vertex  -5.242300e+01  2.000000e+01  2.842293e+00
      vertex  -5.242300e+01  2.000000e+01 -2.842293e+00
    endloop
  endfacet
  facet normal  0.000000e+00 -1.000000e+00 -0.000000e+00
    outer loop
      vertex  -3.892304e+01  2.000000e+01  2.448830e+00
      vertex  -5.242300e+01  2.000000e+01 -2.842293e+00
      vertex  -3.892304e+01  2.000000e+01 -2.448830e+00
    endloop
  endfacet
  facet normal  0.000000e+00 -1.000000e+00  0.000000e+00
    outer loop
      vertex  -3.892304e+01  2.000000e+01 -2.448830e+00
      vertex  -5.242300e+01  2.000000e+01 -2.842293e+00
      vertex  -5.180839e+01  2.000000e+01 -8.493555e+00
    endloop
  endfacet
  facet normal  0.000000e+00 -1.000000e+00 -0.000000e+00
    outer loop
      vertex  -3.892304e+01  2.000000e+01 -2.448830e+00
      vertex  -5.180839e+01  2.000000e+01 -8.493555e+00
      vertex  -3.830920e+01  2.000000e+01 -7.307871e+00
    endloop
  endfacet
  facet normal  0.000000e+00 -1.000000e+00  0.000000e+00
    outer loop
      vertex  -3.830920e+01  2.000000e+01 -7.307871e+00
      vertex  -5.180839e+01  2.000000e+01 -8.493555e+00
      vertex  -5.058638e+01  2.000000e+01 -1.404524e+01
    endloop
  endfacet
  facet normal  0.000000e+00 -1.000000e+00 -0.000000e+00
    outer loop
      vertex  -3.830920e+01  2.000000e+01 -7.307871e+00
      vertex  -5.058638e+01  2.000000e+01 -1.404524e+01
      vertex  -3.709121e+01  2.000000e+01 -1.205166e+01
    endloop
  endfacet
  facet normal  0.000000e+00 -1.000000e+00  0.000000e+00
    outer loop
      vertex  -3.709121e+01  2.000000e+01 -1.205166e+01
      vertex  -5.058638e+01  2.000000e+01 -1.404524e+01
      vertex  -4.877128e+01  2.000000e+01 -1.943225e+01
    endloop
  endfacet
  facet normal  0.000000e+00 -1.000000e+00 -0.000000e+00
    outer loop
      vertex  -3.709121e+01  2.000000e+01 -1.205166e+01
      vertex  -4.877128e+01  2.000000e+01 -1.943225e+01
      vertex  -3.528825e+01  2.000000e+01 -1.660539e+01
    endloop
  endfacet
  facet normal  0.000000e+00 -1.000000e+00  0.000000e+00
    outer loop
      vertex  -3.528825e+01  2.000000e+01 -1.660539e+01
      vertex  -4.877128e+01  2.000000e+01 -1.943225e+01
      vertex  -4.638438e+01  2.000000e+01 -2.459144e+01
    endloop
  endfacet
  facet normal  0.000000e+00 -1.000000e+00 -0.000000e+00
    outer loop
      vertex  -3.528825e+01  2.000000e+01 -1.660539e+01
      vertex  -4.638438e+01  2.000000e+01 -2.459144e+01
      vertex  -3.292879e+01  2.000000e+01 -2.089725e+01
    endloop
  endfacet
  facet normal  0.000000e+00 -1.000000e+00  0.000000e+00
    outer loop
      vertex  -3.292879e+01  2.000000e+01 -2.089725e+01
      vertex  -4.638438e+01  2.000000e+01 -2.459144e+01
      vertex  -4.345367e+01  2.000000e+01 -2.946232e+01
    endloop
  endfacet
  facet normal  0.000000e+00 -1.000000e+00 -0.000000e+00
    outer loop
      vertex  -3.292879e+01  2.000000e+01 -2.089725e+01
      vertex  -4.345367e+01  2.000000e+01 -2.946232e+01
      vertex  -3.005001e+01  2.000000e+01 -2.485954e+01
    endloop
  endfacet
  facet normal  0.000000e+00 -1.000000e+00  0.000000e+00
    outer loop
      vertex  -3.005001e+01  2.000000e+01 -2.485954e+01
      vertex  -4.345367e+01  2.000000e+01 -2.946232e+01
      vertex  -4.001351e+01  2.000000e+01 -3.398778e+01
    endloop
  endfacet
  facet normal  0.000000e+00 -1.000000e+00 -0.000000e+00
    outer loop
      vertex  -3.005001e+01  2.000000e+01 -2.485954e+01
      vertex  -4.001351e+01  2.000000e+01 -3.398778e+01
      vertex  -2.669734e+01  2.000000e+01 -2.842978e+01
    endloop
  endfacet
  facet normal  0.000000e+00 -1.000000e+00  0.000000e+00
    outer loop
      vertex  -2.669734e+01  2.000000e+01 -2.842978e+01
      vertex  -4.001351e+01  2.000000e+01 -3.398778e+01
      vertex  -3.610422e+01  2.000000e+01 -3.811476e+01
    endloop
  endfacet
  facet normal  0.000000e+00 -1.000000e+00  0.000000e+00
    outer loop
      vertex  -2.669734e+01  2.000000e+01 -2.842978e+01
      vertex  -3.610422e+01  2.000000e+01 -3.811476e+01
      vertex  -3.177164e+01  2.000000e+01 -4.179489e+01
    endloop
  endfacet
  facet normal  0.000000e+00 -1.000000e+00 -0.000000e+00
    outer loop
      vertex  -2.669734e+01  2.000000e+01 -2.842978e+01
      vertex  -3.177164e+01  2.000000e+01 -4.179489e+01
      vertex  -2.292362e+01  2.000000e+01 -3.155166e+01
    endloop
  endfacet
  facet normal  0.000000e+00 -1.000000e+00  0.000000e+00
    outer loop
      vertex  -2.292362e+01  2.000000e+01 -3.155166e+01
      vertex  -3.177164e+01  2.000000e+01 -4.179489e+01
      vertex  -2.706658e+01  2.000000e+01 -4.498500e+01
    endloop
  endfacet
  facet normal  0.000000e+00 -1.000000e+00 -0.000000e+00
    outer loop
      vertex  -2.292362e+01  2.000000e+01 -3.155166e+01
      vertex  -2.706658e+01  2.000000e+01 -4.498500e+01
      vertex  -1.878839e+01  2.000000e+01 -3.417596e+01
    endloop
  endfacet
  facet normal  0.000000e+00 -1.000000e+00  0.000000e+00
    outer loop
      vertex  -1.878839e+01  2.000000e+01 -3.417596e+01
      vertex  -2.706658e+01  2.000000e+01 -4.498500e+01
      vertex  -2.204418e+01  2.000000e+01 -4.764771e+01
    endloop
  endfacet
  facet normal  0.000000e+00 -1.000000e+00 -0.000000e+00
    outer loop
      vertex  -1.878839e+01  2.000000e+01 -3.417596e+01
      vertex  -2.204418e+01  2.000000e+01 -4.764771e+01
      vertex  -1.435686e+01  2.000000e+01 -3.626128e+01
    endloop
  endfacet
  facet normal  0.000000e+00 -1.000000e+00  0.000000e+00
    outer loop
      vertex  -1.435686e+01  2.000000e+01 -3.626128e+01
      vertex  -2.204418e+01  2.000000e+01 -4.764771e+01
      vertex  -1.676333e+01  2.000000e+01 -4.975179e+01
    endloop
  endfacet
  facet normal  0.000000e+00 -1.000000e+00 -0.000000e+00
    outer loop
      vertex  -1.435686e+01  2.000000e+01 -3.626128e+01
      vertex  -1.676333e+01  2.000000e+01 -4.975179e+01
      vertex  -9.698905e+00  2.000000e+01 -3.777474e+01
    endloop
  endfacet
  facet normal  0.000000e+00 -1.000000e+00  0.000000e+00
    outer loop
      vertex  -9.698905e+00  2.000000e+01 -3.777474e+01
      vertex  -1.676333e+01  2.000000e+01 -4.975179e+01
      vertex  -1.128595e+01  2.000000e+01 -5.127258e+01
    endloop
  endfacet
  facet normal  0.000000e+00 -1.000000e+00 -0.000000e+00
    outer loop
      vertex  -9.698905e+00  2.000000e+01 -3.777474e+01
      vertex  -1.128595e+01  2.000000e+01 -5.127258e+01
      vertex  -4.887996e+00  2.000000e+01 -3.869247e+01
    endloop
  endfacet
  facet normal  0.000000e+00 -1.000000e+00  0.000000e+00
    outer loop
      vertex  -4.887996e+00  2.000000e+01 -3.869247e+01
      vertex  -1.128595e+01  2.000000e+01 -5.127258e+01
      vertex  -5.676249e+00  2.000000e+01 -5.219225e+01
    endloop
  endfacet
  facet normal  0.000000e+00 -1.000000e+00 -0.000000e+00
    outer loop
      vertex  -4.887996e+00  2.000000e+01 -3.869247e+01
      vertex  -5.676249e+00  2.000000e+01 -5.219225e+01
      vertex   0.000000e+00  2.000000e+01 -3.900000e+01
    endloop
  endfacet
  facet normal  0.000000e+00 -1.000000e+00 -0.000000e+00
    outer loop
      vertex   0.000000e+00  2.000000e+01 -3.900000e+01
      vertex  -5.676249e+00  2.000000e+01 -5.219225e+01
      vertex   0.000000e+00  2.000000e+01 -5.250000e+01
    endloop
  endfacet
  facet normal  0.000000e+00 -1.000000e+00  0.000000e+00
    outer loop
      vertex   0.000000e+00  2.000000e+01 -3.900000e+01
      vertex   0.000000e+00  2.000000e+01 -5.250000e+01
      vertex   5.676249e+00  2.000000e+01 -5.219225e+01
    endloop
  endfacet
  facet normal  0.000000e+00 -1.000000e+00  0.000000e+00
    outer loop
      vertex   0.000000e+00  2.000000e+01 -3.900000e+01
      vertex   5.676249e+00  2.000000e+01 -5.219225e+01
      vertex   4.887996e+00  2.000000e+01 -3.869247e+01
    endloop
  endfacet
  facet normal  0.000000e+00 -1.000000e+00  0.000000e+00
    outer loop
      vertex   4.887996e+00  2.000000e+01 -3.869247e+01
      vertex   5.676249e+00  2.000000e+01 -5.219225e+01
      vertex   1.128595e+01  2.000000e+01 -5.127258e+01
    endloop
  endfacet
  facet normal  0.000000e+00 -1.000000e+00  0.000000e+00
    outer loop
      vertex   4.887996e+00  2.000000e+01 -3.869247e+01
      vertex   1.128595e+01  2.000000e+01 -5.127258e+01
      vertex   9.698905e+00  2.000000e+01 -3.777474e+01
    endloop
  endfacet
  facet normal  0.000000e+00 -1.000000e+00  0.000000e+00
    outer loop
      vertex   9.698905e+00  2.000000e+01 -3.777474e+01
      vertex   1.128595e+01  2.000000e+01 -5.127258e+01
      vertex   1.676333e+01  2.000000e+01 -4.975179e+01
    endloop
  endfacet
  facet normal  0.000000e+00 -1.000000e+00  0.000000e+00
    outer loop
      vertex   9.698905e+00  2.000000e+01 -3.777474e+01
      vertex   1.676333e+01  2.000000e+01 -4.975179e+01
      vertex   1.435686e+01  2.000000e+01 -3.626128e+01
    endloop
  endfacet
  facet normal  0.000000e+00 -1.000000e+00  0.000000e+00
    outer loop
      vertex   1.435686e+01  2.000000e+01 -3.626128e+01
      vertex   1.676333e+01  2.000000e+01 -4.975179e+01
      vertex   2.204418e+01  2.000000e+01 -4.764771e+01
    endloop
  endfacet
  facet normal  0.000000e+00 -1.000000e+00  0.000000e+00
    outer loop
      vertex   1.435686e+01  2.000000e+01 -3.626128e+01
      vertex   2.204418e+01  2.000000e+01 -4.764771e+01
      vertex   1.878839e+01  2.000000e+01 -3.417596e+01
    endloop
  endfacet
  facet normal  0.000000e+00 -1.000000e+00  0.000000e+00
    outer loop
      vertex   1.878839e+01  2.000000e+01 -3.417596e+01
      vertex   2.204418e+01  2.000000e+01 -4.764771e+01
      vertex   2.706658e+01  2.000000e+01 -4.498500e+01
    endloop
  endfacet
  facet normal  0.000000e+00 -1.000000e+00  0.000000e+00
    outer loop
      vertex   1.878839e+01  2.000000e+01 -3.417596e+01
      vertex   2.706658e+01  2.000000e+01 -4.498500e+01
      vertex   2.292362e+01  2.000000e+01 -3.155166e+01
    endloop
  endfacet
  facet normal  0.000000e+00 -1.000000e+00  0.000000e+00
    outer loop
      vertex   2.292362e+01  2.000000e+01 -3.155166e+01
      vertex   2.706658e+01  2.000000e+01 -4.498500e+01
      vertex   3.177164e+01  2.000000e+01 -4.179489e+01
    endloop
  endfacet
  facet normal  0.000000e+00 -1.000000e+00  0.000000e+00
    outer loop
      vertex   2.292362e+01  2.000000e+01 -3.155166e+01
      vertex   3.177164e+01  2.000000e+01 -4.179489e+01
      vertex   2.669734e+01  2.000000e+01 -2.842978e+01
    endloop
  endfacet
  facet normal  0.000000e+00 -1.000000e+00  0.000000e+00
    outer loop
      vertex   2.669734e+01  2.000000e+01 -2.842978e+01
      vertex   3.177164e+01  2.000000e+01 -4.179489e+01
      vertex   3.610422e+01  2.000000e+01 -3.811476e+01
    endloop
  endfacet
  facet normal  0.000000e+00 -1.000000e+00  0.000000e+00
    outer loop
      vertex   2.669734e+01  2.000000e+01 -2.842978e+01
      vertex   3.610422e+01  2.000000e+01 -3.811476e+01
      vertex   4.001351e+01  2.000000e+01 -3.398778e+01
    endloop
  endfacet
  facet normal  0.000000e+00 -1.000000e+00  0.000000e+00
    outer loop
      vertex   2.669734e+01  2.000000e+01 -2.842978e+01
      vertex   4.001351e+01  2.000000e+01 -3.398778e+01
      vertex   3.005001e+01  2.000000e+01 -2.485954e+01
    endloop
  endfacet
  facet normal  0.000000e+00 -1.000000e+00  0.000000e+00
    outer loop
      vertex   3.005001e+01  2.000000e+01 -2.485954e+01
      vertex   4.001351e+01  2.000000e+01 -3.398778e+01
      vertex   4.345367e+01  2.000000e+01 -2.946232e+01
    endloop
  endfacet
  facet normal  0.000000e+00 -1.000000e+00  0.000000e+00
    outer loop
      vertex   3.005001e+01  2.000000e+01 -2.485954e+01
      vertex   4.345367e+01  2.000000e+01 -2.946232e+01
      vertex   3.292879e+01  2.000000e+01 -2.089725e+01
    endloop
  endfacet
  facet normal  0.000000e+00 -1.000000e+00  0.000000e+00
    outer loop
      vertex   3.292879e+01  2.000000e+01 -2.089725e+01
      vertex   4.345367e+01  2.000000e+01 -2.946232e+01
      vertex   4.638438e+01  2.000000e+01 -2.459144e+01
    endloop
  endfacet
  facet normal  0.000000e+00 -1.000000e+00  0.000000e+00
    outer loop
      vertex   3.292879e+01  2.000000e+01 -2.089725e+01
      vertex   4.638438e+01  2.000000e+01 -2.459144e+01
      vertex   3.528825e+01  2.000000e+01 -1.660539e+01
    endloop
  endfacet
  facet normal  0.000000e+00 -1.000000e+00  0.000000e+00
    outer loop
      vertex   3.528825e+01  2.000000e+01 -1.660539e+01
      vertex   4.638438e+01  2.000000e+01 -2.459144e+01
      vertex   4.877128e+01  2.000000e+01 -1.943225e+01
    endloop
  endfacet
  facet normal  0.000000e+00 -1.000000e+00  0.000000e+00
    outer loop
      vertex   3.528825e+01  2.000000e+01 -1.660539e+01
      vertex   4.877128e+01  2.000000e+01 -1.943225e+01
      vertex   3.709121e+01  2.000000e+01 -1.205166e+01
    endloop
  endfacet
  facet normal  0.000000e+00 -1.000000e+00  0.000000e+00
    outer loop
      vertex   3.709121e+01  2.000000e+01 -1.205166e+01
      vertex   4.877128e+01  2.000000e+01 -1.943225e+01
      vertex   5.058638e+01  2.000000e+01 -1.404524e+01
    endloop
  endfacet
  facet normal  0.000000e+00 -1.000000e+00  0.000000e+00
    outer loop
      vertex   3.709121e+01  2.000000e+01 -1.205166e+01
      vertex   5.058638e+01  2.000000e+01 -1.404524e+01
      vertex   3.830920e+01  2.000000e+01 -7.307871e+00
    endloop
  endfacet
  facet normal  0.000000e+00 -1.000000e+00  0.000000e+00
    outer loop
      vertex   3.830920e+01  2.000000e+01 -7.307871e+00
      vertex   5.058638e+01  2.000000e+01 -1.404524e+01
      vertex   5.180839e+01  2.000000e+01 -8.493555e+00
    endloop
  endfacet
  facet normal  0.000000e+00 -1.000000e+00  0.000000e+00
    outer loop
      vertex   3.830920e+01  2.000000e+01 -7.307871e+00
      vertex   5.180839e+01  2.000000e+01 -8.493555e+00
      vertex   3.892304e+01  2.000000e+01 -2.448830e+00
    endloop
  endfacet
  facet normal  0.000000e+00 -1.000000e+00  0.000000e+00
    outer loop
      vertex   3.892304e+01  2.000000e+01 -2.448830e+00
      vertex   5.180839e+01  2.000000e+01 -8.493555e+00
      vertex   5.242300e+01  2.000000e+01 -2.842293e+00
    endloop
  endfacet
  facet normal  0.000000e+00 -1.000000e+00  0.000000e+00
    outer loop
      vertex   3.892304e+01  2.000000e+01 -2.448830e+00
      vertex   5.242300e+01  2.000000e+01 -2.842293e+00
      vertex   5.242300e+01  2.000000e+01  2.842293e+00
    endloop
  endfacet
  facet normal  0.000000e+00 -1.000000e+00  0.000000e+00
    outer loop
      vertex   3.892304e+01  2.000000e+01 -2.448830e+00
      vertex   5.242300e+01  2.000000e+01  2.842293e+00
      vertex   3.892304e+01  2.000000e+01  2.448830e+00
    endloop
  endfacet
  facet normal  0.000000e+00 -1.000000e+00  0.000000e+00
    outer loop
      vertex   3.892304e+01  2.000000e+01  2.448830e+00
      vertex   5.242300e+01  2.000000e+01  2.842293e+00
      vertex   5.180839e+01  2.000000e+01  8.493555e+00
    endloop
  endfacet
  facet normal  0.000000e+00 -1.000000e+00  0.000000e+00
    outer loop
      vertex   3.892304e+01  2.000000e+01  2.448830e+00
      vertex   5.180839e+01  2.000000e+01  8.493555e+00
      vertex   3.830920e+01  2.000000e+01  7.307871e+00
    endloop
  endfacet
  facet normal  0.000000e+00 -1.000000e+00  0.000000e+00
    outer loop
      vertex   3.830920e+01  2.000000e+01  7.307871e+00
      vertex   5.180839e+01  2.000000e+01  8.493555e+00
      vertex   5.058638e+01  2.000000e+01  1.404524e+01
    endloop
  endfacet
  facet normal  0.000000e+00 -1.000000e+00  0.000000e+00
    outer loop
      vertex   3.830920e+01  2.000000e+01  7.307871e+00
      vertex   5.058638e+01  2.000000e+01  1.404524e+01
      vertex   3.709121e+01  2.000000e+01  1.205166e+01
    endloop
  endfacet
  facet normal  0.000000e+00 -1.000000e+00  0.000000e+00
    outer loop
      vertex   3.709121e+01  2.000000e+01  1.205166e+01
      vertex   5.058638e+01  2.000000e+01  1.404524e+01
      vertex   4.877128e+01  2.000000e+01  1.943225e+01
    endloop
  endfacet
  facet normal  0.000000e+00 -1.000000e+00  0.000000e+00
    outer loop
      vertex   3.709121e+01  2.000000e+01  1.205166e+01
      vertex   4.877128e+01  2.000000e+01  1.943225e+01
      vertex   3.528825e+01  2.000000e+01  1.660539e+01
    endloop
  endfacet
  facet normal  0.000000e+00 -1.000000e+00  0.000000e+00
    outer loop
      vertex   3.528825e+01  2.000000e+01  1.660539e+01
      vertex   4.877128e+01  2.000000e+01  1.943225e+01
      vertex   4.638438e+01  2.000000e+01  2.459144e+01
    endloop
  endfacet
  facet normal  0.000000e+00 -1.000000e+00  0.000000e+00
    outer loop
      vertex   3.528825e+01  2.000000e+01  1.660539e+01
      vertex   4.638438e+01  2.000000e+01  2.459144e+01
      vertex   3.292879e+01  2.000000e+01  2.089725e+01
    endloop
  endfacet
  facet normal  0.000000e+00 -1.000000e+00  0.000000e+00
    outer loop
      vertex   3.292879e+01  2.000000e+01  2.089725e+01
      vertex   4.638438e+01  2.000000e+01  2.459144e+01
      vertex   4.345367e+01  2.000000e+01  2.946232e+01
    endloop
  endfacet
  facet normal  0.000000e+00 -1.000000e+00  0.000000e+00
    outer loop
      vertex   3.292879e+01  2.000000e+01  2.089725e+01
      vertex   4.345367e+01  2.000000e+01  2.946232e+01
      vertex   3.005001e+01  2.000000e+01  2.485954e+01
    endloop
  endfacet
  facet normal  0.000000e+00 -1.000000e+00  0.000000e+00
    outer loop
      vertex   3.005001e+01  2.000000e+01  2.485954e+01
      vertex   4.345367e+01  2.000000e+01  2.946232e+01
      vertex   4.001351e+01  2.000000e+01  3.398778e+01
    endloop
  endfacet
  facet normal  0.000000e+00 -1.000000e+00  0.000000e+00
    outer loop
      vertex   3.005001e+01  2.000000e+01  2.485954e+01
      vertex   4.001351e+01  2.000000e+01  3.398778e+01
      vertex   2.669734e+01  2.000000e+01  2.842978e+01
    endloop
  endfacet
  facet normal  0.000000e+00 -1.000000e+00  0.000000e+00
    outer loop
      vertex   2.669734e+01  2.000000e+01  2.842978e+01
      vertex   4.001351e+01  2.000000e+01  3.398778e+01
      vertex   3.610422e+01  2.000000e+01  3.811476e+01
    endloop
  endfacet
  facet normal  0.000000e+00 -1.000000e+00  0.000000e+00
    outer loop
      vertex   2.669734e+01  2.000000e+01  2.842978e+01
      vertex   3.610422e+01  2.000000e+01  3.811476e+01
      vertex   3.177164e+01  2.000000e+01  4.179489e+01
    endloop
  endfacet
  facet normal  0.000000e+00 -1.000000e+00  0.000000e+00
    outer loop
      vertex   2.669734e+01  2.000000e+01  2.842978e+01
      vertex   3.177164e+01  2.000000e+01  4.179489e+01
      vertex   2.292362e+01  2.000000e+01  3.155166e+01
    endloop
  endfacet
  facet normal  0.000000e+00 -1.000000e+00  0.000000e+00
    outer loop
      vertex   2.292362e+01  2.000000e+01  3.155166e+01
      vertex   3.177164e+01  2.000000e+01  4.179489e+01
      vertex   2.706658e+01  2.000000e+01  4.498500e+01
    endloop
  endfacet
  facet normal  0.000000e+00 -1.000000e+00  0.000000e+00
    outer loop
      vertex   2.292362e+01  2.000000e+01  3.155166e+01
      vertex   2.706658e+01  2.000000e+01  4.498500e+01
      vertex   1.878839e+01  2.000000e+01  3.417596e+01
    endloop
  endfacet
  facet normal  0.000000e+00 -1.000000e+00  0.000000e+00
    outer loop
      vertex   1.878839e+01  2.000000e+01  3.417596e+01
      vertex   2.706658e+01  2.000000e+01  4.498500e+01
      vertex   2.204418e+01  2.000000e+01  4.764771e+01
    endloop
  endfacet
  facet normal  0.000000e+00 -1.000000e+00  0.000000e+00
    outer loop
      vertex   1.878839e+01  2.000000e+01  3.417596e+01
      vertex   2.204418e+01  2.000000e+01  4.764771e+01
      vertex   1.435686e+01  2.000000e+01  3.626128e+01
    endloop
  endfacet
  facet normal  0.000000e+00 -1.000000e+00  0.000000e+00
    outer loop
      vertex   1.435686e+01  2.000000e+01  3.626128e+01
      vertex   2.204418e+01  2.000000e+01  4.764771e+01
      vertex   1.676333e+01  2.000000e+01  4.975179e+01
    endloop
  endfacet
  facet normal  0.000000e+00 -1.000000e+00  0.000000e+00
    outer loop
      vertex   1.435686e+01  2.000000e+01  3.626128e+01
      vertex   1.676333e+01  2.000000e+01  4.975179e+01
      vertex   9.698905e+00  2.000000e+01  3.777474e+01
    endloop
  endfacet
  facet normal  0.000000e+00 -1.000000e+00  0.000000e+00
    outer loop
      vertex   9.698905e+00  2.000000e+01  3.777474e+01
      vertex   1.676333e+01  2.000000e+01  4.975179e+01
      vertex   1.128595e+01  2.000000e+01  5.127258e+01
    endloop
  endfacet
  facet normal  0.000000e+00 -1.000000e+00  0.000000e+00
    outer loop
      vertex   9.698905e+00  2.000000e+01  3.777474e+01
      vertex   1.128595e+01  2.000000e+01  5.127258e+01
      vertex   4.887996e+00  2.000000e+01  3.869247e+01
    endloop
  endfacet
  facet normal  0.000000e+00 -1.000000e+00  0.000000e+00
    outer loop
      vertex   4.887996e+00  2.000000e+01  3.869247e+01
      vertex   1.128595e+01  2.000000e+01  5.127258e+01
      vertex   5.676249e+00  2.000000e+01  5.219225e+01
    endloop
  endfacet
  facet normal  0.000000e+00 -1.000000e+00  0.000000e+00
    outer loop
      vertex   4.887996e+00  2.000000e+01  3.869247e+01
      vertex   5.676249e+00  2.000000e+01  5.219225e+01
      vertex   0.000000e+00  2.000000e+01  3.900000e+01
    endloop
  endfacet
endsolid vcg
