solid STL generated by MeshLab
  facet normal -9.985334e-01  0.000000e+00  5.413869e-02
    outer loop
      vertex   5.020397e+01  0.000000e+00 -5.460010e+00
      vertex   5.020397e+01 -6.000000e+00 -5.460010e+00
      vertex   5.050000e+01  0.000000e+00  0.000000e+00
    endloop
  endfacet
  facet normal -9.985334e-01  0.000000e+00  5.413869e-02
    outer loop
      vertex   5.050000e+01  0.000000e+00  0.000000e+00
      vertex   5.020397e+01 -6.000000e+00 -5.460010e+00
      vertex   5.050000e+01 -6.000000e+00  0.000000e+00
    endloop
  endfacet
  facet normal -9.985334e-01 -0.000000e+00 -5.413869e-02
    outer loop
      vertex   5.050000e+01  0.000000e+00  0.000000e+00
      vertex   5.050000e+01 -6.000000e+00  0.000000e+00
      vertex   5.020397e+01  0.000000e+00  5.460010e+00
    endloop
  endfacet
  facet normal -9.985334e-01 -0.000000e+00 -5.413869e-02
    outer loop
      vertex   5.020397e+01  0.000000e+00  5.460010e+00
      vertex   5.050000e+01 -6.000000e+00  0.000000e+00
      vertex   5.020397e+01 -6.000000e+00  5.460010e+00
    endloop
  endfacet
  facet normal -9.868265e-01 -0.000000e+00 -1.617819e-01
    outer loop
      vertex   5.020397e+01  0.000000e+00  5.460010e+00
      vertex   5.020397e+01 -6.000000e+00  5.460010e+00
      vertex   4.931934e+01  0.000000e+00  1.085601e+01
    endloop
  endfacet
  facet normal -9.868265e-01 -0.000000e+00 -1.617819e-01
    outer loop
      vertex   4.931934e+01  0.000000e+00  1.085601e+01
      vertex   5.020397e+01 -6.000000e+00  5.460010e+00
      vertex   4.931934e+01 -6.000000e+00  1.085601e+01
    endloop
  endfacet
  facet normal -9.635499e-01 -0.000000e+00 -2.675289e-01
    outer loop
      vertex   4.931934e+01  0.000000e+00  1.085601e+01
      vertex   4.931934e+01 -6.000000e+00  1.085601e+01
      vertex   4.785648e+01  0.000000e+00  1.612473e+01
    endloop
  endfacet
  facet normal -9.635499e-01 -0.000000e+00 -2.675289e-01
    outer loop
      vertex   4.785648e+01  0.000000e+00  1.612473e+01
      vertex   4.931934e+01 -6.000000e+00  1.085601e+01
      vertex   4.785648e+01 -6.000000e+00  1.612473e+01
    endloop
  endfacet
  facet normal -9.289768e-01 -0.000000e+00 -3.701381e-01
    outer loop
      vertex   4.785648e+01  0.000000e+00  1.612473e+01
      vertex   4.785648e+01 -6.000000e+00  1.612473e+01
      vertex   4.583256e+01  0.000000e+00  2.120440e+01
    endloop
  endfacet
  facet normal -9.289768e-01 -0.000000e+00 -3.701381e-01
    outer loop
      vertex   4.583256e+01  0.000000e+00  2.120440e+01
      vertex   4.785648e+01 -6.000000e+00  1.612473e+01
      vertex   4.583256e+01 -6.000000e+00  2.120440e+01
    endloop
  endfacet
  facet normal -8.835124e-01 -0.000000e+00 -4.684078e-01
    outer loop
      vertex   4.583256e+01  0.000000e+00  2.120440e+01
      vertex   4.583256e+01 -6.000000e+00  2.120440e+01
      vertex   4.327129e+01  0.000000e+00  2.603547e+01
    endloop
  endfacet
  facet normal -8.835124e-01 -0.000000e+00 -4.684078e-01
    outer loop
      vertex   4.327129e+01  0.000000e+00  2.603547e+01
      vertex   4.583256e+01 -6.000000e+00  2.120440e+01
      vertex   4.327129e+01 -6.000000e+00  2.603547e+01
    endloop
  endfacet
  facet normal -8.276885e-01 -0.000000e+00 -5.611878e-01
    outer loop
      vertex   4.327129e+01  0.000000e+00  2.603547e+01
      vertex   4.327129e+01 -6.000000e+00  2.603547e+01
      vertex   4.020270e+01  0.000000e+00  3.056130e+01
    endloop
  endfacet
  facet normal -8.276885e-01 -0.000000e+00 -5.611878e-01
    outer loop
      vertex   4.020270e+01  0.000000e+00  3.056130e+01
      vertex   4.327129e+01 -6.000000e+00  2.603547e+01
      vertex   4.020270e+01 -6.000000e+00  3.056130e+01
    endloop
  endfacet
  facet normal -7.621623e-01 -0.000000e+00 -6.473860e-01
    outer loop
      vertex   4.020270e+01  0.000000e+00  3.056130e+01
      vertex   4.020270e+01 -6.000000e+00  3.056130e+01
      vertex   3.666277e+01  0.000000e+00  3.472882e+01
    endloop
  endfacet
  facet normal -7.621623e-01 -0.000000e+00 -6.473860e-01
    outer loop
      vertex   3.666277e+01  0.000000e+00  3.472882e+01
      vertex   4.020270e+01 -6.000000e+00  3.056130e+01
      vertex   3.666277e+01 -6.000000e+00  3.472882e+01
    endloop
  endfacet
  facet normal -6.876998e-01 -0.000000e+00 -7.259951e-01
    outer loop
      vertex   3.666277e+01  0.000000e+00  3.472882e+01
      vertex   3.666277e+01 -6.000000e+00  3.472882e+01
      vertex   3.269301e+01  0.000000e+00  3.848919e+01
    endloop
  endfacet
  facet normal -6.876998e-01 -0.000000e+00 -7.259951e-01
    outer loop
      vertex   3.269301e+01  0.000000e+00  3.848919e+01
      vertex   3.666277e+01 -6.000000e+00  3.472882e+01
      vertex   3.269301e+01 -6.000000e+00  3.848919e+01
    endloop
  endfacet
  facet normal -6.051739e-01 -0.000000e+00 -7.960933e-01
    outer loop
      vertex   3.269301e+01  0.000000e+00  3.848919e+01
      vertex   3.269301e+01 -6.000000e+00  3.848919e+01
      vertex   2.833995e+01  0.000000e+00  4.179829e+01
    endloop
  endfacet
  facet normal -6.051739e-01 -0.000000e+00 -7.960933e-01
    outer loop
      vertex   2.833995e+01  0.000000e+00  4.179829e+01
      vertex   3.269301e+01 -6.000000e+00  3.848919e+01
      vertex   2.833995e+01 -6.000000e+00  4.179829e+01
    endloop
  endfacet
  facet normal -5.155534e-01 -0.000000e+00 -8.568574e-01
    outer loop
      vertex   2.833995e+01  0.000000e+00  4.179829e+01
      vertex   2.833995e+01 -6.000000e+00  4.179829e+01
      vertex   2.365462e+01  0.000000e+00  4.461736e+01
    endloop
  endfacet
  facet normal -5.155534e-01 -0.000000e+00 -8.568574e-01
    outer loop
      vertex   2.365462e+01  0.000000e+00  4.461736e+01
      vertex   2.833995e+01 -6.000000e+00  4.179829e+01
      vertex   2.365462e+01 -6.000000e+00  4.461736e+01
    endloop
  endfacet
  facet normal -4.198893e-01 -0.000000e+00 -9.075754e-01
    outer loop
      vertex   2.365462e+01  0.000000e+00  4.461736e+01
      vertex   2.365462e+01 -6.000000e+00  4.461736e+01
      vertex   1.869198e+01  0.000000e+00  4.691332e+01
    endloop
  endfacet
  facet normal -4.198893e-01 -0.000000e+00 -9.075754e-01
    outer loop
      vertex   1.869198e+01  0.000000e+00  4.691332e+01
      vertex   2.365462e+01 -6.000000e+00  4.461736e+01
      vertex   1.869198e+01 -6.000000e+00  4.691332e+01
    endloop
  endfacet
  facet normal -3.193025e-01 -0.000000e+00 -9.476528e-01
    outer loop
      vertex   1.869198e+01  0.000000e+00  4.691332e+01
      vertex   1.869198e+01 -6.000000e+00  4.691332e+01
      vertex   1.351018e+01  0.000000e+00  4.865928e+01
    endloop
  endfacet
  facet normal -3.193025e-01 -0.000000e+00 -9.476528e-01
    outer loop
      vertex   1.351018e+01  0.000000e+00  4.865928e+01
      vertex   1.869198e+01 -6.000000e+00  4.691332e+01
      vertex   1.351018e+01 -6.000000e+00  4.865928e+01
    endloop
  endfacet
  facet normal -2.149698e-01 -0.000000e+00 -9.766207e-01
    outer loop
      vertex   1.351018e+01  0.000000e+00  4.865928e+01
      vertex   1.351018e+01 -6.000000e+00  4.865928e+01
      vertex   8.169991e+00  0.000000e+00  4.983474e+01
    endloop
  endfacet
  facet normal -2.149698e-01 -0.000000e+00 -9.766207e-01
    outer loop
      vertex   8.169991e+00  0.000000e+00  4.983474e+01
      vertex   1.351018e+01 -6.000000e+00  4.865928e+01
      vertex   8.169991e+00 -6.000000e+00  4.983474e+01
    endloop
  endfacet
  facet normal -1.081197e-01 -0.000000e+00 -9.941379e-01
    outer loop
      vertex   8.169991e+00  0.000000e+00  4.983474e+01
      vertex   8.169991e+00 -6.000000e+00  4.983474e+01
      vertex   2.734015e+00  0.000000e+00  5.042594e+01
    endloop
  endfacet
  facet normal -1.081197e-01 -0.000000e+00 -9.941379e-01
    outer loop
      vertex   2.734015e+00  0.000000e+00  5.042594e+01
      vertex   8.169991e+00 -6.000000e+00  4.983474e+01
      vertex   2.734015e+00 -6.000000e+00  5.042594e+01
    endloop
  endfacet
  facet normal -0.000000e+00 -0.000000e+00 -1.000000e+00
    outer loop
      vertex   2.734015e+00  0.000000e+00  5.042594e+01
      vertex   2.734015e+00 -6.000000e+00  5.042594e+01
      vertex  -2.734015e+00  0.000000e+00  5.042594e+01
    endloop
  endfacet
  facet normal  0.000000e+00  0.000000e+00 -1.000000e+00
    outer loop
      vertex  -2.734015e+00  0.000000e+00  5.042594e+01
      vertex   2.734015e+00 -6.000000e+00  5.042594e+01
      vertex  -2.734015e+00 -6.000000e+00  5.042594e+01
    endloop
  endfacet
  facet normal  1.081197e-01  0.000000e+00 -9.941379e-01
    outer loop
      vertex  -2.734015e+00  0.000000e+00  5.042594e+01
      vertex  -2.734015e+00 -6.000000e+00  5.042594e+01
      vertex  -8.169991e+00  0.000000e+00  4.983474e+01
    endloop
  endfacet
  facet normal  1.081197e-01  0.000000e+00 -9.941379e-01
    outer loop
      vertex  -8.169991e+00  0.000000e+00  4.983474e+01
      vertex  -2.734015e+00 -6.000000e+00  5.042594e+01
      vertex  -8.169991e+00 -6.000000e+00  4.983474e+01
    endloop
  endfacet
  facet normal  2.149698e-01  0.000000e+00 -9.766207e-01
    outer loop
      vertex  -8.169991e+00  0.000000e+00  4.983474e+01
      vertex  -8.169991e+00 -6.000000e+00  4.983474e+01
      vertex  -1.351018e+01  0.000000e+00  4.865928e+01
    endloop
  endfacet
  facet normal  2.149698e-01  0.000000e+00 -9.766207e-01
    outer loop
      vertex  -1.351018e+01  0.000000e+00  4.865928e+01
      vertex  -8.169991e+00 -6.000000e+00  4.983474e+01
      vertex  -1.351018e+01 -6.000000e+00  4.865928e+01
    endloop
  endfacet
  facet normal  3.193025e-01  0.000000e+00 -9.476528e-01
    outer loop
      vertex  -1.351018e+01  0.000000e+00  4.865928e+01
      vertex  -1.351018e+01 -6.000000e+00  4.865928e+01
      vertex  -1.869198e+01  0.000000e+00  4.691332e+01
    endloop
  endfacet
  facet normal  3.193025e-01  0.000000e+00 -9.476528e-01
    outer loop
      vertex  -1.869198e+01  0.000000e+00  4.691332e+01
      vertex  -1.351018e+01 -6.000000e+00  4.865928e+01
      vertex  -1.869198e+01 -6.000000e+00  4.691332e+01
    endloop
  endfacet
  facet normal  4.198893e-01  0.000000e+00 -9.075754e-01
    outer loop
      vertex  -1.869198e+01  0.000000e+00  4.691332e+01
      vertex  -1.869198e+01 -6.000000e+00  4.691332e+01
      vertex  -2.365462e+01  0.000000e+00  4.461736e+01
    endloop
  endfacet
  facet normal  4.198893e-01  0.000000e+00 -9.075754e-01
    outer loop
      vertex  -2.365462e+01  0.000000e+00  4.461736e+01
      vertex  -1.869198e+01 -6.000000e+00  4.691332e+01
      vertex  -2.365462e+01 -6.000000e+00  4.461736e+01
    endloop
  endfacet
  facet normal  5.155534e-01  0.000000e+00 -8.568574e-01
    outer loop
      vertex  -2.365462e+01  0.000000e+00  4.461736e+01
      vertex  -2.365462e+01 -6.000000e+00  4.461736e+01
      vertex  -2.833995e+01  0.000000e+00  4.179829e+01
    endloop
  endfacet
  facet normal  5.155534e-01  0.000000e+00 -8.568574e-01
    outer loop
      vertex  -2.833995e+01  0.000000e+00  4.179829e+01
      vertex  -2.365462e+01 -6.000000e+00  4.461736e+01
      vertex  -2.833995e+01 -6.000000e+00  4.179829e+01
    endloop
  endfacet
  facet normal  6.051739e-01  0.000000e+00 -7.960933e-01
    outer loop
      vertex  -2.833995e+01  0.000000e+00  4.179829e+01
      vertex  -2.833995e+01 -6.000000e+00  4.179829e+01
      vertex  -3.269301e+01  0.000000e+00  3.848919e+01
    endloop
  endfacet
  facet normal  6.051739e-01  0.000000e+00 -7.960933e-01
    outer loop
      vertex  -3.269301e+01  0.000000e+00  3.848919e+01
      vertex  -2.833995e+01 -6.000000e+00  4.179829e+01
      vertex  -3.269301e+01 -6.000000e+00  3.848919e+01
    endloop
  endfacet
  facet normal  6.876998e-01  0.000000e+00 -7.259951e-01
    outer loop
      vertex  -3.269301e+01  0.000000e+00  3.848919e+01
      vertex  -3.269301e+01 -6.000000e+00  3.848919e+01
      vertex  -3.666277e+01  0.000000e+00  3.472882e+01
    endloop
  endfacet
  facet normal  6.876998e-01  0.000000e+00 -7.259951e-01
    outer loop
      vertex  -3.666277e+01  0.000000e+00  3.472882e+01
      vertex  -3.269301e+01 -6.000000e+00  3.848919e+01
      vertex  -3.666277e+01 -6.000000e+00  3.472882e+01
    endloop
  endfacet
  facet normal  7.621623e-01  0.000000e+00 -6.473860e-01
    outer loop
      vertex  -3.666277e+01  0.000000e+00  3.472882e+01
      vertex  -3.666277e+01 -6.000000e+00  3.472882e+01
      vertex  -4.020270e+01  0.000000e+00  3.056130e+01
    endloop
  endfacet
  facet normal  7.621623e-01  0.000000e+00 -6.473860e-01
    outer loop
      vertex  -4.020270e+01  0.000000e+00  3.056130e+01
      vertex  -3.666277e+01 -6.000000e+00  3.472882e+01
      vertex  -4.020270e+01 -6.000000e+00  3.056130e+01
    endloop
  endfacet
  facet normal  8.276885e-01  0.000000e+00 -5.611878e-01
    outer loop
      vertex  -4.020270e+01  0.000000e+00  3.056130e+01
      vertex  -4.020270e+01 -6.000000e+00  3.056130e+01
      vertex  -4.327129e+01  0.000000e+00  2.603547e+01
    endloop
  endfacet
  facet normal  8.276885e-01  0.000000e+00 -5.611878e-01
    outer loop
      vertex  -4.327129e+01  0.000000e+00  2.603547e+01
      vertex  -4.020270e+01 -6.000000e+00  3.056130e+01
      vertex  -4.327129e+01 -6.000000e+00  2.603547e+01
    endloop
  endfacet
  facet normal  8.835124e-01  0.000000e+00 -4.684078e-01
    outer loop
      vertex  -4.327129e+01  0.000000e+00  2.603547e+01
      vertex  -4.327129e+01 -6.000000e+00  2.603547e+01
      vertex  -4.583256e+01  0.000000e+00  2.120440e+01
    endloop
  endfacet
  facet normal  8.835124e-01  0.000000e+00 -4.684078e-01
    outer loop
      vertex  -4.583256e+01  0.000000e+00  2.120440e+01
      vertex  -4.327129e+01 -6.000000e+00  2.603547e+01
      vertex  -4.583256e+01 -6.000000e+00  2.120440e+01
    endloop
  endfacet
  facet normal  9.289768e-01  0.000000e+00 -3.701381e-01
    outer loop
      vertex  -4.583256e+01  0.000000e+00  2.120440e+01
      vertex  -4.583256e+01 -6.000000e+00  2.120440e+01
      vertex  -4.785648e+01  0.000000e+00  1.612473e+01
    endloop
  endfacet
  facet normal  9.289768e-01  0.000000e+00 -3.701381e-01
    outer loop
      vertex  -4.785648e+01  0.000000e+00  1.612473e+01
      vertex  -4.583256e+01 -6.000000e+00  2.120440e+01
      vertex  -4.785648e+01 -6.000000e+00  1.612473e+01
    endloop
  endfacet
  facet normal  9.635499e-01  0.000000e+00 -2.675289e-01
    outer loop
      vertex  -4.785648e+01  0.000000e+00  1.612473e+01
      vertex  -4.785648e+01 -6.000000e+00  1.612473e+01
      vertex  -4.931934e+01  0.000000e+00  1.085601e+01
    endloop
  endfacet
  facet normal  9.635499e-01  0.000000e+00 -2.675289e-01
    outer loop
      vertex  -4.931934e+01  0.000000e+00  1.085601e+01
      vertex  -4.785648e+01 -6.000000e+00  1.612473e+01
      vertex  -4.931934e+01 -6.000000e+00  1.085601e+01
    endloop
  endfacet
  facet normal  9.868265e-01  0.000000e+00 -1.617819e-01
    outer loop
      vertex  -4.931934e+01  0.000000e+00  1.085601e+01
      vertex  -4.931934e+01 -6.000000e+00  1.085601e+01
      vertex  -5.020397e+01  0.000000e+00  5.460010e+00
    endloop
  endfacet
  facet normal  9.868265e-01  0.000000e+00 -1.617819e-01
    outer loop
      vertex  -5.020397e+01  0.000000e+00  5.460010e+00
      vertex  -4.931934e+01 -6.000000e+00  1.085601e+01
      vertex  -5.020397e+01 -6.000000e+00  5.460010e+00
    endloop
  endfacet
  facet normal  9.985334e-01  0.000000e+00 -5.413869e-02
    outer loop
      vertex  -5.020397e+01  0.000000e+00  5.460010e+00
      vertex  -5.020397e+01 -6.000000e+00  5.460010e+00
      vertex  -5.050000e+01  0.000000e+00  0.000000e+00
    endloop
  endfacet
  facet normal  9.985334e-01  0.000000e+00 -5.413869e-02
    outer loop
      vertex  -5.050000e+01  0.000000e+00  0.000000e+00
      vertex  -5.020397e+01 -6.000000e+00  5.460010e+00
      vertex  -5.050000e+01 -6.000000e+00  0.000000e+00
    endloop
  endfacet
  facet normal  9.985334e-01  0.000000e+00  5.413869e-02
    outer loop
      vertex  -5.050000e+01  0.000000e+00  0.000000e+00
      vertex  -5.050000e+01 -6.000000e+00  0.000000e+00
      vertex  -5.020397e+01  0.000000e+00 -5.460010e+00
    endloop
  endfacet
  facet normal  9.985334e-01  0.000000e+00  5.413869e-02
    outer loop
      vertex  -5.020397e+01  0.000000e+00 -5.460010e+00
      vertex  -5.050000e+01 -6.000000e+00  0.000000e+00
      vertex  -5.020397e+01 -6.000000e+00 -5.460010e+00
    endloop
  endfacet
  facet normal  9.868265e-01  0.000000e+00  1.617819e-01
    outer loop
      vertex  -5.020397e+01  0.000000e+00 -5.460010e+00
      vertex  -5.020397e+01 -6.000000e+00 -5.460010e+00
      vertex  -4.931934e+01  0.000000e+00 -1.085601e+01
    endloop
  endfacet
  facet normal  9.868265e-01  0.000000e+00  1.617819e-01
    outer loop
      vertex  -4.931934e+01  0.000000e+00 -1.085601e+01
      vertex  -5.020397e+01 -6.000000e+00 -5.460010e+00
      vertex  -4.931934e+01 -6.000000e+00 -1.085601e+01
    endloop
  endfacet
  facet normal  9.635499e-01  0.000000e+00  2.675289e-01
    outer loop
      vertex  -4.931934e+01  0.000000e+00 -1.085601e+01
      vertex  -4.931934e+01 -6.000000e+00 -1.085601e+01
      vertex  -4.785648e+01  0.000000e+00 -1.612473e+01
    endloop
  endfacet
  facet normal  9.635499e-01  0.000000e+00  2.675289e-01
    outer loop
      vertex  -4.785648e+01  0.000000e+00 -1.612473e+01
      vertex  -4.931934e+01 -6.000000e+00 -1.085601e+01
      vertex  -4.785648e+01 -6.000000e+00 -1.612473e+01
    endloop
  endfacet
  facet normal  9.289768e-01  0.000000e+00  3.701381e-01
    outer loop
      vertex  -4.785648e+01  0.000000e+00 -1.612473e+01
      vertex  -4.785648e+01 -6.000000e+00 -1.612473e+01
      vertex  -4.583256e+01  0.000000e+00 -2.120440e+01
    endloop
  endfacet
  facet normal  9.289768e-01  0.000000e+00  3.701381e-01
    outer loop
      vertex  -4.583256e+01  0.000000e+00 -2.120440e+01
      vertex  -4.785648e+01 -6.000000e+00 -1.612473e+01
      vertex  -4.583256e+01 -6.000000e+00 -2.120440e+01
    endloop
  endfacet
  facet normal  8.835124e-01  0.000000e+00  4.684078e-01
    outer loop
      vertex  -4.583256e+01  0.000000e+00 -2.120440e+01
      vertex  -4.583256e+01 -6.000000e+00 -2.120440e+01
      vertex  -4.327129e+01  0.000000e+00 -2.603547e+01
    endloop
  endfacet
  facet normal  8.835124e-01  0.000000e+00  4.684078e-01
    outer loop
      vertex  -4.327129e+01  0.000000e+00 -2.603547e+01
      vertex  -4.583256e+01 -6.000000e+00 -2.120440e+01
      vertex  -4.327129e+01 -6.000000e+00 -2.603547e+01
    endloop
  endfacet
  facet normal  8.276885e-01  0.000000e+00  5.611878e-01
    outer loop
      vertex  -4.327129e+01  0.000000e+00 -2.603547e+01
      vertex  -4.327129e+01 -6.000000e+00 -2.603547e+01
      vertex  -4.020270e+01  0.000000e+00 -3.056130e+01
    endloop
  endfacet
  facet normal  8.276885e-01  0.000000e+00  5.611878e-01
    outer loop
      vertex  -4.020270e+01  0.000000e+00 -3.056130e+01
      vertex  -4.327129e+01 -6.000000e+00 -2.603547e+01
      vertex  -4.020270e+01 -6.000000e+00 -3.056130e+01
    endloop
  endfacet
  facet normal  7.621623e-01  0.000000e+00  6.473860e-01
    outer loop
      vertex  -4.020270e+01  0.000000e+00 -3.056130e+01
      vertex  -4.020270e+01 -6.000000e+00 -3.056130e+01
      vertex  -3.666277e+01  0.000000e+00 -3.472882e+01
    endloop
  endfacet
  facet normal  7.621623e-01  0.000000e+00  6.473860e-01
    outer loop
      vertex  -3.666277e+01  0.000000e+00 -3.472882e+01
      vertex  -4.020270e+01 -6.000000e+00 -3.056130e+01
      vertex  -3.666277e+01 -6.000000e+00 -3.472882e+01
    endloop
  endfacet
  facet normal  6.876998e-01  0.000000e+00  7.259951e-01
    outer loop
      vertex  -3.666277e+01  0.000000e+00 -3.472882e+01
      vertex  -3.666277e+01 -6.000000e+00 -3.472882e+01
      vertex  -3.269301e+01  0.000000e+00 -3.848919e+01
    endloop
  endfacet
  facet normal  6.876998e-01  0.000000e+00  7.259951e-01
    outer loop
      vertex  -3.269301e+01  0.000000e+00 -3.848919e+01
      vertex  -3.666277e+01 -6.000000e+00 -3.472882e+01
      vertex  -3.269301e+01 -6.000000e+00 -3.848919e+01
    endloop
  endfacet
  facet normal  6.051739e-01  0.000000e+00  7.960933e-01
    outer loop
      vertex  -3.269301e+01  0.000000e+00 -3.848919e+01
      vertex  -3.269301e+01 -6.000000e+00 -3.848919e+01
      vertex  -2.833995e+01  0.000000e+00 -4.179829e+01
    endloop
  endfacet
  facet normal  6.051739e-01  0.000000e+00  7.960933e-01
    outer loop
      vertex  -2.833995e+01  0.000000e+00 -4.179829e+01
      vertex  -3.269301e+01 -6.000000e+00 -3.848919e+01
      vertex  -2.833995e+01 -6.000000e+00 -4.179829e+01
    endloop
  endfacet
  facet normal  5.155534e-01  0.000000e+00  8.568574e-01
    outer loop
      vertex  -2.833995e+01  0.000000e+00 -4.179829e+01
      vertex  -2.833995e+01 -6.000000e+00 -4.179829e+01
      vertex  -2.365462e+01  0.000000e+00 -4.461736e+01
    endloop
  endfacet
  facet normal  5.155534e-01  0.000000e+00  8.568574e-01
    outer loop
      vertex  -2.365462e+01  0.000000e+00 -4.461736e+01
      vertex  -2.833995e+01 -6.000000e+00 -4.179829e+01
      vertex  -2.365462e+01 -6.000000e+00 -4.461736e+01
    endloop
  endfacet
  facet normal  4.198893e-01  0.000000e+00  9.075754e-01
    outer loop
      vertex  -2.365462e+01  0.000000e+00 -4.461736e+01
      vertex  -2.365462e+01 -6.000000e+00 -4.461736e+01
      vertex  -1.869198e+01  0.000000e+00 -4.691332e+01
    endloop
  endfacet
  facet normal  4.198893e-01  0.000000e+00  9.075754e-01
    outer loop
      vertex  -1.869198e+01  0.000000e+00 -4.691332e+01
      vertex  -2.365462e+01 -6.000000e+00 -4.461736e+01
      vertex  -1.869198e+01 -6.000000e+00 -4.691332e+01
    endloop
  endfacet
  facet normal  3.193025e-01  0.000000e+00  9.476528e-01
    outer loop
      vertex  -1.869198e+01  0.000000e+00 -4.691332e+01
      vertex  -1.869198e+01 -6.000000e+00 -4.691332e+01
      vertex  -1.351018e+01  0.000000e+00 -4.865928e+01
    endloop
  endfacet
  facet normal  3.193025e-01  0.000000e+00  9.476528e-01
    outer loop
      vertex  -1.351018e+01  0.000000e+00 -4.865928e+01
      vertex  -1.869198e+01 -6.000000e+00 -4.691332e+01
      vertex  -1.351018e+01 -6.000000e+00 -4.865928e+01
    endloop
  endfacet
  facet normal  2.149698e-01  0.000000e+00  9.766207e-01
    outer loop
      vertex  -1.351018e+01  0.000000e+00 -4.865928e+01
      vertex  -1.351018e+01 -6.000000e+00 -4.865928e+01
      vertex  -8.169991e+00  0.000000e+00 -4.983474e+01
    endloop
  endfacet
  facet normal  2.149698e-01  0.000000e+00  9.766207e-01
    outer loop
      vertex  -8.169991e+00  0.000000e+00 -4.983474e+01
      vertex  -1.351018e+01 -6.000000e+00 -4.865928e+01
      vertex  -8.169991e+00 -6.000000e+00 -4.983474e+01
    endloop
  endfacet
  facet normal  1.081197e-01  0.000000e+00  9.941379e-01
    outer loop
      vertex  -8.169991e+00  0.000000e+00 -4.983474e+01
      vertex  -8.169991e+00 -6.000000e+00 -4.983474e+01
      vertex  -2.734015e+00  0.000000e+00 -5.042594e+01
    endloop
  endfacet
  facet normal  1.081197e-01  0.000000e+00  9.941379e-01
    outer loop
      vertex  -2.734015e+00  0.000000e+00 -5.042594e+01
      vertex  -8.169991e+00 -6.000000e+00 -4.983474e+01
      vertex  -2.734015e+00 -6.000000e+00 -5.042594e+01
    endloop
  endfacet
  facet normal -0.000000e+00  0.000000e+00  1.000000e+00
    outer loop
      vertex  -2.734015e+00  0.000000e+00 -5.042594e+01
      vertex  -2.734015e+00 -6.000000e+00 -5.042594e+01
      vertex   2.734015e+00  0.000000e+00 -5.042594e+01
    endloop
  endfacet
  facet normal  0.000000e+00  0.000000e+00  1.000000e+00
    outer loop
      vertex   2.734015e+00  0.000000e+00 -5.042594e+01
      vertex  -2.734015e+00 -6.000000e+00 -5.042594e+01
      vertex   2.734015e+00 -6.000000e+00 -5.042594e+01
    endloop
  endfacet
  facet normal -1.081197e-01  0.000000e+00  9.941379e-01
    outer loop
      vertex   2.734015e+00  0.000000e+00 -5.042594e+01
      vertex   2.734015e+00 -6.000000e+00 -5.042594e+01
      vertex   8.169991e+00  0.000000e+00 -4.983474e+01
    endloop
  endfacet
  facet normal -1.081197e-01  0.000000e+00  9.941379e-01
    outer loop
      vertex   8.169991e+00  0.000000e+00 -4.983474e+01
      vertex   2.734015e+00 -6.000000e+00 -5.042594e+01
      vertex   8.169991e+00 -6.000000e+00 -4.983474e+01
    endloop
  endfacet
  facet normal -2.149698e-01  0.000000e+00  9.766207e-01
    outer loop
      vertex   8.169991e+00  0.000000e+00 -4.983474e+01
      vertex   8.169991e+00 -6.000000e+00 -4.983474e+01
      vertex   1.351018e+01  0.000000e+00 -4.865928e+01
    endloop
  endfacet
  facet normal -2.149698e-01  0.000000e+00  9.766207e-01
    outer loop
      vertex   1.351018e+01  0.000000e+00 -4.865928e+01
      vertex   8.169991e+00 -6.000000e+00 -4.983474e+01
      vertex   1.351018e+01 -6.000000e+00 -4.865928e+01
    endloop
  endfacet
  facet normal -3.193025e-01  0.000000e+00  9.476528e-01
    outer loop
      vertex   1.351018e+01  0.000000e+00 -4.865928e+01
      vertex   1.351018e+01 -6.000000e+00 -4.865928e+01
      vertex   1.869198e+01  0.000000e+00 -4.691332e+01
    endloop
  endfacet
  facet normal -3.193025e-01  0.000000e+00  9.476528e-01
    outer loop
      vertex   1.869198e+01  0.000000e+00 -4.691332e+01
      vertex   1.351018e+01 -6.000000e+00 -4.865928e+01
      vertex   1.869198e+01 -6.000000e+00 -4.691332e+01
    endloop
  endfacet
  facet normal -4.198893e-01  0.000000e+00  9.075754e-01
    outer loop
      vertex   1.869198e+01  0.000000e+00 -4.691332e+01
      vertex   1.869198e+01 -6.000000e+00 -4.691332e+01
      vertex   2.365462e+01  0.000000e+00 -4.461736e+01
    endloop
  endfacet
  facet normal -4.198893e-01  0.000000e+00  9.075754e-01
    outer loop
      vertex   2.365462e+01  0.000000e+00 -4.461736e+01
      vertex   1.869198e+01 -6.000000e+00 -4.691332e+01
      vertex   2.365462e+01 -6.000000e+00 -4.461736e+01
    endloop
  endfacet
  facet normal -5.155534e-01  0.000000e+00  8.568574e-01
    outer loop
      vertex   2.365462e+01  0.000000e+00 -4.461736e+01
      vertex   2.365462e+01 -6.000000e+00 -4.461736e+01
      vertex   2.833995e+01  0.000000e+00 -4.179829e+01
    endloop
  endfacet
  facet normal -5.155534e-01  0.000000e+00  8.568574e-01
    outer loop
      vertex   2.833995e+01  0.000000e+00 -4.179829e+01
      vertex   2.365462e+01 -6.000000e+00 -4.461736e+01
      vertex   2.833995e+01 -6.000000e+00 -4.179829e+01
    endloop
  endfacet
  facet normal -6.051739e-01  0.000000e+00  7.960933e-01
    outer loop
      vertex   2.833995e+01  0.000000e+00 -4.179829e+01
      vertex   2.833995e+01 -6.000000e+00 -4.179829e+01
      vertex   3.269301e+01  0.000000e+00 -3.848919e+01
    endloop
  endfacet
  facet normal -6.051739e-01  0.000000e+00  7.960933e-01
    outer loop
      vertex   3.269301e+01  0.000000e+00 -3.848919e+01
      vertex   2.833995e+01 -6.000000e+00 -4.179829e+01
      vertex   3.269301e+01 -6.000000e+00 -3.848919e+01
    endloop
  endfacet
  facet normal -6.876998e-01  0.000000e+00  7.259951e-01
    outer loop
      vertex   3.269301e+01  0.000000e+00 -3.848919e+01
      vertex   3.269301e+01 -6.000000e+00 -3.848919e+01
      vertex   3.666277e+01  0.000000e+00 -3.472882e+01
    endloop
  endfacet
  facet normal -6.876998e-01  0.000000e+00  7.259951e-01
    outer loop
      vertex   3.666277e+01  0.000000e+00 -3.472882e+01
      vertex   3.269301e+01 -6.000000e+00 -3.848919e+01
      vertex   3.666277e+01 -6.000000e+00 -3.472882e+01
    endloop
  endfacet
  facet normal -7.621623e-01  0.000000e+00  6.473860e-01
    outer loop
      vertex   3.666277e+01  0.000000e+00 -3.472882e+01
      vertex   3.666277e+01 -6.000000e+00 -3.472882e+01
      vertex   4.020270e+01  0.000000e+00 -3.056130e+01
    endloop
  endfacet
  facet normal -7.621623e-01  0.000000e+00  6.473860e-01
    outer loop
      vertex   4.020270e+01  0.000000e+00 -3.056130e+01
      vertex   3.666277e+01 -6.000000e+00 -3.472882e+01
      vertex   4.020270e+01 -6.000000e+00 -3.056130e+01
    endloop
  endfacet
  facet normal -8.276885e-01  0.000000e+00  5.611878e-01
    outer loop
      vertex   4.020270e+01  0.000000e+00 -3.056130e+01
      vertex   4.020270e+01 -6.000000e+00 -3.056130e+01
      vertex   4.327129e+01  0.000000e+00 -2.603547e+01
    endloop
  endfacet
  facet normal -8.276885e-01  0.000000e+00  5.611878e-01
    outer loop
      vertex   4.327129e+01  0.000000e+00 -2.603547e+01
      vertex   4.020270e+01 -6.000000e+00 -3.056130e+01
      vertex   4.327129e+01 -6.000000e+00 -2.603547e+01
    endloop
  endfacet
  facet normal -8.835124e-01  0.000000e+00  4.684078e-01
    outer loop
      vertex   4.327129e+01  0.000000e+00 -2.603547e+01
      vertex   4.327129e+01 -6.000000e+00 -2.603547e+01
      vertex   4.583256e+01  0.000000e+00 -2.120440e+01
    endloop
  endfacet
  facet normal -8.835124e-01  0.000000e+00  4.684078e-01
    outer loop
      vertex   4.583256e+01  0.000000e+00 -2.120440e+01
      vertex   4.327129e+01 -6.000000e+00 -2.603547e+01
      vertex   4.583256e+01 -6.000000e+00 -2.120440e+01
    endloop
  endfacet
  facet normal -9.289768e-01  0.000000e+00  3.701381e-01
    outer loop
      vertex   4.583256e+01  0.000000e+00 -2.120440e+01
      vertex   4.583256e+01 -6.000000e+00 -2.120440e+01
      vertex   4.785648e+01  0.000000e+00 -1.612473e+01
    endloop
  endfacet
  facet normal -9.289768e-01  0.000000e+00  3.701381e-01
    outer loop
      vertex   4.785648e+01  0.000000e+00 -1.612473e+01
      vertex   4.583256e+01 -6.000000e+00 -2.120440e+01
      vertex   4.785648e+01 -6.000000e+00 -1.612473e+01
    endloop
  endfacet
  facet normal -9.635499e-01  0.000000e+00  2.675289e-01
    outer loop
      vertex   4.785648e+01  0.000000e+00 -1.612473e+01
      vertex   4.785648e+01 -6.000000e+00 -1.612473e+01
      vertex   4.931934e+01  0.000000e+00 -1.085601e+01
    endloop
  endfacet
  facet normal -9.635499e-01  0.000000e+00  2.675289e-01
    outer loop
      vertex   4.931934e+01  0.000000e+00 -1.085601e+01
      vertex   4.785648e+01 -6.000000e+00 -1.612473e+01
      vertex   4.931934e+01 -6.000000e+00 -1.085601e+01
    endloop
  endfacet
  facet normal -9.868265e-01  0.000000e+00  1.617819e-01
    outer loop
      vertex   4.931934e+01  0.000000e+00 -1.085601e+01
      vertex   4.931934e+01 -6.000000e+00 -1.085601e+01
      vertex   5.020397e+01  0.000000e+00 -5.460010e+00
    endloop
  endfacet
  facet normal -9.868265e-01  0.000000e+00  1.617819e-01
    outer loop
      vertex   5.020397e+01  0.000000e+00 -5.460010e+00
      vertex   4.931934e+01 -6.000000e+00 -1.085601e+01
      vertex   5.020397e+01 -6.000000e+00 -5.460010e+00
    endloop
  endfacet
  facet normal  0.000000e+00 -1.000000e+00  0.000000e+00
    outer loop
      vertex  -5.580408e+00 -6.000000e+00  5.220258e+01
      vertex  -2.734015e+00 -6.000000e+00  5.042594e+01
      vertex   0.000000e+00 -6.000000e+00  5.250000e+01
    endloop
  endfacet
  facet normal  0.000000e+00 -1.000000e+00 -0.000000e+00
    outer loop
      vertex   0.000000e+00 -6.000000e+00  5.250000e+01
      vertex  -2.734015e+00 -6.000000e+00  5.042594e+01
      vertex   2.734015e+00 -6.000000e+00  5.042594e+01
    endloop
  endfacet
  facet normal  0.000000e+00 -1.000000e+00  0.000000e+00
    outer loop
      vertex   0.000000e+00 -6.000000e+00  5.250000e+01
      vertex   2.734015e+00 -6.000000e+00  5.042594e+01
      vertex   5.580408e+00 -6.000000e+00  5.220258e+01
    endloop
  endfacet
  facet normal  0.000000e+00 -1.000000e+00 -0.000000e+00
    outer loop
      vertex   5.580408e+00 -6.000000e+00  5.220258e+01
      vertex   2.734015e+00 -6.000000e+00  5.042594e+01
      vertex   8.169991e+00 -6.000000e+00  4.983474e+01
    endloop
  endfacet
  facet normal  0.000000e+00 -1.000000e+00  0.000000e+00
    outer loop
      vertex   5.580408e+00 -6.000000e+00  5.220258e+01
      vertex   8.169991e+00 -6.000000e+00  4.983474e+01
      vertex   1.109759e+01 -6.000000e+00  5.131367e+01
    endloop
  endfacet
  facet normal  0.000000e+00 -1.000000e+00 -0.000000e+00
    outer loop
      vertex   1.109759e+01 -6.000000e+00  5.131367e+01
      vertex   8.169991e+00 -6.000000e+00  4.983474e+01
      vertex   1.351018e+01 -6.000000e+00  4.865928e+01
    endloop
  endfacet
  facet normal  0.000000e+00 -1.000000e+00  0.000000e+00
    outer loop
      vertex   1.109759e+01 -6.000000e+00  5.131367e+01
      vertex   1.351018e+01 -6.000000e+00  4.865928e+01
      vertex   1.648903e+01 -6.000000e+00  4.984337e+01
    endloop
  endfacet
  facet normal  0.000000e+00 -1.000000e+00 -0.000000e+00
    outer loop
      vertex   1.648903e+01 -6.000000e+00  4.984337e+01
      vertex   1.351018e+01 -6.000000e+00  4.865928e+01
      vertex   1.869198e+01 -6.000000e+00  4.691332e+01
    endloop
  endfacet
  facet normal  0.000000e+00 -1.000000e+00  0.000000e+00
    outer loop
      vertex   1.648903e+01 -6.000000e+00  4.984337e+01
      vertex   1.869198e+01 -6.000000e+00  4.691332e+01
      vertex   2.169364e+01 -6.000000e+00  4.780833e+01
    endloop
  endfacet
  facet normal  0.000000e+00 -1.000000e+00 -0.000000e+00
    outer loop
      vertex   2.169364e+01 -6.000000e+00  4.780833e+01
      vertex   1.869198e+01 -6.000000e+00  4.691332e+01
      vertex   2.365462e+01 -6.000000e+00  4.461736e+01
    endloop
  endfacet
  facet normal  0.000000e+00 -1.000000e+00  0.000000e+00
    outer loop
      vertex   2.169364e+01 -6.000000e+00  4.780833e+01
      vertex   2.365462e+01 -6.000000e+00  4.461736e+01
      vertex   2.665245e+01 -6.000000e+00  4.523159e+01
    endloop
  endfacet
  facet normal  0.000000e+00 -1.000000e+00 -0.000000e+00
    outer loop
      vertex   2.665245e+01 -6.000000e+00  4.523159e+01
      vertex   2.365462e+01 -6.000000e+00  4.461736e+01
      vertex   2.833995e+01 -6.000000e+00  4.179829e+01
    endloop
  endfacet
  facet normal  0.000000e+00 -1.000000e+00  0.000000e+00
    outer loop
      vertex   2.665245e+01 -6.000000e+00  4.523159e+01
      vertex   2.833995e+01 -6.000000e+00  4.179829e+01
      vertex   3.130928e+01 -6.000000e+00  4.214236e+01
    endloop
  endfacet
  facet normal  0.000000e+00 -1.000000e+00 -0.000000e+00
    outer loop
      vertex   3.130928e+01 -6.000000e+00  4.214236e+01
      vertex   2.833995e+01 -6.000000e+00  4.179829e+01
      vertex   3.269301e+01 -6.000000e+00  3.848919e+01
    endloop
  endfacet
  facet normal  0.000000e+00 -1.000000e+00  0.000000e+00
    outer loop
      vertex   3.130928e+01 -6.000000e+00  4.214236e+01
      vertex   3.269301e+01 -6.000000e+00  3.848919e+01
      vertex   3.561137e+01 -6.000000e+00  3.857564e+01
    endloop
  endfacet
  facet normal  0.000000e+00 -1.000000e+00 -0.000000e+00
    outer loop
      vertex   3.561137e+01 -6.000000e+00  3.857564e+01
      vertex   3.269301e+01 -6.000000e+00  3.848919e+01
      vertex   3.666277e+01 -6.000000e+00  3.472882e+01
    endloop
  endfacet
  facet normal  0.000000e+00 -1.000000e+00  0.000000e+00
    outer loop
      vertex   3.561137e+01 -6.000000e+00  3.857564e+01
      vertex   3.666277e+01 -6.000000e+00  3.472882e+01
      vertex   3.950997e+01 -6.000000e+00  3.457185e+01
    endloop
  endfacet
  facet normal -0.000000e+00 -1.000000e+00 -0.000000e+00
    outer loop
      vertex   3.950997e+01 -6.000000e+00  3.457185e+01
      vertex   3.666277e+01 -6.000000e+00  3.472882e+01
      vertex   4.020270e+01 -6.000000e+00  3.056130e+01
    endloop
  endfacet
  facet normal  0.000000e+00 -1.000000e+00  0.000000e+00
    outer loop
      vertex   3.950997e+01 -6.000000e+00  3.457185e+01
      vertex   4.020270e+01 -6.000000e+00  3.056130e+01
      vertex   4.296090e+01 -6.000000e+00  3.017634e+01
    endloop
  endfacet
  facet normal -0.000000e+00 -1.000000e+00 -0.000000e+00
    outer loop
      vertex   4.296090e+01 -6.000000e+00  3.017634e+01
      vertex   4.020270e+01 -6.000000e+00  3.056130e+01
      vertex   4.327129e+01 -6.000000e+00  2.603547e+01
    endloop
  endfacet
  facet normal  0.000000e+00 -1.000000e+00  0.000000e+00
    outer loop
      vertex   4.296090e+01 -6.000000e+00  3.017634e+01
      vertex   4.327129e+01 -6.000000e+00  2.603547e+01
      vertex   4.592506e+01 -6.000000e+00  2.543892e+01
    endloop
  endfacet
  facet normal -0.000000e+00 -1.000000e+00  0.000000e+00
    outer loop
      vertex   4.592506e+01 -6.000000e+00  2.543892e+01
      vertex   4.327129e+01 -6.000000e+00  2.603547e+01
      vertex   4.583256e+01 -6.000000e+00  2.120440e+01
    endloop
  endfacet
  facet normal  0.000000e+00 -1.000000e+00 -0.000000e+00
    outer loop
      vertex   4.592506e+01 -6.000000e+00  2.543892e+01
      vertex   4.583256e+01 -6.000000e+00  2.120440e+01
      vertex   4.836888e+01 -6.000000e+00  2.041327e+01
    endloop
  endfacet
  facet normal -0.000000e+00 -1.000000e+00  0.000000e+00
    outer loop
      vertex   4.836888e+01 -6.000000e+00  2.041327e+01
      vertex   4.583256e+01 -6.000000e+00  2.120440e+01
      vertex   4.785648e+01 -6.000000e+00  1.612473e+01
    endloop
  endfacet
  facet normal  0.000000e+00 -1.000000e+00 -0.000000e+00
    outer loop
      vertex   4.836888e+01 -6.000000e+00  2.041327e+01
      vertex   4.785648e+01 -6.000000e+00  1.612473e+01
      vertex   5.026466e+01 -6.000000e+00  1.515633e+01
    endloop
  endfacet
  facet normal -0.000000e+00 -1.000000e+00  0.000000e+00
    outer loop
      vertex   5.026466e+01 -6.000000e+00  1.515633e+01
      vertex   4.785648e+01 -6.000000e+00  1.612473e+01
      vertex   4.931934e+01 -6.000000e+00  1.085601e+01
    endloop
  endfacet
  facet normal  0.000000e+00 -1.000000e+00 -0.000000e+00
    outer loop
      vertex   5.026466e+01 -6.000000e+00  1.515633e+01
      vertex   4.931934e+01 -6.000000e+00  1.085601e+01
      vertex   5.159092e+01 -6.000000e+00  9.727658e+00
    endloop
  endfacet
  facet normal -0.000000e+00 -1.000000e+00  0.000000e+00
    outer loop
      vertex   5.159092e+01 -6.000000e+00  9.727658e+00
      vertex   4.931934e+01 -6.000000e+00  1.085601e+01
      vertex   5.020397e+01 -6.000000e+00  5.460010e+00
    endloop
  endfacet
  facet normal  0.000000e+00 -1.000000e+00 -0.000000e+00
    outer loop
      vertex   5.159092e+01 -6.000000e+00  9.727658e+00
      vertex   5.020397e+01 -6.000000e+00  5.460010e+00
      vertex   5.233263e+01 -6.000000e+00  4.188771e+00
    endloop
  endfacet
  facet normal -0.000000e+00 -1.000000e+00  0.000000e+00
    outer loop
      vertex   5.233263e+01 -6.000000e+00  4.188771e+00
      vertex   5.020397e+01 -6.000000e+00  5.460010e+00
      vertex   5.050000e+01 -6.000000e+00  0.000000e+00
    endloop
  endfacet
  facet normal  0.000000e+00 -1.000000e+00 -0.000000e+00
    outer loop
      vertex   5.233263e+01 -6.000000e+00  4.188771e+00
      vertex   5.050000e+01 -6.000000e+00  0.000000e+00
      vertex   5.248139e+01 -6.000000e+00 -1.397577e+00
    endloop
  endfacet
  facet normal -0.000000e+00 -1.000000e+00  0.000000e+00
    outer loop
      vertex   5.248139e+01 -6.000000e+00 -1.397577e+00
      vertex   5.050000e+01 -6.000000e+00  0.000000e+00
      vertex   5.020397e+01 -6.000000e+00 -5.460010e+00
    endloop
  endfacet
  facet normal  0.000000e+00 -1.000000e+00  0.000000e+00
    outer loop
      vertex   5.248139e+01 -6.000000e+00 -1.397577e+00
      vertex   5.020397e+01 -6.000000e+00 -5.460010e+00
      vertex   5.203552e+01 -6.000000e+00 -6.968090e+00
    endloop
  endfacet
  facet normal -0.000000e+00 -1.000000e+00  0.000000e+00
    outer loop
      vertex   5.203552e+01 -6.000000e+00 -6.968090e+00
      vertex   5.020397e+01 -6.000000e+00 -5.460010e+00
      vertex   4.931934e+01 -6.000000e+00 -1.085601e+01
    endloop
  endfacet
  facet normal  0.000000e+00 -1.000000e+00  0.000000e+00
    outer loop
      vertex   5.203552e+01 -6.000000e+00 -6.968090e+00
      vertex   4.931934e+01 -6.000000e+00 -1.085601e+01
      vertex   5.100007e+01 -6.000000e+00 -1.245965e+01
    endloop
  endfacet
  facet normal -0.000000e+00 -1.000000e+00  0.000000e+00
    outer loop
      vertex   5.100007e+01 -6.000000e+00 -1.245965e+01
      vertex   4.931934e+01 -6.000000e+00 -1.085601e+01
      vertex   4.785648e+01 -6.000000e+00 -1.612473e+01
    endloop
  endfacet
  facet normal  0.000000e+00 -1.000000e+00  0.000000e+00
    outer loop
      vertex   5.100007e+01 -6.000000e+00 -1.245965e+01
      vertex   4.785648e+01 -6.000000e+00 -1.612473e+01
      vertex   4.938676e+01 -6.000000e+00 -1.781004e+01
    endloop
  endfacet
  facet normal -0.000000e+00 -1.000000e+00  0.000000e+00
    outer loop
      vertex   4.938676e+01 -6.000000e+00 -1.781004e+01
      vertex   4.785648e+01 -6.000000e+00 -1.612473e+01
      vertex   4.583256e+01 -6.000000e+00 -2.120440e+01
    endloop
  endfacet
  facet normal  0.000000e+00 -1.000000e+00  0.000000e+00
    outer loop
      vertex   4.938676e+01 -6.000000e+00 -1.781004e+01
      vertex   4.583256e+01 -6.000000e+00 -2.120440e+01
      vertex   4.721389e+01 -6.000000e+00 -2.295863e+01
    endloop
  endfacet
  facet normal -0.000000e+00 -1.000000e+00  0.000000e+00
    outer loop
      vertex   4.721389e+01 -6.000000e+00 -2.295863e+01
      vertex   4.583256e+01 -6.000000e+00 -2.120440e+01
      vertex   4.327129e+01 -6.000000e+00 -2.603547e+01
    endloop
  endfacet
  facet normal  0.000000e+00 -1.000000e+00  0.000000e+00
    outer loop
      vertex   4.721389e+01 -6.000000e+00 -2.295863e+01
      vertex   4.327129e+01 -6.000000e+00 -2.603547e+01
      vertex   4.450606e+01 -6.000000e+00 -2.784710e+01
    endloop
  endfacet
  facet normal -0.000000e+00 -1.000000e+00  0.000000e+00
    outer loop
      vertex   4.450606e+01 -6.000000e+00 -2.784710e+01
      vertex   4.327129e+01 -6.000000e+00 -2.603547e+01
      vertex   4.020270e+01 -6.000000e+00 -3.056130e+01
    endloop
  endfacet
  facet normal  0.000000e+00 -1.000000e+00  0.000000e+00
    outer loop
      vertex   4.450606e+01 -6.000000e+00 -2.784710e+01
      vertex   4.020270e+01 -6.000000e+00 -3.056130e+01
      vertex   4.129395e+01 -6.000000e+00 -3.242004e+01
    endloop
  endfacet
  facet normal -0.000000e+00 -1.000000e+00  0.000000e+00
    outer loop
      vertex   4.129395e+01 -6.000000e+00 -3.242004e+01
      vertex   4.020270e+01 -6.000000e+00 -3.056130e+01
      vertex   3.666277e+01 -6.000000e+00 -3.472882e+01
    endloop
  endfacet
  facet normal  0.000000e+00 -1.000000e+00  0.000000e+00
    outer loop
      vertex   4.129395e+01 -6.000000e+00 -3.242004e+01
      vertex   3.666277e+01 -6.000000e+00 -3.472882e+01
      vertex   3.761398e+01 -6.000000e+00 -3.662566e+01
    endloop
  endfacet
  facet normal -0.000000e+00 -1.000000e+00  0.000000e+00
    outer loop
      vertex   3.761398e+01 -6.000000e+00 -3.662566e+01
      vertex   3.666277e+01 -6.000000e+00 -3.472882e+01
      vertex   3.269301e+01 -6.000000e+00 -3.848919e+01
    endloop
  endfacet
  facet normal  0.000000e+00 -1.000000e+00  0.000000e+00
    outer loop
      vertex   3.761398e+01 -6.000000e+00 -3.662566e+01
      vertex   3.269301e+01 -6.000000e+00 -3.848919e+01
      vertex   3.350782e+01 -6.000000e+00 -4.041628e+01
    endloop
  endfacet
  facet normal -0.000000e+00 -1.000000e+00  0.000000e+00
    outer loop
      vertex   3.350782e+01 -6.000000e+00 -4.041628e+01
      vertex   3.269301e+01 -6.000000e+00 -3.848919e+01
      vertex   2.833995e+01 -6.000000e+00 -4.179829e+01
    endloop
  endfacet
  facet normal  0.000000e+00 -1.000000e+00  0.000000e+00
    outer loop
      vertex   3.350782e+01 -6.000000e+00 -4.041628e+01
      vertex   2.833995e+01 -6.000000e+00 -4.179829e+01
      vertex   2.902201e+01 -6.000000e+00 -4.374898e+01
    endloop
  endfacet
  facet normal -0.000000e+00 -1.000000e+00  0.000000e+00
    outer loop
      vertex   2.902201e+01 -6.000000e+00 -4.374898e+01
      vertex   2.833995e+01 -6.000000e+00 -4.179829e+01
      vertex   2.365462e+01 -6.000000e+00 -4.461736e+01
    endloop
  endfacet
  facet normal  0.000000e+00 -1.000000e+00  0.000000e+00
    outer loop
      vertex   2.902201e+01 -6.000000e+00 -4.374898e+01
      vertex   2.365462e+01 -6.000000e+00 -4.461736e+01
      vertex   2.420736e+01 -6.000000e+00 -4.658598e+01
    endloop
  endfacet
  facet normal -0.000000e+00 -1.000000e+00  0.000000e+00
    outer loop
      vertex   2.420736e+01 -6.000000e+00 -4.658598e+01
      vertex   2.365462e+01 -6.000000e+00 -4.461736e+01
      vertex   1.869198e+01 -6.000000e+00 -4.691332e+01
    endloop
  endfacet
  facet normal  0.000000e+00 -1.000000e+00  0.000000e+00
    outer loop
      vertex   2.420736e+01 -6.000000e+00 -4.658598e+01
      vertex   1.869198e+01 -6.000000e+00 -4.691332e+01
      vertex   1.911843e+01 -6.000000e+00 -4.889515e+01
    endloop
  endfacet
  facet normal  0.000000e+00 -1.000000e+00  0.000000e+00
    outer loop
      vertex   1.911843e+01 -6.000000e+00 -4.889515e+01
      vertex   1.869198e+01 -6.000000e+00 -4.691332e+01
      vertex   1.351018e+01 -6.000000e+00 -4.865928e+01
    endloop
  endfacet
  facet normal -0.000000e+00 -1.000000e+00  0.000000e+00
    outer loop
      vertex   1.911843e+01 -6.000000e+00 -4.889515e+01
      vertex   1.351018e+01 -6.000000e+00 -4.865928e+01
      vertex   1.381288e+01 -6.000000e+00 -5.065031e+01
    endloop
  endfacet
  facet normal  0.000000e+00 -1.000000e+00  0.000000e+00
    outer loop
      vertex   1.381288e+01 -6.000000e+00 -5.065031e+01
      vertex   1.351018e+01 -6.000000e+00 -4.865928e+01
      vertex   8.169991e+00 -6.000000e+00 -4.983474e+01
    endloop
  endfacet
  facet normal -0.000000e+00 -1.000000e+00  0.000000e+00
    outer loop
      vertex   1.381288e+01 -6.000000e+00 -5.065031e+01
      vertex   8.169991e+00 -6.000000e+00 -4.983474e+01
      vertex   8.350834e+00 -6.000000e+00 -5.183159e+01
    endloop
  endfacet
  facet normal  0.000000e+00 -1.000000e+00  0.000000e+00
    outer loop
      vertex   8.350834e+00 -6.000000e+00 -5.183159e+01
      vertex   8.169991e+00 -6.000000e+00 -4.983474e+01
      vertex   2.734015e+00 -6.000000e+00 -5.042594e+01
    endloop
  endfacet
  facet normal -0.000000e+00 -1.000000e+00  0.000000e+00
    outer loop
      vertex   8.350834e+00 -6.000000e+00 -5.183159e+01
      vertex   2.734015e+00 -6.000000e+00 -5.042594e+01
      vertex   2.794164e+00 -6.000000e+00 -5.242559e+01
    endloop
  endfacet
  facet normal  0.000000e+00 -1.000000e+00  0.000000e+00
    outer loop
      vertex   2.794164e+00 -6.000000e+00 -5.242559e+01
      vertex   2.734015e+00 -6.000000e+00 -5.042594e+01
      vertex  -2.794164e+00 -6.000000e+00 -5.242559e+01
    endloop
  endfacet
  facet normal  0.000000e+00 -1.000000e+00  0.000000e+00
    outer loop
      vertex  -2.794164e+00 -6.000000e+00 -5.242559e+01
      vertex   2.734015e+00 -6.000000e+00 -5.042594e+01
      vertex  -2.734015e+00 -6.000000e+00 -5.042594e+01
    endloop
  endfacet
  facet normal  0.000000e+00 -1.000000e+00  0.000000e+00
    outer loop
      vertex  -2.794164e+00 -6.000000e+00 -5.242559e+01
      vertex  -2.734015e+00 -6.000000e+00 -5.042594e+01
      vertex  -8.350834e+00 -6.000000e+00 -5.183159e+01
    endloop
  endfacet
  facet normal  0.000000e+00 -1.000000e+00  0.000000e+00
    outer loop
      vertex  -8.350834e+00 -6.000000e+00 -5.183159e+01
      vertex  -2.734015e+00 -6.000000e+00 -5.042594e+01
      vertex  -8.169991e+00 -6.000000e+00 -4.983474e+01
    endloop
  endfacet
  facet normal  0.000000e+00 -1.000000e+00  0.000000e+00
    outer loop
      vertex  -8.350834e+00 -6.000000e+00 -5.183159e+01
      vertex  -8.169991e+00 -6.000000e+00 -4.983474e+01
      vertex  -1.381288e+01 -6.000000e+00 -5.065031e+01
    endloop
  endfacet
  facet normal  0.000000e+00 -1.000000e+00  0.000000e+00
    outer loop
      vertex  -1.381288e+01 -6.000000e+00 -5.065031e+01
      vertex  -8.169991e+00 -6.000000e+00 -4.983474e+01
      vertex  -1.351018e+01 -6.000000e+00 -4.865928e+01
    endloop
  endfacet
  facet normal  0.000000e+00 -1.000000e+00  0.000000e+00
    outer loop
      vertex  -1.381288e+01 -6.000000e+00 -5.065031e+01
      vertex  -1.351018e+01 -6.000000e+00 -4.865928e+01
      vertex  -1.911843e+01 -6.000000e+00 -4.889515e+01
    endloop
  endfacet
  facet normal  0.000000e+00 -1.000000e+00  0.000000e+00
    outer loop
      vertex  -1.911843e+01 -6.000000e+00 -4.889515e+01
      vertex  -1.351018e+01 -6.000000e+00 -4.865928e+01
      vertex  -1.869198e+01 -6.000000e+00 -4.691332e+01
    endloop
  endfacet
  facet normal  0.000000e+00 -1.000000e+00  0.000000e+00
    outer loop
      vertex  -1.911843e+01 -6.000000e+00 -4.889515e+01
      vertex  -1.869198e+01 -6.000000e+00 -4.691332e+01
      vertex  -2.420736e+01 -6.000000e+00 -4.658598e+01
    endloop
  endfacet
  facet normal  0.000000e+00 -1.000000e+00  0.000000e+00
    outer loop
      vertex  -2.420736e+01 -6.000000e+00 -4.658598e+01
      vertex  -1.869198e+01 -6.000000e+00 -4.691332e+01
      vertex  -2.365462e+01 -6.000000e+00 -4.461736e+01
    endloop
  endfacet
  facet normal  0.000000e+00 -1.000000e+00  0.000000e+00
    outer loop
      vertex  -2.420736e+01 -6.000000e+00 -4.658598e+01
      vertex  -2.365462e+01 -6.000000e+00 -4.461736e+01
      vertex  -2.902201e+01 -6.000000e+00 -4.374898e+01
    endloop
  endfacet
  facet normal  0.000000e+00 -1.000000e+00  0.000000e+00
    outer loop
      vertex  -2.902201e+01 -6.000000e+00 -4.374898e+01
      vertex  -2.365462e+01 -6.000000e+00 -4.461736e+01
      vertex  -2.833995e+01 -6.000000e+00 -4.179829e+01
    endloop
  endfacet
  facet normal  0.000000e+00 -1.000000e+00  0.000000e+00
    outer loop
      vertex  -2.902201e+01 -6.000000e+00 -4.374898e+01
      vertex  -2.833995e+01 -6.000000e+00 -4.179829e+01
      vertex  -3.350782e+01 -6.000000e+00 -4.041628e+01
    endloop
  endfacet
  facet normal  0.000000e+00 -1.000000e+00  0.000000e+00
    outer loop
      vertex  -3.350782e+01 -6.000000e+00 -4.041628e+01
      vertex  -2.833995e+01 -6.000000e+00 -4.179829e+01
      vertex  -3.269301e+01 -6.000000e+00 -3.848919e+01
    endloop
  endfacet
  facet normal  0.000000e+00 -1.000000e+00  0.000000e+00
    outer loop
      vertex  -3.350782e+01 -6.000000e+00 -4.041628e+01
      vertex  -3.269301e+01 -6.000000e+00 -3.848919e+01
      vertex  -3.761398e+01 -6.000000e+00 -3.662566e+01
    endloop
  endfacet
  facet normal  0.000000e+00 -1.000000e+00  0.000000e+00
    outer loop
      vertex  -3.761398e+01 -6.000000e+00 -3.662566e+01
      vertex  -3.269301e+01 -6.000000e+00 -3.848919e+01
      vertex  -3.666277e+01 -6.000000e+00 -3.472882e+01
    endloop
  endfacet
  facet normal  0.000000e+00 -1.000000e+00  0.000000e+00
    outer loop
      vertex  -3.761398e+01 -6.000000e+00 -3.662566e+01
      vertex  -3.666277e+01 -6.000000e+00 -3.472882e+01
      vertex  -4.129395e+01 -6.000000e+00 -3.242004e+01
    endloop
  endfacet
  facet normal  0.000000e+00 -1.000000e+00  0.000000e+00
    outer loop
      vertex  -4.129395e+01 -6.000000e+00 -3.242004e+01
      vertex  -3.666277e+01 -6.000000e+00 -3.472882e+01
      vertex  -4.020270e+01 -6.000000e+00 -3.056130e+01
    endloop
  endfacet
  facet normal  0.000000e+00 -1.000000e+00  0.000000e+00
    outer loop
      vertex  -4.129395e+01 -6.000000e+00 -3.242004e+01
      vertex  -4.020270e+01 -6.000000e+00 -3.056130e+01
      vertex  -4.450606e+01 -6.000000e+00 -2.784710e+01
    endloop
  endfacet
  facet normal  0.000000e+00 -1.000000e+00  0.000000e+00
    outer loop
      vertex  -4.450606e+01 -6.000000e+00 -2.784710e+01
      vertex  -4.020270e+01 -6.000000e+00 -3.056130e+01
      vertex  -4.327129e+01 -6.000000e+00 -2.603547e+01
    endloop
  endfacet
  facet normal  0.000000e+00 -1.000000e+00  0.000000e+00
    outer loop
      vertex  -4.450606e+01 -6.000000e+00 -2.784710e+01
      vertex  -4.327129e+01 -6.000000e+00 -2.603547e+01
      vertex  -4.721389e+01 -6.000000e+00 -2.295863e+01
    endloop
  endfacet
  facet normal  0.000000e+00 -1.000000e+00  0.000000e+00
    outer loop
      vertex  -4.721389e+01 -6.000000e+00 -2.295863e+01
      vertex  -4.327129e+01 -6.000000e+00 -2.603547e+01
      vertex  -4.583256e+01 -6.000000e+00 -2.120440e+01
    endloop
  endfacet
  facet normal  0.000000e+00 -1.000000e+00  0.000000e+00
    outer loop
      vertex  -4.721389e+01 -6.000000e+00 -2.295863e+01
      vertex  -4.583256e+01 -6.000000e+00 -2.120440e+01
      vertex  -4.938676e+01 -6.000000e+00 -1.781004e+01
    endloop
  endfacet
  facet normal  0.000000e+00 -1.000000e+00  0.000000e+00
    outer loop
      vertex  -4.938676e+01 -6.000000e+00 -1.781004e+01
      vertex  -4.583256e+01 -6.000000e+00 -2.120440e+01
      vertex  -4.785648e+01 -6.000000e+00 -1.612473e+01
    endloop
  endfacet
  facet normal  0.000000e+00 -1.000000e+00  0.000000e+00
    outer loop
      vertex  -4.938676e+01 -6.000000e+00 -1.781004e+01
      vertex  -4.785648e+01 -6.000000e+00 -1.612473e+01
      vertex  -5.100007e+01 -6.000000e+00 -1.245965e+01
    endloop
  endfacet
  facet normal  0.000000e+00 -1.000000e+00  0.000000e+00
    outer loop
      vertex  -5.100007e+01 -6.000000e+00 -1.245965e+01
      vertex  -4.785648e+01 -6.000000e+00 -1.612473e+01
      vertex  -4.931934e+01 -6.000000e+00 -1.085601e+01
    endloop
  endfacet
  facet normal  0.000000e+00 -1.000000e+00  0.000000e+00
    outer loop
      vertex  -5.100007e+01 -6.000000e+00 -1.245965e+01
      vertex  -4.931934e+01 -6.000000e+00 -1.085601e+01
      vertex  -5.203552e+01 -6.000000e+00 -6.968090e+00
    endloop
  endfacet
  facet normal  0.000000e+00 -1.000000e+00  0.000000e+00
    outer loop
      vertex  -5.203552e+01 -6.000000e+00 -6.968090e+00
      vertex  -4.931934e+01 -6.000000e+00 -1.085601e+01
      vertex  -5.020397e+01 -6.000000e+00 -5.460010e+00
    endloop
  endfacet
  facet normal  0.000000e+00 -1.000000e+00  0.000000e+00
    outer loop
      vertex  -5.203552e+01 -6.000000e+00 -6.968090e+00
      vertex  -5.020397e+01 -6.000000e+00 -5.460010e+00
      vertex  -5.248139e+01 -6.000000e+00 -1.397577e+00
    endloop
  endfacet
  facet normal  0.000000e+00 -1.000000e+00  0.000000e+00
    outer loop
      vertex  -5.248139e+01 -6.000000e+00 -1.397577e+00
      vertex  -5.020397e+01 -6.000000e+00 -5.460010e+00
      vertex  -5.050000e+01 -6.000000e+00  0.000000e+00
    endloop
  endfacet
  facet normal  0.000000e+00 -1.000000e+00  0.000000e+00
    outer loop
      vertex  -5.248139e+01 -6.000000e+00 -1.397577e+00
      vertex  -5.050000e+01 -6.000000e+00  0.000000e+00
      vertex  -5.233263e+01 -6.000000e+00  4.188771e+00
    endloop
  endfacet
  facet normal  0.000000e+00 -1.000000e+00  0.000000e+00
    outer loop
      vertex  -5.233263e+01 -6.000000e+00  4.188771e+00
      vertex  -5.050000e+01 -6.000000e+00  0.000000e+00
      vertex  -5.020397e+01 -6.000000e+00  5.460010e+00
    endloop
  endfacet
  facet normal  0.000000e+00 -1.000000e+00  0.000000e+00
    outer loop
      vertex  -5.233263e+01 -6.000000e+00  4.188771e+00
      vertex  -5.020397e+01 -6.000000e+00  5.460010e+00
      vertex  -5.159092e+01 -6.000000e+00  9.727658e+00
    endloop
  endfacet
  facet normal  0.000000e+00 -1.000000e+00  0.000000e+00
    outer loop
      vertex  -5.159092e+01 -6.000000e+00  9.727658e+00
      vertex  -5.020397e+01 -6.000000e+00  5.460010e+00
      vertex  -4.931934e+01 -6.000000e+00  1.085601e+01
    endloop
  endfacet
  facet normal  0.000000e+00 -1.000000e+00  0.000000e+00
    outer loop
      vertex  -5.159092e+01 -6.000000e+00  9.727658e+00
      vertex  -4.931934e+01 -6.000000e+00  1.085601e+01
      vertex  -5.026466e+01 -6.000000e+00  1.515633e+01
    endloop
  endfacet
  facet normal  0.000000e+00 -1.000000e+00  0.000000e+00
    outer loop
      vertex  -5.026466e+01 -6.000000e+00  1.515633e+01
      vertex  -4.931934e+01 -6.000000e+00  1.085601e+01
      vertex  -4.785648e+01 -6.000000e+00  1.612473e+01
    endloop
  endfacet
  facet normal  0.000000e+00 -1.000000e+00  0.000000e+00
    outer loop
      vertex  -5.026466e+01 -6.000000e+00  1.515633e+01
      vertex  -4.785648e+01 -6.000000e+00  1.612473e+01
      vertex  -4.836888e+01 -6.000000e+00  2.041327e+01
    endloop
  endfacet
  facet normal  0.000000e+00 -1.000000e+00  0.000000e+00
    outer loop
      vertex  -4.836888e+01 -6.000000e+00  2.041327e+01
      vertex  -4.785648e+01 -6.000000e+00  1.612473e+01
      vertex  -4.583256e+01 -6.000000e+00  2.120440e+01
    endloop
  endfacet
  facet normal  0.000000e+00 -1.000000e+00  0.000000e+00
    outer loop
      vertex  -4.836888e+01 -6.000000e+00  2.041327e+01
      vertex  -4.583256e+01 -6.000000e+00  2.120440e+01
      vertex  -4.592506e+01 -6.000000e+00  2.543892e+01
    endloop
  endfacet
  facet normal  0.000000e+00 -1.000000e+00  0.000000e+00
    outer loop
      vertex  -4.592506e+01 -6.000000e+00  2.543892e+01
      vertex  -4.583256e+01 -6.000000e+00  2.120440e+01
      vertex  -4.327129e+01 -6.000000e+00  2.603547e+01
    endloop
  endfacet
  facet normal  0.000000e+00 -1.000000e+00  0.000000e+00
    outer loop
      vertex  -4.592506e+01 -6.000000e+00  2.543892e+01
      vertex  -4.327129e+01 -6.000000e+00  2.603547e+01
      vertex  -4.296090e+01 -6.000000e+00  3.017634e+01
    endloop
  endfacet
  facet normal  0.000000e+00 -1.000000e+00 -0.000000e+00
    outer loop
      vertex  -4.296090e+01 -6.000000e+00  3.017634e+01
      vertex  -4.327129e+01 -6.000000e+00  2.603547e+01
      vertex  -4.020270e+01 -6.000000e+00  3.056130e+01
    endloop
  endfacet
  facet normal  0.000000e+00 -1.000000e+00  0.000000e+00
    outer loop
      vertex  -4.296090e+01 -6.000000e+00  3.017634e+01
      vertex  -4.020270e+01 -6.000000e+00  3.056130e+01
      vertex  -3.950997e+01 -6.000000e+00  3.457185e+01
    endloop
  endfacet
  facet normal  0.000000e+00 -1.000000e+00 -0.000000e+00
    outer loop
      vertex  -3.950997e+01 -6.000000e+00  3.457185e+01
      vertex  -4.020270e+01 -6.000000e+00  3.056130e+01
      vertex  -3.666277e+01 -6.000000e+00  3.472882e+01
    endloop
  endfacet
  facet normal  0.000000e+00 -1.000000e+00  0.000000e+00
    outer loop
      vertex  -3.950997e+01 -6.000000e+00  3.457185e+01
      vertex  -3.666277e+01 -6.000000e+00  3.472882e+01
      vertex  -3.561137e+01 -6.000000e+00  3.857564e+01
    endloop
  endfacet
  facet normal  0.000000e+00 -1.000000e+00 -0.000000e+00
    outer loop
      vertex  -3.561137e+01 -6.000000e+00  3.857564e+01
      vertex  -3.666277e+01 -6.000000e+00  3.472882e+01
      vertex  -3.269301e+01 -6.000000e+00  3.848919e+01
    endloop
  endfacet
  facet normal  0.000000e+00 -1.000000e+00  0.000000e+00
    outer loop
      vertex  -3.561137e+01 -6.000000e+00  3.857564e+01
      vertex  -3.269301e+01 -6.000000e+00  3.848919e+01
      vertex  -3.130928e+01 -6.000000e+00  4.214236e+01
    endloop
  endfacet
  facet normal  0.000000e+00 -1.000000e+00 -0.000000e+00
    outer loop
      vertex  -3.130928e+01 -6.000000e+00  4.214236e+01
      vertex  -3.269301e+01 -6.000000e+00  3.848919e+01
      vertex  -2.833995e+01 -6.000000e+00  4.179829e+01
    endloop
  endfacet
  facet normal  0.000000e+00 -1.000000e+00  0.000000e+00
    outer loop
      vertex  -3.130928e+01 -6.000000e+00  4.214236e+01
      vertex  -2.833995e+01 -6.000000e+00  4.179829e+01
      vertex  -2.665245e+01 -6.000000e+00  4.523159e+01
    endloop
  endfacet
  facet normal  0.000000e+00 -1.000000e+00 -0.000000e+00
    outer loop
      vertex  -2.665245e+01 -6.000000e+00  4.523159e+01
      vertex  -2.833995e+01 -6.000000e+00  4.179829e+01
      vertex  -2.365462e+01 -6.000000e+00  4.461736e+01
    endloop
  endfacet
  facet normal  0.000000e+00 -1.000000e+00  0.000000e+00
    outer loop
      vertex  -2.665245e+01 -6.000000e+00  4.523159e+01
      vertex  -2.365462e+01 -6.000000e+00  4.461736e+01
      vertex  -2.169364e+01 -6.000000e+00  4.780833e+01
    endloop
  endfacet
  facet normal  0.000000e+00 -1.000000e+00 -0.000000e+00
    outer loop
      vertex  -2.169364e+01 -6.000000e+00  4.780833e+01
      vertex  -2.365462e+01 -6.000000e+00  4.461736e+01
      vertex  -1.869198e+01 -6.000000e+00  4.691332e+01
    endloop
  endfacet
  facet normal  0.000000e+00 -1.000000e+00  0.000000e+00
    outer loop
      vertex  -2.169364e+01 -6.000000e+00  4.780833e+01
      vertex  -1.869198e+01 -6.000000e+00  4.691332e+01
      vertex  -1.648903e+01 -6.000000e+00  4.984337e+01
    endloop
  endfacet
  facet normal  0.000000e+00 -1.000000e+00 -0.000000e+00
    outer loop
      vertex  -1.648903e+01 -6.000000e+00  4.984337e+01
      vertex  -1.869198e+01 -6.000000e+00  4.691332e+01
      vertex  -1.351018e+01 -6.000000e+00  4.865928e+01
    endloop
  endfacet
  facet normal  0.000000e+00 -1.000000e+00  0.000000e+00
    outer loop
      vertex  -1.648903e+01 -6.000000e+00  4.984337e+01
      vertex  -1.351018e+01 -6.000000e+00  4.865928e+01
      vertex  -1.109759e+01 -6.000000e+00  5.131367e+01
    endloop
  endfacet
  facet normal  0.000000e+00 -1.000000e+00 -0.000000e+00
    outer loop
      vertex  -1.109759e+01 -6.000000e+00  5.131367e+01
      vertex  -1.351018e+01 -6.000000e+00  4.865928e+01
      vertex  -8.169991e+00 -6.000000e+00  4.983474e+01
    endloop
  endfacet
  facet normal  0.000000e+00 -1.000000e+00  0.000000e+00
    outer loop
      vertex  -1.109759e+01 -6.000000e+00  5.131367e+01
      vertex  -8.169991e+00 -6.000000e+00  4.983474e+01
      vertex  -5.580408e+00 -6.000000e+00  5.220258e+01
    endloop
  endfacet
  facet normal  0.000000e+00 -1.000000e+00 -0.000000e+00
    outer loop
      vertex  -5.580408e+00 -6.000000e+00  5.220258e+01
      vertex  -8.169991e+00 -6.000000e+00  4.983474e+01
      vertex  -2.734015e+00 -6.000000e+00  5.042594e+01
    endloop
  endfacet
  facet normal -9.985334e-01  0.000000e+00 -5.413869e-02
    outer loop
      vertex   5.020397e+01  1.000000e+01  5.460010e+00
      vertex   5.020397e+01  1.600000e+01  5.460010e+00
      vertex   5.050000e+01  1.000000e+01  0.000000e+00
    endloop
  endfacet
  facet normal -9.985334e-01  0.000000e+00 -5.413869e-02
    outer loop
      vertex   5.050000e+01  1.000000e+01  0.000000e+00
      vertex   5.020397e+01  1.600000e+01  5.460010e+00
      vertex   5.050000e+01  1.600000e+01  0.000000e+00
    endloop
  endfacet
  facet normal -9.985334e-01  0.000000e+00  5.413869e-02
    outer loop
      vertex   5.050000e+01  1.000000e+01  0.000000e+00
      vertex   5.050000e+01  1.600000e+01  0.000000e+00
      vertex   5.020397e+01  1.000000e+01 -5.460010e+00
    endloop
  endfacet
  facet normal -9.985334e-01  0.000000e+00  5.413869e-02
    outer loop
      vertex   5.020397e+01  1.000000e+01 -5.460010e+00
      vertex   5.050000e+01  1.600000e+01  0.000000e+00
      vertex   5.020397e+01  1.600000e+01 -5.460010e+00
    endloop
  endfacet
  facet normal -9.868265e-01  0.000000e+00  1.617819e-01
    outer loop
      vertex   5.020397e+01  1.000000e+01 -5.460010e+00
      vertex   5.020397e+01  1.600000e+01 -5.460010e+00
      vertex   4.931934e+01  1.000000e+01 -1.085601e+01
    endloop
  endfacet
  facet normal -9.868265e-01  0.000000e+00  1.617819e-01
    outer loop
      vertex   4.931934e+01  1.000000e+01 -1.085601e+01
      vertex   5.020397e+01  1.600000e+01 -5.460010e+00
      vertex   4.931934e+01  1.600000e+01 -1.085601e+01
    endloop
  endfacet
  facet normal -9.635499e-01  0.000000e+00  2.675289e-01
    outer loop
      vertex   4.931934e+01  1.000000e+01 -1.085601e+01
      vertex   4.931934e+01  1.600000e+01 -1.085601e+01
      vertex   4.785648e+01  1.000000e+01 -1.612473e+01
    endloop
  endfacet
  facet normal -9.635499e-01  0.000000e+00  2.675289e-01
    outer loop
      vertex   4.785648e+01  1.000000e+01 -1.612473e+01
      vertex   4.931934e+01  1.600000e+01 -1.085601e+01
      vertex   4.785648e+01  1.600000e+01 -1.612473e+01
    endloop
  endfacet
  facet normal -9.289768e-01  0.000000e+00  3.701381e-01
    outer loop
      vertex   4.785648e+01  1.000000e+01 -1.612473e+01
      vertex   4.785648e+01  1.600000e+01 -1.612473e+01
      vertex   4.583256e+01  1.000000e+01 -2.120440e+01
    endloop
  endfacet
  facet normal -9.289768e-01  0.000000e+00  3.701381e-01
    outer loop
      vertex   4.583256e+01  1.000000e+01 -2.120440e+01
      vertex   4.785648e+01  1.600000e+01 -1.612473e+01
      vertex   4.583256e+01  1.600000e+01 -2.120440e+01
    endloop
  endfacet
  facet normal -8.835124e-01  0.000000e+00  4.684078e-01
    outer loop
      vertex   4.583256e+01  1.000000e+01 -2.120440e+01
      vertex   4.583256e+01  1.600000e+01 -2.120440e+01
      vertex   4.327129e+01  1.000000e+01 -2.603547e+01
    endloop
  endfacet
  facet normal -8.835124e-01  0.000000e+00  4.684078e-01
    outer loop
      vertex   4.327129e+01  1.000000e+01 -2.603547e+01
      vertex   4.583256e+01  1.600000e+01 -2.120440e+01
      vertex   4.327129e+01  1.600000e+01 -2.603547e+01
    endloop
  endfacet
  facet normal -8.276885e-01  0.000000e+00  5.611878e-01
    outer loop
      vertex   4.327129e+01  1.000000e+01 -2.603547e+01
      vertex   4.327129e+01  1.600000e+01 -2.603547e+01
      vertex   4.020270e+01  1.000000e+01 -3.056130e+01
    endloop
  endfacet
  facet normal -8.276885e-01  0.000000e+00  5.611878e-01
    outer loop
      vertex   4.020270e+01  1.000000e+01 -3.056130e+01
      vertex   4.327129e+01  1.600000e+01 -2.603547e+01
      vertex   4.020270e+01  1.600000e+01 -3.056130e+01
    endloop
  endfacet
  facet normal -7.621623e-01  0.000000e+00  6.473860e-01
    outer loop
      vertex   4.020270e+01  1.000000e+01 -3.056130e+01
      vertex   4.020270e+01  1.600000e+01 -3.056130e+01
      vertex   3.666277e+01  1.000000e+01 -3.472882e+01
    endloop
  endfacet
  facet normal -7.621623e-01  0.000000e+00  6.473860e-01
    outer loop
      vertex   3.666277e+01  1.000000e+01 -3.472882e+01
      vertex   4.020270e+01  1.600000e+01 -3.056130e+01
      vertex   3.666277e+01  1.600000e+01 -3.472882e+01
    endloop
  endfacet
  facet normal -6.876998e-01  0.000000e+00  7.259951e-01
    outer loop
      vertex   3.666277e+01  1.000000e+01 -3.472882e+01
      vertex   3.666277e+01  1.600000e+01 -3.472882e+01
      vertex   3.269301e+01  1.000000e+01 -3.848919e+01
    endloop
  endfacet
  facet normal -6.876998e-01  0.000000e+00  7.259951e-01
    outer loop
      vertex   3.269301e+01  1.000000e+01 -3.848919e+01
      vertex   3.666277e+01  1.600000e+01 -3.472882e+01
      vertex   3.269301e+01  1.600000e+01 -3.848919e+01
    endloop
  endfacet
  facet normal -6.051739e-01  0.000000e+00  7.960933e-01
    outer loop
      vertex   3.269301e+01  1.000000e+01 -3.848919e+01
      vertex   3.269301e+01  1.600000e+01 -3.848919e+01
      vertex   2.833995e+01  1.000000e+01 -4.179829e+01
    endloop
  endfacet
  facet normal -6.051739e-01  0.000000e+00  7.960933e-01
    outer loop
      vertex   2.833995e+01  1.000000e+01 -4.179829e+01
      vertex   3.269301e+01  1.600000e+01 -3.848919e+01
      vertex   2.833995e+01  1.600000e+01 -4.179829e+01
    endloop
  endfacet
  facet normal -5.155534e-01  0.000000e+00  8.568574e-01
    outer loop
      vertex   2.833995e+01  1.000000e+01 -4.179829e+01
      vertex   2.833995e+01  1.600000e+01 -4.179829e+01
      vertex   2.365462e+01  1.000000e+01 -4.461736e+01
    endloop
  endfacet
  facet normal -5.155534e-01  0.000000e+00  8.568574e-01
    outer loop
      vertex   2.365462e+01  1.000000e+01 -4.461736e+01
      vertex   2.833995e+01  1.600000e+01 -4.179829e+01
      vertex   2.365462e+01  1.600000e+01 -4.461736e+01
    endloop
  endfacet
  facet normal -4.198893e-01  0.000000e+00  9.075754e-01
    outer loop
      vertex   2.365462e+01  1.000000e+01 -4.461736e+01
      vertex   2.365462e+01  1.600000e+01 -4.461736e+01
      vertex   1.869198e+01  1.000000e+01 -4.691332e+01
    endloop
  endfacet
  facet normal -4.198893e-01  0.000000e+00  9.075754e-01
    outer loop
      vertex   1.869198e+01  1.000000e+01 -4.691332e+01
      vertex   2.365462e+01  1.600000e+01 -4.461736e+01
      vertex   1.869198e+01  1.600000e+01 -4.691332e+01
    endloop
  endfacet
  facet normal -3.193025e-01  0.000000e+00  9.476528e-01
    outer loop
      vertex   1.869198e+01  1.000000e+01 -4.691332e+01
      vertex   1.869198e+01  1.600000e+01 -4.691332e+01
      vertex   1.351018e+01  1.000000e+01 -4.865928e+01
    endloop
  endfacet
  facet normal -3.193025e-01  0.000000e+00  9.476528e-01
    outer loop
      vertex   1.351018e+01  1.000000e+01 -4.865928e+01
      vertex   1.869198e+01  1.600000e+01 -4.691332e+01
      vertex   1.351018e+01  1.600000e+01 -4.865928e+01
    endloop
  endfacet
  facet normal -2.149698e-01  0.000000e+00  9.766207e-01
    outer loop
      vertex   1.351018e+01  1.000000e+01 -4.865928e+01
      vertex   1.351018e+01  1.600000e+01 -4.865928e+01
      vertex   8.169991e+00  1.000000e+01 -4.983474e+01
    endloop
  endfacet
  facet normal -2.149698e-01  0.000000e+00  9.766207e-01
    outer loop
      vertex   8.169991e+00  1.000000e+01 -4.983474e+01
      vertex   1.351018e+01  1.600000e+01 -4.865928e+01
      vertex   8.169991e+00  1.600000e+01 -4.983474e+01
    endloop
  endfacet
  facet normal -1.081197e-01  0.000000e+00  9.941379e-01
    outer loop
      vertex   8.169991e+00  1.000000e+01 -4.983474e+01
      vertex   8.169991e+00  1.600000e+01 -4.983474e+01
      vertex   2.734015e+00  1.000000e+01 -5.042594e+01
    endloop
  endfacet
  facet normal -1.081197e-01  0.000000e+00  9.941379e-01
    outer loop
      vertex   2.734015e+00  1.000000e+01 -5.042594e+01
      vertex   8.169991e+00  1.600000e+01 -4.983474e+01
      vertex   2.734015e+00  1.600000e+01 -5.042594e+01
    endloop
  endfacet
  facet normal  0.000000e+00 -0.000000e+00  1.000000e+00
    outer loop
      vertex   2.734015e+00  1.000000e+01 -5.042594e+01
      vertex   2.734015e+00  1.600000e+01 -5.042594e+01
      vertex  -2.734015e+00  1.000000e+01 -5.042594e+01
    endloop
  endfacet
  facet normal  0.000000e+00  0.000000e+00  1.000000e+00
    outer loop
      vertex  -2.734015e+00  1.000000e+01 -5.042594e+01
      vertex   2.734015e+00  1.600000e+01 -5.042594e+01
      vertex  -2.734015e+00  1.600000e+01 -5.042594e+01
    endloop
  endfacet
  facet normal  1.081197e-01 -0.000000e+00  9.941379e-01
    outer loop
      vertex  -2.734015e+00  1.000000e+01 -5.042594e+01
      vertex  -2.734015e+00  1.600000e+01 -5.042594e+01
      vertex  -8.169991e+00  1.000000e+01 -4.983474e+01
    endloop
  endfacet
  facet normal  1.081197e-01 -0.000000e+00  9.941379e-01
    outer loop
      vertex  -8.169991e+00  1.000000e+01 -4.983474e+01
      vertex  -2.734015e+00  1.600000e+01 -5.042594e+01
      vertex  -8.169991e+00  1.600000e+01 -4.983474e+01
    endloop
  endfacet
  facet normal  2.149698e-01 -0.000000e+00  9.766207e-01
    outer loop
      vertex  -8.169991e+00  1.000000e+01 -4.983474e+01
      vertex  -8.169991e+00  1.600000e+01 -4.983474e+01
      vertex  -1.351018e+01  1.000000e+01 -4.865928e+01
    endloop
  endfacet
  facet normal  2.149698e-01 -0.000000e+00  9.766207e-01
    outer loop
      vertex  -1.351018e+01  1.000000e+01 -4.865928e+01
      vertex  -8.169991e+00  1.600000e+01 -4.983474e+01
      vertex  -1.351018e+01  1.600000e+01 -4.865928e+01
    endloop
  endfacet
  facet normal  3.193025e-01 -0.000000e+00  9.476528e-01
    outer loop
      vertex  -1.351018e+01  1.000000e+01 -4.865928e+01
      vertex  -1.351018e+01  1.600000e+01 -4.865928e+01
      vertex  -1.869198e+01  1.000000e+01 -4.691332e+01
    endloop
  endfacet
  facet normal  3.193025e-01 -0.000000e+00  9.476528e-01
    outer loop
      vertex  -1.869198e+01  1.000000e+01 -4.691332e+01
      vertex  -1.351018e+01  1.600000e+01 -4.865928e+01
      vertex  -1.869198e+01  1.600000e+01 -4.691332e+01
    endloop
  endfacet
  facet normal  4.198893e-01 -0.000000e+00  9.075754e-01
    outer loop
      vertex  -1.869198e+01  1.000000e+01 -4.691332e+01
      vertex  -1.869198e+01  1.600000e+01 -4.691332e+01
      vertex  -2.365462e+01  1.000000e+01 -4.461736e+01
    endloop
  endfacet
  facet normal  4.198893e-01 -0.000000e+00  9.075754e-01
    outer loop
      vertex  -2.365462e+01  1.000000e+01 -4.461736e+01
      vertex  -1.869198e+01  1.600000e+01 -4.691332e+01
      vertex  -2.365462e+01  1.600000e+01 -4.461736e+01
    endloop
  endfacet
  facet normal  5.155534e-01 -0.000000e+00  8.568574e-01
    outer loop
      vertex  -2.365462e+01  1.000000e+01 -4.461736e+01
      vertex  -2.365462e+01  1.600000e+01 -4.461736e+01
      vertex  -2.833995e+01  1.000000e+01 -4.179829e+01
    endloop
  endfacet
  facet normal  5.155534e-01 -0.000000e+00  8.568574e-01
    outer loop
      vertex  -2.833995e+01  1.000000e+01 -4.179829e+01
      vertex  -2.365462e+01  1.600000e+01 -4.461736e+01
      vertex  -2.833995e+01  1.600000e+01 -4.179829e+01
    endloop
  endfacet
  facet normal  6.051739e-01 -0.000000e+00  7.960933e-01
    outer loop
      vertex  -2.833995e+01  1.000000e+01 -4.179829e+01
      vertex  -2.833995e+01  1.600000e+01 -4.179829e+01
      vertex  -3.269301e+01  1.000000e+01 -3.848919e+01
    endloop
  endfacet
  facet normal  6.051739e-01 -0.000000e+00  7.960933e-01
    outer loop
      vertex  -3.269301e+01  1.000000e+01 -3.848919e+01
      vertex  -2.833995e+01  1.600000e+01 -4.179829e+01
      vertex  -3.269301e+01  1.600000e+01 -3.848919e+01
    endloop
  endfacet
  facet normal  6.876998e-01 -0.000000e+00  7.259951e-01
    outer loop
      vertex  -3.269301e+01  1.000000e+01 -3.848919e+01
      vertex  -3.269301e+01  1.600000e+01 -3.848919e+01
      vertex  -3.666277e+01  1.000000e+01 -3.472882e+01
    endloop
  endfacet
  facet normal  6.876998e-01 -0.000000e+00  7.259951e-01
    outer loop
      vertex  -3.666277e+01  1.000000e+01 -3.472882e+01
      vertex  -3.269301e+01  1.600000e+01 -3.848919e+01
      vertex  -3.666277e+01  1.600000e+01 -3.472882e+01
    endloop
  endfacet
  facet normal  7.621623e-01 -0.000000e+00  6.473860e-01
    outer loop
      vertex  -3.666277e+01  1.000000e+01 -3.472882e+01
      vertex  -3.666277e+01  1.600000e+01 -3.472882e+01
      vertex  -4.020270e+01  1.000000e+01 -3.056130e+01
    endloop
  endfacet
  facet normal  7.621623e-01 -0.000000e+00  6.473860e-01
    outer loop
      vertex  -4.020270e+01  1.000000e+01 -3.056130e+01
      vertex  -3.666277e+01  1.600000e+01 -3.472882e+01
      vertex  -4.020270e+01  1.600000e+01 -3.056130e+01
    endloop
  endfacet
  facet normal  8.276885e-01 -0.000000e+00  5.611878e-01
    outer loop
      vertex  -4.020270e+01  1.000000e+01 -3.056130e+01
      vertex  -4.020270e+01  1.600000e+01 -3.056130e+01
      vertex  -4.327129e+01  1.000000e+01 -2.603547e+01
    endloop
  endfacet
  facet normal  8.276885e-01 -0.000000e+00  5.611878e-01
    outer loop
      vertex  -4.327129e+01  1.000000e+01 -2.603547e+01
      vertex  -4.020270e+01  1.600000e+01 -3.056130e+01
      vertex  -4.327129e+01  1.600000e+01 -2.603547e+01
    endloop
  endfacet
  facet normal  8.835124e-01 -0.000000e+00  4.684078e-01
    outer loop
      vertex  -4.327129e+01  1.000000e+01 -2.603547e+01
      vertex  -4.327129e+01  1.600000e+01 -2.603547e+01
      vertex  -4.583256e+01  1.000000e+01 -2.120440e+01
    endloop
  endfacet
  facet normal  8.835124e-01 -0.000000e+00  4.684078e-01
    outer loop
      vertex  -4.583256e+01  1.000000e+01 -2.120440e+01
      vertex  -4.327129e+01  1.600000e+01 -2.603547e+01
      vertex  -4.583256e+01  1.600000e+01 -2.120440e+01
    endloop
  endfacet
  facet normal  9.289768e-01 -0.000000e+00  3.701381e-01
    outer loop
      vertex  -4.583256e+01  1.000000e+01 -2.120440e+01
      vertex  -4.583256e+01  1.600000e+01 -2.120440e+01
      vertex  -4.785648e+01  1.000000e+01 -1.612473e+01
    endloop
  endfacet
  facet normal  9.289768e-01 -0.000000e+00  3.701381e-01
    outer loop
      vertex  -4.785648e+01  1.000000e+01 -1.612473e+01
      vertex  -4.583256e+01  1.600000e+01 -2.120440e+01
      vertex  -4.785648e+01  1.600000e+01 -1.612473e+01
    endloop
  endfacet
  facet normal  9.635499e-01 -0.000000e+00  2.675289e-01
    outer loop
      vertex  -4.785648e+01  1.000000e+01 -1.612473e+01
      vertex  -4.785648e+01  1.600000e+01 -1.612473e+01
      vertex  -4.931934e+01  1.000000e+01 -1.085601e+01
    endloop
  endfacet
  facet normal  9.635499e-01 -0.000000e+00  2.675289e-01
    outer loop
      vertex  -4.931934e+01  1.000000e+01 -1.085601e+01
      vertex  -4.785648e+01  1.600000e+01 -1.612473e+01
      vertex  -4.931934e+01  1.600000e+01 -1.085601e+01
    endloop
  endfacet
  facet normal  9.868265e-01 -0.000000e+00  1.617819e-01
    outer loop
      vertex  -4.931934e+01  1.000000e+01 -1.085601e+01
      vertex  -4.931934e+01  1.600000e+01 -1.085601e+01
      vertex  -5.020397e+01  1.000000e+01 -5.460010e+00
    endloop
  endfacet
  facet normal  9.868265e-01 -0.000000e+00  1.617819e-01
    outer loop
      vertex  -5.020397e+01  1.000000e+01 -5.460010e+00
      vertex  -4.931934e+01  1.600000e+01 -1.085601e+01
      vertex  -5.020397e+01  1.600000e+01 -5.460010e+00
    endloop
  endfacet
  facet normal  9.985334e-01 -0.000000e+00  5.413869e-02
    outer loop
      vertex  -5.020397e+01  1.000000e+01 -5.460010e+00
      vertex  -5.020397e+01  1.600000e+01 -5.460010e+00
      vertex  -5.050000e+01  1.000000e+01  0.000000e+00
    endloop
  endfacet
  facet normal  9.985334e-01 -0.000000e+00  5.413869e-02
    outer loop
      vertex  -5.050000e+01  1.000000e+01  0.000000e+00
      vertex  -5.020397e+01  1.600000e+01 -5.460010e+00
      vertex  -5.050000e+01  1.600000e+01  0.000000e+00
    endloop
  endfacet
  facet normal  9.985334e-01  0.000000e+00 -5.413869e-02
    outer loop
      vertex  -5.050000e+01  1.000000e+01  0.000000e+00
      vertex  -5.050000e+01  1.600000e+01  0.000000e+00
      vertex  -5.020397e+01  1.000000e+01  5.460010e+00
    endloop
  endfacet
  facet normal  9.985334e-01  0.000000e+00 -5.413869e-02
    outer loop
      vertex  -5.020397e+01  1.000000e+01  5.460010e+00
      vertex  -5.050000e+01  1.600000e+01  0.000000e+00
      vertex  -5.020397e+01  1.600000e+01  5.460010e+00
    endloop
  endfacet
  facet normal  9.868265e-01  0.000000e+00 -1.617819e-01
    outer loop
      vertex  -5.020397e+01  1.000000e+01  5.460010e+00
      vertex  -5.020397e+01  1.600000e+01  5.460010e+00
      vertex  -4.931934e+01  1.000000e+01  1.085601e+01
    endloop
  endfacet
  facet normal  9.868265e-01  0.000000e+00 -1.617819e-01
    outer loop
      vertex  -4.931934e+01  1.000000e+01  1.085601e+01
      vertex  -5.020397e+01  1.600000e+01  5.460010e+00
      vertex  -4.931934e+01  1.600000e+01  1.085601e+01
    endloop
  endfacet
  facet normal  9.635499e-01  0.000000e+00 -2.675289e-01
    outer loop
      vertex  -4.931934e+01  1.000000e+01  1.085601e+01
      vertex  -4.931934e+01  1.600000e+01  1.085601e+01
      vertex  -4.785648e+01  1.000000e+01  1.612473e+01
    endloop
  endfacet
  facet normal  9.635499e-01  0.000000e+00 -2.675289e-01
    outer loop
      vertex  -4.785648e+01  1.000000e+01  1.612473e+01
      vertex  -4.931934e+01  1.600000e+01  1.085601e+01
      vertex  -4.785648e+01  1.600000e+01  1.612473e+01
    endloop
  endfacet
  facet normal  9.289768e-01  0.000000e+00 -3.701381e-01
    outer loop
      vertex  -4.785648e+01  1.000000e+01  1.612473e+01
      vertex  -4.785648e+01  1.600000e+01  1.612473e+01
      vertex  -4.583256e+01  1.000000e+01  2.120440e+01
    endloop
  endfacet
  facet normal  9.289768e-01  0.000000e+00 -3.701381e-01
    outer loop
      vertex  -4.583256e+01  1.000000e+01  2.120440e+01
      vertex  -4.785648e+01  1.600000e+01  1.612473e+01
      vertex  -4.583256e+01  1.600000e+01  2.120440e+01
    endloop
  endfacet
  facet normal  8.835124e-01  0.000000e+00 -4.684078e-01
    outer loop
      vertex  -4.583256e+01  1.000000e+01  2.120440e+01
      vertex  -4.583256e+01  1.600000e+01  2.120440e+01
      vertex  -4.327129e+01  1.000000e+01  2.603547e+01
    endloop
  endfacet
  facet normal  8.835124e-01  0.000000e+00 -4.684078e-01
    outer loop
      vertex  -4.327129e+01  1.000000e+01  2.603547e+01
      vertex  -4.583256e+01  1.600000e+01  2.120440e+01
      vertex  -4.327129e+01  1.600000e+01  2.603547e+01
    endloop
  endfacet
  facet normal  8.276885e-01  0.000000e+00 -5.611878e-01
    outer loop
      vertex  -4.327129e+01  1.000000e+01  2.603547e+01
      vertex  -4.327129e+01  1.600000e+01  2.603547e+01
      vertex  -4.020270e+01  1.000000e+01  3.056130e+01
    endloop
  endfacet
  facet normal  8.276885e-01  0.000000e+00 -5.611878e-01
    outer loop
      vertex  -4.020270e+01  1.000000e+01  3.056130e+01
      vertex  -4.327129e+01  1.600000e+01  2.603547e+01
      vertex  -4.020270e+01  1.600000e+01  3.056130e+01
    endloop
  endfacet
  facet normal  7.621623e-01  0.000000e+00 -6.473860e-01
    outer loop
      vertex  -4.020270e+01  1.000000e+01  3.056130e+01
      vertex  -4.020270e+01  1.600000e+01  3.056130e+01
      vertex  -3.666277e+01  1.000000e+01  3.472882e+01
    endloop
  endfacet
  facet normal  7.621623e-01  0.000000e+00 -6.473860e-01
    outer loop
      vertex  -3.666277e+01  1.000000e+01  3.472882e+01
      vertex  -4.020270e+01  1.600000e+01  3.056130e+01
      vertex  -3.666277e+01  1.600000e+01  3.472882e+01
    endloop
  endfacet
  facet normal  6.876998e-01  0.000000e+00 -7.259951e-01
    outer loop
      vertex  -3.666277e+01  1.000000e+01  3.472882e+01
      vertex  -3.666277e+01  1.600000e+01  3.472882e+01
      vertex  -3.269301e+01  1.000000e+01  3.848919e+01
    endloop
  endfacet
  facet normal  6.876998e-01  0.000000e+00 -7.259951e-01
    outer loop
      vertex  -3.269301e+01  1.000000e+01  3.848919e+01
      vertex  -3.666277e+01  1.600000e+01  3.472882e+01
      vertex  -3.269301e+01  1.600000e+01  3.848919e+01
    endloop
  endfacet
  facet normal  6.051739e-01  0.000000e+00 -7.960933e-01
    outer loop
      vertex  -3.269301e+01  1.000000e+01  3.848919e+01
      vertex  -3.269301e+01  1.600000e+01  3.848919e+01
      vertex  -2.833995e+01  1.000000e+01  4.179829e+01
    endloop
  endfacet
  facet normal  6.051739e-01  0.000000e+00 -7.960933e-01
    outer loop
      vertex  -2.833995e+01  1.000000e+01  4.179829e+01
      vertex  -3.269301e+01  1.600000e+01  3.848919e+01
      vertex  -2.833995e+01  1.600000e+01  4.179829e+01
    endloop
  endfacet
  facet normal  5.155534e-01  0.000000e+00 -8.568574e-01
    outer loop
      vertex  -2.833995e+01  1.000000e+01  4.179829e+01
      vertex  -2.833995e+01  1.600000e+01  4.179829e+01
      vertex  -2.365462e+01  1.000000e+01  4.461736e+01
    endloop
  endfacet
  facet normal  5.155534e-01  0.000000e+00 -8.568574e-01
    outer loop
      vertex  -2.365462e+01  1.000000e+01  4.461736e+01
      vertex  -2.833995e+01  1.600000e+01  4.179829e+01
      vertex  -2.365462e+01  1.600000e+01  4.461736e+01
    endloop
  endfacet
  facet normal  4.198893e-01  0.000000e+00 -9.075754e-01
    outer loop
      vertex  -2.365462e+01  1.000000e+01  4.461736e+01
      vertex  -2.365462e+01  1.600000e+01  4.461736e+01
      vertex  -1.869198e+01  1.000000e+01  4.691332e+01
    endloop
  endfacet
  facet normal  4.198893e-01  0.000000e+00 -9.075754e-01
    outer loop
      vertex  -1.869198e+01  1.000000e+01  4.691332e+01
      vertex  -2.365462e+01  1.600000e+01  4.461736e+01
      vertex  -1.869198e+01  1.600000e+01  4.691332e+01
    endloop
  endfacet
  facet normal  3.193025e-01  0.000000e+00 -9.476528e-01
    outer loop
      vertex  -1.869198e+01  1.000000e+01  4.691332e+01
      vertex  -1.869198e+01  1.600000e+01  4.691332e+01
      vertex  -1.351018e+01  1.000000e+01  4.865928e+01
    endloop
  endfacet
  facet normal  3.193025e-01  0.000000e+00 -9.476528e-01
    outer loop
      vertex  -1.351018e+01  1.000000e+01  4.865928e+01
      vertex  -1.869198e+01  1.600000e+01  4.691332e+01
      vertex  -1.351018e+01  1.600000e+01  4.865928e+01
    endloop
  endfacet
  facet normal  2.149698e-01  0.000000e+00 -9.766207e-01
    outer loop
      vertex  -1.351018e+01  1.000000e+01  4.865928e+01
      vertex  -1.351018e+01  1.600000e+01  4.865928e+01
      vertex  -8.169991e+00  1.000000e+01  4.983474e+01
    endloop
  endfacet
  facet normal  2.149698e-01  0.000000e+00 -9.766207e-01
    outer loop
      vertex  -8.169991e+00  1.000000e+01  4.983474e+01
      vertex  -1.351018e+01  1.600000e+01  4.865928e+01
      vertex  -8.169991e+00  1.600000e+01  4.983474e+01
    endloop
  endfacet
  facet normal  1.081197e-01  0.000000e+00 -9.941379e-01
    outer loop
      vertex  -8.169991e+00  1.000000e+01  4.983474e+01
      vertex  -8.169991e+00  1.600000e+01  4.983474e+01
      vertex  -2.734015e+00  1.000000e+01  5.042594e+01
    endloop
  endfacet
  facet normal  1.081197e-01  0.000000e+00 -9.941379e-01
    outer loop
      vertex  -2.734015e+00  1.000000e+01  5.042594e+01
      vertex  -8.169991e+00  1.600000e+01  4.983474e+01
      vertex  -2.734015e+00  1.600000e+01  5.042594e+01
    endloop
  endfacet
  facet normal  0.000000e+00  0.000000e+00 -1.000000e+00
    outer loop
      vertex  -2.734015e+00  1.000000e+01  5.042594e+01
      vertex  -2.734015e+00  1.600000e+01  5.042594e+01
      vertex   2.734015e+00  1.000000e+01  5.042594e+01
    endloop
  endfacet
  facet normal  0.000000e+00  0.000000e+00 -1.000000e+00
    outer loop
      vertex   2.734015e+00  1.000000e+01  5.042594e+01
      vertex  -2.734015e+00  1.600000e+01  5.042594e+01
      vertex   2.734015e+00  1.600000e+01  5.042594e+01
    endloop
  endfacet
  facet normal -1.081197e-01  0.000000e+00 -9.941379e-01
    outer loop
      vertex   2.734015e+00  1.000000e+01  5.042594e+01
      vertex   2.734015e+00  1.600000e+01  5.042594e+01
      vertex   8.169991e+00  1.000000e+01  4.983474e+01
    endloop
  endfacet
  facet normal -1.081197e-01  0.000000e+00 -9.941379e-01
    outer loop
      vertex   8.169991e+00  1.000000e+01  4.983474e+01
      vertex   2.734015e+00  1.600000e+01  5.042594e+01
      vertex   8.169991e+00  1.600000e+01  4.983474e+01
    endloop
  endfacet
  facet normal -2.149698e-01  0.000000e+00 -9.766207e-01
    outer loop
      vertex   8.169991e+00  1.000000e+01  4.983474e+01
      vertex   8.169991e+00  1.600000e+01  4.983474e+01
      vertex   1.351018e+01  1.000000e+01  4.865928e+01
    endloop
  endfacet
  facet normal -2.149698e-01  0.000000e+00 -9.766207e-01
    outer loop
      vertex   1.351018e+01  1.000000e+01  4.865928e+01
      vertex   8.169991e+00  1.600000e+01  4.983474e+01
      vertex   1.351018e+01  1.600000e+01  4.865928e+01
    endloop
  endfacet
  facet normal -3.193025e-01  0.000000e+00 -9.476528e-01
    outer loop
      vertex   1.351018e+01  1.000000e+01  4.865928e+01
      vertex   1.351018e+01  1.600000e+01  4.865928e+01
      vertex   1.869198e+01  1.000000e+01  4.691332e+01
    endloop
  endfacet
  facet normal -3.193025e-01  0.000000e+00 -9.476528e-01
    outer loop
      vertex   1.869198e+01  1.000000e+01  4.691332e+01
      vertex   1.351018e+01  1.600000e+01  4.865928e+01
      vertex   1.869198e+01  1.600000e+01  4.691332e+01
    endloop
  endfacet
  facet normal -4.198893e-01  0.000000e+00 -9.075754e-01
    outer loop
      vertex   1.869198e+01  1.000000e+01  4.691332e+01
      vertex   1.869198e+01  1.600000e+01  4.691332e+01
      vertex   2.365462e+01  1.000000e+01  4.461736e+01
    endloop
  endfacet
  facet normal -4.198893e-01  0.000000e+00 -9.075754e-01
    outer loop
      vertex   2.365462e+01  1.000000e+01  4.461736e+01
      vertex   1.869198e+01  1.600000e+01  4.691332e+01
      vertex   2.365462e+01  1.600000e+01  4.461736e+01
    endloop
  endfacet
  facet normal -5.155534e-01  0.000000e+00 -8.568574e-01
    outer loop
      vertex   2.365462e+01  1.000000e+01  4.461736e+01
      vertex   2.365462e+01  1.600000e+01  4.461736e+01
      vertex   2.833995e+01  1.000000e+01  4.179829e+01
    endloop
  endfacet
  facet normal -5.155534e-01  0.000000e+00 -8.568574e-01
    outer loop
      vertex   2.833995e+01  1.000000e+01  4.179829e+01
      vertex   2.365462e+01  1.600000e+01  4.461736e+01
      vertex   2.833995e+01  1.600000e+01  4.179829e+01
    endloop
  endfacet
  facet normal -6.051739e-01  0.000000e+00 -7.960933e-01
    outer loop
      vertex   2.833995e+01  1.000000e+01  4.179829e+01
      vertex   2.833995e+01  1.600000e+01  4.179829e+01
      vertex   3.269301e+01  1.000000e+01  3.848919e+01
    endloop
  endfacet
  facet normal -6.051739e-01  0.000000e+00 -7.960933e-01
    outer loop
      vertex   3.269301e+01  1.000000e+01  3.848919e+01
      vertex   2.833995e+01  1.600000e+01  4.179829e+01
      vertex   3.269301e+01  1.600000e+01  3.848919e+01
    endloop
  endfacet
  facet normal -6.876998e-01  0.000000e+00 -7.259951e-01
    outer loop
      vertex   3.269301e+01  1.000000e+01  3.848919e+01
      vertex   3.269301e+01  1.600000e+01  3.848919e+01
      vertex   3.666277e+01  1.000000e+01  3.472882e+01
    endloop
  endfacet
  facet normal -6.876998e-01  0.000000e+00 -7.259951e-01
    outer loop
      vertex   3.666277e+01  1.000000e+01  3.472882e+01
      vertex   3.269301e+01  1.600000e+01  3.848919e+01
      vertex   3.666277e+01  1.600000e+01  3.472882e+01
    endloop
  endfacet
  facet normal -7.621623e-01  0.000000e+00 -6.473860e-01
    outer loop
      vertex   3.666277e+01  1.000000e+01  3.472882e+01
      vertex   3.666277e+01  1.600000e+01  3.472882e+01
      vertex   4.020270e+01  1.000000e+01  3.056130e+01
    endloop
  endfacet
  facet normal -7.621623e-01  0.000000e+00 -6.473860e-01
    outer loop
      vertex   4.020270e+01  1.000000e+01  3.056130e+01
      vertex   3.666277e+01  1.600000e+01  3.472882e+01
      vertex   4.020270e+01  1.600000e+01  3.056130e+01
    endloop
  endfacet
  facet normal -8.276885e-01  0.000000e+00 -5.611878e-01
    outer loop
      vertex   4.020270e+01  1.000000e+01  3.056130e+01
      vertex   4.020270e+01  1.600000e+01  3.056130e+01
      vertex   4.327129e+01  1.000000e+01  2.603547e+01
    endloop
  endfacet
  facet normal -8.276885e-01  0.000000e+00 -5.611878e-01
    outer loop
      vertex   4.327129e+01  1.000000e+01  2.603547e+01
      vertex   4.020270e+01  1.600000e+01  3.056130e+01
      vertex   4.327129e+01  1.600000e+01  2.603547e+01
    endloop
  endfacet
  facet normal -8.835124e-01  0.000000e+00 -4.684078e-01
    outer loop
      vertex   4.327129e+01  1.000000e+01  2.603547e+01
      vertex   4.327129e+01  1.600000e+01  2.603547e+01
      vertex   4.583256e+01  1.000000e+01  2.120440e+01
    endloop
  endfacet
  facet normal -8.835124e-01  0.000000e+00 -4.684078e-01
    outer loop
      vertex   4.583256e+01  1.000000e+01  2.120440e+01
      vertex   4.327129e+01  1.600000e+01  2.603547e+01
      vertex   4.583256e+01  1.600000e+01  2.120440e+01
    endloop
  endfacet
  facet normal -9.289768e-01  0.000000e+00 -3.701381e-01
    outer loop
      vertex   4.583256e+01  1.000000e+01  2.120440e+01
      vertex   4.583256e+01  1.600000e+01  2.120440e+01
      vertex   4.785648e+01  1.000000e+01  1.612473e+01
    endloop
  endfacet
  facet normal -9.289768e-01  0.000000e+00 -3.701381e-01
    outer loop
      vertex   4.785648e+01  1.000000e+01  1.612473e+01
      vertex   4.583256e+01  1.600000e+01  2.120440e+01
      vertex   4.785648e+01  1.600000e+01  1.612473e+01
    endloop
  endfacet
  facet normal -9.635499e-01  0.000000e+00 -2.675289e-01
    outer loop
      vertex   4.785648e+01  1.000000e+01  1.612473e+01
      vertex   4.785648e+01  1.600000e+01  1.612473e+01
      vertex   4.931934e+01  1.000000e+01  1.085601e+01
    endloop
  endfacet
  facet normal -9.635499e-01  0.000000e+00 -2.675289e-01
    outer loop
      vertex   4.931934e+01  1.000000e+01  1.085601e+01
      vertex   4.785648e+01  1.600000e+01  1.612473e+01
      vertex   4.931934e+01  1.600000e+01  1.085601e+01
    endloop
  endfacet
  facet normal -9.868265e-01  0.000000e+00 -1.617819e-01
    outer loop
      vertex   4.931934e+01  1.000000e+01  1.085601e+01
      vertex   4.931934e+01  1.600000e+01  1.085601e+01
      vertex   5.020397e+01  1.000000e+01  5.460010e+00
    endloop
  endfacet
  facet normal -9.868265e-01  0.000000e+00 -1.617819e-01
    outer loop
      vertex   5.020397e+01  1.000000e+01  5.460010e+00
      vertex   4.931934e+01  1.600000e+01  1.085601e+01
      vertex   5.020397e+01  1.600000e+01  5.460010e+00
    endloop
  endfacet
  facet normal  0.000000e+00  1.000000e+00  0.000000e+00
    outer loop
      vertex   5.580408e+00  1.600000e+01  5.220258e+01
      vertex   2.734015e+00  1.600000e+01  5.042594e+01
      vertex   0.000000e+00  1.600000e+01  5.250000e+01
    endloop
  endfacet
  facet normal  0.000000e+00  1.000000e+00  0.000000e+00
    outer loop
      vertex   0.000000e+00  1.600000e+01  5.250000e+01
      vertex   2.734015e+00  1.600000e+01  5.042594e+01
      vertex  -2.734015e+00  1.600000e+01  5.042594e+01
    endloop
  endfacet
  facet normal  0.000000e+00  1.000000e+00  0.000000e+00
    outer loop
      vertex   0.000000e+00  1.600000e+01  5.250000e+01
      vertex  -2.734015e+00  1.600000e+01  5.042594e+01
      vertex  -5.580408e+00  1.600000e+01  5.220258e+01
    endloop
  endfacet
  facet normal  0.000000e+00  1.000000e+00  0.000000e+00
    outer loop
      vertex  -5.580408e+00  1.600000e+01  5.220258e+01
      vertex  -2.734015e+00  1.600000e+01  5.042594e+01
      vertex  -8.169991e+00  1.600000e+01  4.983474e+01
    endloop
  endfacet
  facet normal  0.000000e+00  1.000000e+00  0.000000e+00
    outer loop
      vertex  -5.580408e+00  1.600000e+01  5.220258e+01
      vertex  -8.169991e+00  1.600000e+01  4.983474e+01
      vertex  -1.109759e+01  1.600000e+01  5.131367e+01
    endloop
  endfacet
  facet normal  0.000000e+00  1.000000e+00  0.000000e+00
    outer loop
      vertex  -1.109759e+01  1.600000e+01  5.131367e+01
      vertex  -8.169991e+00  1.600000e+01  4.983474e+01
      vertex  -1.351018e+01  1.600000e+01  4.865928e+01
    endloop
  endfacet
  facet normal  0.000000e+00  1.000000e+00  0.000000e+00
    outer loop
      vertex  -1.109759e+01  1.600000e+01  5.131367e+01
      vertex  -1.351018e+01  1.600000e+01  4.865928e+01
      vertex  -1.648903e+01  1.600000e+01  4.984337e+01
    endloop
  endfacet
  facet normal  0.000000e+00  1.000000e+00  0.000000e+00
    outer loop
      vertex  -1.648903e+01  1.600000e+01  4.984337e+01
      vertex  -1.351018e+01  1.600000e+01  4.865928e+01
      vertex  -1.869198e+01  1.600000e+01  4.691332e+01
    endloop
  endfacet
  facet normal  0.000000e+00  1.000000e+00  0.000000e+00
    outer loop
      vertex  -1.648903e+01  1.600000e+01  4.984337e+01
      vertex  -1.869198e+01  1.600000e+01  4.691332e+01
      vertex  -2.169364e+01  1.600000e+01  4.780833e+01
    endloop
  endfacet
  facet normal  0.000000e+00  1.000000e+00  0.000000e+00
    outer loop
      vertex  -2.169364e+01  1.600000e+01  4.780833e+01
      vertex  -1.869198e+01  1.600000e+01  4.691332e+01
      vertex  -2.365462e+01  1.600000e+01  4.461736e+01
    endloop
  endfacet
  facet normal  0.000000e+00  1.000000e+00  0.000000e+00
    outer loop
      vertex  -2.169364e+01  1.600000e+01  4.780833e+01
      vertex  -2.365462e+01  1.600000e+01  4.461736e+01
      vertex  -2.665245e+01  1.600000e+01  4.523159e+01
    endloop
  endfacet
  facet normal  0.000000e+00  1.000000e+00  0.000000e+00
    outer loop
      vertex  -2.665245e+01  1.600000e+01  4.523159e+01
      vertex  -2.365462e+01  1.600000e+01  4.461736e+01
      vertex  -2.833995e+01  1.600000e+01  4.179829e+01
    endloop
  endfacet
  facet normal  0.000000e+00  1.000000e+00  0.000000e+00
    outer loop
      vertex  -2.665245e+01  1.600000e+01  4.523159e+01
      vertex  -2.833995e+01  1.600000e+01  4.179829e+01
      vertex  -3.130928e+01  1.600000e+01  4.214236e+01
    endloop
  endfacet
  facet normal  0.000000e+00  1.000000e+00  0.000000e+00
    outer loop
      vertex  -3.130928e+01  1.600000e+01  4.214236e+01
      vertex  -2.833995e+01  1.600000e+01  4.179829e+01
      vertex  -3.269301e+01  1.600000e+01  3.848919e+01
    endloop
  endfacet
  facet normal  0.000000e+00  1.000000e+00  0.000000e+00
    outer loop
      vertex  -3.130928e+01  1.600000e+01  4.214236e+01
      vertex  -3.269301e+01  1.600000e+01  3.848919e+01
      vertex  -3.561137e+01  1.600000e+01  3.857564e+01
    endloop
  endfacet
  facet normal  0.000000e+00  1.000000e+00  0.000000e+00
    outer loop
      vertex  -3.561137e+01  1.600000e+01  3.857564e+01
      vertex  -3.269301e+01  1.600000e+01  3.848919e+01
      vertex  -3.666277e+01  1.600000e+01  3.472882e+01
    endloop
  endfacet
  facet normal  0.000000e+00  1.000000e+00  0.000000e+00
    outer loop
      vertex  -3.561137e+01  1.600000e+01  3.857564e+01
      vertex  -3.666277e+01  1.600000e+01  3.472882e+01
      vertex  -3.950997e+01  1.600000e+01  3.457185e+01
    endloop
  endfacet
  facet normal -0.000000e+00  1.000000e+00  0.000000e+00
    outer loop
      vertex  -3.950997e+01  1.600000e+01  3.457185e+01
      vertex  -3.666277e+01  1.600000e+01  3.472882e+01
      vertex  -4.020270e+01  1.600000e+01  3.056130e+01
    endloop
  endfacet
  facet normal  0.000000e+00  1.000000e+00  0.000000e+00
    outer loop
      vertex  -3.950997e+01  1.600000e+01  3.457185e+01
      vertex  -4.020270e+01  1.600000e+01  3.056130e+01
      vertex  -4.296090e+01  1.600000e+01  3.017634e+01
    endloop
  endfacet
  facet normal -0.000000e+00  1.000000e+00  0.000000e+00
    outer loop
      vertex  -4.296090e+01  1.600000e+01  3.017634e+01
      vertex  -4.020270e+01  1.600000e+01  3.056130e+01
      vertex  -4.327129e+01  1.600000e+01  2.603547e+01
    endloop
  endfacet
  facet normal  0.000000e+00  1.000000e+00  0.000000e+00
    outer loop
      vertex  -4.296090e+01  1.600000e+01  3.017634e+01
      vertex  -4.327129e+01  1.600000e+01  2.603547e+01
      vertex  -4.592506e+01  1.600000e+01  2.543892e+01
    endloop
  endfacet
  facet normal -0.000000e+00  1.000000e+00  0.000000e+00
    outer loop
      vertex  -4.592506e+01  1.600000e+01  2.543892e+01
      vertex  -4.327129e+01  1.600000e+01  2.603547e+01
      vertex  -4.583256e+01  1.600000e+01  2.120440e+01
    endloop
  endfacet
  facet normal  0.000000e+00  1.000000e+00  0.000000e+00
    outer loop
      vertex  -4.592506e+01  1.600000e+01  2.543892e+01
      vertex  -4.583256e+01  1.600000e+01  2.120440e+01
      vertex  -4.836888e+01  1.600000e+01  2.041327e+01
    endloop
  endfacet
  facet normal -0.000000e+00  1.000000e+00  0.000000e+00
    outer loop
      vertex  -4.836888e+01  1.600000e+01  2.041327e+01
      vertex  -4.583256e+01  1.600000e+01  2.120440e+01
      vertex  -4.785648e+01  1.600000e+01  1.612473e+01
    endloop
  endfacet
  facet normal  0.000000e+00  1.000000e+00  0.000000e+00
    outer loop
      vertex  -4.836888e+01  1.600000e+01  2.041327e+01
      vertex  -4.785648e+01  1.600000e+01  1.612473e+01
      vertex  -5.026466e+01  1.600000e+01  1.515633e+01
    endloop
  endfacet
  facet normal -0.000000e+00  1.000000e+00  0.000000e+00
    outer loop
      vertex  -5.026466e+01  1.600000e+01  1.515633e+01
      vertex  -4.785648e+01  1.600000e+01  1.612473e+01
      vertex  -4.931934e+01  1.600000e+01  1.085601e+01
    endloop
  endfacet
  facet normal  0.000000e+00  1.000000e+00  0.000000e+00
    outer loop
      vertex  -5.026466e+01  1.600000e+01  1.515633e+01
      vertex  -4.931934e+01  1.600000e+01  1.085601e+01
      vertex  -5.159092e+01  1.600000e+01  9.727658e+00
    endloop
  endfacet
  facet normal -0.000000e+00  1.000000e+00  0.000000e+00
    outer loop
      vertex  -5.159092e+01  1.600000e+01  9.727658e+00
      vertex  -4.931934e+01  1.600000e+01  1.085601e+01
      vertex  -5.020397e+01  1.600000e+01  5.460010e+00
    endloop
  endfacet
  facet normal  0.000000e+00  1.000000e+00  0.000000e+00
    outer loop
      vertex  -5.159092e+01  1.600000e+01  9.727658e+00
      vertex  -5.020397e+01  1.600000e+01  5.460010e+00
      vertex  -5.233263e+01  1.600000e+01  4.188771e+00
    endloop
  endfacet
  facet normal -0.000000e+00  1.000000e+00  0.000000e+00
    outer loop
      vertex  -5.233263e+01  1.600000e+01  4.188771e+00
      vertex  -5.020397e+01  1.600000e+01  5.460010e+00
      vertex  -5.050000e+01  1.600000e+01  0.000000e+00
    endloop
  endfacet
  facet normal  0.000000e+00  1.000000e+00  0.000000e+00
    outer loop
      vertex  -5.233263e+01  1.600000e+01  4.188771e+00
      vertex  -5.050000e+01  1.600000e+01  0.000000e+00
      vertex  -5.248139e+01  1.600000e+01 -1.397577e+00
    endloop
  endfacet
  facet normal -0.000000e+00  1.000000e+00  0.000000e+00
    outer loop
      vertex  -5.248139e+01  1.600000e+01 -1.397577e+00
      vertex  -5.050000e+01  1.600000e+01  0.000000e+00
      vertex  -5.020397e+01  1.600000e+01 -5.460010e+00
    endloop
  endfacet
  facet normal  0.000000e+00  1.000000e+00  0.000000e+00
    outer loop
      vertex  -5.248139e+01  1.600000e+01 -1.397577e+00
      vertex  -5.020397e+01  1.600000e+01 -5.460010e+00
      vertex  -5.203552e+01  1.600000e+01 -6.968090e+00
    endloop
  endfacet
  facet normal -0.000000e+00  1.000000e+00  0.000000e+00
    outer loop
      vertex  -5.203552e+01  1.600000e+01 -6.968090e+00
      vertex  -5.020397e+01  1.600000e+01 -5.460010e+00
      vertex  -4.931934e+01  1.600000e+01 -1.085601e+01
    endloop
  endfacet
  facet normal  0.000000e+00  1.000000e+00  0.000000e+00
    outer loop
      vertex  -5.203552e+01  1.600000e+01 -6.968090e+00
      vertex  -4.931934e+01  1.600000e+01 -1.085601e+01
      vertex  -5.100007e+01  1.600000e+01 -1.245965e+01
    endloop
  endfacet
  facet normal -0.000000e+00  1.000000e+00  0.000000e+00
    outer loop
      vertex  -5.100007e+01  1.600000e+01 -1.245965e+01
      vertex  -4.931934e+01  1.600000e+01 -1.085601e+01
      vertex  -4.785648e+01  1.600000e+01 -1.612473e+01
    endloop
  endfacet
  facet normal  0.000000e+00  1.000000e+00  0.000000e+00
    outer loop
      vertex  -5.100007e+01  1.600000e+01 -1.245965e+01
      vertex  -4.785648e+01  1.600000e+01 -1.612473e+01
      vertex  -4.938676e+01  1.600000e+01 -1.781004e+01
    endloop
  endfacet
  facet normal -0.000000e+00  1.000000e+00  0.000000e+00
    outer loop
      vertex  -4.938676e+01  1.600000e+01 -1.781004e+01
      vertex  -4.785648e+01  1.600000e+01 -1.612473e+01
      vertex  -4.583256e+01  1.600000e+01 -2.120440e+01
    endloop
  endfacet
  facet normal  0.000000e+00  1.000000e+00  0.000000e+00
    outer loop
      vertex  -4.938676e+01  1.600000e+01 -1.781004e+01
      vertex  -4.583256e+01  1.600000e+01 -2.120440e+01
      vertex  -4.721389e+01  1.600000e+01 -2.295863e+01
    endloop
  endfacet
  facet normal -0.000000e+00  1.000000e+00  0.000000e+00
    outer loop
      vertex  -4.721389e+01  1.600000e+01 -2.295863e+01
      vertex  -4.583256e+01  1.600000e+01 -2.120440e+01
      vertex  -4.327129e+01  1.600000e+01 -2.603547e+01
    endloop
  endfacet
  facet normal  0.000000e+00  1.000000e+00  0.000000e+00
    outer loop
      vertex  -4.721389e+01  1.600000e+01 -2.295863e+01
      vertex  -4.327129e+01  1.600000e+01 -2.603547e+01
      vertex  -4.450606e+01  1.600000e+01 -2.784710e+01
    endloop
  endfacet
  facet normal -0.000000e+00  1.000000e+00  0.000000e+00
    outer loop
      vertex  -4.450606e+01  1.600000e+01 -2.784710e+01
      vertex  -4.327129e+01  1.600000e+01 -2.603547e+01
      vertex  -4.020270e+01  1.600000e+01 -3.056130e+01
    endloop
  endfacet
  facet normal  0.000000e+00  1.000000e+00  0.000000e+00
    outer loop
      vertex  -4.450606e+01  1.600000e+01 -2.784710e+01
      vertex  -4.020270e+01  1.600000e+01 -3.056130e+01
      vertex  -4.129395e+01  1.600000e+01 -3.242004e+01
    endloop
  endfacet
  facet normal -0.000000e+00  1.000000e+00  0.000000e+00
    outer loop
      vertex  -4.129395e+01  1.600000e+01 -3.242004e+01
      vertex  -4.020270e+01  1.600000e+01 -3.056130e+01
      vertex  -3.666277e+01  1.600000e+01 -3.472882e+01
    endloop
  endfacet
  facet normal  0.000000e+00  1.000000e+00  0.000000e+00
    outer loop
      vertex  -4.129395e+01  1.600000e+01 -3.242004e+01
      vertex  -3.666277e+01  1.600000e+01 -3.472882e+01
      vertex  -3.761398e+01  1.600000e+01 -3.662566e+01
    endloop
  endfacet
  facet normal -0.000000e+00  1.000000e+00  0.000000e+00
    outer loop
      vertex  -3.761398e+01  1.600000e+01 -3.662566e+01
      vertex  -3.666277e+01  1.600000e+01 -3.472882e+01
      vertex  -3.269301e+01  1.600000e+01 -3.848919e+01
    endloop
  endfacet
  facet normal  0.000000e+00  1.000000e+00  0.000000e+00
    outer loop
      vertex  -3.761398e+01  1.600000e+01 -3.662566e+01
      vertex  -3.269301e+01  1.600000e+01 -3.848919e+01
      vertex  -3.350782e+01  1.600000e+01 -4.041628e+01
    endloop
  endfacet
  facet normal -0.000000e+00  1.000000e+00  0.000000e+00
    outer loop
      vertex  -3.350782e+01  1.600000e+01 -4.041628e+01
      vertex  -3.269301e+01  1.600000e+01 -3.848919e+01
      vertex  -2.833995e+01  1.600000e+01 -4.179829e+01
    endloop
  endfacet
  facet normal  0.000000e+00  1.000000e+00  0.000000e+00
    outer loop
      vertex  -3.350782e+01  1.600000e+01 -4.041628e+01
      vertex  -2.833995e+01  1.600000e+01 -4.179829e+01
      vertex  -2.902201e+01  1.600000e+01 -4.374898e+01
    endloop
  endfacet
  facet normal -0.000000e+00  1.000000e+00  0.000000e+00
    outer loop
      vertex  -2.902201e+01  1.600000e+01 -4.374898e+01
      vertex  -2.833995e+01  1.600000e+01 -4.179829e+01
      vertex  -2.365462e+01  1.600000e+01 -4.461736e+01
    endloop
  endfacet
  facet normal  0.000000e+00  1.000000e+00  0.000000e+00
    outer loop
      vertex  -2.902201e+01  1.600000e+01 -4.374898e+01
      vertex  -2.365462e+01  1.600000e+01 -4.461736e+01
      vertex  -2.420736e+01  1.600000e+01 -4.658598e+01
    endloop
  endfacet
  facet normal -0.000000e+00  1.000000e+00  0.000000e+00
    outer loop
      vertex  -2.420736e+01  1.600000e+01 -4.658598e+01
      vertex  -2.365462e+01  1.600000e+01 -4.461736e+01
      vertex  -1.869198e+01  1.600000e+01 -4.691332e+01
    endloop
  endfacet
  facet normal  0.000000e+00  1.000000e+00  0.000000e+00
    outer loop
      vertex  -2.420736e+01  1.600000e+01 -4.658598e+01
      vertex  -1.869198e+01  1.600000e+01 -4.691332e+01
      vertex  -1.911843e+01  1.600000e+01 -4.889515e+01
    endloop
  endfacet
  facet normal  0.000000e+00  1.000000e+00  0.000000e+00
    outer loop
      vertex  -1.911843e+01  1.600000e+01 -4.889515e+01
      vertex  -1.869198e+01  1.600000e+01 -4.691332e+01
      vertex  -1.351018e+01  1.600000e+01 -4.865928e+01
    endloop
  endfacet
  facet normal -0.000000e+00  1.000000e+00  0.000000e+00
    outer loop
      vertex  -1.911843e+01  1.600000e+01 -4.889515e+01
      vertex  -1.351018e+01  1.600000e+01 -4.865928e+01
      vertex  -1.381288e+01  1.600000e+01 -5.065031e+01
    endloop
  endfacet
  facet normal  0.000000e+00  1.000000e+00  0.000000e+00
    outer loop
      vertex  -1.381288e+01  1.600000e+01 -5.065031e+01
      vertex  -1.351018e+01  1.600000e+01 -4.865928e+01
      vertex  -8.169991e+00  1.600000e+01 -4.983474e+01
    endloop
  endfacet
  facet normal -0.000000e+00  1.000000e+00  0.000000e+00
    outer loop
      vertex  -1.381288e+01  1.600000e+01 -5.065031e+01
      vertex  -8.169991e+00  1.600000e+01 -4.983474e+01
      vertex  -8.350834e+00  1.600000e+01 -5.183159e+01
    endloop
  endfacet
  facet normal  0.000000e+00  1.000000e+00  0.000000e+00
    outer loop
      vertex  -8.350834e+00  1.600000e+01 -5.183159e+01
      vertex  -8.169991e+00  1.600000e+01 -4.983474e+01
      vertex  -2.734015e+00  1.600000e+01 -5.042594e+01
    endloop
  endfacet
  facet normal -0.000000e+00  1.000000e+00  0.000000e+00
    outer loop
      vertex  -8.350834e+00  1.600000e+01 -5.183159e+01
      vertex  -2.734015e+00  1.600000e+01 -5.042594e+01
      vertex  -2.794164e+00  1.600000e+01 -5.242559e+01
    endloop
  endfacet
  facet normal  0.000000e+00  1.000000e+00  0.000000e+00
    outer loop
      vertex  -2.794164e+00  1.600000e+01 -5.242559e+01
      vertex  -2.734015e+00  1.600000e+01 -5.042594e+01
      vertex   2.734015e+00  1.600000e+01 -5.042594e+01
    endloop
  endfacet
  facet normal  0.000000e+00  1.000000e+00  0.000000e+00
    outer loop
      vertex  -2.794164e+00  1.600000e+01 -5.242559e+01
      vertex   2.734015e+00  1.600000e+01 -5.042594e+01
      vertex   2.794164e+00  1.600000e+01 -5.242559e+01
    endloop
  endfacet
  facet normal  0.000000e+00  1.000000e+00 -0.000000e+00
    outer loop
      vertex   2.794164e+00  1.600000e+01 -5.242559e+01
      vertex   2.734015e+00  1.600000e+01 -5.042594e+01
      vertex   8.350834e+00  1.600000e+01 -5.183159e+01
    endloop
  endfacet
  facet normal  0.000000e+00  1.000000e+00  0.000000e+00
    outer loop
      vertex   8.350834e+00  1.600000e+01 -5.183159e+01
      vertex   2.734015e+00  1.600000e+01 -5.042594e+01
      vertex   8.169991e+00  1.600000e+01 -4.983474e+01
    endloop
  endfacet
  facet normal  0.000000e+00  1.000000e+00 -0.000000e+00
    outer loop
      vertex   8.350834e+00  1.600000e+01 -5.183159e+01
      vertex   8.169991e+00  1.600000e+01 -4.983474e+01
      vertex   1.381288e+01  1.600000e+01 -5.065031e+01
    endloop
  endfacet
  facet normal  0.000000e+00  1.000000e+00  0.000000e+00
    outer loop
      vertex   1.381288e+01  1.600000e+01 -5.065031e+01
      vertex   8.169991e+00  1.600000e+01 -4.983474e+01
      vertex   1.351018e+01  1.600000e+01 -4.865928e+01
    endloop
  endfacet
  facet normal  0.000000e+00  1.000000e+00 -0.000000e+00
    outer loop
      vertex   1.381288e+01  1.600000e+01 -5.065031e+01
      vertex   1.351018e+01  1.600000e+01 -4.865928e+01
      vertex   1.911843e+01  1.600000e+01 -4.889515e+01
    endloop
  endfacet
  facet normal  0.000000e+00  1.000000e+00  0.000000e+00
    outer loop
      vertex   1.911843e+01  1.600000e+01 -4.889515e+01
      vertex   1.351018e+01  1.600000e+01 -4.865928e+01
      vertex   1.869198e+01  1.600000e+01 -4.691332e+01
    endloop
  endfacet
  facet normal  0.000000e+00  1.000000e+00 -0.000000e+00
    outer loop
      vertex   1.911843e+01  1.600000e+01 -4.889515e+01
      vertex   1.869198e+01  1.600000e+01 -4.691332e+01
      vertex   2.420736e+01  1.600000e+01 -4.658598e+01
    endloop
  endfacet
  facet normal  0.000000e+00  1.000000e+00  0.000000e+00
    outer loop
      vertex   2.420736e+01  1.600000e+01 -4.658598e+01
      vertex   1.869198e+01  1.600000e+01 -4.691332e+01
      vertex   2.365462e+01  1.600000e+01 -4.461736e+01
    endloop
  endfacet
  facet normal  0.000000e+00  1.000000e+00 -0.000000e+00
    outer loop
      vertex   2.420736e+01  1.600000e+01 -4.658598e+01
      vertex   2.365462e+01  1.600000e+01 -4.461736e+01
      vertex   2.902201e+01  1.600000e+01 -4.374898e+01
    endloop
  endfacet
  facet normal  0.000000e+00  1.000000e+00  0.000000e+00
    outer loop
      vertex   2.902201e+01  1.600000e+01 -4.374898e+01
      vertex   2.365462e+01  1.600000e+01 -4.461736e+01
      vertex   2.833995e+01  1.600000e+01 -4.179829e+01
    endloop
  endfacet
  facet normal  0.000000e+00  1.000000e+00 -0.000000e+00
    outer loop
      vertex   2.902201e+01  1.600000e+01 -4.374898e+01
      vertex   2.833995e+01  1.600000e+01 -4.179829e+01
      vertex   3.350782e+01  1.600000e+01 -4.041628e+01
    endloop
  endfacet
  facet normal  0.000000e+00  1.000000e+00  0.000000e+00
    outer loop
      vertex   3.350782e+01  1.600000e+01 -4.041628e+01
      vertex   2.833995e+01  1.600000e+01 -4.179829e+01
      vertex   3.269301e+01  1.600000e+01 -3.848919e+01
    endloop
  endfacet
  facet normal  0.000000e+00  1.000000e+00 -0.000000e+00
    outer loop
      vertex   3.350782e+01  1.600000e+01 -4.041628e+01
      vertex   3.269301e+01  1.600000e+01 -3.848919e+01
      vertex   3.761398e+01  1.600000e+01 -3.662566e+01
    endloop
  endfacet
  facet normal  0.000000e+00  1.000000e+00  0.000000e+00
    outer loop
      vertex   3.761398e+01  1.600000e+01 -3.662566e+01
      vertex   3.269301e+01  1.600000e+01 -3.848919e+01
      vertex   3.666277e+01  1.600000e+01 -3.472882e+01
    endloop
  endfacet
  facet normal  0.000000e+00  1.000000e+00 -0.000000e+00
    outer loop
      vertex   3.761398e+01  1.600000e+01 -3.662566e+01
      vertex   3.666277e+01  1.600000e+01 -3.472882e+01
      vertex   4.129395e+01  1.600000e+01 -3.242004e+01
    endloop
  endfacet
  facet normal  0.000000e+00  1.000000e+00  0.000000e+00
    outer loop
      vertex   4.129395e+01  1.600000e+01 -3.242004e+01
      vertex   3.666277e+01  1.600000e+01 -3.472882e+01
      vertex   4.020270e+01  1.600000e+01 -3.056130e+01
    endloop
  endfacet
  facet normal  0.000000e+00  1.000000e+00 -0.000000e+00
    outer loop
      vertex   4.129395e+01  1.600000e+01 -3.242004e+01
      vertex   4.020270e+01  1.600000e+01 -3.056130e+01
      vertex   4.450606e+01  1.600000e+01 -2.784710e+01
    endloop
  endfacet
  facet normal  0.000000e+00  1.000000e+00  0.000000e+00
    outer loop
      vertex   4.450606e+01  1.600000e+01 -2.784710e+01
      vertex   4.020270e+01  1.600000e+01 -3.056130e+01
      vertex   4.327129e+01  1.600000e+01 -2.603547e+01
    endloop
  endfacet
  facet normal  0.000000e+00  1.000000e+00 -0.000000e+00
    outer loop
      vertex   4.450606e+01  1.600000e+01 -2.784710e+01
      vertex   4.327129e+01  1.600000e+01 -2.603547e+01
      vertex   4.721389e+01  1.600000e+01 -2.295863e+01
    endloop
  endfacet
  facet normal  0.000000e+00  1.000000e+00  0.000000e+00
    outer loop
      vertex   4.721389e+01  1.600000e+01 -2.295863e+01
      vertex   4.327129e+01  1.600000e+01 -2.603547e+01
      vertex   4.583256e+01  1.600000e+01 -2.120440e+01
    endloop
  endfacet
  facet normal  0.000000e+00  1.000000e+00 -0.000000e+00
    outer loop
      vertex   4.721389e+01  1.600000e+01 -2.295863e+01
      vertex   4.583256e+01  1.600000e+01 -2.120440e+01
      vertex   4.938676e+01  1.600000e+01 -1.781004e+01
    endloop
  endfacet
  facet normal  0.000000e+00  1.000000e+00  0.000000e+00
    outer loop
      vertex   4.938676e+01  1.600000e+01 -1.781004e+01
      vertex   4.583256e+01  1.600000e+01 -2.120440e+01
      vertex   4.785648e+01  1.600000e+01 -1.612473e+01
    endloop
  endfacet
  facet normal  0.000000e+00  1.000000e+00 -0.000000e+00
    outer loop
      vertex   4.938676e+01  1.600000e+01 -1.781004e+01
      vertex   4.785648e+01  1.600000e+01 -1.612473e+01
      vertex   5.100007e+01  1.600000e+01 -1.245965e+01
    endloop
  endfacet
  facet normal  0.000000e+00  1.000000e+00  0.000000e+00
    outer loop
      vertex   5.100007e+01  1.600000e+01 -1.245965e+01
      vertex   4.785648e+01  1.600000e+01 -1.612473e+01
      vertex   4.931934e+01  1.600000e+01 -1.085601e+01
    endloop
  endfacet
  facet normal  0.000000e+00  1.000000e+00 -0.000000e+00
    outer loop
      vertex   5.100007e+01  1.600000e+01 -1.245965e+01
      vertex   4.931934e+01  1.600000e+01 -1.085601e+01
      vertex   5.203552e+01  1.600000e+01 -6.968090e+00
    endloop
  endfacet
  facet normal  0.000000e+00  1.000000e+00  0.000000e+00
    outer loop
      vertex   5.203552e+01  1.600000e+01 -6.968090e+00
      vertex   4.931934e+01  1.600000e+01 -1.085601e+01
      vertex   5.020397e+01  1.600000e+01 -5.460010e+00
    endloop
  endfacet
  facet normal  0.000000e+00  1.000000e+00 -0.000000e+00
    outer loop
      vertex   5.203552e+01  1.600000e+01 -6.968090e+00
      vertex   5.020397e+01  1.600000e+01 -5.460010e+00
      vertex   5.248139e+01  1.600000e+01 -1.397577e+00
    endloop
  endfacet
  facet normal  0.000000e+00  1.000000e+00  0.000000e+00
    outer loop
      vertex   5.248139e+01  1.600000e+01 -1.397577e+00
      vertex   5.020397e+01  1.600000e+01 -5.460010e+00
      vertex   5.050000e+01  1.600000e+01  0.000000e+00
    endloop
  endfacet
  facet normal  0.000000e+00  1.000000e+00  0.000000e+00
    outer loop
      vertex   5.248139e+01  1.600000e+01 -1.397577e+00
      vertex   5.050000e+01  1.600000e+01  0.000000e+00
      vertex   5.233263e+01  1.600000e+01  4.188771e+00
    endloop
  endfacet
  facet normal  0.000000e+00  1.000000e+00  0.000000e+00
    outer loop
      vertex   5.233263e+01  1.600000e+01  4.188771e+00
      vertex   5.050000e+01  1.600000e+01  0.000000e+00
      vertex   5.020397e+01  1.600000e+01  5.460010e+00
    endloop
  endfacet
  facet normal  0.000000e+00  1.000000e+00  0.000000e+00
    outer loop
      vertex   5.233263e+01  1.600000e+01  4.188771e+00
      vertex   5.020397e+01  1.600000e+01  5.460010e+00
      vertex   5.159092e+01  1.600000e+01  9.727658e+00
    endloop
  endfacet
  facet normal  0.000000e+00  1.000000e+00  0.000000e+00
    outer loop
      vertex   5.159092e+01  1.600000e+01  9.727658e+00
      vertex   5.020397e+01  1.600000e+01  5.460010e+00
      vertex   4.931934e+01  1.600000e+01  1.085601e+01
    endloop
  endfacet
  facet normal  0.000000e+00  1.000000e+00  0.000000e+00
    outer loop
      vertex   5.159092e+01  1.600000e+01  9.727658e+00
      vertex   4.931934e+01  1.600000e+01  1.085601e+01
      vertex   5.026466e+01  1.600000e+01  1.515633e+01
    endloop
  endfacet
  facet normal  0.000000e+00  1.000000e+00  0.000000e+00
    outer loop
      vertex   5.026466e+01  1.600000e+01  1.515633e+01
      vertex   4.931934e+01  1.600000e+01  1.085601e+01
      vertex   4.785648e+01  1.600000e+01  1.612473e+01
    endloop
  endfacet
  facet normal  0.000000e+00  1.000000e+00  0.000000e+00
    outer loop
      vertex   5.026466e+01  1.600000e+01  1.515633e+01
      vertex   4.785648e+01  1.600000e+01  1.612473e+01
      vertex   4.836888e+01  1.600000e+01  2.041327e+01
    endloop
  endfacet
  facet normal  0.000000e+00  1.000000e+00  0.000000e+00
    outer loop
      vertex   4.836888e+01  1.600000e+01  2.041327e+01
      vertex   4.785648e+01  1.600000e+01  1.612473e+01
      vertex   4.583256e+01  1.600000e+01  2.120440e+01
    endloop
  endfacet
  facet normal  0.000000e+00  1.000000e+00  0.000000e+00
    outer loop
      vertex   4.836888e+01  1.600000e+01  2.041327e+01
      vertex   4.583256e+01  1.600000e+01  2.120440e+01
      vertex   4.592506e+01  1.600000e+01  2.543892e+01
    endloop
  endfacet
  facet normal  0.000000e+00  1.000000e+00  0.000000e+00
    outer loop
      vertex   4.592506e+01  1.600000e+01  2.543892e+01
      vertex   4.583256e+01  1.600000e+01  2.120440e+01
      vertex   4.327129e+01  1.600000e+01  2.603547e+01
    endloop
  endfacet
  facet normal  0.000000e+00  1.000000e+00  0.000000e+00
    outer loop
      vertex   4.592506e+01  1.600000e+01  2.543892e+01
      vertex   4.327129e+01  1.600000e+01  2.603547e+01
      vertex   4.296090e+01  1.600000e+01  3.017634e+01
    endloop
  endfacet
  facet normal  0.000000e+00  1.000000e+00  0.000000e+00
    outer loop
      vertex   4.296090e+01  1.600000e+01  3.017634e+01
      vertex   4.327129e+01  1.600000e+01  2.603547e+01
      vertex   4.020270e+01  1.600000e+01  3.056130e+01
    endloop
  endfacet
  facet normal  0.000000e+00  1.000000e+00  0.000000e+00
    outer loop
      vertex   4.296090e+01  1.600000e+01  3.017634e+01
      vertex   4.020270e+01  1.600000e+01  3.056130e+01
      vertex   3.950997e+01  1.600000e+01  3.457185e+01
    endloop
  endfacet
  facet normal  0.000000e+00  1.000000e+00  0.000000e+00
    outer loop
      vertex   3.950997e+01  1.600000e+01  3.457185e+01
      vertex   4.020270e+01  1.600000e+01  3.056130e+01
      vertex   3.666277e+01  1.600000e+01  3.472882e+01
    endloop
  endfacet
  facet normal  0.000000e+00  1.000000e+00  0.000000e+00
    outer loop
      vertex   3.950997e+01  1.600000e+01  3.457185e+01
      vertex   3.666277e+01  1.600000e+01  3.472882e+01
      vertex   3.561137e+01  1.600000e+01  3.857564e+01
    endloop
  endfacet
  facet normal  0.000000e+00  1.000000e+00  0.000000e+00
    outer loop
      vertex   3.561137e+01  1.600000e+01  3.857564e+01
      vertex   3.666277e+01  1.600000e+01  3.472882e+01
      vertex   3.269301e+01  1.600000e+01  3.848919e+01
    endloop
  endfacet
  facet normal  0.000000e+00  1.000000e+00  0.000000e+00
    outer loop
      vertex   3.561137e+01  1.600000e+01  3.857564e+01
      vertex   3.269301e+01  1.600000e+01  3.848919e+01
      vertex   3.130928e+01  1.600000e+01  4.214236e+01
    endloop
  endfacet
  facet normal  0.000000e+00  1.000000e+00  0.000000e+00
    outer loop
      vertex   3.130928e+01  1.600000e+01  4.214236e+01
      vertex   3.269301e+01  1.600000e+01  3.848919e+01
      vertex   2.833995e+01  1.600000e+01  4.179829e+01
    endloop
  endfacet
  facet normal  0.000000e+00  1.000000e+00  0.000000e+00
    outer loop
      vertex   3.130928e+01  1.600000e+01  4.214236e+01
      vertex   2.833995e+01  1.600000e+01  4.179829e+01
      vertex   2.665245e+01  1.600000e+01  4.523159e+01
    endloop
  endfacet
  facet normal  0.000000e+00  1.000000e+00  0.000000e+00
    outer loop
      vertex   2.665245e+01  1.600000e+01  4.523159e+01
      vertex   2.833995e+01  1.600000e+01  4.179829e+01
      vertex   2.365462e+01  1.600000e+01  4.461736e+01
    endloop
  endfacet
  facet normal  0.000000e+00  1.000000e+00  0.000000e+00
    outer loop
      vertex   2.665245e+01  1.600000e+01  4.523159e+01
      vertex   2.365462e+01  1.600000e+01  4.461736e+01
      vertex   2.169364e+01  1.600000e+01  4.780833e+01
    endloop
  endfacet
  facet normal  0.000000e+00  1.000000e+00  0.000000e+00
    outer loop
      vertex   2.169364e+01  1.600000e+01  4.780833e+01
      vertex   2.365462e+01  1.600000e+01  4.461736e+01
      vertex   1.869198e+01  1.600000e+01  4.691332e+01
    endloop
  endfacet
  facet normal  0.000000e+00  1.000000e+00  0.000000e+00
    outer loop
      vertex   2.169364e+01  1.600000e+01  4.780833e+01
      vertex   1.869198e+01  1.600000e+01  4.691332e+01
      vertex   1.648903e+01  1.600000e+01  4.984337e+01
    endloop
  endfacet
  facet normal  0.000000e+00  1.000000e+00  0.000000e+00
    outer loop
      vertex   1.648903e+01  1.600000e+01  4.984337e+01
      vertex   1.869198e+01  1.600000e+01  4.691332e+01
      vertex   1.351018e+01  1.600000e+01  4.865928e+01
    endloop
  endfacet
  facet normal  0.000000e+00  1.000000e+00  0.000000e+00
    outer loop
      vertex   1.648903e+01  1.600000e+01  4.984337e+01
      vertex   1.351018e+01  1.600000e+01  4.865928e+01
      vertex   1.109759e+01  1.600000e+01  5.131367e+01
    endloop
  endfacet
  facet normal  0.000000e+00  1.000000e+00  0.000000e+00
    outer loop
      vertex   1.109759e+01  1.600000e+01  5.131367e+01
      vertex   1.351018e+01  1.600000e+01  4.865928e+01
      vertex   8.169991e+00  1.600000e+01  4.983474e+01
    endloop
  endfacet
  facet normal  0.000000e+00  1.000000e+00  0.000000e+00
    outer loop
      vertex   1.109759e+01  1.600000e+01  5.131367e+01
      vertex   8.169991e+00  1.600000e+01  4.983474e+01
      vertex   5.580408e+00  1.600000e+01  5.220258e+01
    endloop
  endfacet
  facet normal  0.000000e+00  1.000000e+00  0.000000e+00
    outer loop
      vertex   5.580408e+00  1.600000e+01  5.220258e+01
      vertex   8.169991e+00  1.600000e+01  4.983474e+01
      vertex   2.734015e+00  1.600000e+01  5.042594e+01
    endloop
  endfacet
  facet normal  0.000000e+00  1.000000e+00  0.000000e+00
    outer loop
      vertex   5.020397e+01  1.000000e+01  5.460010e+00
      vertex   5.050000e+01  1.000000e+01  0.000000e+00
      vertex   4.650000e+01  1.000000e+01  0.000000e+00
    endloop
  endfacet
  facet normal -0.000000e+00  1.000000e+00  0.000000e+00
    outer loop
      vertex   4.650000e+01  1.000000e+01  0.000000e+00
      vertex   5.050000e+01  1.000000e+01  0.000000e+00
      vertex   5.020397e+01  1.000000e+01 -5.460010e+00
    endloop
  endfacet
  facet normal  0.000000e+00  1.000000e+00  0.000000e+00
    outer loop
      vertex   4.650000e+01  1.000000e+01  0.000000e+00
      vertex   5.020397e+01  1.000000e+01 -5.460010e+00
      vertex   4.620762e+01  1.000000e+01 -5.206348e+00
    endloop
  endfacet
  facet normal  0.000000e+00  1.000000e+00  0.000000e+00
    outer loop
      vertex   4.620762e+01  1.000000e+01 -5.206348e+00
      vertex   5.020397e+01  1.000000e+01 -5.460010e+00
      vertex   4.931934e+01  1.000000e+01 -1.085601e+01
    endloop
  endfacet
  facet normal  0.000000e+00  1.000000e+00  0.000000e+00
    outer loop
      vertex   4.620762e+01  1.000000e+01 -5.206348e+00
      vertex   4.931934e+01  1.000000e+01 -1.085601e+01
      vertex   4.533415e+01  1.000000e+01 -1.034722e+01
    endloop
  endfacet
  facet normal  0.000000e+00  1.000000e+00  0.000000e+00
    outer loop
      vertex   4.533415e+01  1.000000e+01 -1.034722e+01
      vertex   4.931934e+01  1.000000e+01 -1.085601e+01
      vertex   4.785648e+01  1.000000e+01 -1.612473e+01
    endloop
  endfacet
  facet normal  0.000000e+00  1.000000e+00  0.000000e+00
    outer loop
      vertex   4.533415e+01  1.000000e+01 -1.034722e+01
      vertex   4.785648e+01  1.000000e+01 -1.612473e+01
      vertex   4.389058e+01  1.000000e+01 -1.535798e+01
    endloop
  endfacet
  facet normal  0.000000e+00  1.000000e+00  0.000000e+00
    outer loop
      vertex   4.389058e+01  1.000000e+01 -1.535798e+01
      vertex   4.785648e+01  1.000000e+01 -1.612473e+01
      vertex   4.583256e+01  1.000000e+01 -2.120440e+01
    endloop
  endfacet
  facet normal  0.000000e+00  1.000000e+00  0.000000e+00
    outer loop
      vertex   4.389058e+01  1.000000e+01 -1.535798e+01
      vertex   4.583256e+01  1.000000e+01 -2.120440e+01
      vertex   4.189505e+01  1.000000e+01 -2.017559e+01
    endloop
  endfacet
  facet normal  0.000000e+00  1.000000e+00  0.000000e+00
    outer loop
      vertex   4.189505e+01  1.000000e+01 -2.017559e+01
      vertex   4.583256e+01  1.000000e+01 -2.120440e+01
      vertex   4.327129e+01  1.000000e+01 -2.603547e+01
    endloop
  endfacet
  facet normal  0.000000e+00  1.000000e+00  0.000000e+00
    outer loop
      vertex   4.189505e+01  1.000000e+01 -2.017559e+01
      vertex   4.327129e+01  1.000000e+01 -2.603547e+01
      vertex   3.937268e+01  1.000000e+01 -2.473949e+01
    endloop
  endfacet
  facet normal  0.000000e+00  1.000000e+00  0.000000e+00
    outer loop
      vertex   3.937268e+01  1.000000e+01 -2.473949e+01
      vertex   4.327129e+01  1.000000e+01 -2.603547e+01
      vertex   4.020270e+01  1.000000e+01 -3.056130e+01
    endloop
  endfacet
  facet normal  0.000000e+00  1.000000e+00  0.000000e+00
    outer loop
      vertex   3.937268e+01  1.000000e+01 -2.473949e+01
      vertex   4.020270e+01  1.000000e+01 -3.056130e+01
      vertex   3.635516e+01  1.000000e+01 -2.899228e+01
    endloop
  endfacet
  facet normal  0.000000e+00  1.000000e+00  0.000000e+00
    outer loop
      vertex   3.635516e+01  1.000000e+01 -2.899228e+01
      vertex   4.020270e+01  1.000000e+01 -3.056130e+01
      vertex   3.666277e+01  1.000000e+01 -3.472882e+01
    endloop
  endfacet
  facet normal  0.000000e+00  1.000000e+00  0.000000e+00
    outer loop
      vertex   3.635516e+01  1.000000e+01 -2.899228e+01
      vertex   3.666277e+01  1.000000e+01 -3.472882e+01
      vertex   3.288047e+01  1.000000e+01 -3.288047e+01
    endloop
  endfacet
  facet normal  0.000000e+00  1.000000e+00  0.000000e+00
    outer loop
      vertex   3.288047e+01  1.000000e+01 -3.288047e+01
      vertex   3.666277e+01  1.000000e+01 -3.472882e+01
      vertex   3.269301e+01  1.000000e+01 -3.848919e+01
    endloop
  endfacet
  facet normal  0.000000e+00  1.000000e+00  0.000000e+00
    outer loop
      vertex   3.288047e+01  1.000000e+01 -3.288047e+01
      vertex   3.269301e+01  1.000000e+01 -3.848919e+01
      vertex   2.899228e+01  1.000000e+01 -3.635516e+01
    endloop
  endfacet
  facet normal  0.000000e+00  1.000000e+00  0.000000e+00
    outer loop
      vertex   2.899228e+01  1.000000e+01 -3.635516e+01
      vertex   3.269301e+01  1.000000e+01 -3.848919e+01
      vertex   2.833995e+01  1.000000e+01 -4.179829e+01
    endloop
  endfacet
  facet normal  0.000000e+00  1.000000e+00  0.000000e+00
    outer loop
      vertex   2.899228e+01  1.000000e+01 -3.635516e+01
      vertex   2.833995e+01  1.000000e+01 -4.179829e+01
      vertex   2.473949e+01  1.000000e+01 -3.937268e+01
    endloop
  endfacet
  facet normal  0.000000e+00  1.000000e+00  0.000000e+00
    outer loop
      vertex   2.473949e+01  1.000000e+01 -3.937268e+01
      vertex   2.833995e+01  1.000000e+01 -4.179829e+01
      vertex   2.365462e+01  1.000000e+01 -4.461736e+01
    endloop
  endfacet
  facet normal  0.000000e+00  1.000000e+00  0.000000e+00
    outer loop
      vertex   2.473949e+01  1.000000e+01 -3.937268e+01
      vertex   2.365462e+01  1.000000e+01 -4.461736e+01
      vertex   2.017559e+01  1.000000e+01 -4.189505e+01
    endloop
  endfacet
  facet normal  0.000000e+00  1.000000e+00  0.000000e+00
    outer loop
      vertex   2.017559e+01  1.000000e+01 -4.189505e+01
      vertex   2.365462e+01  1.000000e+01 -4.461736e+01
      vertex   1.869198e+01  1.000000e+01 -4.691332e+01
    endloop
  endfacet
  facet normal  0.000000e+00  1.000000e+00  0.000000e+00
    outer loop
      vertex   2.017559e+01  1.000000e+01 -4.189505e+01
      vertex   1.869198e+01  1.000000e+01 -4.691332e+01
      vertex   1.535798e+01  1.000000e+01 -4.389058e+01
    endloop
  endfacet
  facet normal  0.000000e+00  1.000000e+00  0.000000e+00
    outer loop
      vertex   1.535798e+01  1.000000e+01 -4.389058e+01
      vertex   1.869198e+01  1.000000e+01 -4.691332e+01
      vertex   1.351018e+01  1.000000e+01 -4.865928e+01
    endloop
  endfacet
  facet normal  0.000000e+00  1.000000e+00  0.000000e+00
    outer loop
      vertex   1.535798e+01  1.000000e+01 -4.389058e+01
      vertex   1.351018e+01  1.000000e+01 -4.865928e+01
      vertex   1.034722e+01  1.000000e+01 -4.533415e+01
    endloop
  endfacet
  facet normal  0.000000e+00  1.000000e+00  0.000000e+00
    outer loop
      vertex   1.034722e+01  1.000000e+01 -4.533415e+01
      vertex   1.351018e+01  1.000000e+01 -4.865928e+01
      vertex   8.169991e+00  1.000000e+01 -4.983474e+01
    endloop
  endfacet
  facet normal  0.000000e+00  1.000000e+00  0.000000e+00
    outer loop
      vertex   1.034722e+01  1.000000e+01 -4.533415e+01
      vertex   8.169991e+00  1.000000e+01 -4.983474e+01
      vertex   5.206348e+00  1.000000e+01 -4.620762e+01
    endloop
  endfacet
  facet normal  0.000000e+00  1.000000e+00  0.000000e+00
    outer loop
      vertex   5.206348e+00  1.000000e+01 -4.620762e+01
      vertex   8.169991e+00  1.000000e+01 -4.983474e+01
      vertex   2.734015e+00  1.000000e+01 -5.042594e+01
    endloop
  endfacet
  facet normal  0.000000e+00  1.000000e+00  0.000000e+00
    outer loop
      vertex   5.206348e+00  1.000000e+01 -4.620762e+01
      vertex   2.734015e+00  1.000000e+01 -5.042594e+01
      vertex   0.000000e+00  1.000000e+01 -4.650000e+01
    endloop
  endfacet
  facet normal  0.000000e+00  1.000000e+00  0.000000e+00
    outer loop
      vertex   0.000000e+00  1.000000e+01 -4.650000e+01
      vertex   2.734015e+00  1.000000e+01 -5.042594e+01
      vertex  -2.734015e+00  1.000000e+01 -5.042594e+01
    endloop
  endfacet
  facet normal  0.000000e+00  1.000000e+00  0.000000e+00
    outer loop
      vertex   0.000000e+00  1.000000e+01 -4.650000e+01
      vertex  -2.734015e+00  1.000000e+01 -5.042594e+01
      vertex  -5.206348e+00  1.000000e+01 -4.620762e+01
    endloop
  endfacet
  facet normal  0.000000e+00  1.000000e+00  0.000000e+00
    outer loop
      vertex  -5.206348e+00  1.000000e+01 -4.620762e+01
      vertex  -2.734015e+00  1.000000e+01 -5.042594e+01
      vertex  -8.169991e+00  1.000000e+01 -4.983474e+01
    endloop
  endfacet
  facet normal  0.000000e+00  1.000000e+00  0.000000e+00
    outer loop
      vertex  -5.206348e+00  1.000000e+01 -4.620762e+01
      vertex  -8.169991e+00  1.000000e+01 -4.983474e+01
      vertex  -1.034722e+01  1.000000e+01 -4.533415e+01
    endloop
  endfacet
  facet normal  0.000000e+00  1.000000e+00  0.000000e+00
    outer loop
      vertex  -1.034722e+01  1.000000e+01 -4.533415e+01
      vertex  -8.169991e+00  1.000000e+01 -4.983474e+01
      vertex  -1.351018e+01  1.000000e+01 -4.865928e+01
    endloop
  endfacet
  facet normal  0.000000e+00  1.000000e+00  0.000000e+00
    outer loop
      vertex  -1.034722e+01  1.000000e+01 -4.533415e+01
      vertex  -1.351018e+01  1.000000e+01 -4.865928e+01
      vertex  -1.535798e+01  1.000000e+01 -4.389058e+01
    endloop
  endfacet
  facet normal  0.000000e+00  1.000000e+00  0.000000e+00
    outer loop
      vertex  -1.535798e+01  1.000000e+01 -4.389058e+01
      vertex  -1.351018e+01  1.000000e+01 -4.865928e+01
      vertex  -1.869198e+01  1.000000e+01 -4.691332e+01
    endloop
  endfacet
  facet normal  0.000000e+00  1.000000e+00  0.000000e+00
    outer loop
      vertex  -1.535798e+01  1.000000e+01 -4.389058e+01
      vertex  -1.869198e+01  1.000000e+01 -4.691332e+01
      vertex  -2.017559e+01  1.000000e+01 -4.189505e+01
    endloop
  endfacet
  facet normal  0.000000e+00  1.000000e+00  0.000000e+00
    outer loop
      vertex  -2.017559e+01  1.000000e+01 -4.189505e+01
      vertex  -1.869198e+01  1.000000e+01 -4.691332e+01
      vertex  -2.365462e+01  1.000000e+01 -4.461736e+01
    endloop
  endfacet
  facet normal  0.000000e+00  1.000000e+00  0.000000e+00
    outer loop
      vertex  -2.017559e+01  1.000000e+01 -4.189505e+01
      vertex  -2.365462e+01  1.000000e+01 -4.461736e+01
      vertex  -2.473949e+01  1.000000e+01 -3.937268e+01
    endloop
  endfacet
  facet normal  0.000000e+00  1.000000e+00  0.000000e+00
    outer loop
      vertex  -2.473949e+01  1.000000e+01 -3.937268e+01
      vertex  -2.365462e+01  1.000000e+01 -4.461736e+01
      vertex  -2.833995e+01  1.000000e+01 -4.179829e+01
    endloop
  endfacet
  facet normal  0.000000e+00  1.000000e+00  0.000000e+00
    outer loop
      vertex  -2.473949e+01  1.000000e+01 -3.937268e+01
      vertex  -2.833995e+01  1.000000e+01 -4.179829e+01
      vertex  -2.899228e+01  1.000000e+01 -3.635516e+01
    endloop
  endfacet
  facet normal  0.000000e+00  1.000000e+00  0.000000e+00
    outer loop
      vertex  -2.899228e+01  1.000000e+01 -3.635516e+01
      vertex  -2.833995e+01  1.000000e+01 -4.179829e+01
      vertex  -3.269301e+01  1.000000e+01 -3.848919e+01
    endloop
  endfacet
  facet normal  0.000000e+00  1.000000e+00  0.000000e+00
    outer loop
      vertex  -2.899228e+01  1.000000e+01 -3.635516e+01
      vertex  -3.269301e+01  1.000000e+01 -3.848919e+01
      vertex  -3.288047e+01  1.000000e+01 -3.288047e+01
    endloop
  endfacet
  facet normal  0.000000e+00  1.000000e+00  0.000000e+00
    outer loop
      vertex  -3.288047e+01  1.000000e+01 -3.288047e+01
      vertex  -3.269301e+01  1.000000e+01 -3.848919e+01
      vertex  -3.666277e+01  1.000000e+01 -3.472882e+01
    endloop
  endfacet
  facet normal  0.000000e+00  1.000000e+00  0.000000e+00
    outer loop
      vertex  -3.288047e+01  1.000000e+01 -3.288047e+01
      vertex  -3.666277e+01  1.000000e+01 -3.472882e+01
      vertex  -3.635516e+01  1.000000e+01 -2.899228e+01
    endloop
  endfacet
  facet normal  0.000000e+00  1.000000e+00  0.000000e+00
    outer loop
      vertex  -3.635516e+01  1.000000e+01 -2.899228e+01
      vertex  -3.666277e+01  1.000000e+01 -3.472882e+01
      vertex  -4.020270e+01  1.000000e+01 -3.056130e+01
    endloop
  endfacet
  facet normal  0.000000e+00  1.000000e+00  0.000000e+00
    outer loop
      vertex  -3.635516e+01  1.000000e+01 -2.899228e+01
      vertex  -4.020270e+01  1.000000e+01 -3.056130e+01
      vertex  -3.937268e+01  1.000000e+01 -2.473949e+01
    endloop
  endfacet
  facet normal  0.000000e+00  1.000000e+00  0.000000e+00
    outer loop
      vertex  -3.937268e+01  1.000000e+01 -2.473949e+01
      vertex  -4.020270e+01  1.000000e+01 -3.056130e+01
      vertex  -4.327129e+01  1.000000e+01 -2.603547e+01
    endloop
  endfacet
  facet normal  0.000000e+00  1.000000e+00  0.000000e+00
    outer loop
      vertex  -3.937268e+01  1.000000e+01 -2.473949e+01
      vertex  -4.327129e+01  1.000000e+01 -2.603547e+01
      vertex  -4.189505e+01  1.000000e+01 -2.017559e+01
    endloop
  endfacet
  facet normal  0.000000e+00  1.000000e+00  0.000000e+00
    outer loop
      vertex  -4.189505e+01  1.000000e+01 -2.017559e+01
      vertex  -4.327129e+01  1.000000e+01 -2.603547e+01
      vertex  -4.583256e+01  1.000000e+01 -2.120440e+01
    endloop
  endfacet
  facet normal  0.000000e+00  1.000000e+00  0.000000e+00
    outer loop
      vertex  -4.189505e+01  1.000000e+01 -2.017559e+01
      vertex  -4.583256e+01  1.000000e+01 -2.120440e+01
      vertex  -4.389058e+01  1.000000e+01 -1.535798e+01
    endloop
  endfacet
  facet normal  0.000000e+00  1.000000e+00  0.000000e+00
    outer loop
      vertex  -4.389058e+01  1.000000e+01 -1.535798e+01
      vertex  -4.583256e+01  1.000000e+01 -2.120440e+01
      vertex  -4.785648e+01  1.000000e+01 -1.612473e+01
    endloop
  endfacet
  facet normal  0.000000e+00  1.000000e+00  0.000000e+00
    outer loop
      vertex  -4.389058e+01  1.000000e+01 -1.535798e+01
      vertex  -4.785648e+01  1.000000e+01 -1.612473e+01
      vertex  -4.533415e+01  1.000000e+01 -1.034722e+01
    endloop
  endfacet
  facet normal  0.000000e+00  1.000000e+00  0.000000e+00
    outer loop
      vertex  -4.533415e+01  1.000000e+01 -1.034722e+01
      vertex  -4.785648e+01  1.000000e+01 -1.612473e+01
      vertex  -4.931934e+01  1.000000e+01 -1.085601e+01
    endloop
  endfacet
  facet normal  0.000000e+00  1.000000e+00  0.000000e+00
    outer loop
      vertex  -4.533415e+01  1.000000e+01 -1.034722e+01
      vertex  -4.931934e+01  1.000000e+01 -1.085601e+01
      vertex  -4.620762e+01  1.000000e+01 -5.206348e+00
    endloop
  endfacet
  facet normal  0.000000e+00  1.000000e+00  0.000000e+00
    outer loop
      vertex  -4.620762e+01  1.000000e+01 -5.206348e+00
      vertex  -4.931934e+01  1.000000e+01 -1.085601e+01
      vertex  -5.020397e+01  1.000000e+01 -5.460010e+00
    endloop
  endfacet
  facet normal  0.000000e+00  1.000000e+00  0.000000e+00
    outer loop
      vertex  -4.620762e+01  1.000000e+01 -5.206348e+00
      vertex  -5.020397e+01  1.000000e+01 -5.460010e+00
      vertex  -4.650000e+01  1.000000e+01  0.000000e+00
    endloop
  endfacet
  facet normal  0.000000e+00  1.000000e+00  0.000000e+00
    outer loop
      vertex  -4.650000e+01  1.000000e+01  0.000000e+00
      vertex  -5.020397e+01  1.000000e+01 -5.460010e+00
      vertex  -5.050000e+01  1.000000e+01  0.000000e+00
    endloop
  endfacet
  facet normal  0.000000e+00  1.000000e+00  0.000000e+00
    outer loop
      vertex  -4.650000e+01  1.000000e+01  0.000000e+00
      vertex  -5.050000e+01  1.000000e+01  0.000000e+00
      vertex  -5.020397e+01  1.000000e+01  5.460010e+00
    endloop
  endfacet
  facet normal  0.000000e+00  1.000000e+00 -0.000000e+00
    outer loop
      vertex  -4.650000e+01  1.000000e+01  0.000000e+00
      vertex  -5.020397e+01  1.000000e+01  5.460010e+00
      vertex  -4.620762e+01  1.000000e+01  5.206348e+00
    endloop
  endfacet
  facet normal  0.000000e+00  1.000000e+00  0.000000e+00
    outer loop
      vertex  -4.620762e+01  1.000000e+01  5.206348e+00
      vertex  -5.020397e+01  1.000000e+01  5.460010e+00
      vertex  -4.931934e+01  1.000000e+01  1.085601e+01
    endloop
  endfacet
  facet normal  0.000000e+00  1.000000e+00 -0.000000e+00
    outer loop
      vertex  -4.620762e+01  1.000000e+01  5.206348e+00
      vertex  -4.931934e+01  1.000000e+01  1.085601e+01
      vertex  -4.533415e+01  1.000000e+01  1.034722e+01
    endloop
  endfacet
  facet normal  0.000000e+00  1.000000e+00  0.000000e+00
    outer loop
      vertex  -4.533415e+01  1.000000e+01  1.034722e+01
      vertex  -4.931934e+01  1.000000e+01  1.085601e+01
      vertex  -4.785648e+01  1.000000e+01  1.612473e+01
    endloop
  endfacet
  facet normal  0.000000e+00  1.000000e+00 -0.000000e+00
    outer loop
      vertex  -4.533415e+01  1.000000e+01  1.034722e+01
      vertex  -4.785648e+01  1.000000e+01  1.612473e+01
      vertex  -4.389058e+01  1.000000e+01  1.535798e+01
    endloop
  endfacet
  facet normal  0.000000e+00  1.000000e+00  0.000000e+00
    outer loop
      vertex  -4.389058e+01  1.000000e+01  1.535798e+01
      vertex  -4.785648e+01  1.000000e+01  1.612473e+01
      vertex  -4.583256e+01  1.000000e+01  2.120440e+01
    endloop
  endfacet
  facet normal  0.000000e+00  1.000000e+00 -0.000000e+00
    outer loop
      vertex  -4.389058e+01  1.000000e+01  1.535798e+01
      vertex  -4.583256e+01  1.000000e+01  2.120440e+01
      vertex  -4.189505e+01  1.000000e+01  2.017559e+01
    endloop
  endfacet
  facet normal  0.000000e+00  1.000000e+00  0.000000e+00
    outer loop
      vertex  -4.189505e+01  1.000000e+01  2.017559e+01
      vertex  -4.583256e+01  1.000000e+01  2.120440e+01
      vertex  -4.327129e+01  1.000000e+01  2.603547e+01
    endloop
  endfacet
  facet normal  0.000000e+00  1.000000e+00 -0.000000e+00
    outer loop
      vertex  -4.189505e+01  1.000000e+01  2.017559e+01
      vertex  -4.327129e+01  1.000000e+01  2.603547e+01
      vertex  -3.937268e+01  1.000000e+01  2.473949e+01
    endloop
  endfacet
  facet normal  0.000000e+00  1.000000e+00  0.000000e+00
    outer loop
      vertex  -3.937268e+01  1.000000e+01  2.473949e+01
      vertex  -4.327129e+01  1.000000e+01  2.603547e+01
      vertex  -4.020270e+01  1.000000e+01  3.056130e+01
    endloop
  endfacet
  facet normal  0.000000e+00  1.000000e+00 -0.000000e+00
    outer loop
      vertex  -3.937268e+01  1.000000e+01  2.473949e+01
      vertex  -4.020270e+01  1.000000e+01  3.056130e+01
      vertex  -3.635516e+01  1.000000e+01  2.899228e+01
    endloop
  endfacet
  facet normal  0.000000e+00  1.000000e+00  0.000000e+00
    outer loop
      vertex  -3.635516e+01  1.000000e+01  2.899228e+01
      vertex  -4.020270e+01  1.000000e+01  3.056130e+01
      vertex  -3.666277e+01  1.000000e+01  3.472882e+01
    endloop
  endfacet
  facet normal  0.000000e+00  1.000000e+00 -0.000000e+00
    outer loop
      vertex  -3.635516e+01  1.000000e+01  2.899228e+01
      vertex  -3.666277e+01  1.000000e+01  3.472882e+01
      vertex  -3.288047e+01  1.000000e+01  3.288047e+01
    endloop
  endfacet
  facet normal  0.000000e+00  1.000000e+00 -0.000000e+00
    outer loop
      vertex  -3.288047e+01  1.000000e+01  3.288047e+01
      vertex  -3.666277e+01  1.000000e+01  3.472882e+01
      vertex  -3.269301e+01  1.000000e+01  3.848919e+01
    endloop
  endfacet
  facet normal  0.000000e+00  1.000000e+00  0.000000e+00
    outer loop
      vertex  -3.288047e+01  1.000000e+01  3.288047e+01
      vertex  -3.269301e+01  1.000000e+01  3.848919e+01
      vertex  -2.899228e+01  1.000000e+01  3.635516e+01
    endloop
  endfacet
  facet normal  0.000000e+00  1.000000e+00 -0.000000e+00
    outer loop
      vertex  -2.899228e+01  1.000000e+01  3.635516e+01
      vertex  -3.269301e+01  1.000000e+01  3.848919e+01
      vertex  -2.833995e+01  1.000000e+01  4.179829e+01
    endloop
  endfacet
  facet normal  0.000000e+00  1.000000e+00  0.000000e+00
    outer loop
      vertex  -2.899228e+01  1.000000e+01  3.635516e+01
      vertex  -2.833995e+01  1.000000e+01  4.179829e+01
      vertex  -2.473949e+01  1.000000e+01  3.937268e+01
    endloop
  endfacet
  facet normal  0.000000e+00  1.000000e+00 -0.000000e+00
    outer loop
      vertex  -2.473949e+01  1.000000e+01  3.937268e+01
      vertex  -2.833995e+01  1.000000e+01  4.179829e+01
      vertex  -2.365462e+01  1.000000e+01  4.461736e+01
    endloop
  endfacet
  facet normal  0.000000e+00  1.000000e+00  0.000000e+00
    outer loop
      vertex  -2.473949e+01  1.000000e+01  3.937268e+01
      vertex  -2.365462e+01  1.000000e+01  4.461736e+01
      vertex  -2.017559e+01  1.000000e+01  4.189505e+01
    endloop
  endfacet
  facet normal  0.000000e+00  1.000000e+00 -0.000000e+00
    outer loop
      vertex  -2.017559e+01  1.000000e+01  4.189505e+01
      vertex  -2.365462e+01  1.000000e+01  4.461736e+01
      vertex  -1.869198e+01  1.000000e+01  4.691332e+01
    endloop
  endfacet
  facet normal  0.000000e+00  1.000000e+00  0.000000e+00
    outer loop
      vertex  -2.017559e+01  1.000000e+01  4.189505e+01
      vertex  -1.869198e+01  1.000000e+01  4.691332e+01
      vertex  -1.535798e+01  1.000000e+01  4.389058e+01
    endloop
  endfacet
  facet normal  0.000000e+00  1.000000e+00 -0.000000e+00
    outer loop
      vertex  -1.535798e+01  1.000000e+01  4.389058e+01
      vertex  -1.869198e+01  1.000000e+01  4.691332e+01
      vertex  -1.351018e+01  1.000000e+01  4.865928e+01
    endloop
  endfacet
  facet normal  0.000000e+00  1.000000e+00  0.000000e+00
    outer loop
      vertex  -1.535798e+01  1.000000e+01  4.389058e+01
      vertex  -1.351018e+01  1.000000e+01  4.865928e+01
      vertex  -1.034722e+01  1.000000e+01  4.533415e+01
    endloop
  endfacet
  facet normal  0.000000e+00  1.000000e+00 -0.000000e+00
    outer loop
      vertex  -1.034722e+01  1.000000e+01  4.533415e+01
      vertex  -1.351018e+01  1.000000e+01  4.865928e+01
      vertex  -8.169991e+00  1.000000e+01  4.983474e+01
    endloop
  endfacet
  facet normal  0.000000e+00  1.000000e+00  0.000000e+00
    outer loop
      vertex  -1.034722e+01  1.000000e+01  4.533415e+01
      vertex  -8.169991e+00  1.000000e+01  4.983474e+01
      vertex  -5.206348e+00  1.000000e+01  4.620762e+01
    endloop
  endfacet
  facet normal  0.000000e+00  1.000000e+00 -0.000000e+00
    outer loop
      vertex  -5.206348e+00  1.000000e+01  4.620762e+01
      vertex  -8.169991e+00  1.000000e+01  4.983474e+01
      vertex  -2.734015e+00  1.000000e+01  5.042594e+01
    endloop
  endfacet
  facet normal  0.000000e+00  1.000000e+00  0.000000e+00
    outer loop
      vertex  -5.206348e+00  1.000000e+01  4.620762e+01
      vertex  -2.734015e+00  1.000000e+01  5.042594e+01
      vertex   0.000000e+00  1.000000e+01  4.650000e+01
    endloop
  endfacet
  facet normal  0.000000e+00  1.000000e+00 -0.000000e+00
    outer loop
      vertex   0.000000e+00  1.000000e+01  4.650000e+01
      vertex  -2.734015e+00  1.000000e+01  5.042594e+01
      vertex   2.734015e+00  1.000000e+01  5.042594e+01
    endloop
  endfacet
  facet normal -0.000000e+00  1.000000e+00  0.000000e+00
    outer loop
      vertex   0.000000e+00  1.000000e+01  4.650000e+01
      vertex   2.734015e+00  1.000000e+01  5.042594e+01
      vertex   5.206348e+00  1.000000e+01  4.620762e+01
    endloop
  endfacet
  facet normal  0.000000e+00  1.000000e+00 -0.000000e+00
    outer loop
      vertex   5.206348e+00  1.000000e+01  4.620762e+01
      vertex   2.734015e+00  1.000000e+01  5.042594e+01
      vertex   8.169991e+00  1.000000e+01  4.983474e+01
    endloop
  endfacet
  facet normal -0.000000e+00  1.000000e+00  0.000000e+00
    outer loop
      vertex   5.206348e+00  1.000000e+01  4.620762e+01
      vertex   8.169991e+00  1.000000e+01  4.983474e+01
      vertex   1.034722e+01  1.000000e+01  4.533415e+01
    endloop
  endfacet
  facet normal  0.000000e+00  1.000000e+00 -0.000000e+00
    outer loop
      vertex   1.034722e+01  1.000000e+01  4.533415e+01
      vertex   8.169991e+00  1.000000e+01  4.983474e+01
      vertex   1.351018e+01  1.000000e+01  4.865928e+01
    endloop
  endfacet
  facet normal -0.000000e+00  1.000000e+00  0.000000e+00
    outer loop
      vertex   1.034722e+01  1.000000e+01  4.533415e+01
      vertex   1.351018e+01  1.000000e+01  4.865928e+01
      vertex   1.535798e+01  1.000000e+01  4.389058e+01
    endloop
  endfacet
  facet normal  0.000000e+00  1.000000e+00 -0.000000e+00
    outer loop
      vertex   1.535798e+01  1.000000e+01  4.389058e+01
      vertex   1.351018e+01  1.000000e+01  4.865928e+01
      vertex   1.869198e+01  1.000000e+01  4.691332e+01
    endloop
  endfacet
  facet normal -0.000000e+00  1.000000e+00  0.000000e+00
    outer loop
      vertex   1.535798e+01  1.000000e+01  4.389058e+01
      vertex   1.869198e+01  1.000000e+01  4.691332e+01
      vertex   2.017559e+01  1.000000e+01  4.189505e+01
    endloop
  endfacet
  facet normal  0.000000e+00  1.000000e+00 -0.000000e+00
    outer loop
      vertex   2.017559e+01  1.000000e+01  4.189505e+01
      vertex   1.869198e+01  1.000000e+01  4.691332e+01
      vertex   2.365462e+01  1.000000e+01  4.461736e+01
    endloop
  endfacet
  facet normal -0.000000e+00  1.000000e+00  0.000000e+00
    outer loop
      vertex   2.017559e+01  1.000000e+01  4.189505e+01
      vertex   2.365462e+01  1.000000e+01  4.461736e+01
      vertex   2.473949e+01  1.000000e+01  3.937268e+01
    endloop
  endfacet
  facet normal  0.000000e+00  1.000000e+00 -0.000000e+00
    outer loop
      vertex   2.473949e+01  1.000000e+01  3.937268e+01
      vertex   2.365462e+01  1.000000e+01  4.461736e+01
      vertex   2.833995e+01  1.000000e+01  4.179829e+01
    endloop
  endfacet
  facet normal -0.000000e+00  1.000000e+00  0.000000e+00
    outer loop
      vertex   2.473949e+01  1.000000e+01  3.937268e+01
      vertex   2.833995e+01  1.000000e+01  4.179829e+01
      vertex   2.899228e+01  1.000000e+01  3.635516e+01
    endloop
  endfacet
  facet normal  0.000000e+00  1.000000e+00 -0.000000e+00
    outer loop
      vertex   2.899228e+01  1.000000e+01  3.635516e+01
      vertex   2.833995e+01  1.000000e+01  4.179829e+01
      vertex   3.269301e+01  1.000000e+01  3.848919e+01
    endloop
  endfacet
  facet normal -0.000000e+00  1.000000e+00  0.000000e+00
    outer loop
      vertex   2.899228e+01  1.000000e+01  3.635516e+01
      vertex   3.269301e+01  1.000000e+01  3.848919e+01
      vertex   3.288047e+01  1.000000e+01  3.288047e+01
    endloop
  endfacet
  facet normal  0.000000e+00  1.000000e+00 -0.000000e+00
    outer loop
      vertex   3.288047e+01  1.000000e+01  3.288047e+01
      vertex   3.269301e+01  1.000000e+01  3.848919e+01
      vertex   3.666277e+01  1.000000e+01  3.472882e+01
    endloop
  endfacet
  facet normal -0.000000e+00  1.000000e+00  0.000000e+00
    outer loop
      vertex   3.288047e+01  1.000000e+01  3.288047e+01
      vertex   3.666277e+01  1.000000e+01  3.472882e+01
      vertex   3.635516e+01  1.000000e+01  2.899228e+01
    endloop
  endfacet
  facet normal  0.000000e+00  1.000000e+00  0.000000e+00
    outer loop
      vertex   3.635516e+01  1.000000e+01  2.899228e+01
      vertex   3.666277e+01  1.000000e+01  3.472882e+01
      vertex   4.020270e+01  1.000000e+01  3.056130e+01
    endloop
  endfacet
  facet normal -0.000000e+00  1.000000e+00  0.000000e+00
    outer loop
      vertex   3.635516e+01  1.000000e+01  2.899228e+01
      vertex   4.020270e+01  1.000000e+01  3.056130e+01
      vertex   3.937268e+01  1.000000e+01  2.473949e+01
    endloop
  endfacet
  facet normal  0.000000e+00  1.000000e+00  0.000000e+00
    outer loop
      vertex   3.937268e+01  1.000000e+01  2.473949e+01
      vertex   4.020270e+01  1.000000e+01  3.056130e+01
      vertex   4.327129e+01  1.000000e+01  2.603547e+01
    endloop
  endfacet
  facet normal -0.000000e+00  1.000000e+00  0.000000e+00
    outer loop
      vertex   3.937268e+01  1.000000e+01  2.473949e+01
      vertex   4.327129e+01  1.000000e+01  2.603547e+01
      vertex   4.189505e+01  1.000000e+01  2.017559e+01
    endloop
  endfacet
  facet normal  0.000000e+00  1.000000e+00  0.000000e+00
    outer loop
      vertex   4.189505e+01  1.000000e+01  2.017559e+01
      vertex   4.327129e+01  1.000000e+01  2.603547e+01
      vertex   4.583256e+01  1.000000e+01  2.120440e+01
    endloop
  endfacet
  facet normal -0.000000e+00  1.000000e+00  0.000000e+00
    outer loop
      vertex   4.189505e+01  1.000000e+01  2.017559e+01
      vertex   4.583256e+01  1.000000e+01  2.120440e+01
      vertex   4.389058e+01  1.000000e+01  1.535798e+01
    endloop
  endfacet
  facet normal  0.000000e+00  1.000000e+00  0.000000e+00
    outer loop
      vertex   4.389058e+01  1.000000e+01  1.535798e+01
      vertex   4.583256e+01  1.000000e+01  2.120440e+01
      vertex   4.785648e+01  1.000000e+01  1.612473e+01
    endloop
  endfacet
  facet normal -0.000000e+00  1.000000e+00  0.000000e+00
    outer loop
      vertex   4.389058e+01  1.000000e+01  1.535798e+01
      vertex   4.785648e+01  1.000000e+01  1.612473e+01
      vertex   4.533415e+01  1.000000e+01  1.034722e+01
    endloop
  endfacet
  facet normal  0.000000e+00  1.000000e+00  0.000000e+00
    outer loop
      vertex   4.533415e+01  1.000000e+01  1.034722e+01
      vertex   4.785648e+01  1.000000e+01  1.612473e+01
      vertex   4.931934e+01  1.000000e+01  1.085601e+01
    endloop
  endfacet
  facet normal -0.000000e+00  1.000000e+00  0.000000e+00
    outer loop
      vertex   4.533415e+01  1.000000e+01  1.034722e+01
      vertex   4.931934e+01  1.000000e+01  1.085601e+01
      vertex   4.620762e+01  1.000000e+01  5.206348e+00
    endloop
  endfacet
  facet normal  0.000000e+00  1.000000e+00  0.000000e+00
    outer loop
      vertex   4.620762e+01  1.000000e+01  5.206348e+00
      vertex   4.931934e+01  1.000000e+01  1.085601e+01
      vertex   5.020397e+01  1.000000e+01  5.460010e+00
    endloop
  endfacet
  facet normal -0.000000e+00  1.000000e+00  0.000000e+00
    outer loop
      vertex   4.620762e+01  1.000000e+01  5.206348e+00
      vertex   5.020397e+01  1.000000e+01  5.460010e+00
      vertex   4.650000e+01  1.000000e+01  0.000000e+00
    endloop
  endfacet
  facet normal  0.000000e+00 -1.000000e+00  0.000000e+00
    outer loop
      vertex   5.020397e+01  0.000000e+00 -5.460010e+00
      vertex   5.050000e+01  0.000000e+00  0.000000e+00
      vertex   4.650000e+01  0.000000e+00  0.000000e+00
    endloop
  endfacet
  facet normal  0.000000e+00 -1.000000e+00  0.000000e+00
    outer loop
      vertex   4.650000e+01  0.000000e+00  0.000000e+00
      vertex   5.050000e+01  0.000000e+00  0.000000e+00
      vertex   5.020397e+01  0.000000e+00  5.460010e+00
    endloop
  endfacet
  facet normal  0.000000e+00 -1.000000e+00  0.000000e+00
    outer loop
      vertex   4.650000e+01  0.000000e+00  0.000000e+00
      vertex   5.020397e+01  0.000000e+00  5.460010e+00
      vertex   4.620762e+01  0.000000e+00  5.206348e+00
    endloop
  endfacet
  facet normal  0.000000e+00 -1.000000e+00  0.000000e+00
    outer loop
      vertex   4.620762e+01  0.000000e+00  5.206348e+00
      vertex   5.020397e+01  0.000000e+00  5.460010e+00
      vertex   4.931934e+01  0.000000e+00  1.085601e+01
    endloop
  endfacet
  facet normal  0.000000e+00 -1.000000e+00  0.000000e+00
    outer loop
      vertex   4.620762e+01  0.000000e+00  5.206348e+00
      vertex   4.931934e+01  0.000000e+00  1.085601e+01
      vertex   4.533415e+01  0.000000e+00  1.034722e+01
    endloop
  endfacet
  facet normal  0.000000e+00 -1.000000e+00  0.000000e+00
    outer loop
      vertex   4.533415e+01  0.000000e+00  1.034722e+01
      vertex   4.931934e+01  0.000000e+00  1.085601e+01
      vertex   4.785648e+01  0.000000e+00  1.612473e+01
    endloop
  endfacet
  facet normal  0.000000e+00 -1.000000e+00  0.000000e+00
    outer loop
      vertex   4.533415e+01  0.000000e+00  1.034722e+01
      vertex   4.785648e+01  0.000000e+00  1.612473e+01
      vertex   4.389058e+01  0.000000e+00  1.535798e+01
    endloop
  endfacet
  facet normal  0.000000e+00 -1.000000e+00  0.000000e+00
    outer loop
      vertex   4.389058e+01  0.000000e+00  1.535798e+01
      vertex   4.785648e+01  0.000000e+00  1.612473e+01
      vertex   4.583256e+01  0.000000e+00  2.120440e+01
    endloop
  endfacet
  facet normal  0.000000e+00 -1.000000e+00  0.000000e+00
    outer loop
      vertex   4.389058e+01  0.000000e+00  1.535798e+01
      vertex   4.583256e+01  0.000000e+00  2.120440e+01
      vertex   4.189505e+01  0.000000e+00  2.017559e+01
    endloop
  endfacet
  facet normal  0.000000e+00 -1.000000e+00  0.000000e+00
    outer loop
      vertex   4.189505e+01  0.000000e+00  2.017559e+01
      vertex   4.583256e+01  0.000000e+00  2.120440e+01
      vertex   4.327129e+01  0.000000e+00  2.603547e+01
    endloop
  endfacet
  facet normal  0.000000e+00 -1.000000e+00  0.000000e+00
    outer loop
      vertex   4.189505e+01  0.000000e+00  2.017559e+01
      vertex   4.327129e+01  0.000000e+00  2.603547e+01
      vertex   3.937268e+01  0.000000e+00  2.473949e+01
    endloop
  endfacet
  facet normal  0.000000e+00 -1.000000e+00  0.000000e+00
    outer loop
      vertex   3.937268e+01  0.000000e+00  2.473949e+01
      vertex   4.327129e+01  0.000000e+00  2.603547e+01
      vertex   4.020270e+01  0.000000e+00  3.056130e+01
    endloop
  endfacet
  facet normal  0.000000e+00 -1.000000e+00  0.000000e+00
    outer loop
      vertex   3.937268e+01  0.000000e+00  2.473949e+01
      vertex   4.020270e+01  0.000000e+00  3.056130e+01
      vertex   3.635516e+01  0.000000e+00  2.899228e+01
    endloop
  endfacet
  facet normal  0.000000e+00 -1.000000e+00  0.000000e+00
    outer loop
      vertex   3.635516e+01  0.000000e+00  2.899228e+01
      vertex   4.020270e+01  0.000000e+00  3.056130e+01
      vertex   3.666277e+01  0.000000e+00  3.472882e+01
    endloop
  endfacet
  facet normal  0.000000e+00 -1.000000e+00  0.000000e+00
    outer loop
      vertex   3.635516e+01  0.000000e+00  2.899228e+01
      vertex   3.666277e+01  0.000000e+00  3.472882e+01
      vertex   3.288047e+01  0.000000e+00  3.288047e+01
    endloop
  endfacet
  facet normal  0.000000e+00 -1.000000e+00  0.000000e+00
    outer loop
      vertex   3.288047e+01  0.000000e+00  3.288047e+01
      vertex   3.666277e+01  0.000000e+00  3.472882e+01
      vertex   3.269301e+01  0.000000e+00  3.848919e+01
    endloop
  endfacet
  facet normal  0.000000e+00 -1.000000e+00  0.000000e+00
    outer loop
      vertex   3.288047e+01  0.000000e+00  3.288047e+01
      vertex   3.269301e+01  0.000000e+00  3.848919e+01
      vertex   2.899228e+01  0.000000e+00  3.635516e+01
    endloop
  endfacet
  facet normal  0.000000e+00 -1.000000e+00  0.000000e+00
    outer loop
      vertex   2.899228e+01  0.000000e+00  3.635516e+01
      vertex   3.269301e+01  0.000000e+00  3.848919e+01
      vertex   2.833995e+01  0.000000e+00  4.179829e+01
    endloop
  endfacet
  facet normal  0.000000e+00 -1.000000e+00  0.000000e+00
    outer loop
      vertex   2.899228e+01  0.000000e+00  3.635516e+01
      vertex   2.833995e+01  0.000000e+00  4.179829e+01
      vertex   2.473949e+01  0.000000e+00  3.937268e+01
    endloop
  endfacet
  facet normal  0.000000e+00 -1.000000e+00  0.000000e+00
    outer loop
      vertex   2.473949e+01  0.000000e+00  3.937268e+01
      vertex   2.833995e+01  0.000000e+00  4.179829e+01
      vertex   2.365462e+01  0.000000e+00  4.461736e+01
    endloop
  endfacet
  facet normal  0.000000e+00 -1.000000e+00  0.000000e+00
    outer loop
      vertex   2.473949e+01  0.000000e+00  3.937268e+01
      vertex   2.365462e+01  0.000000e+00  4.461736e+01
      vertex   2.017559e+01  0.000000e+00  4.189505e+01
    endloop
  endfacet
  facet normal  0.000000e+00 -1.000000e+00  0.000000e+00
    outer loop
      vertex   2.017559e+01  0.000000e+00  4.189505e+01
      vertex   2.365462e+01  0.000000e+00  4.461736e+01
      vertex   1.869198e+01  0.000000e+00  4.691332e+01
    endloop
  endfacet
  facet normal  0.000000e+00 -1.000000e+00  0.000000e+00
    outer loop
      vertex   2.017559e+01  0.000000e+00  4.189505e+01
      vertex   1.869198e+01  0.000000e+00  4.691332e+01
      vertex   1.535798e+01  0.000000e+00  4.389058e+01
    endloop
  endfacet
  facet normal  0.000000e+00 -1.000000e+00  0.000000e+00
    outer loop
      vertex   1.535798e+01  0.000000e+00  4.389058e+01
      vertex   1.869198e+01  0.000000e+00  4.691332e+01
      vertex   1.351018e+01  0.000000e+00  4.865928e+01
    endloop
  endfacet
  facet normal  0.000000e+00 -1.000000e+00  0.000000e+00
    outer loop
      vertex   1.535798e+01  0.000000e+00  4.389058e+01
      vertex   1.351018e+01  0.000000e+00  4.865928e+01
      vertex   1.034722e+01  0.000000e+00  4.533415e+01
    endloop
  endfacet
  facet normal  0.000000e+00 -1.000000e+00  0.000000e+00
    outer loop
      vertex   1.034722e+01  0.000000e+00  4.533415e+01
      vertex   1.351018e+01  0.000000e+00  4.865928e+01
      vertex   8.169991e+00  0.000000e+00  4.983474e+01
    endloop
  endfacet
  facet normal  0.000000e+00 -1.000000e+00  0.000000e+00
    outer loop
      vertex   1.034722e+01  0.000000e+00  4.533415e+01
      vertex   8.169991e+00  0.000000e+00  4.983474e+01
      vertex   5.206348e+00  0.000000e+00  4.620762e+01
    endloop
  endfacet
  facet normal  0.000000e+00 -1.000000e+00  0.000000e+00
    outer loop
      vertex   5.206348e+00  0.000000e+00  4.620762e+01
      vertex   8.169991e+00  0.000000e+00  4.983474e+01
      vertex   2.734015e+00  0.000000e+00  5.042594e+01
    endloop
  endfacet
  facet normal  0.000000e+00 -1.000000e+00  0.000000e+00
    outer loop
      vertex   5.206348e+00  0.000000e+00  4.620762e+01
      vertex   2.734015e+00  0.000000e+00  5.042594e+01
      vertex   0.000000e+00  0.000000e+00  4.650000e+01
    endloop
  endfacet
  facet normal  0.000000e+00 -1.000000e+00  0.000000e+00
    outer loop
      vertex   0.000000e+00  0.000000e+00  4.650000e+01
      vertex   2.734015e+00  0.000000e+00  5.042594e+01
      vertex  -2.734015e+00  0.000000e+00  5.042594e+01
    endloop
  endfacet
  facet normal -0.000000e+00 -1.000000e+00  0.000000e+00
    outer loop
      vertex   0.000000e+00  0.000000e+00  4.650000e+01
      vertex  -2.734015e+00  0.000000e+00  5.042594e+01
      vertex  -5.206348e+00  0.000000e+00  4.620762e+01
    endloop
  endfacet
  facet normal  0.000000e+00 -1.000000e+00  0.000000e+00
    outer loop
      vertex  -5.206348e+00  0.000000e+00  4.620762e+01
      vertex  -2.734015e+00  0.000000e+00  5.042594e+01
      vertex  -8.169991e+00  0.000000e+00  4.983474e+01
    endloop
  endfacet
  facet normal -0.000000e+00 -1.000000e+00  0.000000e+00
    outer loop
      vertex  -5.206348e+00  0.000000e+00  4.620762e+01
      vertex  -8.169991e+00  0.000000e+00  4.983474e+01
      vertex  -1.034722e+01  0.000000e+00  4.533415e+01
    endloop
  endfacet
  facet normal  0.000000e+00 -1.000000e+00  0.000000e+00
    outer loop
      vertex  -1.034722e+01  0.000000e+00  4.533415e+01
      vertex  -8.169991e+00  0.000000e+00  4.983474e+01
      vertex  -1.351018e+01  0.000000e+00  4.865928e+01
    endloop
  endfacet
  facet normal -0.000000e+00 -1.000000e+00  0.000000e+00
    outer loop
      vertex  -1.034722e+01  0.000000e+00  4.533415e+01
      vertex  -1.351018e+01  0.000000e+00  4.865928e+01
      vertex  -1.535798e+01  0.000000e+00  4.389058e+01
    endloop
  endfacet
  facet normal  0.000000e+00 -1.000000e+00  0.000000e+00
    outer loop
      vertex  -1.535798e+01  0.000000e+00  4.389058e+01
      vertex  -1.351018e+01  0.000000e+00  4.865928e+01
      vertex  -1.869198e+01  0.000000e+00  4.691332e+01
    endloop
  endfacet
  facet normal -0.000000e+00 -1.000000e+00  0.000000e+00
    outer loop
      vertex  -1.535798e+01  0.000000e+00  4.389058e+01
      vertex  -1.869198e+01  0.000000e+00  4.691332e+01
      vertex  -2.017559e+01  0.000000e+00  4.189505e+01
    endloop
  endfacet
  facet normal  0.000000e+00 -1.000000e+00  0.000000e+00
    outer loop
      vertex  -2.017559e+01  0.000000e+00  4.189505e+01
      vertex  -1.869198e+01  0.000000e+00  4.691332e+01
      vertex  -2.365462e+01  0.000000e+00  4.461736e+01
    endloop
  endfacet
  facet normal -0.000000e+00 -1.000000e+00  0.000000e+00
    outer loop
      vertex  -2.017559e+01  0.000000e+00  4.189505e+01
      vertex  -2.365462e+01  0.000000e+00  4.461736e+01
      vertex  -2.473949e+01  0.000000e+00  3.937268e+01
    endloop
  endfacet
  facet normal  0.000000e+00 -1.000000e+00  0.000000e+00
    outer loop
      vertex  -2.473949e+01  0.000000e+00  3.937268e+01
      vertex  -2.365462e+01  0.000000e+00  4.461736e+01
      vertex  -2.833995e+01  0.000000e+00  4.179829e+01
    endloop
  endfacet
  facet normal -0.000000e+00 -1.000000e+00  0.000000e+00
    outer loop
      vertex  -2.473949e+01  0.000000e+00  3.937268e+01
      vertex  -2.833995e+01  0.000000e+00  4.179829e+01
      vertex  -2.899228e+01  0.000000e+00  3.635516e+01
    endloop
  endfacet
  facet normal  0.000000e+00 -1.000000e+00  0.000000e+00
    outer loop
      vertex  -2.899228e+01  0.000000e+00  3.635516e+01
      vertex  -2.833995e+01  0.000000e+00  4.179829e+01
      vertex  -3.269301e+01  0.000000e+00  3.848919e+01
    endloop
  endfacet
  facet normal -0.000000e+00 -1.000000e+00  0.000000e+00
    outer loop
      vertex  -2.899228e+01  0.000000e+00  3.635516e+01
      vertex  -3.269301e+01  0.000000e+00  3.848919e+01
      vertex  -3.288047e+01  0.000000e+00  3.288047e+01
    endloop
  endfacet
  facet normal  0.000000e+00 -1.000000e+00  0.000000e+00
    outer loop
      vertex  -3.288047e+01  0.000000e+00  3.288047e+01
      vertex  -3.269301e+01  0.000000e+00  3.848919e+01
      vertex  -3.666277e+01  0.000000e+00  3.472882e+01
    endloop
  endfacet
  facet normal -0.000000e+00 -1.000000e+00  0.000000e+00
    outer loop
      vertex  -3.288047e+01  0.000000e+00  3.288047e+01
      vertex  -3.666277e+01  0.000000e+00  3.472882e+01
      vertex  -3.635516e+01  0.000000e+00  2.899228e+01
    endloop
  endfacet
  facet normal  0.000000e+00 -1.000000e+00  0.000000e+00
    outer loop
      vertex  -3.635516e+01  0.000000e+00  2.899228e+01
      vertex  -3.666277e+01  0.000000e+00  3.472882e+01
      vertex  -4.020270e+01  0.000000e+00  3.056130e+01
    endloop
  endfacet
  facet normal -0.000000e+00 -1.000000e+00  0.000000e+00
    outer loop
      vertex  -3.635516e+01  0.000000e+00  2.899228e+01
      vertex  -4.020270e+01  0.000000e+00  3.056130e+01
      vertex  -3.937268e+01  0.000000e+00  2.473949e+01
    endloop
  endfacet
  facet normal  0.000000e+00 -1.000000e+00  0.000000e+00
    outer loop
      vertex  -3.937268e+01  0.000000e+00  2.473949e+01
      vertex  -4.020270e+01  0.000000e+00  3.056130e+01
      vertex  -4.327129e+01  0.000000e+00  2.603547e+01
    endloop
  endfacet
  facet normal -0.000000e+00 -1.000000e+00  0.000000e+00
    outer loop
      vertex  -3.937268e+01  0.000000e+00  2.473949e+01
      vertex  -4.327129e+01  0.000000e+00  2.603547e+01
      vertex  -4.189505e+01  0.000000e+00  2.017559e+01
    endloop
  endfacet
  facet normal  0.000000e+00 -1.000000e+00  0.000000e+00
    outer loop
      vertex  -4.189505e+01  0.000000e+00  2.017559e+01
      vertex  -4.327129e+01  0.000000e+00  2.603547e+01
      vertex  -4.583256e+01  0.000000e+00  2.120440e+01
    endloop
  endfacet
  facet normal -0.000000e+00 -1.000000e+00  0.000000e+00
    outer loop
      vertex  -4.189505e+01  0.000000e+00  2.017559e+01
      vertex  -4.583256e+01  0.000000e+00  2.120440e+01
      vertex  -4.389058e+01  0.000000e+00  1.535798e+01
    endloop
  endfacet
  facet normal  0.000000e+00 -1.000000e+00  0.000000e+00
    outer loop
      vertex  -4.389058e+01  0.000000e+00  1.535798e+01
      vertex  -4.583256e+01  0.000000e+00  2.120440e+01
      vertex  -4.785648e+01  0.000000e+00  1.612473e+01
    endloop
  endfacet
  facet normal -0.000000e+00 -1.000000e+00  0.000000e+00
    outer loop
      vertex  -4.389058e+01  0.000000e+00  1.535798e+01
      vertex  -4.785648e+01  0.000000e+00  1.612473e+01
      vertex  -4.533415e+01  0.000000e+00  1.034722e+01
    endloop
  endfacet
  facet normal  0.000000e+00 -1.000000e+00  0.000000e+00
    outer loop
      vertex  -4.533415e+01  0.000000e+00  1.034722e+01
      vertex  -4.785648e+01  0.000000e+00  1.612473e+01
      vertex  -4.931934e+01  0.000000e+00  1.085601e+01
    endloop
  endfacet
  facet normal -0.000000e+00 -1.000000e+00  0.000000e+00
    outer loop
      vertex  -4.533415e+01  0.000000e+00  1.034722e+01
      vertex  -4.931934e+01  0.000000e+00  1.085601e+01
      vertex  -4.620762e+01  0.000000e+00  5.206348e+00
    endloop
  endfacet
  facet normal  0.000000e+00 -1.000000e+00  0.000000e+00
    outer loop
      vertex  -4.620762e+01  0.000000e+00  5.206348e+00
      vertex  -4.931934e+01  0.000000e+00  1.085601e+01
      vertex  -5.020397e+01  0.000000e+00  5.460010e+00
    endloop
  endfacet
  facet normal -0.000000e+00 -1.000000e+00  0.000000e+00
    outer loop
      vertex  -4.620762e+01  0.000000e+00  5.206348e+00
      vertex  -5.020397e+01  0.000000e+00  5.460010e+00
      vertex  -4.650000e+01  0.000000e+00  0.000000e+00
    endloop
  endfacet
  facet normal  0.000000e+00 -1.000000e+00  0.000000e+00
    outer loop
      vertex  -4.650000e+01  0.000000e+00  0.000000e+00
      vertex  -5.020397e+01  0.000000e+00  5.460010e+00
      vertex  -5.050000e+01  0.000000e+00  0.000000e+00
    endloop
  endfacet
  facet normal -0.000000e+00 -1.000000e+00  0.000000e+00
    outer loop
      vertex  -4.650000e+01  0.000000e+00  0.000000e+00
      vertex  -5.050000e+01  0.000000e+00  0.000000e+00
      vertex  -5.020397e+01  0.000000e+00 -5.460010e+00
    endloop
  endfacet
  facet normal  0.000000e+00 -1.000000e+00 -0.000000e+00
    outer loop
      vertex  -4.650000e+01  0.000000e+00  0.000000e+00
      vertex  -5.020397e+01  0.000000e+00 -5.460010e+00
      vertex  -4.620762e+01  0.000000e+00 -5.206348e+00
    endloop
  endfacet
  facet normal  0.000000e+00 -1.000000e+00  0.000000e+00
    outer loop
      vertex  -4.620762e+01  0.000000e+00 -5.206348e+00
      vertex  -5.020397e+01  0.000000e+00 -5.460010e+00
      vertex  -4.931934e+01  0.000000e+00 -1.085601e+01
    endloop
  endfacet
  facet normal  0.000000e+00 -1.000000e+00 -0.000000e+00
    outer loop
      vertex  -4.620762e+01  0.000000e+00 -5.206348e+00
      vertex  -4.931934e+01  0.000000e+00 -1.085601e+01
      vertex  -4.533415e+01  0.000000e+00 -1.034722e+01
    endloop
  endfacet
  facet normal  0.000000e+00 -1.000000e+00  0.000000e+00
    outer loop
      vertex  -4.533415e+01  0.000000e+00 -1.034722e+01
      vertex  -4.931934e+01  0.000000e+00 -1.085601e+01
      vertex  -4.785648e+01  0.000000e+00 -1.612473e+01
    endloop
  endfacet
  facet normal  0.000000e+00 -1.000000e+00 -0.000000e+00
    outer loop
      vertex  -4.533415e+01  0.000000e+00 -1.034722e+01
      vertex  -4.785648e+01  0.000000e+00 -1.612473e+01
      vertex  -4.389058e+01  0.000000e+00 -1.535798e+01
    endloop
  endfacet
  facet normal  0.000000e+00 -1.000000e+00  0.000000e+00
    outer loop
      vertex  -4.389058e+01  0.000000e+00 -1.535798e+01
      vertex  -4.785648e+01  0.000000e+00 -1.612473e+01
      vertex  -4.583256e+01  0.000000e+00 -2.120440e+01
    endloop
  endfacet
  facet normal  0.000000e+00 -1.000000e+00 -0.000000e+00
    outer loop
      vertex  -4.389058e+01  0.000000e+00 -1.535798e+01
      vertex  -4.583256e+01  0.000000e+00 -2.120440e+01
      vertex  -4.189505e+01  0.000000e+00 -2.017559e+01
    endloop
  endfacet
  facet normal  0.000000e+00 -1.000000e+00  0.000000e+00
    outer loop
      vertex  -4.189505e+01  0.000000e+00 -2.017559e+01
      vertex  -4.583256e+01  0.000000e+00 -2.120440e+01
      vertex  -4.327129e+01  0.000000e+00 -2.603547e+01
    endloop
  endfacet
  facet normal  0.000000e+00 -1.000000e+00 -0.000000e+00
    outer loop
      vertex  -4.189505e+01  0.000000e+00 -2.017559e+01
      vertex  -4.327129e+01  0.000000e+00 -2.603547e+01
      vertex  -3.937268e+01  0.000000e+00 -2.473949e+01
    endloop
  endfacet
  facet normal  0.000000e+00 -1.000000e+00  0.000000e+00
    outer loop
      vertex  -3.937268e+01  0.000000e+00 -2.473949e+01
      vertex  -4.327129e+01  0.000000e+00 -2.603547e+01
      vertex  -4.020270e+01  0.000000e+00 -3.056130e+01
    endloop
  endfacet
  facet normal  0.000000e+00 -1.000000e+00 -0.000000e+00
    outer loop
      vertex  -3.937268e+01  0.000000e+00 -2.473949e+01
      vertex  -4.020270e+01  0.000000e+00 -3.056130e+01
      vertex  -3.635516e+01  0.000000e+00 -2.899228e+01
    endloop
  endfacet
  facet normal  0.000000e+00 -1.000000e+00  0.000000e+00
    outer loop
      vertex  -3.635516e+01  0.000000e+00 -2.899228e+01
      vertex  -4.020270e+01  0.000000e+00 -3.056130e+01
      vertex  -3.666277e+01  0.000000e+00 -3.472882e+01
    endloop
  endfacet
  facet normal  0.000000e+00 -1.000000e+00 -0.000000e+00
    outer loop
      vertex  -3.635516e+01  0.000000e+00 -2.899228e+01
      vertex  -3.666277e+01  0.000000e+00 -3.472882e+01
      vertex  -3.288047e+01  0.000000e+00 -3.288047e+01
    endloop
  endfacet
  facet normal  0.000000e+00 -1.000000e+00 -0.000000e+00
    outer loop
      vertex  -3.288047e+01  0.000000e+00 -3.288047e+01
      vertex  -3.666277e+01  0.000000e+00 -3.472882e+01
      vertex  -3.269301e+01  0.000000e+00 -3.848919e+01
    endloop
  endfacet
  facet normal  0.000000e+00 -1.000000e+00  0.000000e+00
    outer loop
      vertex  -3.288047e+01  0.000000e+00 -3.288047e+01
      vertex  -3.269301e+01  0.000000e+00 -3.848919e+01
      vertex  -2.899228e+01  0.000000e+00 -3.635516e+01
    endloop
  endfacet
  facet normal  0.000000e+00 -1.000000e+00 -0.000000e+00
    outer loop
      vertex  -2.899228e+01  0.000000e+00 -3.635516e+01
      vertex  -3.269301e+01  0.000000e+00 -3.848919e+01
      vertex  -2.833995e+01  0.000000e+00 -4.179829e+01
    endloop
  endfacet
  facet normal  0.000000e+00 -1.000000e+00  0.000000e+00
    outer loop
      vertex  -2.899228e+01  0.000000e+00 -3.635516e+01
      vertex  -2.833995e+01  0.000000e+00 -4.179829e+01
      vertex  -2.473949e+01  0.000000e+00 -3.937268e+01
    endloop
  endfacet
  facet normal  0.000000e+00 -1.000000e+00 -0.000000e+00
    outer loop
      vertex  -2.473949e+01  0.000000e+00 -3.937268e+01
      vertex  -2.833995e+01  0.000000e+00 -4.179829e+01
      vertex  -2.365462e+01  0.000000e+00 -4.461736e+01
    endloop
  endfacet
  facet normal  0.000000e+00 -1.000000e+00  0.000000e+00
    outer loop
      vertex  -2.473949e+01  0.000000e+00 -3.937268e+01
      vertex  -2.365462e+01  0.000000e+00 -4.461736e+01
      vertex  -2.017559e+01  0.000000e+00 -4.189505e+01
    endloop
  endfacet
  facet normal  0.000000e+00 -1.000000e+00 -0.000000e+00
    outer loop
      vertex  -2.017559e+01  0.000000e+00 -4.189505e+01
      vertex  -2.365462e+01  0.000000e+00 -4.461736e+01
      vertex  -1.869198e+01  0.000000e+00 -4.691332e+01
    endloop
  endfacet
  facet normal  0.000000e+00 -1.000000e+00  0.000000e+00
    outer loop
      vertex  -2.017559e+01  0.000000e+00 -4.189505e+01
      vertex  -1.869198e+01  0.000000e+00 -4.691332e+01
      vertex  -1.535798e+01  0.000000e+00 -4.389058e+01
    endloop
  endfacet
  facet normal  0.000000e+00 -1.000000e+00 -0.000000e+00
    outer loop
      vertex  -1.535798e+01  0.000000e+00 -4.389058e+01
      vertex  -1.869198e+01  0.000000e+00 -4.691332e+01
      vertex  -1.351018e+01  0.000000e+00 -4.865928e+01
    endloop
  endfacet
  facet normal  0.000000e+00 -1.000000e+00  0.000000e+00
    outer loop
      vertex  -1.535798e+01  0.000000e+00 -4.389058e+01
      vertex  -1.351018e+01  0.000000e+00 -4.865928e+01
      vertex  -1.034722e+01  0.000000e+00 -4.533415e+01
    endloop
  endfacet
  facet normal  0.000000e+00 -1.000000e+00 -0.000000e+00
    outer loop
      vertex  -1.034722e+01  0.000000e+00 -4.533415e+01
      vertex  -1.351018e+01  0.000000e+00 -4.865928e+01
      vertex  -8.169991e+00  0.000000e+00 -4.983474e+01
    endloop
  endfacet
  facet normal  0.000000e+00 -1.000000e+00  0.000000e+00
    outer loop
      vertex  -1.034722e+01  0.000000e+00 -4.533415e+01
      vertex  -8.169991e+00  0.000000e+00 -4.983474e+01
      vertex  -5.206348e+00  0.000000e+00 -4.620762e+01
    endloop
  endfacet
  facet normal  0.000000e+00 -1.000000e+00 -0.000000e+00
    outer loop
      vertex  -5.206348e+00  0.000000e+00 -4.620762e+01
      vertex  -8.169991e+00  0.000000e+00 -4.983474e+01
      vertex  -2.734015e+00  0.000000e+00 -5.042594e+01
    endloop
  endfacet
  facet normal  0.000000e+00 -1.000000e+00  0.000000e+00
    outer loop
      vertex  -5.206348e+00  0.000000e+00 -4.620762e+01
      vertex  -2.734015e+00  0.000000e+00 -5.042594e+01
      vertex   0.000000e+00  0.000000e+00 -4.650000e+01
    endloop
  endfacet
  facet normal  0.000000e+00 -1.000000e+00 -0.000000e+00
    outer loop
      vertex   0.000000e+00  0.000000e+00 -4.650000e+01
      vertex  -2.734015e+00  0.000000e+00 -5.042594e+01
      vertex   2.734015e+00  0.000000e+00 -5.042594e+01
    endloop
  endfacet
  facet normal  0.000000e+00 -1.000000e+00  0.000000e+00
    outer loop
      vertex   0.000000e+00  0.000000e+00 -4.650000e+01
      vertex   2.734015e+00  0.000000e+00 -5.042594e+01
      vertex   5.206348e+00  0.000000e+00 -4.620762e+01
    endloop
  endfacet
  facet normal  0.000000e+00 -1.000000e+00 -0.000000e+00
    outer loop
      vertex   5.206348e+00  0.000000e+00 -4.620762e+01
      vertex   2.734015e+00  0.000000e+00 -5.042594e+01
      vertex   8.169991e+00  0.000000e+00 -4.983474e+01
    endloop
  endfacet
  facet normal  0.000000e+00 -1.000000e+00  0.000000e+00
    outer loop
      vertex   5.206348e+00  0.000000e+00 -4.620762e+01
      vertex   8.169991e+00  0.000000e+00 -4.983474e+01
      vertex   1.034722e+01  0.000000e+00 -4.533415e+01
    endloop
  endfacet
  facet normal  0.000000e+00 -1.000000e+00 -0.000000e+00
    outer loop
      vertex   1.034722e+01  0.000000e+00 -4.533415e+01
      vertex   8.169991e+00  0.000000e+00 -4.983474e+01
      vertex   1.351018e+01  0.000000e+00 -4.865928e+01
    endloop
  endfacet
  facet normal  0.000000e+00 -1.000000e+00  0.000000e+00
    outer loop
      vertex   1.034722e+01  0.000000e+00 -4.533415e+01
      vertex   1.351018e+01  0.000000e+00 -4.865928e+01
      vertex   1.535798e+01  0.000000e+00 -4.389058e+01
    endloop
  endfacet
  facet normal  0.000000e+00 -1.000000e+00 -0.000000e+00
    outer loop
      vertex   1.535798e+01  0.000000e+00 -4.389058e+01
      vertex   1.351018e+01  0.000000e+00 -4.865928e+01
      vertex   1.869198e+01  0.000000e+00 -4.691332e+01
    endloop
  endfacet
  facet normal  0.000000e+00 -1.000000e+00  0.000000e+00
    outer loop
      vertex   1.535798e+01  0.000000e+00 -4.389058e+01
      vertex   1.869198e+01  0.000000e+00 -4.691332e+01
      vertex   2.017559e+01  0.000000e+00 -4.189505e+01
    endloop
  endfacet
  facet normal  0.000000e+00 -1.000000e+00 -0.000000e+00
    outer loop
      vertex   2.017559e+01  0.000000e+00 -4.189505e+01
      vertex   1.869198e+01  0.000000e+00 -4.691332e+01
      vertex   2.365462e+01  0.000000e+00 -4.461736e+01
    endloop
  endfacet
  facet normal  0.000000e+00 -1.000000e+00  0.000000e+00
    outer loop
      vertex   2.017559e+01  0.000000e+00 -4.189505e+01
      vertex   2.365462e+01  0.000000e+00 -4.461736e+01
      vertex   2.473949e+01  0.000000e+00 -3.937268e+01
    endloop
  endfacet
  facet normal  0.000000e+00 -1.000000e+00 -0.000000e+00
    outer loop
      vertex   2.473949e+01  0.000000e+00 -3.937268e+01
      vertex   2.365462e+01  0.000000e+00 -4.461736e+01
      vertex   2.833995e+01  0.000000e+00 -4.179829e+01
    endloop
  endfacet
  facet normal  0.000000e+00 -1.000000e+00  0.000000e+00
    outer loop
      vertex   2.473949e+01  0.000000e+00 -3.937268e+01
      vertex   2.833995e+01  0.000000e+00 -4.179829e+01
      vertex   2.899228e+01  0.000000e+00 -3.635516e+01
    endloop
  endfacet
  facet normal  0.000000e+00 -1.000000e+00 -0.000000e+00
    outer loop
      vertex   2.899228e+01  0.000000e+00 -3.635516e+01
      vertex   2.833995e+01  0.000000e+00 -4.179829e+01
      vertex   3.269301e+01  0.000000e+00 -3.848919e+01
    endloop
  endfacet
  facet normal  0.000000e+00 -1.000000e+00  0.000000e+00
    outer loop
      vertex   2.899228e+01  0.000000e+00 -3.635516e+01
      vertex   3.269301e+01  0.000000e+00 -3.848919e+01
      vertex   3.288047e+01  0.000000e+00 -3.288047e+01
    endloop
  endfacet
  facet normal  0.000000e+00 -1.000000e+00 -0.000000e+00
    outer loop
      vertex   3.288047e+01  0.000000e+00 -3.288047e+01
      vertex   3.269301e+01  0.000000e+00 -3.848919e+01
      vertex   3.666277e+01  0.000000e+00 -3.472882e+01
    endloop
  endfacet
  facet normal  0.000000e+00 -1.000000e+00  0.000000e+00
    outer loop
      vertex   3.288047e+01  0.000000e+00 -3.288047e+01
      vertex   3.666277e+01  0.000000e+00 -3.472882e+01
      vertex   3.635516e+01  0.000000e+00 -2.899228e+01
    endloop
  endfacet
  facet normal  0.000000e+00 -1.000000e+00  0.000000e+00
    outer loop
      vertex   3.635516e+01  0.000000e+00 -2.899228e+01
      vertex   3.666277e+01  0.000000e+00 -3.472882e+01
      vertex   4.020270e+01  0.000000e+00 -3.056130e+01
    endloop
  endfacet
  facet normal  0.000000e+00 -1.000000e+00  0.000000e+00
    outer loop
      vertex   3.635516e+01  0.000000e+00 -2.899228e+01
      vertex   4.020270e+01  0.000000e+00 -3.056130e+01
      vertex   3.937268e+01  0.000000e+00 -2.473949e+01
    endloop
  endfacet
  facet normal  0.000000e+00 -1.000000e+00  0.000000e+00
    outer loop
      vertex   3.937268e+01  0.000000e+00 -2.473949e+01
      vertex   4.020270e+01  0.000000e+00 -3.056130e+01
      vertex   4.327129e+01  0.000000e+00 -2.603547e+01
    endloop
  endfacet
  facet normal  0.000000e+00 -1.000000e+00  0.000000e+00
    outer loop
      vertex   3.937268e+01  0.000000e+00 -2.473949e+01
      vertex   4.327129e+01  0.000000e+00 -2.603547e+01
      vertex   4.189505e+01  0.000000e+00 -2.017559e+01
    endloop
  endfacet
  facet normal  0.000000e+00 -1.000000e+00  0.000000e+00
    outer loop
      vertex   4.189505e+01  0.000000e+00 -2.017559e+01
      vertex   4.327129e+01  0.000000e+00 -2.603547e+01
      vertex   4.583256e+01  0.000000e+00 -2.120440e+01
    endloop
  endfacet
  facet normal  0.000000e+00 -1.000000e+00  0.000000e+00
    outer loop
      vertex   4.189505e+01  0.000000e+00 -2.017559e+01
      vertex   4.583256e+01  0.000000e+00 -2.120440e+01
      vertex   4.389058e+01  0.000000e+00 -1.535798e+01
    endloop
  endfacet
  facet normal  0.000000e+00 -1.000000e+00  0.000000e+00
    outer loop
      vertex   4.389058e+01  0.000000e+00 -1.535798e+01
      vertex   4.583256e+01  0.000000e+00 -2.120440e+01
      vertex   4.785648e+01  0.000000e+00 -1.612473e+01
    endloop
  endfacet
  facet normal  0.000000e+00 -1.000000e+00  0.000000e+00
    outer loop
      vertex   4.389058e+01  0.000000e+00 -1.535798e+01
      vertex   4.785648e+01  0.000000e+00 -1.612473e+01
      vertex   4.533415e+01  0.000000e+00 -1.034722e+01
    endloop
  endfacet
  facet normal  0.000000e+00 -1.000000e+00  0.000000e+00
    outer loop
      vertex   4.533415e+01  0.000000e+00 -1.034722e+01
      vertex   4.785648e+01  0.000000e+00 -1.612473e+01
      vertex   4.931934e+01  0.000000e+00 -1.085601e+01
    endloop
  endfacet
  facet normal  0.000000e+00 -1.000000e+00  0.000000e+00
    outer loop
      vertex   4.533415e+01  0.000000e+00 -1.034722e+01
      vertex   4.931934e+01  0.000000e+00 -1.085601e+01
      vertex   4.620762e+01  0.000000e+00 -5.206348e+00
    endloop
  endfacet
  facet normal  0.000000e+00 -1.000000e+00  0.000000e+00
    outer loop
      vertex   4.620762e+01  0.000000e+00 -5.206348e+00
      vertex   4.931934e+01  0.000000e+00 -1.085601e+01
      vertex   5.020397e+01  0.000000e+00 -5.460010e+00
    endloop
  endfacet
  facet normal  0.000000e+00 -1.000000e+00  0.000000e+00
    outer loop
      vertex   4.620762e+01  0.000000e+00 -5.206348e+00
      vertex   5.020397e+01  0.000000e+00 -5.460010e+00
      vertex   4.650000e+01  0.000000e+00  0.000000e+00
    endloop
  endfacet
  facet normal -5.322241e-02  0.000000e+00  9.985827e-01
    outer loop
      vertex  -5.580408e+00  1.600000e+01  5.220258e+01
      vertex  -5.580408e+00 -6.000000e+00  5.220258e+01
      vertex   0.000000e+00  1.600000e+01  5.250000e+01
    endloop
  endfacet
  facet normal -5.322241e-02  0.000000e+00  9.985827e-01
    outer loop
      vertex   0.000000e+00  1.600000e+01  5.250000e+01
      vertex  -5.580408e+00 -6.000000e+00  5.220258e+01
      vertex   0.000000e+00 -6.000000e+00  5.250000e+01
    endloop
  endfacet
  facet normal  5.322241e-02  0.000000e+00  9.985827e-01
    outer loop
      vertex   0.000000e+00  1.600000e+01  5.250000e+01
      vertex   0.000000e+00 -6.000000e+00  5.250000e+01
      vertex   5.580408e+00  1.600000e+01  5.220258e+01
    endloop
  endfacet
  facet normal  5.322241e-02  0.000000e+00  9.985827e-01
    outer loop
      vertex   5.580408e+00  1.600000e+01  5.220258e+01
      vertex   0.000000e+00 -6.000000e+00  5.250000e+01
      vertex   5.580408e+00 -6.000000e+00  5.220258e+01
    endloop
  endfacet
  facet normal  1.590638e-01  0.000000e+00  9.872683e-01
    outer loop
      vertex   5.580408e+00  1.600000e+01  5.220258e+01
      vertex   5.580408e+00 -6.000000e+00  5.220258e+01
      vertex   1.109759e+01  1.600000e+01  5.131367e+01
    endloop
  endfacet
  facet normal  1.590638e-01  0.000000e+00  9.872683e-01
    outer loop
      vertex   1.109759e+01  1.600000e+01  5.131367e+01
      vertex   5.580408e+00 -6.000000e+00  5.220258e+01
      vertex   1.109759e+01 -6.000000e+00  5.131367e+01
    endloop
  endfacet
  facet normal  2.631024e-01  0.000000e+00  9.647679e-01
    outer loop
      vertex   1.109759e+01  1.600000e+01  5.131367e+01
      vertex   1.109759e+01 -6.000000e+00  5.131367e+01
      vertex   1.648903e+01  1.600000e+01  4.984337e+01
    endloop
  endfacet
  facet normal  2.631024e-01  0.000000e+00  9.647679e-01
    outer loop
      vertex   1.648903e+01  1.600000e+01  4.984337e+01
      vertex   1.109759e+01 -6.000000e+00  5.131367e+01
      vertex   1.648903e+01 -6.000000e+00  4.984337e+01
    endloop
  endfacet
  facet normal  3.641600e-01  0.000000e+00  9.313363e-01
    outer loop
      vertex   1.648903e+01  1.600000e+01  4.984337e+01
      vertex   1.648903e+01 -6.000000e+00  4.984337e+01
      vertex   2.169364e+01  1.600000e+01  4.780833e+01
    endloop
  endfacet
  facet normal  3.641600e-01  0.000000e+00  9.313363e-01
    outer loop
      vertex   2.169364e+01  1.600000e+01  4.780833e+01
      vertex   1.648903e+01 -6.000000e+00  4.984337e+01
      vertex   2.169364e+01 -6.000000e+00  4.780833e+01
    endloop
  endfacet
  facet normal  4.610925e-01  0.000000e+00  8.873520e-01
    outer loop
      vertex   2.169364e+01  1.600000e+01  4.780833e+01
      vertex   2.169364e+01 -6.000000e+00  4.780833e+01
      vertex   2.665245e+01  1.600000e+01  4.523159e+01
    endloop
  endfacet
  facet normal  4.610925e-01  0.000000e+00  8.873520e-01
    outer loop
      vertex   2.665245e+01  1.600000e+01  4.523159e+01
      vertex   2.169364e+01 -6.000000e+00  4.780833e+01
      vertex   2.665245e+01 -6.000000e+00  4.523159e+01
    endloop
  endfacet
  facet normal  5.527999e-01  0.000000e+00  8.333141e-01
    outer loop
      vertex   2.665245e+01  1.600000e+01  4.523159e+01
      vertex   2.665245e+01 -6.000000e+00  4.523159e+01
      vertex   3.130928e+01  1.600000e+01  4.214236e+01
    endloop
  endfacet
  facet normal  5.527999e-01  0.000000e+00  8.333141e-01
    outer loop
      vertex   3.130928e+01  1.600000e+01  4.214236e+01
      vertex   2.665245e+01 -6.000000e+00  4.523159e+01
      vertex   3.130928e+01 -6.000000e+00  4.214236e+01
    endloop
  endfacet
  facet normal  6.382443e-01  0.000000e+00  7.698339e-01
    outer loop
      vertex   3.130928e+01  1.600000e+01  4.214236e+01
      vertex   3.130928e+01 -6.000000e+00  4.214236e+01
      vertex   3.561137e+01  1.600000e+01  3.857564e+01
    endloop
  endfacet
  facet normal  6.382443e-01  0.000000e+00  7.698339e-01
    outer loop
      vertex   3.561137e+01  1.600000e+01  3.857564e+01
      vertex   3.130928e+01 -6.000000e+00  4.214236e+01
      vertex   3.561137e+01 -6.000000e+00  3.857564e+01
    endloop
  endfacet
  facet normal  7.164568e-01  0.000000e+00  6.976315e-01
    outer loop
      vertex   3.561137e+01  1.600000e+01  3.857564e+01
      vertex   3.561137e+01 -6.000000e+00  3.857564e+01
      vertex   3.950997e+01  1.600000e+01  3.457185e+01
    endloop
  endfacet
  facet normal  7.164568e-01  0.000000e+00  6.976315e-01
    outer loop
      vertex   3.950997e+01  1.600000e+01  3.457185e+01
      vertex   3.561137e+01 -6.000000e+00  3.857564e+01
      vertex   3.950997e+01 -6.000000e+00  3.457185e+01
    endloop
  endfacet
  facet normal  7.865518e-01  0.000000e+00  6.175244e-01
    outer loop
      vertex   3.950997e+01  1.600000e+01  3.457185e+01
      vertex   3.950997e+01 -6.000000e+00  3.457185e+01
      vertex   4.296090e+01  1.600000e+01  3.017634e+01
    endloop
  endfacet
  facet normal  7.865518e-01  0.000000e+00  6.175244e-01
    outer loop
      vertex   4.296090e+01  1.600000e+01  3.017634e+01
      vertex   3.950997e+01 -6.000000e+00  3.457185e+01
      vertex   4.296090e+01 -6.000000e+00  3.017634e+01
    endloop
  endfacet
  facet normal  8.477342e-01  0.000000e+00  5.304213e-01
    outer loop
      vertex   4.296090e+01  1.600000e+01  3.017634e+01
      vertex   4.296090e+01 -6.000000e+00  3.017634e+01
      vertex   4.592506e+01  1.600000e+01  2.543892e+01
    endloop
  endfacet
  facet normal  8.477342e-01  0.000000e+00  5.304213e-01
    outer loop
      vertex   4.592506e+01  1.600000e+01  2.543892e+01
      vertex   4.296090e+01 -6.000000e+00  3.017634e+01
      vertex   4.592506e+01 -6.000000e+00  2.543892e+01
    endloop
  endfacet
  facet normal  8.993124e-01  0.000000e+00  4.373067e-01
    outer loop
      vertex   4.592506e+01  1.600000e+01  2.543892e+01
      vertex   4.592506e+01 -6.000000e+00  2.543892e+01
      vertex   4.836888e+01  1.600000e+01  2.041327e+01
    endloop
  endfacet
  facet normal  8.993124e-01  0.000000e+00  4.373067e-01
    outer loop
      vertex   4.836888e+01  1.600000e+01  2.041327e+01
      vertex   4.592506e+01 -6.000000e+00  2.543892e+01
      vertex   4.836888e+01 -6.000000e+00  2.041327e+01
    endloop
  endfacet
  facet normal  9.407000e-01  0.000000e+00  3.392396e-01
    outer loop
      vertex   4.836888e+01  1.600000e+01  2.041327e+01
      vertex   4.836888e+01 -6.000000e+00  2.041327e+01
      vertex   5.026466e+01  1.600000e+01  1.515633e+01
    endloop
  endfacet
  facet normal  9.407000e-01  0.000000e+00  3.392396e-01
    outer loop
      vertex   5.026466e+01  1.600000e+01  1.515633e+01
      vertex   4.836888e+01 -6.000000e+00  2.041327e+01
      vertex   5.026466e+01 -6.000000e+00  1.515633e+01
    endloop
  endfacet
  facet normal  9.714301e-01  0.000000e+00  2.373261e-01
    outer loop
      vertex   5.026466e+01  1.600000e+01  1.515633e+01
      vertex   5.026466e+01 -6.000000e+00  1.515633e+01
      vertex   5.159092e+01  1.600000e+01  9.727658e+00
    endloop
  endfacet
  facet normal  9.714301e-01  0.000000e+00  2.373261e-01
    outer loop
      vertex   5.159092e+01  1.600000e+01  9.727658e+00
      vertex   5.026466e+01 -6.000000e+00  1.515633e+01
      vertex   5.159092e+01 -6.000000e+00  9.727658e+00
    endloop
  endfacet
  facet normal  9.911528e-01  0.000000e+00  1.327256e-01
    outer loop
      vertex   5.159092e+01  1.600000e+01  9.727658e+00
      vertex   5.159092e+01 -6.000000e+00  9.727658e+00
      vertex   5.233263e+01  1.600000e+01  4.188771e+00
    endloop
  endfacet
  facet normal  9.911528e-01  0.000000e+00  1.327256e-01
    outer loop
      vertex   5.233263e+01  1.600000e+01  4.188771e+00
      vertex   5.159092e+01 -6.000000e+00  9.727658e+00
      vertex   5.233263e+01 -6.000000e+00  4.188771e+00
    endloop
  endfacet
  facet normal  9.996456e-01  0.000000e+00  2.662008e-02
    outer loop
      vertex   5.233263e+01  1.600000e+01  4.188771e+00
      vertex   5.233263e+01 -6.000000e+00  4.188771e+00
      vertex   5.248139e+01  1.600000e+01 -1.397577e+00
    endloop
  endfacet
  facet normal  9.996456e-01  0.000000e+00  2.662008e-02
    outer loop
      vertex   5.248139e+01  1.600000e+01 -1.397577e+00
      vertex   5.233263e+01 -6.000000e+00  4.188771e+00
      vertex   5.248139e+01 -6.000000e+00 -1.397577e+00
    endloop
  endfacet
  facet normal  9.968120e-01  0.000000e+00 -7.978584e-02
    outer loop
      vertex   5.248139e+01  1.600000e+01 -1.397577e+00
      vertex   5.248139e+01 -6.000000e+00 -1.397577e+00
      vertex   5.203552e+01  1.600000e+01 -6.968090e+00
    endloop
  endfacet
  facet normal  9.968120e-01  0.000000e+00 -7.978584e-02
    outer loop
      vertex   5.203552e+01  1.600000e+01 -6.968090e+00
      vertex   5.248139e+01 -6.000000e+00 -1.397577e+00
      vertex   5.203552e+01 -6.000000e+00 -6.968090e+00
    endloop
  endfacet
  facet normal  9.826841e-01  0.000000e+00 -1.852887e-01
    outer loop
      vertex   5.203552e+01  1.600000e+01 -6.968090e+00
      vertex   5.203552e+01 -6.000000e+00 -6.968090e+00
      vertex   5.100007e+01  1.600000e+01 -1.245965e+01
    endloop
  endfacet
  facet normal  9.826841e-01  0.000000e+00 -1.852887e-01
    outer loop
      vertex   5.100007e+01  1.600000e+01 -1.245965e+01
      vertex   5.203552e+01 -6.000000e+00 -6.968090e+00
      vertex   5.100007e+01 -6.000000e+00 -1.245965e+01
    endloop
  endfacet
  facet normal  9.574221e-01  0.000000e+00 -2.886917e-01
    outer loop
      vertex   5.100007e+01  1.600000e+01 -1.245965e+01
      vertex   5.100007e+01 -6.000000e+00 -1.245965e+01
      vertex   4.938676e+01  1.600000e+01 -1.781004e+01
    endloop
  endfacet
  facet normal  9.574221e-01  0.000000e+00 -2.886917e-01
    outer loop
      vertex   4.938676e+01  1.600000e+01 -1.781004e+01
      vertex   5.100007e+01 -6.000000e+00 -1.245965e+01
      vertex   4.938676e+01 -6.000000e+00 -1.781004e+01
    endloop
  endfacet
  facet normal  9.213121e-01  0.000000e+00 -3.888239e-01
    outer loop
      vertex   4.938676e+01  1.600000e+01 -1.781004e+01
      vertex   4.938676e+01 -6.000000e+00 -1.781004e+01
      vertex   4.721389e+01  1.600000e+01 -2.295863e+01
    endloop
  endfacet
  facet normal  9.213121e-01  0.000000e+00 -3.888239e-01
    outer loop
      vertex   4.721389e+01  1.600000e+01 -2.295863e+01
      vertex   4.938676e+01 -6.000000e+00 -1.781004e+01
      vertex   4.721389e+01 -6.000000e+00 -2.295863e+01
    endloop
  endfacet
  facet normal  8.747629e-01  0.000000e+00 -4.845513e-01
    outer loop
      vertex   4.721389e+01  1.600000e+01 -2.295863e+01
      vertex   4.721389e+01 -6.000000e+00 -2.295863e+01
      vertex   4.450606e+01  1.600000e+01 -2.784710e+01
    endloop
  endfacet
  facet normal  8.747629e-01  0.000000e+00 -4.845513e-01
    outer loop
      vertex   4.450606e+01  1.600000e+01 -2.784710e+01
      vertex   4.721389e+01 -6.000000e+00 -2.295863e+01
      vertex   4.450606e+01 -6.000000e+00 -2.784710e+01
    endloop
  endfacet
  facet normal  8.183023e-01  0.000000e+00 -5.747881e-01
    outer loop
      vertex   4.450606e+01  1.600000e+01 -2.784710e+01
      vertex   4.450606e+01 -6.000000e+00 -2.784710e+01
      vertex   4.129395e+01  1.600000e+01 -3.242004e+01
    endloop
  endfacet
  facet normal  8.183023e-01  0.000000e+00 -5.747881e-01
    outer loop
      vertex   4.129395e+01  1.600000e+01 -3.242004e+01
      vertex   4.450606e+01 -6.000000e+00 -2.784710e+01
      vertex   4.129395e+01 -6.000000e+00 -3.242004e+01
    endloop
  endfacet
  facet normal  7.525714e-01  0.000000e+00 -6.585106e-01
    outer loop
      vertex   4.129395e+01  1.600000e+01 -3.242004e+01
      vertex   4.129395e+01 -6.000000e+00 -3.242004e+01
      vertex   3.761398e+01  1.600000e+01 -3.662566e+01
    endloop
  endfacet
  facet normal  7.525714e-01  0.000000e+00 -6.585106e-01
    outer loop
      vertex   3.761398e+01  1.600000e+01 -3.662566e+01
      vertex   4.129395e+01 -6.000000e+00 -3.242004e+01
      vertex   3.761398e+01 -6.000000e+00 -3.662566e+01
    endloop
  endfacet
  facet normal  6.783116e-01  0.000000e+00 -7.347744e-01
    outer loop
      vertex   3.761398e+01  1.600000e+01 -3.662566e+01
      vertex   3.761398e+01 -6.000000e+00 -3.662566e+01
      vertex   3.350782e+01  1.600000e+01 -4.041628e+01
    endloop
  endfacet
  facet normal  6.783116e-01  0.000000e+00 -7.347744e-01
    outer loop
      vertex   3.350782e+01  1.600000e+01 -4.041628e+01
      vertex   3.761398e+01 -6.000000e+00 -3.662566e+01
      vertex   3.350782e+01 -6.000000e+00 -4.041628e+01
    endloop
  endfacet
  facet normal  5.963673e-01  0.000000e+00 -8.027117e-01
    outer loop
      vertex   3.350782e+01  1.600000e+01 -4.041628e+01
      vertex   3.350782e+01 -6.000000e+00 -4.041628e+01
      vertex   2.902201e+01  1.600000e+01 -4.374898e+01
    endloop
  endfacet
  facet normal  5.963673e-01  0.000000e+00 -8.027117e-01
    outer loop
      vertex   2.902201e+01  1.600000e+01 -4.374898e+01
      vertex   3.350782e+01 -6.000000e+00 -4.041628e+01
      vertex   2.902201e+01 -6.000000e+00 -4.374898e+01
    endloop
  endfacet
  facet normal  5.076659e-01  0.000000e+00 -8.615540e-01
    outer loop
      vertex   2.902201e+01  1.600000e+01 -4.374898e+01
      vertex   2.902201e+01 -6.000000e+00 -4.374898e+01
      vertex   2.420736e+01  1.600000e+01 -4.658598e+01
    endloop
  endfacet
  facet normal  5.076659e-01  0.000000e+00 -8.615540e-01
    outer loop
      vertex   2.420736e+01  1.600000e+01 -4.658598e+01
      vertex   2.902201e+01 -6.000000e+00 -4.374898e+01
      vertex   2.420736e+01 -6.000000e+00 -4.658598e+01
    endloop
  endfacet
  facet normal  4.132124e-01  0.000000e+00 -9.106346e-01
    outer loop
      vertex   2.420736e+01  1.600000e+01 -4.658598e+01
      vertex   2.420736e+01 -6.000000e+00 -4.658598e+01
      vertex   1.911843e+01  1.600000e+01 -4.889515e+01
    endloop
  endfacet
  facet normal  4.132124e-01  0.000000e+00 -9.106346e-01
    outer loop
      vertex   1.911843e+01  1.600000e+01 -4.889515e+01
      vertex   2.420736e+01 -6.000000e+00 -4.658598e+01
      vertex   1.911843e+01 -6.000000e+00 -4.889515e+01
    endloop
  endfacet
  facet normal  3.140768e-01  0.000000e+00 -9.493976e-01
    outer loop
      vertex   1.911843e+01  1.600000e+01 -4.889515e+01
      vertex   1.911843e+01 -6.000000e+00 -4.889515e+01
      vertex   1.381288e+01  1.600000e+01 -5.065031e+01
    endloop
  endfacet
  facet normal  3.140768e-01  0.000000e+00 -9.493976e-01
    outer loop
      vertex   1.381288e+01  1.600000e+01 -5.065031e+01
      vertex   1.911843e+01 -6.000000e+00 -4.889515e+01
      vertex   1.381288e+01 -6.000000e+00 -5.065031e+01
    endloop
  endfacet
  facet normal  2.113825e-01  0.000000e+00 -9.774034e-01
    outer loop
      vertex   1.381288e+01  1.600000e+01 -5.065031e+01
      vertex   1.381288e+01 -6.000000e+00 -5.065031e+01
      vertex   8.350834e+00  1.600000e+01 -5.183159e+01
    endloop
  endfacet
  facet normal  2.113825e-01  0.000000e+00 -9.774034e-01
    outer loop
      vertex   8.350834e+00  1.600000e+01 -5.183159e+01
      vertex   1.381288e+01 -6.000000e+00 -5.065031e+01
      vertex   8.350834e+00 -6.000000e+00 -5.183159e+01
    endloop
  endfacet
  facet normal  1.062933e-01  0.000000e+00 -9.943348e-01
    outer loop
      vertex   8.350834e+00  1.600000e+01 -5.183159e+01
      vertex   8.350834e+00 -6.000000e+00 -5.183159e+01
      vertex   2.794164e+00  1.600000e+01 -5.242559e+01
    endloop
  endfacet
  facet normal  1.062933e-01  0.000000e+00 -9.943348e-01
    outer loop
      vertex   2.794164e+00  1.600000e+01 -5.242559e+01
      vertex   8.350834e+00 -6.000000e+00 -5.183159e+01
      vertex   2.794164e+00 -6.000000e+00 -5.242559e+01
    endloop
  endfacet
  facet normal -0.000000e+00 -0.000000e+00 -1.000000e+00
    outer loop
      vertex   2.794164e+00  1.600000e+01 -5.242559e+01
      vertex   2.794164e+00 -6.000000e+00 -5.242559e+01
      vertex  -2.794164e+00  1.600000e+01 -5.242559e+01
    endloop
  endfacet
  facet normal  0.000000e+00  0.000000e+00 -1.000000e+00
    outer loop
      vertex  -2.794164e+00  1.600000e+01 -5.242559e+01
      vertex   2.794164e+00 -6.000000e+00 -5.242559e+01
      vertex  -2.794164e+00 -6.000000e+00 -5.242559e+01
    endloop
  endfacet
  facet normal -1.062933e-01 -0.000000e+00 -9.943348e-01
    outer loop
      vertex  -2.794164e+00  1.600000e+01 -5.242559e+01
      vertex  -2.794164e+00 -6.000000e+00 -5.242559e+01
      vertex  -8.350834e+00  1.600000e+01 -5.183159e+01
    endloop
  endfacet
  facet normal -1.062933e-01 -0.000000e+00 -9.943348e-01
    outer loop
      vertex  -8.350834e+00  1.600000e+01 -5.183159e+01
      vertex  -2.794164e+00 -6.000000e+00 -5.242559e+01
      vertex  -8.350834e+00 -6.000000e+00 -5.183159e+01
    endloop
  endfacet
  facet normal -2.113825e-01 -0.000000e+00 -9.774034e-01
    outer loop
      vertex  -8.350834e+00  1.600000e+01 -5.183159e+01
      vertex  -8.350834e+00 -6.000000e+00 -5.183159e+01
      vertex  -1.381288e+01  1.600000e+01 -5.065031e+01
    endloop
  endfacet
  facet normal -2.113825e-01 -0.000000e+00 -9.774034e-01
    outer loop
      vertex  -1.381288e+01  1.600000e+01 -5.065031e+01
      vertex  -8.350834e+00 -6.000000e+00 -5.183159e+01
      vertex  -1.381288e+01 -6.000000e+00 -5.065031e+01
    endloop
  endfacet
  facet normal -3.140768e-01 -0.000000e+00 -9.493976e-01
    outer loop
      vertex  -1.381288e+01  1.600000e+01 -5.065031e+01
      vertex  -1.381288e+01 -6.000000e+00 -5.065031e+01
      vertex  -1.911843e+01  1.600000e+01 -4.889515e+01
    endloop
  endfacet
  facet normal -3.140768e-01 -0.000000e+00 -9.493976e-01
    outer loop
      vertex  -1.911843e+01  1.600000e+01 -4.889515e+01
      vertex  -1.381288e+01 -6.000000e+00 -5.065031e+01
      vertex  -1.911843e+01 -6.000000e+00 -4.889515e+01
    endloop
  endfacet
  facet normal -4.132124e-01 -0.000000e+00 -9.106346e-01
    outer loop
      vertex  -1.911843e+01  1.600000e+01 -4.889515e+01
      vertex  -1.911843e+01 -6.000000e+00 -4.889515e+01
      vertex  -2.420736e+01  1.600000e+01 -4.658598e+01
    endloop
  endfacet
  facet normal -4.132124e-01 -0.000000e+00 -9.106346e-01
    outer loop
      vertex  -2.420736e+01  1.600000e+01 -4.658598e+01
      vertex  -1.911843e+01 -6.000000e+00 -4.889515e+01
      vertex  -2.420736e+01 -6.000000e+00 -4.658598e+01
    endloop
  endfacet
  facet normal -5.076659e-01 -0.000000e+00 -8.615540e-01
    outer loop
      vertex  -2.420736e+01  1.600000e+01 -4.658598e+01
      vertex  -2.420736e+01 -6.000000e+00 -4.658598e+01
      vertex  -2.902201e+01  1.600000e+01 -4.374898e+01
    endloop
  endfacet
  facet normal -5.076659e-01 -0.000000e+00 -8.615540e-01
    outer loop
      vertex  -2.902201e+01  1.600000e+01 -4.374898e+01
      vertex  -2.420736e+01 -6.000000e+00 -4.658598e+01
      vertex  -2.902201e+01 -6.000000e+00 -4.374898e+01
    endloop
  endfacet
  facet normal -5.963673e-01 -0.000000e+00 -8.027117e-01
    outer loop
      vertex  -2.902201e+01  1.600000e+01 -4.374898e+01
      vertex  -2.902201e+01 -6.000000e+00 -4.374898e+01
      vertex  -3.350782e+01  1.600000e+01 -4.041628e+01
    endloop
  endfacet
  facet normal -5.963673e-01 -0.000000e+00 -8.027117e-01
    outer loop
      vertex  -3.350782e+01  1.600000e+01 -4.041628e+01
      vertex  -2.902201e+01 -6.000000e+00 -4.374898e+01
      vertex  -3.350782e+01 -6.000000e+00 -4.041628e+01
    endloop
  endfacet
  facet normal -6.783116e-01 -0.000000e+00 -7.347744e-01
    outer loop
      vertex  -3.350782e+01  1.600000e+01 -4.041628e+01
      vertex  -3.350782e+01 -6.000000e+00 -4.041628e+01
      vertex  -3.761398e+01  1.600000e+01 -3.662566e+01
    endloop
  endfacet
  facet normal -6.783116e-01 -0.000000e+00 -7.347744e-01
    outer loop
      vertex  -3.761398e+01  1.600000e+01 -3.662566e+01
      vertex  -3.350782e+01 -6.000000e+00 -4.041628e+01
      vertex  -3.761398e+01 -6.000000e+00 -3.662566e+01
    endloop
  endfacet
  facet normal -7.525714e-01 -0.000000e+00 -6.585106e-01
    outer loop
      vertex  -3.761398e+01  1.600000e+01 -3.662566e+01
      vertex  -3.761398e+01 -6.000000e+00 -3.662566e+01
      vertex  -4.129395e+01  1.600000e+01 -3.242004e+01
    endloop
  endfacet
  facet normal -7.525714e-01 -0.000000e+00 -6.585106e-01
    outer loop
      vertex  -4.129395e+01  1.600000e+01 -3.242004e+01
      vertex  -3.761398e+01 -6.000000e+00 -3.662566e+01
      vertex  -4.129395e+01 -6.000000e+00 -3.242004e+01
    endloop
  endfacet
  facet normal -8.183023e-01 -0.000000e+00 -5.747881e-01
    outer loop
      vertex  -4.129395e+01  1.600000e+01 -3.242004e+01
      vertex  -4.129395e+01 -6.000000e+00 -3.242004e+01
      vertex  -4.450606e+01  1.600000e+01 -2.784710e+01
    endloop
  endfacet
  facet normal -8.183023e-01 -0.000000e+00 -5.747881e-01
    outer loop
      vertex  -4.450606e+01  1.600000e+01 -2.784710e+01
      vertex  -4.129395e+01 -6.000000e+00 -3.242004e+01
      vertex  -4.450606e+01 -6.000000e+00 -2.784710e+01
    endloop
  endfacet
  facet normal -8.747629e-01 -0.000000e+00 -4.845513e-01
    outer loop
      vertex  -4.450606e+01  1.600000e+01 -2.784710e+01
      vertex  -4.450606e+01 -6.000000e+00 -2.784710e+01
      vertex  -4.721389e+01  1.600000e+01 -2.295863e+01
    endloop
  endfacet
  facet normal -8.747629e-01 -0.000000e+00 -4.845513e-01
    outer loop
      vertex  -4.721389e+01  1.600000e+01 -2.295863e+01
      vertex  -4.450606e+01 -6.000000e+00 -2.784710e+01
      vertex  -4.721389e+01 -6.000000e+00 -2.295863e+01
    endloop
  endfacet
  facet normal -9.213121e-01 -0.000000e+00 -3.888239e-01
    outer loop
      vertex  -4.721389e+01  1.600000e+01 -2.295863e+01
      vertex  -4.721389e+01 -6.000000e+00 -2.295863e+01
      vertex  -4.938676e+01  1.600000e+01 -1.781004e+01
    endloop
  endfacet
  facet normal -9.213121e-01 -0.000000e+00 -3.888239e-01
    outer loop
      vertex  -4.938676e+01  1.600000e+01 -1.781004e+01
      vertex  -4.721389e+01 -6.000000e+00 -2.295863e+01
      vertex  -4.938676e+01 -6.000000e+00 -1.781004e+01
    endloop
  endfacet
  facet normal -9.574221e-01 -0.000000e+00 -2.886917e-01
    outer loop
      vertex  -4.938676e+01  1.600000e+01 -1.781004e+01
      vertex  -4.938676e+01 -6.000000e+00 -1.781004e+01
      vertex  -5.100007e+01  1.600000e+01 -1.245965e+01
    endloop
  endfacet
  facet normal -9.574221e-01 -0.000000e+00 -2.886917e-01
    outer loop
      vertex  -5.100007e+01  1.600000e+01 -1.245965e+01
      vertex  -4.938676e+01 -6.000000e+00 -1.781004e+01
      vertex  -5.100007e+01 -6.000000e+00 -1.245965e+01
    endloop
  endfacet
  facet normal -9.826841e-01 -0.000000e+00 -1.852887e-01
    outer loop
      vertex  -5.100007e+01  1.600000e+01 -1.245965e+01
      vertex  -5.100007e+01 -6.000000e+00 -1.245965e+01
      vertex  -5.203552e+01  1.600000e+01 -6.968090e+00
    endloop
  endfacet
  facet normal -9.826841e-01 -0.000000e+00 -1.852887e-01
    outer loop
      vertex  -5.203552e+01  1.600000e+01 -6.968090e+00
      vertex  -5.100007e+01 -6.000000e+00 -1.245965e+01
      vertex  -5.203552e+01 -6.000000e+00 -6.968090e+00
    endloop
  endfacet
  facet normal -9.968120e-01 -0.000000e+00 -7.978584e-02
    outer loop
      vertex  -5.203552e+01  1.600000e+01 -6.968090e+00
      vertex  -5.203552e+01 -6.000000e+00 -6.968090e+00
      vertex  -5.248139e+01  1.600000e+01 -1.397577e+00
    endloop
  endfacet
  facet normal -9.968120e-01 -0.000000e+00 -7.978584e-02
    outer loop
      vertex  -5.248139e+01  1.600000e+01 -1.397577e+00
      vertex  -5.203552e+01 -6.000000e+00 -6.968090e+00
      vertex  -5.248139e+01 -6.000000e+00 -1.397577e+00
    endloop
  endfacet
  facet normal -9.996456e-01  0.000000e+00  2.662008e-02
    outer loop
      vertex  -5.248139e+01  1.600000e+01 -1.397577e+00
      vertex  -5.248139e+01 -6.000000e+00 -1.397577e+00
      vertex  -5.233263e+01  1.600000e+01  4.188771e+00
    endloop
  endfacet
  facet normal -9.996456e-01  0.000000e+00  2.662008e-02
    outer loop
      vertex  -5.233263e+01  1.600000e+01  4.188771e+00
      vertex  -5.248139e+01 -6.000000e+00 -1.397577e+00
      vertex  -5.233263e+01 -6.000000e+00  4.188771e+00
    endloop
  endfacet
  facet normal -9.911528e-01  0.000000e+00  1.327256e-01
    outer loop
      vertex  -5.233263e+01  1.600000e+01  4.188771e+00
      vertex  -5.233263e+01 -6.000000e+00  4.188771e+00
      vertex  -5.159092e+01  1.600000e+01  9.727658e+00
    endloop
  endfacet
  facet normal -9.911528e-01  0.000000e+00  1.327256e-01
    outer loop
      vertex  -5.159092e+01  1.600000e+01  9.727658e+00
      vertex  -5.233263e+01 -6.000000e+00  4.188771e+00
      vertex  -5.159092e+01 -6.000000e+00  9.727658e+00
    endloop
  endfacet
  facet normal -9.714301e-01  0.000000e+00  2.373261e-01
    outer loop
      vertex  -5.159092e+01  1.600000e+01  9.727658e+00
      vertex  -5.159092e+01 -6.000000e+00  9.727658e+00
      vertex  -5.026466e+01  1.600000e+01  1.515633e+01
    endloop
  endfacet
  facet normal -9.714301e-01  0.000000e+00  2.373261e-01
    outer loop
      vertex  -5.026466e+01  1.600000e+01  1.515633e+01
      vertex  -5.159092e+01 -6.000000e+00  9.727658e+00
      vertex  -5.026466e+01 -6.000000e+00  1.515633e+01
    endloop
  endfacet
  facet normal -9.407000e-01  0.000000e+00  3.392396e-01
    outer loop
      vertex  -5.026466e+01  1.600000e+01  1.515633e+01
      vertex  -5.026466e+01 -6.000000e+00  1.515633e+01
      vertex  -4.836888e+01  1.600000e+01  2.041327e+01
    endloop
  endfacet
  facet normal -9.407000e-01  0.000000e+00  3.392396e-01
    outer loop
      vertex  -4.836888e+01  1.600000e+01  2.041327e+01
      vertex  -5.026466e+01 -6.000000e+00  1.515633e+01
      vertex  -4.836888e+01 -6.000000e+00  2.041327e+01
    endloop
  endfacet
  facet normal -8.993124e-01  0.000000e+00  4.373067e-01
    outer loop
      vertex  -4.836888e+01  1.600000e+01  2.041327e+01
      vertex  -4.836888e+01 -6.000000e+00  2.041327e+01
      vertex  -4.592506e+01  1.600000e+01  2.543892e+01
    endloop
  endfacet
  facet normal -8.993124e-01  0.000000e+00  4.373067e-01
    outer loop
      vertex  -4.592506e+01  1.600000e+01  2.543892e+01
      vertex  -4.836888e+01 -6.000000e+00  2.041327e+01
      vertex  -4.592506e+01 -6.000000e+00  2.543892e+01
    endloop
  endfacet
  facet normal -8.477342e-01  0.000000e+00  5.304213e-01
    outer loop
      vertex  -4.592506e+01  1.600000e+01  2.543892e+01
      vertex  -4.592506e+01 -6.000000e+00  2.543892e+01
      vertex  -4.296090e+01  1.600000e+01  3.017634e+01
    endloop
  endfacet
  facet normal -8.477342e-01  0.000000e+00  5.304213e-01
    outer loop
      vertex  -4.296090e+01  1.600000e+01  3.017634e+01
      vertex  -4.592506e+01 -6.000000e+00  2.543892e+01
      vertex  -4.296090e+01 -6.000000e+00  3.017634e+01
    endloop
  endfacet
  facet normal -7.865518e-01  0.000000e+00  6.175244e-01
    outer loop
      vertex  -4.296090e+01  1.600000e+01  3.017634e+01
      vertex  -4.296090e+01 -6.000000e+00  3.017634e+01
      vertex  -3.950997e+01  1.600000e+01  3.457185e+01
    endloop
  endfacet
  facet normal -7.865518e-01  0.000000e+00  6.175244e-01
    outer loop
      vertex  -3.950997e+01  1.600000e+01  3.457185e+01
      vertex  -4.296090e+01 -6.000000e+00  3.017634e+01
      vertex  -3.950997e+01 -6.000000e+00  3.457185e+01
    endloop
  endfacet
  facet normal -7.164568e-01  0.000000e+00  6.976315e-01
    outer loop
      vertex  -3.950997e+01  1.600000e+01  3.457185e+01
      vertex  -3.950997e+01 -6.000000e+00  3.457185e+01
      vertex  -3.561137e+01  1.600000e+01  3.857564e+01
    endloop
  endfacet
  facet normal -7.164568e-01  0.000000e+00  6.976315e-01
    outer loop
      vertex  -3.561137e+01  1.600000e+01  3.857564e+01
      vertex  -3.950997e+01 -6.000000e+00  3.457185e+01
      vertex  -3.561137e+01 -6.000000e+00  3.857564e+01
    endloop
  endfacet
  facet normal -6.382443e-01  0.000000e+00  7.698339e-01
    outer loop
      vertex  -3.561137e+01  1.600000e+01  3.857564e+01
      vertex  -3.561137e+01 -6.000000e+00  3.857564e+01
      vertex  -3.130928e+01  1.600000e+01  4.214236e+01
    endloop
  endfacet
  facet normal -6.382443e-01  0.000000e+00  7.698339e-01
    outer loop
      vertex  -3.130928e+01  1.600000e+01  4.214236e+01
      vertex  -3.561137e+01 -6.000000e+00  3.857564e+01
      vertex  -3.130928e+01 -6.000000e+00  4.214236e+01
    endloop
  endfacet
  facet normal -5.527999e-01  0.000000e+00  8.333141e-01
    outer loop
      vertex  -3.130928e+01  1.600000e+01  4.214236e+01
      vertex  -3.130928e+01 -6.000000e+00  4.214236e+01
      vertex  -2.665245e+01  1.600000e+01  4.523159e+01
    endloop
  endfacet
  facet normal -5.527999e-01  0.000000e+00  8.333141e-01
    outer loop
      vertex  -2.665245e+01  1.600000e+01  4.523159e+01
      vertex  -3.130928e+01 -6.000000e+00  4.214236e+01
      vertex  -2.665245e+01 -6.000000e+00  4.523159e+01
    endloop
  endfacet
  facet normal -4.610925e-01  0.000000e+00  8.873520e-01
    outer loop
      vertex  -2.665245e+01  1.600000e+01  4.523159e+01
      vertex  -2.665245e+01 -6.000000e+00  4.523159e+01
      vertex  -2.169364e+01  1.600000e+01  4.780833e+01
    endloop
  endfacet
  facet normal -4.610925e-01  0.000000e+00  8.873520e-01
    outer loop
      vertex  -2.169364e+01  1.600000e+01  4.780833e+01
      vertex  -2.665245e+01 -6.000000e+00  4.523159e+01
      vertex  -2.169364e+01 -6.000000e+00  4.780833e+01
    endloop
  endfacet
  facet normal -3.641600e-01  0.000000e+00  9.313363e-01
    outer loop
      vertex  -2.169364e+01  1.600000e+01  4.780833e+01
      vertex  -2.169364e+01 -6.000000e+00  4.780833e+01
      vertex  -1.648903e+01  1.600000e+01  4.984337e+01
    endloop
  endfacet
  facet normal -3.641600e-01  0.000000e+00  9.313363e-01
    outer loop
      vertex  -1.648903e+01  1.600000e+01  4.984337e+01
      vertex  -2.169364e+01 -6.000000e+00  4.780833e+01
      vertex  -1.648903e+01 -6.000000e+00  4.984337e+01
    endloop
  endfacet
  facet normal -2.631024e-01  0.000000e+00  9.647679e-01
    outer loop
      vertex  -1.648903e+01  1.600000e+01  4.984337e+01
      vertex  -1.648903e+01 -6.000000e+00  4.984337e+01
      vertex  -1.109759e+01  1.600000e+01  5.131367e+01
    endloop
  endfacet
  facet normal -2.631024e-01  0.000000e+00  9.647679e-01
    outer loop
      vertex  -1.109759e+01  1.600000e+01  5.131367e+01
      vertex  -1.648903e+01 -6.000000e+00  4.984337e+01
      vertex  -1.109759e+01 -6.000000e+00  5.131367e+01
    endloop
  endfacet
  facet normal -1.590638e-01  0.000000e+00  9.872683e-01
    outer loop
      vertex  -1.109759e+01  1.600000e+01  5.131367e+01
      vertex  -1.109759e+01 -6.000000e+00  5.131367e+01
      vertex  -5.580408e+00  1.600000e+01  5.220258e+01
    endloop
  endfacet
  facet normal -1.590638e-01  0.000000e+00  9.872683e-01
    outer loop
      vertex  -5.580408e+00  1.600000e+01  5.220258e+01
      vertex  -1.109759e+01 -6.000000e+00  5.131367e+01
      vertex  -5.580408e+00 -6.000000e+00  5.220258e+01
    endloop
  endfacet
  facet normal  5.607026e-02  0.000000e+00 -9.984268e-01
    outer loop
      vertex  -5.206348e+00  0.000000e+00  4.620762e+01
      vertex  -5.206348e+00  1.000000e+01  4.620762e+01
      vertex   0.000000e+00  0.000000e+00  4.650000e+01
    endloop
  endfacet
  facet normal  5.607026e-02  0.000000e+00 -9.984268e-01
    outer loop
      vertex   0.000000e+00  0.000000e+00  4.650000e+01
      vertex  -5.206348e+00  1.000000e+01  4.620762e+01
      vertex   0.000000e+00  1.000000e+01  4.650000e+01
    endloop
  endfacet
  facet normal -5.607026e-02  0.000000e+00 -9.984268e-01
    outer loop
      vertex   0.000000e+00  0.000000e+00  4.650000e+01
      vertex   0.000000e+00  1.000000e+01  4.650000e+01
      vertex   5.206348e+00  0.000000e+00  4.620762e+01
    endloop
  endfacet
  facet normal -5.607026e-02  0.000000e+00 -9.984268e-01
    outer loop
      vertex   5.206348e+00  0.000000e+00  4.620762e+01
      vertex   0.000000e+00  1.000000e+01  4.650000e+01
      vertex   5.206348e+00  1.000000e+01  4.620762e+01
    endloop
  endfacet
  facet normal -1.675063e-01  0.000000e+00 -9.858710e-01
    outer loop
      vertex   5.206348e+00  0.000000e+00  4.620762e+01
      vertex   5.206348e+00  1.000000e+01  4.620762e+01
      vertex   1.034722e+01  0.000000e+00  4.533415e+01
    endloop
  endfacet
  facet normal -1.675063e-01  0.000000e+00 -9.858710e-01
    outer loop
      vertex   1.034722e+01  0.000000e+00  4.533415e+01
      vertex   5.206348e+00  1.000000e+01  4.620762e+01
      vertex   1.034722e+01  1.000000e+01  4.533415e+01
    endloop
  endfacet
  facet normal -2.768355e-01  0.000000e+00 -9.609173e-01
    outer loop
      vertex   1.034722e+01  0.000000e+00  4.533415e+01
      vertex   1.034722e+01  1.000000e+01  4.533415e+01
      vertex   1.535798e+01  0.000000e+00  4.389058e+01
    endloop
  endfacet
  facet normal -2.768355e-01  0.000000e+00 -9.609173e-01
    outer loop
      vertex   1.535798e+01  0.000000e+00  4.389058e+01
      vertex   1.034722e+01  1.000000e+01  4.533415e+01
      vertex   1.535798e+01  1.000000e+01  4.389058e+01
    endloop
  endfacet
  facet normal -3.826840e-01  0.000000e+00 -9.238793e-01
    outer loop
      vertex   1.535798e+01  0.000000e+00  4.389058e+01
      vertex   1.535798e+01  1.000000e+01  4.389058e+01
      vertex   2.017559e+01  0.000000e+00  4.189505e+01
    endloop
  endfacet
  facet normal -3.826840e-01  0.000000e+00 -9.238793e-01
    outer loop
      vertex   2.017559e+01  0.000000e+00  4.189505e+01
      vertex   1.535798e+01  1.000000e+01  4.389058e+01
      vertex   2.017559e+01  1.000000e+01  4.189505e+01
    endloop
  endfacet
  facet normal -4.837182e-01  0.000000e+00 -8.752239e-01
    outer loop
      vertex   2.017559e+01  0.000000e+00  4.189505e+01
      vertex   2.017559e+01  1.000000e+01  4.189505e+01
      vertex   2.473949e+01  0.000000e+00  3.937268e+01
    endloop
  endfacet
  facet normal -4.837182e-01  0.000000e+00 -8.752239e-01
    outer loop
      vertex   2.473949e+01  0.000000e+00  3.937268e+01
      vertex   2.017559e+01  1.000000e+01  4.189505e+01
      vertex   2.473949e+01  1.000000e+01  3.937268e+01
    endloop
  endfacet
  facet normal -5.786717e-01  0.000000e+00 -8.155606e-01
    outer loop
      vertex   2.473949e+01  0.000000e+00  3.937268e+01
      vertex   2.473949e+01  1.000000e+01  3.937268e+01
      vertex   2.899228e+01  0.000000e+00  3.635516e+01
    endloop
  endfacet
  facet normal -5.786717e-01  0.000000e+00 -8.155606e-01
    outer loop
      vertex   2.899228e+01  0.000000e+00  3.635516e+01
      vertex   2.473949e+01  1.000000e+01  3.937268e+01
      vertex   2.899228e+01  1.000000e+01  3.635516e+01
    endloop
  endfacet
  facet normal -6.663463e-01  0.000000e+00 -7.456424e-01
    outer loop
      vertex   2.899228e+01  0.000000e+00  3.635516e+01
      vertex   2.899228e+01  1.000000e+01  3.635516e+01
      vertex   3.288047e+01  0.000000e+00  3.288047e+01
    endloop
  endfacet
  facet normal -6.663463e-01  0.000000e+00 -7.456424e-01
    outer loop
      vertex   3.288047e+01  0.000000e+00  3.288047e+01
      vertex   2.899228e+01  1.000000e+01  3.635516e+01
      vertex   3.288047e+01  1.000000e+01  3.288047e+01
    endloop
  endfacet
  facet normal -7.456424e-01  0.000000e+00 -6.663463e-01
    outer loop
      vertex   3.288047e+01  0.000000e+00  3.288047e+01
      vertex   3.288047e+01  1.000000e+01  3.288047e+01
      vertex   3.635516e+01  0.000000e+00  2.899228e+01
    endloop
  endfacet
  facet normal -7.456424e-01  0.000000e+00 -6.663463e-01
    outer loop
      vertex   3.635516e+01  0.000000e+00  2.899228e+01
      vertex   3.288047e+01  1.000000e+01  3.288047e+01
      vertex   3.635516e+01  1.000000e+01  2.899228e+01
    endloop
  endfacet
  facet normal -8.155606e-01  0.000000e+00 -5.786717e-01
    outer loop
      vertex   3.635516e+01  0.000000e+00  2.899228e+01
      vertex   3.635516e+01  1.000000e+01  2.899228e+01
      vertex   3.937268e+01  0.000000e+00  2.473949e+01
    endloop
  endfacet
  facet normal -8.155606e-01  0.000000e+00 -5.786717e-01
    outer loop
      vertex   3.937268e+01  0.000000e+00  2.473949e+01
      vertex   3.635516e+01  1.000000e+01  2.899228e+01
      vertex   3.937268e+01  1.000000e+01  2.473949e+01
    endloop
  endfacet
  facet normal -8.752239e-01  0.000000e+00 -4.837182e-01
    outer loop
      vertex   3.937268e+01  0.000000e+00  2.473949e+01
      vertex   3.937268e+01  1.000000e+01  2.473949e+01
      vertex   4.189505e+01  0.000000e+00  2.017559e+01
    endloop
  endfacet
  facet normal -8.752239e-01  0.000000e+00 -4.837182e-01
    outer loop
      vertex   4.189505e+01  0.000000e+00  2.017559e+01
      vertex   3.937268e+01  1.000000e+01  2.473949e+01
      vertex   4.189505e+01  1.000000e+01  2.017559e+01
    endloop
  endfacet
  facet normal -9.238793e-01  0.000000e+00 -3.826840e-01
    outer loop
      vertex   4.189505e+01  0.000000e+00  2.017559e+01
      vertex   4.189505e+01  1.000000e+01  2.017559e+01
      vertex   4.389058e+01  0.000000e+00  1.535798e+01
    endloop
  endfacet
  facet normal -9.238793e-01  0.000000e+00 -3.826840e-01
    outer loop
      vertex   4.389058e+01  0.000000e+00  1.535798e+01
      vertex   4.189505e+01  1.000000e+01  2.017559e+01
      vertex   4.389058e+01  1.000000e+01  1.535798e+01
    endloop
  endfacet
  facet normal -9.609173e-01  0.000000e+00 -2.768355e-01
    outer loop
      vertex   4.389058e+01  0.000000e+00  1.535798e+01
      vertex   4.389058e+01  1.000000e+01  1.535798e+01
      vertex   4.533415e+01  0.000000e+00  1.034722e+01
    endloop
  endfacet
  facet normal -9.609173e-01  0.000000e+00 -2.768355e-01
    outer loop
      vertex   4.533415e+01  0.000000e+00  1.034722e+01
      vertex   4.389058e+01  1.000000e+01  1.535798e+01
      vertex   4.533415e+01  1.000000e+01  1.034722e+01
    endloop
  endfacet
  facet normal -9.858710e-01  0.000000e+00 -1.675063e-01
    outer loop
      vertex   4.533415e+01  0.000000e+00  1.034722e+01
      vertex   4.533415e+01  1.000000e+01  1.034722e+01
      vertex   4.620762e+01  0.000000e+00  5.206348e+00
    endloop
  endfacet
  facet normal -9.858710e-01  0.000000e+00 -1.675063e-01
    outer loop
      vertex   4.620762e+01  0.000000e+00  5.206348e+00
      vertex   4.533415e+01  1.000000e+01  1.034722e+01
      vertex   4.620762e+01  1.000000e+01  5.206348e+00
    endloop
  endfacet
  facet normal -9.984268e-01  0.000000e+00 -5.607026e-02
    outer loop
      vertex   4.620762e+01  0.000000e+00  5.206348e+00
      vertex   4.620762e+01  1.000000e+01  5.206348e+00
      vertex   4.650000e+01  0.000000e+00  0.000000e+00
    endloop
  endfacet
  facet normal -9.984268e-01  0.000000e+00 -5.607026e-02
    outer loop
      vertex   4.650000e+01  0.000000e+00  0.000000e+00
      vertex   4.620762e+01  1.000000e+01  5.206348e+00
      vertex   4.650000e+01  1.000000e+01  0.000000e+00
    endloop
  endfacet
  facet normal -9.984268e-01  0.000000e+00  5.607026e-02
    outer loop
      vertex   4.650000e+01  0.000000e+00  0.000000e+00
      vertex   4.650000e+01  1.000000e+01  0.000000e+00
      vertex   4.620762e+01  0.000000e+00 -5.206348e+00
    endloop
  endfacet
  facet normal -9.984268e-01  0.000000e+00  5.607026e-02
    outer loop
      vertex   4.620762e+01  0.000000e+00 -5.206348e+00
      vertex   4.650000e+01  1.000000e+01  0.000000e+00
      vertex   4.620762e+01  1.000000e+01 -5.206348e+00
    endloop
  endfacet
  facet normal -9.858710e-01  0.000000e+00  1.675063e-01
    outer loop
      vertex   4.620762e+01  0.000000e+00 -5.206348e+00
      vertex   4.620762e+01  1.000000e+01 -5.206348e+00
      vertex   4.533415e+01  0.000000e+00 -1.034722e+01
    endloop
  endfacet
  facet normal -9.858710e-01  0.000000e+00  1.675063e-01
    outer loop
      vertex   4.533415e+01  0.000000e+00 -1.034722e+01
      vertex   4.620762e+01  1.000000e+01 -5.206348e+00
      vertex   4.533415e+01  1.000000e+01 -1.034722e+01
    endloop
  endfacet
  facet normal -9.609173e-01  0.000000e+00  2.768355e-01
    outer loop
      vertex   4.533415e+01  0.000000e+00 -1.034722e+01
      vertex   4.533415e+01  1.000000e+01 -1.034722e+01
      vertex   4.389058e+01  0.000000e+00 -1.535798e+01
    endloop
  endfacet
  facet normal -9.609173e-01  0.000000e+00  2.768355e-01
    outer loop
      vertex   4.389058e+01  0.000000e+00 -1.535798e+01
      vertex   4.533415e+01  1.000000e+01 -1.034722e+01
      vertex   4.389058e+01  1.000000e+01 -1.535798e+01
    endloop
  endfacet
  facet normal -9.238793e-01  0.000000e+00  3.826840e-01
    outer loop
      vertex   4.389058e+01  0.000000e+00 -1.535798e+01
      vertex   4.389058e+01  1.000000e+01 -1.535798e+01
      vertex   4.189505e+01  0.000000e+00 -2.017559e+01
    endloop
  endfacet
  facet normal -9.238793e-01  0.000000e+00  3.826840e-01
    outer loop
      vertex   4.189505e+01  0.000000e+00 -2.017559e+01
      vertex   4.389058e+01  1.000000e+01 -1.535798e+01
      vertex   4.189505e+01  1.000000e+01 -2.017559e+01
    endloop
  endfacet
  facet normal -8.752239e-01  0.000000e+00  4.837182e-01
    outer loop
      vertex   4.189505e+01  0.000000e+00 -2.017559e+01
      vertex   4.189505e+01  1.000000e+01 -2.017559e+01
      vertex   3.937268e+01  0.000000e+00 -2.473949e+01
    endloop
  endfacet
  facet normal -8.752239e-01  0.000000e+00  4.837182e-01
    outer loop
      vertex   3.937268e+01  0.000000e+00 -2.473949e+01
      vertex   4.189505e+01  1.000000e+01 -2.017559e+01
      vertex   3.937268e+01  1.000000e+01 -2.473949e+01
    endloop
  endfacet
  facet normal -8.155606e-01  0.000000e+00  5.786717e-01
    outer loop
      vertex   3.937268e+01  0.000000e+00 -2.473949e+01
      vertex   3.937268e+01  1.000000e+01 -2.473949e+01
      vertex   3.635516e+01  0.000000e+00 -2.899228e+01
    endloop
  endfacet
  facet normal -8.155606e-01  0.000000e+00  5.786717e-01
    outer loop
      vertex   3.635516e+01  0.000000e+00 -2.899228e+01
      vertex   3.937268e+01  1.000000e+01 -2.473949e+01
      vertex   3.635516e+01  1.000000e+01 -2.899228e+01
    endloop
  endfacet
  facet normal -7.456424e-01  0.000000e+00  6.663463e-01
    outer loop
      vertex   3.635516e+01  0.000000e+00 -2.899228e+01
      vertex   3.635516e+01  1.000000e+01 -2.899228e+01
      vertex   3.288047e+01  0.000000e+00 -3.288047e+01
    endloop
  endfacet
  facet normal -7.456424e-01  0.000000e+00  6.663463e-01
    outer loop
      vertex   3.288047e+01  0.000000e+00 -3.288047e+01
      vertex   3.635516e+01  1.000000e+01 -2.899228e+01
      vertex   3.288047e+01  1.000000e+01 -3.288047e+01
    endloop
  endfacet
  facet normal -6.663463e-01  0.000000e+00  7.456424e-01
    outer loop
      vertex   3.288047e+01  0.000000e+00 -3.288047e+01
      vertex   3.288047e+01  1.000000e+01 -3.288047e+01
      vertex   2.899228e+01  0.000000e+00 -3.635516e+01
    endloop
  endfacet
  facet normal -6.663463e-01  0.000000e+00  7.456424e-01
    outer loop
      vertex   2.899228e+01  0.000000e+00 -3.635516e+01
      vertex   3.288047e+01  1.000000e+01 -3.288047e+01
      vertex   2.899228e+01  1.000000e+01 -3.635516e+01
    endloop
  endfacet
  facet normal -5.786717e-01  0.000000e+00  8.155606e-01
    outer loop
      vertex   2.899228e+01  0.000000e+00 -3.635516e+01
      vertex   2.899228e+01  1.000000e+01 -3.635516e+01
      vertex   2.473949e+01  0.000000e+00 -3.937268e+01
    endloop
  endfacet
  facet normal -5.786717e-01  0.000000e+00  8.155606e-01
    outer loop
      vertex   2.473949e+01  0.000000e+00 -3.937268e+01
      vertex   2.899228e+01  1.000000e+01 -3.635516e+01
      vertex   2.473949e+01  1.000000e+01 -3.937268e+01
    endloop
  endfacet
  facet normal -4.837182e-01  0.000000e+00  8.752239e-01
    outer loop
      vertex   2.473949e+01  0.000000e+00 -3.937268e+01
      vertex   2.473949e+01  1.000000e+01 -3.937268e+01
      vertex   2.017559e+01  0.000000e+00 -4.189505e+01
    endloop
  endfacet
  facet normal -4.837182e-01  0.000000e+00  8.752239e-01
    outer loop
      vertex   2.017559e+01  0.000000e+00 -4.189505e+01
      vertex   2.473949e+01  1.000000e+01 -3.937268e+01
      vertex   2.017559e+01  1.000000e+01 -4.189505e+01
    endloop
  endfacet
  facet normal -3.826840e-01  0.000000e+00  9.238793e-01
    outer loop
      vertex   2.017559e+01  0.000000e+00 -4.189505e+01
      vertex   2.017559e+01  1.000000e+01 -4.189505e+01
      vertex   1.535798e+01  0.000000e+00 -4.389058e+01
    endloop
  endfacet
  facet normal -3.826840e-01  0.000000e+00  9.238793e-01
    outer loop
      vertex   1.535798e+01  0.000000e+00 -4.389058e+01
      vertex   2.017559e+01  1.000000e+01 -4.189505e+01
      vertex   1.535798e+01  1.000000e+01 -4.389058e+01
    endloop
  endfacet
  facet normal -2.768355e-01  0.000000e+00  9.609173e-01
    outer loop
      vertex   1.535798e+01  0.000000e+00 -4.389058e+01
      vertex   1.535798e+01  1.000000e+01 -4.389058e+01
      vertex   1.034722e+01  0.000000e+00 -4.533415e+01
    endloop
  endfacet
  facet normal -2.768355e-01  0.000000e+00  9.609173e-01
    outer loop
      vertex   1.034722e+01  0.000000e+00 -4.533415e+01
      vertex   1.535798e+01  1.000000e+01 -4.389058e+01
      vertex   1.034722e+01  1.000000e+01 -4.533415e+01
    endloop
  endfacet
  facet normal -1.675063e-01  0.000000e+00  9.858710e-01
    outer loop
      vertex   1.034722e+01  0.000000e+00 -4.533415e+01
      vertex   1.034722e+01  1.000000e+01 -4.533415e+01
      vertex   5.206348e+00  0.000000e+00 -4.620762e+01
    endloop
  endfacet
  facet normal -1.675063e-01  0.000000e+00  9.858710e-01
    outer loop
      vertex   5.206348e+00  0.000000e+00 -4.620762e+01
      vertex   1.034722e+01  1.000000e+01 -4.533415e+01
      vertex   5.206348e+00  1.000000e+01 -4.620762e+01
    endloop
  endfacet
  facet normal -5.607026e-02  0.000000e+00  9.984268e-01
    outer loop
      vertex   5.206348e+00  0.000000e+00 -4.620762e+01
      vertex   5.206348e+00  1.000000e+01 -4.620762e+01
      vertex   0.000000e+00  0.000000e+00 -4.650000e+01
    endloop
  endfacet
  facet normal -5.607026e-02  0.000000e+00  9.984268e-01
    outer loop
      vertex   0.000000e+00  0.000000e+00 -4.650000e+01
      vertex   5.206348e+00  1.000000e+01 -4.620762e+01
      vertex   0.000000e+00  1.000000e+01 -4.650000e+01
    endloop
  endfacet
  facet normal  5.607026e-02 -0.000000e+00  9.984268e-01
    outer loop
      vertex   0.000000e+00  0.000000e+00 -4.650000e+01
      vertex   0.000000e+00  1.000000e+01 -4.650000e+01
      vertex  -5.206348e+00  0.000000e+00 -4.620762e+01
    endloop
  endfacet
  facet normal  5.607026e-02 -0.000000e+00  9.984268e-01
    outer loop
      vertex  -5.206348e+00  0.000000e+00 -4.620762e+01
      vertex   0.000000e+00  1.000000e+01 -4.650000e+01
      vertex  -5.206348e+00  1.000000e+01 -4.620762e+01
    endloop
  endfacet
  facet normal  1.675063e-01 -0.000000e+00  9.858710e-01
    outer loop
      vertex  -5.206348e+00  0.000000e+00 -4.620762e+01
      vertex  -5.206348e+00  1.000000e+01 -4.620762e+01
      vertex  -1.034722e+01  0.000000e+00 -4.533415e+01
    endloop
  endfacet
  facet normal  1.675063e-01 -0.000000e+00  9.858710e-01
    outer loop
      vertex  -1.034722e+01  0.000000e+00 -4.533415e+01
      vertex  -5.206348e+00  1.000000e+01 -4.620762e+01
      vertex  -1.034722e+01  1.000000e+01 -4.533415e+01
    endloop
  endfacet
  facet normal  2.768355e-01 -0.000000e+00  9.609173e-01
    outer loop
      vertex  -1.034722e+01  0.000000e+00 -4.533415e+01
      vertex  -1.034722e+01  1.000000e+01 -4.533415e+01
      vertex  -1.535798e+01  0.000000e+00 -4.389058e+01
    endloop
  endfacet
  facet normal  2.768355e-01 -0.000000e+00  9.609173e-01
    outer loop
      vertex  -1.535798e+01  0.000000e+00 -4.389058e+01
      vertex  -1.034722e+01  1.000000e+01 -4.533415e+01
      vertex  -1.535798e+01  1.000000e+01 -4.389058e+01
    endloop
  endfacet
  facet normal  3.826840e-01 -0.000000e+00  9.238793e-01
    outer loop
      vertex  -1.535798e+01  0.000000e+00 -4.389058e+01
      vertex  -1.535798e+01  1.000000e+01 -4.389058e+01
      vertex  -2.017559e+01  0.000000e+00 -4.189505e+01
    endloop
  endfacet
  facet normal  3.826840e-01 -0.000000e+00  9.238793e-01
    outer loop
      vertex  -2.017559e+01  0.000000e+00 -4.189505e+01
      vertex  -1.535798e+01  1.000000e+01 -4.389058e+01
      vertex  -2.017559e+01  1.000000e+01 -4.189505e+01
    endloop
  endfacet
  facet normal  4.837182e-01 -0.000000e+00  8.752239e-01
    outer loop
      vertex  -2.017559e+01  0.000000e+00 -4.189505e+01
      vertex  -2.017559e+01  1.000000e+01 -4.189505e+01
      vertex  -2.473949e+01  0.000000e+00 -3.937268e+01
    endloop
  endfacet
  facet normal  4.837182e-01 -0.000000e+00  8.752239e-01
    outer loop
      vertex  -2.473949e+01  0.000000e+00 -3.937268e+01
      vertex  -2.017559e+01  1.000000e+01 -4.189505e+01
      vertex  -2.473949e+01  1.000000e+01 -3.937268e+01
    endloop
  endfacet
  facet normal  5.786717e-01 -0.000000e+00  8.155606e-01
    outer loop
      vertex  -2.473949e+01  0.000000e+00 -3.937268e+01
      vertex  -2.473949e+01  1.000000e+01 -3.937268e+01
      vertex  -2.899228e+01  0.000000e+00 -3.635516e+01
    endloop
  endfacet
  facet normal  5.786717e-01 -0.000000e+00  8.155606e-01
    outer loop
      vertex  -2.899228e+01  0.000000e+00 -3.635516e+01
      vertex  -2.473949e+01  1.000000e+01 -3.937268e+01
      vertex  -2.899228e+01  1.000000e+01 -3.635516e+01
    endloop
  endfacet
  facet normal  6.663463e-01 -0.000000e+00  7.456424e-01
    outer loop
      vertex  -2.899228e+01  0.000000e+00 -3.635516e+01
      vertex  -2.899228e+01  1.000000e+01 -3.635516e+01
      vertex  -3.288047e+01  0.000000e+00 -3.288047e+01
    endloop
  endfacet
  facet normal  6.663463e-01 -0.000000e+00  7.456424e-01
    outer loop
      vertex  -3.288047e+01  0.000000e+00 -3.288047e+01
      vertex  -2.899228e+01  1.000000e+01 -3.635516e+01
      vertex  -3.288047e+01  1.000000e+01 -3.288047e+01
    endloop
  endfacet
  facet normal  7.456424e-01 -0.000000e+00  6.663463e-01
    outer loop
      vertex  -3.288047e+01  0.000000e+00 -3.288047e+01
      vertex  -3.288047e+01  1.000000e+01 -3.288047e+01
      vertex  -3.635516e+01  0.000000e+00 -2.899228e+01
    endloop
  endfacet
  facet normal  7.456424e-01 -0.000000e+00  6.663463e-01
    outer loop
      vertex  -3.635516e+01  0.000000e+00 -2.899228e+01
      vertex  -3.288047e+01  1.000000e+01 -3.288047e+01
      vertex  -3.635516e+01  1.000000e+01 -2.899228e+01
    endloop
  endfacet
  facet normal  8.155606e-01 -0.000000e+00  5.786717e-01
    outer loop
      vertex  -3.635516e+01  0.000000e+00 -2.899228e+01
      vertex  -3.635516e+01  1.000000e+01 -2.899228e+01
      vertex  -3.937268e+01  0.000000e+00 -2.473949e+01
    endloop
  endfacet
  facet normal  8.155606e-01 -0.000000e+00  5.786717e-01
    outer loop
      vertex  -3.937268e+01  0.000000e+00 -2.473949e+01
      vertex  -3.635516e+01  1.000000e+01 -2.899228e+01
      vertex  -3.937268e+01  1.000000e+01 -2.473949e+01
    endloop
  endfacet
  facet normal  8.752239e-01 -0.000000e+00  4.837182e-01
    outer loop
      vertex  -3.937268e+01  0.000000e+00 -2.473949e+01
      vertex  -3.937268e+01  1.000000e+01 -2.473949e+01
      vertex  -4.189505e+01  0.000000e+00 -2.017559e+01
    endloop
  endfacet
  facet normal  8.752239e-01 -0.000000e+00  4.837182e-01
    outer loop
      vertex  -4.189505e+01  0.000000e+00 -2.017559e+01
      vertex  -3.937268e+01  1.000000e+01 -2.473949e+01
      vertex  -4.189505e+01  1.000000e+01 -2.017559e+01
    endloop
  endfacet
  facet normal  9.238793e-01 -0.000000e+00  3.826840e-01
    outer loop
      vertex  -4.189505e+01  0.000000e+00 -2.017559e+01
      vertex  -4.189505e+01  1.000000e+01 -2.017559e+01
      vertex  -4.389058e+01  0.000000e+00 -1.535798e+01
    endloop
  endfacet
  facet normal  9.238793e-01 -0.000000e+00  3.826840e-01
    outer loop
      vertex  -4.389058e+01  0.000000e+00 -1.535798e+01
      vertex  -4.189505e+01  1.000000e+01 -2.017559e+01
      vertex  -4.389058e+01  1.000000e+01 -1.535798e+01
    endloop
  endfacet
  facet normal  9.609173e-01 -0.000000e+00  2.768355e-01
    outer loop
      vertex  -4.389058e+01  0.000000e+00 -1.535798e+01
      vertex  -4.389058e+01  1.000000e+01 -1.535798e+01
      vertex  -4.533415e+01  0.000000e+00 -1.034722e+01
    endloop
  endfacet
  facet normal  9.609173e-01 -0.000000e+00  2.768355e-01
    outer loop
      vertex  -4.533415e+01  0.000000e+00 -1.034722e+01
      vertex  -4.389058e+01  1.000000e+01 -1.535798e+01
      vertex  -4.533415e+01  1.000000e+01 -1.034722e+01
    endloop
  endfacet
  facet normal  9.858710e-01 -0.000000e+00  1.675063e-01
    outer loop
      vertex  -4.533415e+01  0.000000e+00 -1.034722e+01
      vertex  -4.533415e+01  1.000000e+01 -1.034722e+01
      vertex  -4.620762e+01  0.000000e+00 -5.206348e+00
    endloop
  endfacet
  facet normal  9.858710e-01 -0.000000e+00  1.675063e-01
    outer loop
      vertex  -4.620762e+01  0.000000e+00 -5.206348e+00
      vertex  -4.533415e+01  1.000000e+01 -1.034722e+01
      vertex  -4.620762e+01  1.000000e+01 -5.206348e+00
    endloop
  endfacet
  facet normal  9.984268e-01 -0.000000e+00  5.607026e-02
    outer loop
      vertex  -4.620762e+01  0.000000e+00 -5.206348e+00
      vertex  -4.620762e+01  1.000000e+01 -5.206348e+00
      vertex  -4.650000e+01  0.000000e+00  0.000000e+00
    endloop
  endfacet
  facet normal  9.984268e-01 -0.000000e+00  5.607026e-02
    outer loop
      vertex  -4.650000e+01  0.000000e+00  0.000000e+00
      vertex  -4.620762e+01  1.000000e+01 -5.206348e+00
      vertex  -4.650000e+01  1.000000e+01  0.000000e+00
    endloop
  endfacet
  facet normal  9.984268e-01  0.000000e+00 -5.607026e-02
    outer loop
      vertex  -4.650000e+01  0.000000e+00  0.000000e+00
      vertex  -4.650000e+01  1.000000e+01  0.000000e+00
      vertex  -4.620762e+01  0.000000e+00  5.206348e+00
    endloop
  endfacet
  facet normal  9.984268e-01  0.000000e+00 -5.607026e-02
    outer loop
      vertex  -4.620762e+01  0.000000e+00  5.206348e+00
      vertex  -4.650000e+01  1.000000e+01  0.000000e+00
      vertex  -4.620762e+01  1.000000e+01  5.206348e+00
    endloop
  endfacet
  facet normal  9.858710e-01  0.000000e+00 -1.675063e-01
    outer loop
      vertex  -4.620762e+01  0.000000e+00  5.206348e+00
      vertex  -4.620762e+01  1.000000e+01  5.206348e+00
      vertex  -4.533415e+01  0.000000e+00  1.034722e+01
    endloop
  endfacet
  facet normal  9.858710e-01  0.000000e+00 -1.675063e-01
    outer loop
      vertex  -4.533415e+01  0.000000e+00  1.034722e+01
      vertex  -4.620762e+01  1.000000e+01  5.206348e+00
      vertex  -4.533415e+01  1.000000e+01  1.034722e+01
    endloop
  endfacet
  facet normal  9.609173e-01  0.000000e+00 -2.768355e-01
    outer loop
      vertex  -4.533415e+01  0.000000e+00  1.034722e+01
      vertex  -4.533415e+01  1.000000e+01  1.034722e+01
      vertex  -4.389058e+01  0.000000e+00  1.535798e+01
    endloop
  endfacet
  facet normal  9.609173e-01  0.000000e+00 -2.768355e-01
    outer loop
      vertex  -4.389058e+01  0.000000e+00  1.535798e+01
      vertex  -4.533415e+01  1.000000e+01  1.034722e+01
      vertex  -4.389058e+01  1.000000e+01  1.535798e+01
    endloop
  endfacet
  facet normal  9.238793e-01  0.000000e+00 -3.826840e-01
    outer loop
      vertex  -4.389058e+01  0.000000e+00  1.535798e+01
      vertex  -4.389058e+01  1.000000e+01  1.535798e+01
      vertex  -4.189505e+01  0.000000e+00  2.017559e+01
    endloop
  endfacet
  facet normal  9.238793e-01  0.000000e+00 -3.826840e-01
    outer loop
      vertex  -4.189505e+01  0.000000e+00  2.017559e+01
      vertex  -4.389058e+01  1.000000e+01  1.535798e+01
      vertex  -4.189505e+01  1.000000e+01  2.017559e+01
    endloop
  endfacet
  facet normal  8.752239e-01  0.000000e+00 -4.837182e-01
    outer loop
      vertex  -4.189505e+01  0.000000e+00  2.017559e+01
      vertex  -4.189505e+01  1.000000e+01  2.017559e+01
      vertex  -3.937268e+01  0.000000e+00  2.473949e+01
    endloop
  endfacet
  facet normal  8.752239e-01  0.000000e+00 -4.837182e-01
    outer loop
      vertex  -3.937268e+01  0.000000e+00  2.473949e+01
      vertex  -4.189505e+01  1.000000e+01  2.017559e+01
      vertex  -3.937268e+01  1.000000e+01  2.473949e+01
    endloop
  endfacet
  facet normal  8.155606e-01  0.000000e+00 -5.786717e-01
    outer loop
      vertex  -3.937268e+01  0.000000e+00  2.473949e+01
      vertex  -3.937268e+01  1.000000e+01  2.473949e+01
      vertex  -3.635516e+01  0.000000e+00  2.899228e+01
    endloop
  endfacet
  facet normal  8.155606e-01  0.000000e+00 -5.786717e-01
    outer loop
      vertex  -3.635516e+01  0.000000e+00  2.899228e+01
      vertex  -3.937268e+01  1.000000e+01  2.473949e+01
      vertex  -3.635516e+01  1.000000e+01  2.899228e+01
    endloop
  endfacet
  facet normal  7.456424e-01  0.000000e+00 -6.663463e-01
    outer loop
      vertex  -3.635516e+01  0.000000e+00  2.899228e+01
      vertex  -3.635516e+01  1.000000e+01  2.899228e+01
      vertex  -3.288047e+01  0.000000e+00  3.288047e+01
    endloop
  endfacet
  facet normal  7.456424e-01  0.000000e+00 -6.663463e-01
    outer loop
      vertex  -3.288047e+01  0.000000e+00  3.288047e+01
      vertex  -3.635516e+01  1.000000e+01  2.899228e+01
      vertex  -3.288047e+01  1.000000e+01  3.288047e+01
    endloop
  endfacet
  facet normal  6.663463e-01  0.000000e+00 -7.456424e-01
    outer loop
      vertex  -3.288047e+01  0.000000e+00  3.288047e+01
      vertex  -3.288047e+01  1.000000e+01  3.288047e+01
      vertex  -2.899228e+01  0.000000e+00  3.635516e+01
    endloop
  endfacet
  facet normal  6.663463e-01  0.000000e+00 -7.456424e-01
    outer loop
      vertex  -2.899228e+01  0.000000e+00  3.635516e+01
      vertex  -3.288047e+01  1.000000e+01  3.288047e+01
      vertex  -2.899228e+01  1.000000e+01  3.635516e+01
    endloop
  endfacet
  facet normal  5.786717e-01  0.000000e+00 -8.155606e-01
    outer loop
      vertex  -2.899228e+01  0.000000e+00  3.635516e+01
      vertex  -2.899228e+01  1.000000e+01  3.635516e+01
      vertex  -2.473949e+01  0.000000e+00  3.937268e+01
    endloop
  endfacet
  facet normal  5.786717e-01  0.000000e+00 -8.155606e-01
    outer loop
      vertex  -2.473949e+01  0.000000e+00  3.937268e+01
      vertex  -2.899228e+01  1.000000e+01  3.635516e+01
      vertex  -2.473949e+01  1.000000e+01  3.937268e+01
    endloop
  endfacet
  facet normal  4.837182e-01  0.000000e+00 -8.752239e-01
    outer loop
      vertex  -2.473949e+01  0.000000e+00  3.937268e+01
      vertex  -2.473949e+01  1.000000e+01  3.937268e+01
      vertex  -2.017559e+01  0.000000e+00  4.189505e+01
    endloop
  endfacet
  facet normal  4.837182e-01  0.000000e+00 -8.752239e-01
    outer loop
      vertex  -2.017559e+01  0.000000e+00  4.189505e+01
      vertex  -2.473949e+01  1.000000e+01  3.937268e+01
      vertex  -2.017559e+01  1.000000e+01  4.189505e+01
    endloop
  endfacet
  facet normal  3.826840e-01  0.000000e+00 -9.238793e-01
    outer loop
      vertex  -2.017559e+01  0.000000e+00  4.189505e+01
      vertex  -2.017559e+01  1.000000e+01  4.189505e+01
      vertex  -1.535798e+01  0.000000e+00  4.389058e+01
    endloop
  endfacet
  facet normal  3.826840e-01  0.000000e+00 -9.238793e-01
    outer loop
      vertex  -1.535798e+01  0.000000e+00  4.389058e+01
      vertex  -2.017559e+01  1.000000e+01  4.189505e+01
      vertex  -1.535798e+01  1.000000e+01  4.389058e+01
    endloop
  endfacet
  facet normal  2.768355e-01  0.000000e+00 -9.609173e-01
    outer loop
      vertex  -1.535798e+01  0.000000e+00  4.389058e+01
      vertex  -1.535798e+01  1.000000e+01  4.389058e+01
      vertex  -1.034722e+01  0.000000e+00  4.533415e+01
    endloop
  endfacet
  facet normal  2.768355e-01  0.000000e+00 -9.609173e-01
    outer loop
      vertex  -1.034722e+01  0.000000e+00  4.533415e+01
      vertex  -1.535798e+01  1.000000e+01  4.389058e+01
      vertex  -1.034722e+01  1.000000e+01  4.533415e+01
    endloop
  endfacet
  facet normal  1.675063e-01  0.000000e+00 -9.858710e-01
    outer loop
      vertex  -1.034722e+01  0.000000e+00  4.533415e+01
      vertex  -1.034722e+01  1.000000e+01  4.533415e+01
      vertex  -5.206348e+00  0.000000e+00  4.620762e+01
    endloop
  endfacet
  facet normal  1.675063e-01  0.000000e+00 -9.858710e-01
    outer loop
      vertex  -5.206348e+00  0.000000e+00  4.620762e+01
      vertex  -1.034722e+01  1.000000e+01  4.533415e+01
      vertex  -5.206348e+00  1.000000e+01  4.620762e+01
    endloop
  endfacet
endsolid vcg
