solid STL generated by MeshLab
  facet normal  0.000000e+00  1.000000e+00 -0.000000e+00
    outer loop
      vertex   5.000000e+00  0.000000e+00  5.025187e+01
      vertex   1.669098e+00  0.000000e+00  5.047241e+01
      vertex   5.000000e+00  0.000000e+00  5.226136e+01
    endloop
  endfacet
  facet normal  0.000000e+00  1.000000e+00  0.000000e+00
    outer loop
      vertex   5.000000e+00  0.000000e+00  5.226136e+01
      vertex   1.669098e+00  0.000000e+00  5.047241e+01
      vertex   1.668915e+00  0.000000e+00  5.247347e+01
    endloop
  endfacet
  facet normal  0.000000e+00  1.000000e+00  0.000000e+00
    outer loop
      vertex   1.668915e+00  0.000000e+00  5.247347e+01
      vertex   1.669098e+00  0.000000e+00  5.047241e+01
      vertex  -1.669098e+00  0.000000e+00  5.047241e+01
    endloop
  endfacet
  facet normal  0.000000e+00  1.000000e+00  0.000000e+00
    outer loop
      vertex   1.668915e+00  0.000000e+00  5.247347e+01
      vertex  -1.669098e+00  0.000000e+00  5.047241e+01
      vertex  -1.668915e+00  0.000000e+00  5.247347e+01
    endloop
  endfacet
  facet normal  0.000000e+00  1.000000e+00  0.000000e+00
    outer loop
      vertex  -1.668915e+00  0.000000e+00  5.247347e+01
      vertex  -1.669098e+00  0.000000e+00  5.047241e+01
      vertex  -5.000000e+00  0.000000e+00  5.226136e+01
    endloop
  endfacet
  facet normal  0.000000e+00  1.000000e+00  0.000000e+00
    outer loop
      vertex  -5.000000e+00  0.000000e+00  5.226136e+01
      vertex  -1.669098e+00  0.000000e+00  5.047241e+01
      vertex  -5.000000e+00  0.000000e+00  5.025187e+01
    endloop
  endfacet
  facet normal  0.000000e+00  1.000000e+00  0.000000e+00
    outer loop
      vertex   5.000000e+00  0.000000e+00 -5.025187e+01
      vertex   5.000000e+00  0.000000e+00 -5.226136e+01
      vertex   1.669098e+00  0.000000e+00 -5.047241e+01
    endloop
  endfacet
  facet normal  0.000000e+00  1.000000e+00  0.000000e+00
    outer loop
      vertex   1.669098e+00  0.000000e+00 -5.047241e+01
      vertex   5.000000e+00  0.000000e+00 -5.226136e+01
      vertex   1.668915e+00  0.000000e+00 -5.247347e+01
    endloop
  endfacet
  facet normal  0.000000e+00  1.000000e+00  0.000000e+00
    outer loop
      vertex   1.669098e+00  0.000000e+00 -5.047241e+01
      vertex   1.668915e+00  0.000000e+00 -5.247347e+01
      vertex  -1.669098e+00  0.000000e+00 -5.047241e+01
    endloop
  endfacet
  facet normal  0.000000e+00  1.000000e+00  0.000000e+00
    outer loop
      vertex  -1.669098e+00  0.000000e+00 -5.047241e+01
      vertex   1.668915e+00  0.000000e+00 -5.247347e+01
      vertex  -1.668915e+00  0.000000e+00 -5.247347e+01
    endloop
  endfacet
  facet normal  0.000000e+00  1.000000e+00  0.000000e+00
    outer loop
      vertex  -1.669098e+00  0.000000e+00 -5.047241e+01
      vertex  -1.668915e+00  0.000000e+00 -5.247347e+01
      vertex  -5.000000e+00  0.000000e+00 -5.226136e+01
    endloop
  endfacet
  facet normal  0.000000e+00  1.000000e+00  0.000000e+00
    outer loop
      vertex  -5.000000e+00  0.000000e+00 -5.226136e+01
      vertex  -5.000000e+00  0.000000e+00 -5.025187e+01
      vertex  -1.669098e+00  0.000000e+00 -5.047241e+01
    endloop
  endfacet
  facet normal -1.530615e-01 -1.217069e-02 -9.881417e-01
    outer loop
      vertex   1.043739e+01  0.000000e+00  4.940962e+01
      vertex   8.169991e+00 -6.000000e+00  4.983474e+01
      vertex   5.000000e+00  0.000000e+00  5.025187e+01
    endloop
  endfacet
  facet normal -1.081119e-01  1.198947e-02 -9.940664e-01
    outer loop
      vertex   5.000000e+00  0.000000e+00  5.025187e+01
      vertex   8.169991e+00 -6.000000e+00  4.983474e+01
      vertex   2.734015e+00 -6.000000e+00  5.042594e+01
    endloop
  endfacet
  facet normal -6.606597e-02 -3.998310e-03 -9.978073e-01
    outer loop
      vertex   5.000000e+00  0.000000e+00  5.025187e+01
      vertex   2.734015e+00 -6.000000e+00  5.042594e+01
      vertex   1.669098e+00  0.000000e+00  5.047241e+01
    endloop
  endfacet
  facet normal  0.000000e+00  7.744240e-03 -9.999700e-01
    outer loop
      vertex   1.669098e+00  0.000000e+00  5.047241e+01
      vertex   2.734015e+00 -6.000000e+00  5.042594e+01
      vertex  -1.669098e+00  0.000000e+00  5.047241e+01
    endloop
  endfacet
  facet normal  0.000000e+00  7.744239e-03 -9.999700e-01
    outer loop
      vertex  -1.669098e+00  0.000000e+00  5.047241e+01
      vertex   2.734015e+00 -6.000000e+00  5.042594e+01
      vertex  -2.734015e+00 -6.000000e+00  5.042594e+01
    endloop
  endfacet
  facet normal  6.606597e-02 -3.998310e-03 -9.978073e-01
    outer loop
      vertex  -1.669098e+00  0.000000e+00  5.047241e+01
      vertex  -2.734015e+00 -6.000000e+00  5.042594e+01
      vertex  -5.000000e+00  0.000000e+00  5.025187e+01
    endloop
  endfacet
  facet normal  1.081119e-01  1.198947e-02 -9.940664e-01
    outer loop
      vertex  -5.000000e+00  0.000000e+00  5.025187e+01
      vertex  -2.734015e+00 -6.000000e+00  5.042594e+01
      vertex  -8.169991e+00 -6.000000e+00  4.983474e+01
    endloop
  endfacet
  facet normal  1.530615e-01 -1.217069e-02 -9.881417e-01
    outer loop
      vertex  -5.000000e+00  0.000000e+00  5.025187e+01
      vertex  -8.169991e+00 -6.000000e+00  4.983474e+01
      vertex  -1.043739e+01  0.000000e+00  4.940962e+01
    endloop
  endfacet
  facet normal  2.149542e-01  1.203990e-02 -9.765499e-01
    outer loop
      vertex  -1.043739e+01  0.000000e+00  4.940962e+01
      vertex  -8.169991e+00 -6.000000e+00  4.983474e+01
      vertex  -1.351018e+01 -6.000000e+00  4.865928e+01
    endloop
  endfacet
  facet normal  2.596558e-01 -1.221956e-02 -9.656239e-01
    outer loop
      vertex  -1.043739e+01  0.000000e+00  4.940962e+01
      vertex  -1.351018e+01 -6.000000e+00  4.865928e+01
      vertex  -1.575088e+01  0.000000e+00  4.798083e+01
    endloop
  endfacet
  facet normal  3.192792e-01  1.208675e-02 -9.475836e-01
    outer loop
      vertex  -1.575088e+01  0.000000e+00  4.798083e+01
      vertex  -1.351018e+01 -6.000000e+00  4.865928e+01
      vertex  -1.869198e+01 -6.000000e+00  4.691332e+01
    endloop
  endfacet
  facet normal  3.631686e-01 -1.226319e-02 -9.316428e-01
    outer loop
      vertex  -1.575088e+01  0.000000e+00  4.798083e+01
      vertex  -1.869198e+01 -6.000000e+00  4.691332e+01
      vertex  -2.087739e+01  0.000000e+00  4.598244e+01
    endloop
  endfacet
  facet normal  4.198584e-01  1.212964e-02 -9.075086e-01
    outer loop
      vertex  -2.087739e+01  0.000000e+00  4.598244e+01
      vertex  -1.869198e+01 -6.000000e+00  4.691332e+01
      vertex  -2.365462e+01 -6.000000e+00  4.461736e+01
    endloop
  endfacet
  facet normal  4.623686e-01 -1.230359e-02 -8.866024e-01
    outer loop
      vertex  -2.087739e+01  0.000000e+00  4.598244e+01
      vertex  -2.365462e+01 -6.000000e+00  4.461736e+01
      vertex  -2.575606e+01  0.000000e+00  4.343818e+01
    endloop
  endfacet
  facet normal  5.155152e-01  1.216862e-02 -8.567939e-01
    outer loop
      vertex  -2.575606e+01  0.000000e+00  4.343818e+01
      vertex  -2.365462e+01 -6.000000e+00  4.461736e+01
      vertex  -2.833995e+01 -6.000000e+00  4.179829e+01
    endloop
  endfacet
  facet normal  5.560808e-01 -1.234076e-02 -8.310366e-01
    outer loop
      vertex  -2.575606e+01  0.000000e+00  4.343818e+01
      vertex  -2.833995e+01 -6.000000e+00  4.179829e+01
      vertex  -3.032896e+01  0.000000e+00  4.037826e+01
    endloop
  endfacet
  facet normal  6.051288e-01  1.220294e-02 -7.960340e-01
    outer loop
      vertex  -3.032896e+01  0.000000e+00  4.037826e+01
      vertex  -2.833995e+01 -6.000000e+00  4.179829e+01
      vertex  -3.269301e+01 -6.000000e+00  3.848919e+01
    endloop
  endfacet
  facet normal  6.431913e-01 -1.237429e-02 -7.656054e-01
    outer loop
      vertex  -3.032896e+01  0.000000e+00  4.037826e+01
      vertex  -3.269301e+01 -6.000000e+00  3.848919e+01
      vertex  -3.454183e+01  0.000000e+00  3.683900e+01
    endloop
  endfacet
  facet normal  6.876484e-01  1.223355e-02 -7.259408e-01
    outer loop
      vertex  -3.454183e+01  0.000000e+00  3.683900e+01
      vertex  -3.269301e+01 -6.000000e+00  3.848919e+01
      vertex  -3.666277e+01 -6.000000e+00  3.472882e+01
    endloop
  endfacet
  facet normal  7.226657e-01 -1.240295e-02 -6.910864e-01
    outer loop
      vertex  -3.454183e+01  0.000000e+00  3.683900e+01
      vertex  -3.666277e+01 -6.000000e+00  3.472882e+01
      vertex  -3.834465e+01  0.000000e+00  3.286241e+01
    endloop
  endfacet
  facet normal  7.621050e-01  1.226126e-02 -6.473374e-01
    outer loop
      vertex  -3.834465e+01  0.000000e+00  3.286241e+01
      vertex  -3.666277e+01 -6.000000e+00  3.472882e+01
      vertex  -4.020270e+01 -6.000000e+00  3.056130e+01
    endloop
  endfacet
  facet normal  7.935618e-01 -1.242769e-02 -6.083626e-01
    outer loop
      vertex  -3.834465e+01  0.000000e+00  3.286241e+01
      vertex  -4.020270e+01 -6.000000e+00  3.056130e+01
      vertex  -4.169226e+01  0.000000e+00  2.849571e+01
    endloop
  endfacet
  facet normal  8.276260e-01  1.228428e-02 -5.611455e-01
    outer loop
      vertex  -4.169226e+01  0.000000e+00  2.849571e+01
      vertex  -4.020270e+01 -6.000000e+00  3.056130e+01
      vertex  -4.327129e+01 -6.000000e+00  2.603547e+01
    endloop
  endfacet
  facet normal  8.550369e-01 -1.244961e-02 -5.184176e-01
    outer loop
      vertex  -4.169226e+01  0.000000e+00  2.849571e+01
      vertex  -4.327129e+01 -6.000000e+00  2.603547e+01
      vertex  -4.454494e+01  0.000000e+00  2.379072e+01
    endloop
  endfacet
  facet normal  8.834455e-01  1.230397e-02 -4.683724e-01
    outer loop
      vertex  -4.454494e+01  0.000000e+00  2.379072e+01
      vertex  -4.327129e+01 -6.000000e+00  2.603547e+01
      vertex  -4.583256e+01 -6.000000e+00  2.120440e+01
    endloop
  endfacet
  facet normal  9.063624e-01 -1.246625e-02 -4.223174e-01
    outer loop
      vertex  -4.454494e+01  0.000000e+00  2.379072e+01
      vertex  -4.583256e+01 -6.000000e+00  2.120440e+01
      vertex  -4.686881e+01  0.000000e+00  1.880331e+01
    endloop
  endfacet
  facet normal  9.289062e-01  1.231969e-02 -3.701100e-01
    outer loop
      vertex  -4.686881e+01  0.000000e+00  1.880331e+01
      vertex  -4.583256e+01 -6.000000e+00  2.120440e+01
      vertex  -4.785648e+01 -6.000000e+00  1.612473e+01
    endloop
  endfacet
  facet normal  9.469278e-01 -1.247996e-02 -3.212042e-01
    outer loop
      vertex  -4.686881e+01  0.000000e+00  1.880331e+01
      vertex  -4.785648e+01 -6.000000e+00  1.612473e+01
      vertex  -4.863629e+01  0.000000e+00  1.359269e+01
    endloop
  endfacet
  facet normal  9.634765e-01  1.233074e-02 -2.675086e-01
    outer loop
      vertex  -4.863629e+01  0.000000e+00  1.359269e+01
      vertex  -4.785648e+01 -6.000000e+00  1.612473e+01
      vertex  -4.931934e+01 -6.000000e+00  1.085601e+01
    endloop
  endfacet
  facet normal  9.762520e-01 -1.249061e-02 -2.162780e-01
    outer loop
      vertex  -4.863629e+01  0.000000e+00  1.359269e+01
      vertex  -4.931934e+01 -6.000000e+00  1.085601e+01
      vertex  -4.982640e+01  0.000000e+00  8.220698e+00
    endloop
  endfacet
  facet normal  9.867515e-01  1.233776e-02 -1.617696e-01
    outer loop
      vertex  -4.982640e+01  0.000000e+00  8.220698e+00
      vertex  -4.931934e+01 -6.000000e+00  1.085601e+01
      vertex  -5.020397e+01 -6.000000e+00  5.460010e+00
    endloop
  endfacet
  facet normal  9.939868e-01 -1.249667e-02 -1.087847e-01
    outer loop
      vertex  -4.982640e+01  0.000000e+00  8.220698e+00
      vertex  -5.020397e+01 -6.000000e+00  5.460010e+00
      vertex  -5.042500e+01  0.000000e+00  2.751119e+00
    endloop
  endfacet
  facet normal  9.984574e-01  1.234157e-02 -5.413457e-02
    outer loop
      vertex  -5.042500e+01  0.000000e+00  2.751119e+00
      vertex  -5.020397e+01 -6.000000e+00  5.460010e+00
      vertex  -5.050000e+01 -6.000000e+00  0.000000e+00
    endloop
  endfacet
  facet normal  9.999219e-01 -1.249852e-02  0.000000e+00
    outer loop
      vertex  -5.042500e+01  0.000000e+00  2.751119e+00
      vertex  -5.050000e+01 -6.000000e+00  0.000000e+00
      vertex  -5.042500e+01  0.000000e+00 -2.751119e+00
    endloop
  endfacet
  facet normal  9.984574e-01  1.234157e-02  5.413457e-02
    outer loop
      vertex  -5.042500e+01  0.000000e+00 -2.751119e+00
      vertex  -5.050000e+01 -6.000000e+00  0.000000e+00
      vertex  -5.020397e+01 -6.000000e+00 -5.460010e+00
    endloop
  endfacet
  facet normal  9.939868e-01 -1.249667e-02  1.087847e-01
    outer loop
      vertex  -5.042500e+01  0.000000e+00 -2.751119e+00
      vertex  -5.020397e+01 -6.000000e+00 -5.460010e+00
      vertex  -4.982640e+01  0.000000e+00 -8.220698e+00
    endloop
  endfacet
  facet normal  9.867515e-01  1.233776e-02  1.617696e-01
    outer loop
      vertex  -4.982640e+01  0.000000e+00 -8.220698e+00
      vertex  -5.020397e+01 -6.000000e+00 -5.460010e+00
      vertex  -4.931934e+01 -6.000000e+00 -1.085601e+01
    endloop
  endfacet
  facet normal  9.762520e-01 -1.249061e-02  2.162780e-01
    outer loop
      vertex  -4.982640e+01  0.000000e+00 -8.220698e+00
      vertex  -4.931934e+01 -6.000000e+00 -1.085601e+01
      vertex  -4.863629e+01  0.000000e+00 -1.359269e+01
    endloop
  endfacet
  facet normal  9.634765e-01  1.233074e-02  2.675086e-01
    outer loop
      vertex  -4.863629e+01  0.000000e+00 -1.359269e+01
      vertex  -4.931934e+01 -6.000000e+00 -1.085601e+01
      vertex  -4.785648e+01 -6.000000e+00 -1.612473e+01
    endloop
  endfacet
  facet normal  9.469278e-01 -1.247995e-02  3.212042e-01
    outer loop
      vertex  -4.863629e+01  0.000000e+00 -1.359269e+01
      vertex  -4.785648e+01 -6.000000e+00 -1.612473e+01
      vertex  -4.686881e+01  0.000000e+00 -1.880331e+01
    endloop
  endfacet
  facet normal  9.289062e-01  1.231969e-02  3.701100e-01
    outer loop
      vertex  -4.686881e+01  0.000000e+00 -1.880331e+01
      vertex  -4.785648e+01 -6.000000e+00 -1.612473e+01
      vertex  -4.583256e+01 -6.000000e+00 -2.120440e+01
    endloop
  endfacet
  facet normal  9.063624e-01 -1.246624e-02  4.223174e-01
    outer loop
      vertex  -4.686881e+01  0.000000e+00 -1.880331e+01
      vertex  -4.583256e+01 -6.000000e+00 -2.120440e+01
      vertex  -4.454494e+01  0.000000e+00 -2.379072e+01
    endloop
  endfacet
  facet normal  8.834455e-01  1.230397e-02  4.683724e-01
    outer loop
      vertex  -4.454494e+01  0.000000e+00 -2.379072e+01
      vertex  -4.583256e+01 -6.000000e+00 -2.120440e+01
      vertex  -4.327129e+01 -6.000000e+00 -2.603547e+01
    endloop
  endfacet
  facet normal  8.550369e-01 -1.244963e-02  5.184176e-01
    outer loop
      vertex  -4.454494e+01  0.000000e+00 -2.379072e+01
      vertex  -4.327129e+01 -6.000000e+00 -2.603547e+01
      vertex  -4.169226e+01  0.000000e+00 -2.849571e+01
    endloop
  endfacet
  facet normal  8.276260e-01  1.228428e-02  5.611455e-01
    outer loop
      vertex  -4.169226e+01  0.000000e+00 -2.849571e+01
      vertex  -4.327129e+01 -6.000000e+00 -2.603547e+01
      vertex  -4.020270e+01 -6.000000e+00 -3.056130e+01
    endloop
  endfacet
  facet normal  7.935618e-01 -1.242770e-02  6.083626e-01
    outer loop
      vertex  -4.169226e+01  0.000000e+00 -2.849571e+01
      vertex  -4.020270e+01 -6.000000e+00 -3.056130e+01
      vertex  -3.834465e+01  0.000000e+00 -3.286241e+01
    endloop
  endfacet
  facet normal  7.621050e-01  1.226126e-02  6.473374e-01
    outer loop
      vertex  -3.834465e+01  0.000000e+00 -3.286241e+01
      vertex  -4.020270e+01 -6.000000e+00 -3.056130e+01
      vertex  -3.666277e+01 -6.000000e+00 -3.472882e+01
    endloop
  endfacet
  facet normal  7.226657e-01 -1.240295e-02  6.910864e-01
    outer loop
      vertex  -3.834465e+01  0.000000e+00 -3.286241e+01
      vertex  -3.666277e+01 -6.000000e+00 -3.472882e+01
      vertex  -3.454183e+01  0.000000e+00 -3.683900e+01
    endloop
  endfacet
  facet normal  6.876484e-01  1.223355e-02  7.259408e-01
    outer loop
      vertex  -3.454183e+01  0.000000e+00 -3.683900e+01
      vertex  -3.666277e+01 -6.000000e+00 -3.472882e+01
      vertex  -3.269301e+01 -6.000000e+00 -3.848919e+01
    endloop
  endfacet
  facet normal  6.431913e-01 -1.237431e-02  7.656054e-01
    outer loop
      vertex  -3.454183e+01  0.000000e+00 -3.683900e+01
      vertex  -3.269301e+01 -6.000000e+00 -3.848919e+01
      vertex  -3.032896e+01  0.000000e+00 -4.037826e+01
    endloop
  endfacet
  facet normal  6.051288e-01  1.220294e-02  7.960340e-01
    outer loop
      vertex  -3.032896e+01  0.000000e+00 -4.037826e+01
      vertex  -3.269301e+01 -6.000000e+00 -3.848919e+01
      vertex  -2.833995e+01 -6.000000e+00 -4.179829e+01
    endloop
  endfacet
  facet normal  5.560808e-01 -1.234076e-02  8.310366e-01
    outer loop
      vertex  -3.032896e+01  0.000000e+00 -4.037826e+01
      vertex  -2.833995e+01 -6.000000e+00 -4.179829e+01
      vertex  -2.575606e+01  0.000000e+00 -4.343818e+01
    endloop
  endfacet
  facet normal  5.155152e-01  1.216862e-02  8.567939e-01
    outer loop
      vertex  -2.575606e+01  0.000000e+00 -4.343818e+01
      vertex  -2.833995e+01 -6.000000e+00 -4.179829e+01
      vertex  -2.365462e+01 -6.000000e+00 -4.461736e+01
    endloop
  endfacet
  facet normal  4.623686e-01 -1.230357e-02  8.866024e-01
    outer loop
      vertex  -2.575606e+01  0.000000e+00 -4.343818e+01
      vertex  -2.365462e+01 -6.000000e+00 -4.461736e+01
      vertex  -2.087739e+01  0.000000e+00 -4.598244e+01
    endloop
  endfacet
  facet normal  4.198584e-01  1.212964e-02  9.075086e-01
    outer loop
      vertex  -2.087739e+01  0.000000e+00 -4.598244e+01
      vertex  -2.365462e+01 -6.000000e+00 -4.461736e+01
      vertex  -1.869198e+01 -6.000000e+00 -4.691332e+01
    endloop
  endfacet
  facet normal  3.631686e-01 -1.226319e-02  9.316428e-01
    outer loop
      vertex  -2.087739e+01  0.000000e+00 -4.598244e+01
      vertex  -1.869198e+01 -6.000000e+00 -4.691332e+01
      vertex  -1.575088e+01  0.000000e+00 -4.798083e+01
    endloop
  endfacet
  facet normal  3.192792e-01  1.208675e-02  9.475836e-01
    outer loop
      vertex  -1.575088e+01  0.000000e+00 -4.798083e+01
      vertex  -1.869198e+01 -6.000000e+00 -4.691332e+01
      vertex  -1.351018e+01 -6.000000e+00 -4.865928e+01
    endloop
  endfacet
  facet normal  2.596558e-01 -1.221956e-02  9.656239e-01
    outer loop
      vertex  -1.575088e+01  0.000000e+00 -4.798083e+01
      vertex  -1.351018e+01 -6.000000e+00 -4.865928e+01
      vertex  -1.043739e+01  0.000000e+00 -4.940962e+01
    endloop
  endfacet
  facet normal  2.149542e-01  1.203990e-02  9.765499e-01
    outer loop
      vertex  -1.043739e+01  0.000000e+00 -4.940962e+01
      vertex  -1.351018e+01 -6.000000e+00 -4.865928e+01
      vertex  -8.169991e+00 -6.000000e+00 -4.983474e+01
    endloop
  endfacet
  facet normal  1.530615e-01 -1.217069e-02  9.881417e-01
    outer loop
      vertex  -1.043739e+01  0.000000e+00 -4.940962e+01
      vertex  -8.169991e+00 -6.000000e+00 -4.983474e+01
      vertex  -5.000000e+00  0.000000e+00 -5.025187e+01
    endloop
  endfacet
  facet normal  1.081119e-01  1.198947e-02  9.940664e-01
    outer loop
      vertex  -5.000000e+00  0.000000e+00 -5.025187e+01
      vertex  -8.169991e+00 -6.000000e+00 -4.983474e+01
      vertex  -2.734015e+00 -6.000000e+00 -5.042594e+01
    endloop
  endfacet
  facet normal  6.606597e-02 -3.998310e-03  9.978073e-01
    outer loop
      vertex  -5.000000e+00  0.000000e+00 -5.025187e+01
      vertex  -2.734015e+00 -6.000000e+00 -5.042594e+01
      vertex  -1.669098e+00  0.000000e+00 -5.047241e+01
    endloop
  endfacet
  facet normal -0.000000e+00  7.744240e-03  9.999700e-01
    outer loop
      vertex  -1.669098e+00  0.000000e+00 -5.047241e+01
      vertex  -2.734015e+00 -6.000000e+00 -5.042594e+01
      vertex   1.669098e+00  0.000000e+00 -5.047241e+01
    endloop
  endfacet
  facet normal  0.000000e+00  7.744239e-03  9.999700e-01
    outer loop
      vertex   1.669098e+00  0.000000e+00 -5.047241e+01
      vertex  -2.734015e+00 -6.000000e+00 -5.042594e+01
      vertex   2.734015e+00 -6.000000e+00 -5.042594e+01
    endloop
  endfacet
  facet normal -6.606597e-02 -3.998310e-03  9.978073e-01
    outer loop
      vertex   1.669098e+00  0.000000e+00 -5.047241e+01
      vertex   2.734015e+00 -6.000000e+00 -5.042594e+01
      vertex   5.000000e+00  0.000000e+00 -5.025187e+01
    endloop
  endfacet
  facet normal -1.081119e-01  1.198947e-02  9.940664e-01
    outer loop
      vertex   5.000000e+00  0.000000e+00 -5.025187e+01
      vertex   2.734015e+00 -6.000000e+00 -5.042594e+01
      vertex   8.169991e+00 -6.000000e+00 -4.983474e+01
    endloop
  endfacet
  facet normal -1.530615e-01 -1.217069e-02  9.881417e-01
    outer loop
      vertex   5.000000e+00  0.000000e+00 -5.025187e+01
      vertex   8.169991e+00 -6.000000e+00 -4.983474e+01
      vertex   1.043739e+01  0.000000e+00 -4.940962e+01
    endloop
  endfacet
  facet normal -2.149542e-01  1.203990e-02  9.765499e-01
    outer loop
      vertex   1.043739e+01  0.000000e+00 -4.940962e+01
      vertex   8.169991e+00 -6.000000e+00 -4.983474e+01
      vertex   1.351018e+01 -6.000000e+00 -4.865928e+01
    endloop
  endfacet
  facet normal -2.596558e-01 -1.221956e-02  9.656239e-01
    outer loop
      vertex   1.043739e+01  0.000000e+00 -4.940962e+01
      vertex   1.351018e+01 -6.000000e+00 -4.865928e+01
      vertex   1.575088e+01  0.000000e+00 -4.798083e+01
    endloop
  endfacet
  facet normal -3.192792e-01  1.208675e-02  9.475836e-01
    outer loop
      vertex   1.575088e+01  0.000000e+00 -4.798083e+01
      vertex   1.351018e+01 -6.000000e+00 -4.865928e+01
      vertex   1.869198e+01 -6.000000e+00 -4.691332e+01
    endloop
  endfacet
  facet normal -3.631686e-01 -1.226319e-02  9.316428e-01
    outer loop
      vertex   1.575088e+01  0.000000e+00 -4.798083e+01
      vertex   1.869198e+01 -6.000000e+00 -4.691332e+01
      vertex   2.087739e+01  0.000000e+00 -4.598244e+01
    endloop
  endfacet
  facet normal -4.198584e-01  1.212964e-02  9.075086e-01
    outer loop
      vertex   2.087739e+01  0.000000e+00 -4.598244e+01
      vertex   1.869198e+01 -6.000000e+00 -4.691332e+01
      vertex   2.365462e+01 -6.000000e+00 -4.461736e+01
    endloop
  endfacet
  facet normal -4.623686e-01 -1.230359e-02  8.866024e-01
    outer loop
      vertex   2.087739e+01  0.000000e+00 -4.598244e+01
      vertex   2.365462e+01 -6.000000e+00 -4.461736e+01
      vertex   2.575606e+01  0.000000e+00 -4.343818e+01
    endloop
  endfacet
  facet normal -5.155152e-01  1.216862e-02  8.567939e-01
    outer loop
      vertex   2.575606e+01  0.000000e+00 -4.343818e+01
      vertex   2.365462e+01 -6.000000e+00 -4.461736e+01
      vertex   2.833995e+01 -6.000000e+00 -4.179829e+01
    endloop
  endfacet
  facet normal -5.560808e-01 -1.234076e-02  8.310366e-01
    outer loop
      vertex   2.575606e+01  0.000000e+00 -4.343818e+01
      vertex   2.833995e+01 -6.000000e+00 -4.179829e+01
      vertex   3.032896e+01  0.000000e+00 -4.037826e+01
    endloop
  endfacet
  facet normal -6.051288e-01  1.220294e-02  7.960340e-01
    outer loop
      vertex   3.032896e+01  0.000000e+00 -4.037826e+01
      vertex   2.833995e+01 -6.000000e+00 -4.179829e+01
      vertex   3.269301e+01 -6.000000e+00 -3.848919e+01
    endloop
  endfacet
  facet normal -6.431913e-01 -1.237429e-02  7.656054e-01
    outer loop
      vertex   3.032896e+01  0.000000e+00 -4.037826e+01
      vertex   3.269301e+01 -6.000000e+00 -3.848919e+01
      vertex   3.454183e+01  0.000000e+00 -3.683900e+01
    endloop
  endfacet
  facet normal -6.876484e-01  1.223355e-02  7.259408e-01
    outer loop
      vertex   3.454183e+01  0.000000e+00 -3.683900e+01
      vertex   3.269301e+01 -6.000000e+00 -3.848919e+01
      vertex   3.666277e+01 -6.000000e+00 -3.472882e+01
    endloop
  endfacet
  facet normal -7.226657e-01 -1.240295e-02  6.910864e-01
    outer loop
      vertex   3.454183e+01  0.000000e+00 -3.683900e+01
      vertex   3.666277e+01 -6.000000e+00 -3.472882e+01
      vertex   3.834465e+01  0.000000e+00 -3.286241e+01
    endloop
  endfacet
  facet normal -7.621050e-01  1.226126e-02  6.473374e-01
    outer loop
      vertex   3.834465e+01  0.000000e+00 -3.286241e+01
      vertex   3.666277e+01 -6.000000e+00 -3.472882e+01
      vertex   4.020270e+01 -6.000000e+00 -3.056130e+01
    endloop
  endfacet
  facet normal -7.935618e-01 -1.242769e-02  6.083626e-01
    outer loop
      vertex   3.834465e+01  0.000000e+00 -3.286241e+01
      vertex   4.020270e+01 -6.000000e+00 -3.056130e+01
      vertex   4.169226e+01  0.000000e+00 -2.849571e+01
    endloop
  endfacet
  facet normal -8.276260e-01  1.228428e-02  5.611455e-01
    outer loop
      vertex   4.169226e+01  0.000000e+00 -2.849571e+01
      vertex   4.020270e+01 -6.000000e+00 -3.056130e+01
      vertex   4.327129e+01 -6.000000e+00 -2.603547e+01
    endloop
  endfacet
  facet normal -8.550369e-01 -1.244961e-02  5.184176e-01
    outer loop
      vertex   4.169226e+01  0.000000e+00 -2.849571e+01
      vertex   4.327129e+01 -6.000000e+00 -2.603547e+01
      vertex   4.454494e+01  0.000000e+00 -2.379072e+01
    endloop
  endfacet
  facet normal -8.834455e-01  1.230397e-02  4.683724e-01
    outer loop
      vertex   4.454494e+01  0.000000e+00 -2.379072e+01
      vertex   4.327129e+01 -6.000000e+00 -2.603547e+01
      vertex   4.583256e+01 -6.000000e+00 -2.120440e+01
    endloop
  endfacet
  facet normal -9.063624e-01 -1.246625e-02  4.223174e-01
    outer loop
      vertex   4.454494e+01  0.000000e+00 -2.379072e+01
      vertex   4.583256e+01 -6.000000e+00 -2.120440e+01
      vertex   4.686881e+01  0.000000e+00 -1.880331e+01
    endloop
  endfacet
  facet normal -9.289062e-01  1.231969e-02  3.701100e-01
    outer loop
      vertex   4.686881e+01  0.000000e+00 -1.880331e+01
      vertex   4.583256e+01 -6.000000e+00 -2.120440e+01
      vertex   4.785648e+01 -6.000000e+00 -1.612473e+01
    endloop
  endfacet
  facet normal -9.469278e-01 -1.247996e-02  3.212042e-01
    outer loop
      vertex   4.686881e+01  0.000000e+00 -1.880331e+01
      vertex   4.785648e+01 -6.000000e+00 -1.612473e+01
      vertex   4.863629e+01  0.000000e+00 -1.359269e+01
    endloop
  endfacet
  facet normal -9.634765e-01  1.233074e-02  2.675086e-01
    outer loop
      vertex   4.863629e+01  0.000000e+00 -1.359269e+01
      vertex   4.785648e+01 -6.000000e+00 -1.612473e+01
      vertex   4.931934e+01 -6.000000e+00 -1.085601e+01
    endloop
  endfacet
  facet normal -9.762520e-01 -1.249061e-02  2.162780e-01
    outer loop
      vertex   4.863629e+01  0.000000e+00 -1.359269e+01
      vertex   4.931934e+01 -6.000000e+00 -1.085601e+01
      vertex   4.982640e+01  0.000000e+00 -8.220698e+00
    endloop
  endfacet
  facet normal -9.867515e-01  1.233776e-02  1.617696e-01
    outer loop
      vertex   4.982640e+01  0.000000e+00 -8.220698e+00
      vertex   4.931934e+01 -6.000000e+00 -1.085601e+01
      vertex   5.020397e+01 -6.000000e+00 -5.460010e+00
    endloop
  endfacet
  facet normal -9.939868e-01 -1.249667e-02  1.087847e-01
    outer loop
      vertex   4.982640e+01  0.000000e+00 -8.220698e+00
      vertex   5.020397e+01 -6.000000e+00 -5.460010e+00
      vertex   5.042500e+01  0.000000e+00 -2.751119e+00
    endloop
  endfacet
  facet normal -9.984574e-01  1.234157e-02  5.413457e-02
    outer loop
      vertex   5.042500e+01  0.000000e+00 -2.751119e+00
      vertex   5.020397e+01 -6.000000e+00 -5.460010e+00
      vertex   5.050000e+01 -6.000000e+00  0.000000e+00
    endloop
  endfacet
  facet normal -9.999219e-01 -1.249852e-02  0.000000e+00
    outer loop
      vertex   5.042500e+01  0.000000e+00 -2.751119e+00
      vertex   5.050000e+01 -6.000000e+00  0.000000e+00
      vertex   5.042500e+01  0.000000e+00  2.751119e+00
    endloop
  endfacet
  facet normal -9.984574e-01  1.234157e-02 -5.413457e-02
    outer loop
      vertex   5.042500e+01  0.000000e+00  2.751119e+00
      vertex   5.050000e+01 -6.000000e+00  0.000000e+00
      vertex   5.020397e+01 -6.000000e+00  5.460010e+00
    endloop
  endfacet
  facet normal -9.939868e-01 -1.249667e-02 -1.087847e-01
    outer loop
      vertex   5.042500e+01  0.000000e+00  2.751119e+00
      vertex   5.020397e+01 -6.000000e+00  5.460010e+00
      vertex   4.982640e+01  0.000000e+00  8.220698e+00
    endloop
  endfacet
  facet normal -9.867515e-01  1.233776e-02 -1.617696e-01
    outer loop
      vertex   4.982640e+01  0.000000e+00  8.220698e+00
      vertex   5.020397e+01 -6.000000e+00  5.460010e+00
      vertex   4.931934e+01 -6.000000e+00  1.085601e+01
    endloop
  endfacet
  facet normal -9.762520e-01 -1.249061e-02 -2.162780e-01
    outer loop
      vertex   4.982640e+01  0.000000e+00  8.220698e+00
      vertex   4.931934e+01 -6.000000e+00  1.085601e+01
      vertex   4.863629e+01  0.000000e+00  1.359269e+01
    endloop
  endfacet
  facet normal -9.634765e-01  1.233074e-02 -2.675086e-01
    outer loop
      vertex   4.863629e+01  0.000000e+00  1.359269e+01
      vertex   4.931934e+01 -6.000000e+00  1.085601e+01
      vertex   4.785648e+01 -6.000000e+00  1.612473e+01
    endloop
  endfacet
  facet normal -9.469278e-01 -1.247995e-02 -3.212042e-01
    outer loop
      vertex   4.863629e+01  0.000000e+00  1.359269e+01
      vertex   4.785648e+01 -6.000000e+00  1.612473e+01
      vertex   4.686881e+01  0.000000e+00  1.880331e+01
    endloop
  endfacet
  facet normal -9.289062e-01  1.231969e-02 -3.701100e-01
    outer loop
      vertex   4.686881e+01  0.000000e+00  1.880331e+01
      vertex   4.785648e+01 -6.000000e+00  1.612473e+01
      vertex   4.583256e+01 -6.000000e+00  2.120440e+01
    endloop
  endfacet
  facet normal -9.063624e-01 -1.246624e-02 -4.223174e-01
    outer loop
      vertex   4.686881e+01  0.000000e+00  1.880331e+01
      vertex   4.583256e+01 -6.000000e+00  2.120440e+01
      vertex   4.454494e+01  0.000000e+00  2.379072e+01
    endloop
  endfacet
  facet normal -8.834455e-01  1.230397e-02 -4.683724e-01
    outer loop
      vertex   4.454494e+01  0.000000e+00  2.379072e+01
      vertex   4.583256e+01 -6.000000e+00  2.120440e+01
      vertex   4.327129e+01 -6.000000e+00  2.603547e+01
    endloop
  endfacet
  facet normal -8.550369e-01 -1.244963e-02 -5.184176e-01
    outer loop
      vertex   4.454494e+01  0.000000e+00  2.379072e+01
      vertex   4.327129e+01 -6.000000e+00  2.603547e+01
      vertex   4.169226e+01  0.000000e+00  2.849571e+01
    endloop
  endfacet
  facet normal -8.276260e-01  1.228428e-02 -5.611455e-01
    outer loop
      vertex   4.169226e+01  0.000000e+00  2.849571e+01
      vertex   4.327129e+01 -6.000000e+00  2.603547e+01
      vertex   4.020270e+01 -6.000000e+00  3.056130e+01
    endloop
  endfacet
  facet normal -7.935618e-01 -1.242770e-02 -6.083626e-01
    outer loop
      vertex   4.169226e+01  0.000000e+00  2.849571e+01
      vertex   4.020270e+01 -6.000000e+00  3.056130e+01
      vertex   3.834465e+01  0.000000e+00  3.286241e+01
    endloop
  endfacet
  facet normal -7.621050e-01  1.226126e-02 -6.473374e-01
    outer loop
      vertex   3.834465e+01  0.000000e+00  3.286241e+01
      vertex   4.020270e+01 -6.000000e+00  3.056130e+01
      vertex   3.666277e+01 -6.000000e+00  3.472882e+01
    endloop
  endfacet
  facet normal -7.226657e-01 -1.240295e-02 -6.910864e-01
    outer loop
      vertex   3.834465e+01  0.000000e+00  3.286241e+01
      vertex   3.666277e+01 -6.000000e+00  3.472882e+01
      vertex   3.454183e+01  0.000000e+00  3.683900e+01
    endloop
  endfacet
  facet normal -6.876484e-01  1.223355e-02 -7.259408e-01
    outer loop
      vertex   3.454183e+01  0.000000e+00  3.683900e+01
      vertex   3.666277e+01 -6.000000e+00  3.472882e+01
      vertex   3.269301e+01 -6.000000e+00  3.848919e+01
    endloop
  endfacet
  facet normal -6.431913e-01 -1.237431e-02 -7.656054e-01
    outer loop
      vertex   3.454183e+01  0.000000e+00  3.683900e+01
      vertex   3.269301e+01 -6.000000e+00  3.848919e+01
      vertex   3.032896e+01  0.000000e+00  4.037826e+01
    endloop
  endfacet
  facet normal -6.051288e-01  1.220294e-02 -7.960340e-01
    outer loop
      vertex   3.032896e+01  0.000000e+00  4.037826e+01
      vertex   3.269301e+01 -6.000000e+00  3.848919e+01
      vertex   2.833995e+01 -6.000000e+00  4.179829e+01
    endloop
  endfacet
  facet normal -5.560808e-01 -1.234076e-02 -8.310366e-01
    outer loop
      vertex   3.032896e+01  0.000000e+00  4.037826e+01
      vertex   2.833995e+01 -6.000000e+00  4.179829e+01
      vertex   2.575606e+01  0.000000e+00  4.343818e+01
    endloop
  endfacet
  facet normal -5.155152e-01  1.216862e-02 -8.567939e-01
    outer loop
      vertex   2.575606e+01  0.000000e+00  4.343818e+01
      vertex   2.833995e+01 -6.000000e+00  4.179829e+01
      vertex   2.365462e+01 -6.000000e+00  4.461736e+01
    endloop
  endfacet
  facet normal -4.623686e-01 -1.230357e-02 -8.866024e-01
    outer loop
      vertex   2.575606e+01  0.000000e+00  4.343818e+01
      vertex   2.365462e+01 -6.000000e+00  4.461736e+01
      vertex   2.087739e+01  0.000000e+00  4.598244e+01
    endloop
  endfacet
  facet normal -4.198584e-01  1.212964e-02 -9.075086e-01
    outer loop
      vertex   2.087739e+01  0.000000e+00  4.598244e+01
      vertex   2.365462e+01 -6.000000e+00  4.461736e+01
      vertex   1.869198e+01 -6.000000e+00  4.691332e+01
    endloop
  endfacet
  facet normal -3.631686e-01 -1.226319e-02 -9.316428e-01
    outer loop
      vertex   2.087739e+01  0.000000e+00  4.598244e+01
      vertex   1.869198e+01 -6.000000e+00  4.691332e+01
      vertex   1.575088e+01  0.000000e+00  4.798083e+01
    endloop
  endfacet
  facet normal -3.192792e-01  1.208675e-02 -9.475836e-01
    outer loop
      vertex   1.575088e+01  0.000000e+00  4.798083e+01
      vertex   1.869198e+01 -6.000000e+00  4.691332e+01
      vertex   1.351018e+01 -6.000000e+00  4.865928e+01
    endloop
  endfacet
  facet normal -2.596558e-01 -1.221956e-02 -9.656239e-01
    outer loop
      vertex   1.575088e+01  0.000000e+00  4.798083e+01
      vertex   1.351018e+01 -6.000000e+00  4.865928e+01
      vertex   1.043739e+01  0.000000e+00  4.940962e+01
    endloop
  endfacet
  facet normal -2.149542e-01  1.203990e-02 -9.765499e-01
    outer loop
      vertex   1.043739e+01  0.000000e+00  4.940962e+01
      vertex   1.351018e+01 -6.000000e+00  4.865928e+01
      vertex   8.169991e+00 -6.000000e+00  4.983474e+01
    endloop
  endfacet
  facet normal  0.000000e+00 -1.000000e+00  0.000000e+00
    outer loop
      vertex  -5.580408e+00 -6.000000e+00  5.220258e+01
      vertex  -2.734015e+00 -6.000000e+00  5.042594e+01
      vertex   0.000000e+00 -6.000000e+00  5.250000e+01
    endloop
  endfacet
  facet normal  0.000000e+00 -1.000000e+00 -0.000000e+00
    outer loop
      vertex   0.000000e+00 -6.000000e+00  5.250000e+01
      vertex  -2.734015e+00 -6.000000e+00  5.042594e+01
      vertex   2.734015e+00 -6.000000e+00  5.042594e+01
    endloop
  endfacet
  facet normal  0.000000e+00 -1.000000e+00  0.000000e+00
    outer loop
      vertex   0.000000e+00 -6.000000e+00  5.250000e+01
      vertex   2.734015e+00 -6.000000e+00  5.042594e+01
      vertex   5.580408e+00 -6.000000e+00  5.220258e+01
    endloop
  endfacet
  facet normal  0.000000e+00 -1.000000e+00 -0.000000e+00
    outer loop
      vertex   5.580408e+00 -6.000000e+00  5.220258e+01
      vertex   2.734015e+00 -6.000000e+00  5.042594e+01
      vertex   8.169991e+00 -6.000000e+00  4.983474e+01
    endloop
  endfacet
  facet normal  0.000000e+00 -1.000000e+00  0.000000e+00
    outer loop
      vertex   5.580408e+00 -6.000000e+00  5.220258e+01
      vertex   8.169991e+00 -6.000000e+00  4.983474e+01
      vertex   1.109759e+01 -6.000000e+00  5.131367e+01
    endloop
  endfacet
  facet normal  0.000000e+00 -1.000000e+00 -0.000000e+00
    outer loop
      vertex   1.109759e+01 -6.000000e+00  5.131367e+01
      vertex   8.169991e+00 -6.000000e+00  4.983474e+01
      vertex   1.351018e+01 -6.000000e+00  4.865928e+01
    endloop
  endfacet
  facet normal  0.000000e+00 -1.000000e+00  0.000000e+00
    outer loop
      vertex   1.109759e+01 -6.000000e+00  5.131367e+01
      vertex   1.351018e+01 -6.000000e+00  4.865928e+01
      vertex   1.648903e+01 -6.000000e+00  4.984337e+01
    endloop
  endfacet
  facet normal  0.000000e+00 -1.000000e+00 -0.000000e+00
    outer loop
      vertex   1.648903e+01 -6.000000e+00  4.984337e+01
      vertex   1.351018e+01 -6.000000e+00  4.865928e+01
      vertex   1.869198e+01 -6.000000e+00  4.691332e+01
    endloop
  endfacet
  facet normal  0.000000e+00 -1.000000e+00  0.000000e+00
    outer loop
      vertex   1.648903e+01 -6.000000e+00  4.984337e+01
      vertex   1.869198e+01 -6.000000e+00  4.691332e+01
      vertex   2.169364e+01 -6.000000e+00  4.780833e+01
    endloop
  endfacet
  facet normal  0.000000e+00 -1.000000e+00 -0.000000e+00
    outer loop
      vertex   2.169364e+01 -6.000000e+00  4.780833e+01
      vertex   1.869198e+01 -6.000000e+00  4.691332e+01
      vertex   2.365462e+01 -6.000000e+00  4.461736e+01
    endloop
  endfacet
  facet normal  0.000000e+00 -1.000000e+00  0.000000e+00
    outer loop
      vertex   2.169364e+01 -6.000000e+00  4.780833e+01
      vertex   2.365462e+01 -6.000000e+00  4.461736e+01
      vertex   2.665245e+01 -6.000000e+00  4.523159e+01
    endloop
  endfacet
  facet normal  0.000000e+00 -1.000000e+00 -0.000000e+00
    outer loop
      vertex   2.665245e+01 -6.000000e+00  4.523159e+01
      vertex   2.365462e+01 -6.000000e+00  4.461736e+01
      vertex   2.833995e+01 -6.000000e+00  4.179829e+01
    endloop
  endfacet
  facet normal  0.000000e+00 -1.000000e+00  0.000000e+00
    outer loop
      vertex   2.665245e+01 -6.000000e+00  4.523159e+01
      vertex   2.833995e+01 -6.000000e+00  4.179829e+01
      vertex   3.130928e+01 -6.000000e+00  4.214236e+01
    endloop
  endfacet
  facet normal  0.000000e+00 -1.000000e+00 -0.000000e+00
    outer loop
      vertex   3.130928e+01 -6.000000e+00  4.214236e+01
      vertex   2.833995e+01 -6.000000e+00  4.179829e+01
      vertex   3.269301e+01 -6.000000e+00  3.848919e+01
    endloop
  endfacet
  facet normal  0.000000e+00 -1.000000e+00  0.000000e+00
    outer loop
      vertex   3.130928e+01 -6.000000e+00  4.214236e+01
      vertex   3.269301e+01 -6.000000e+00  3.848919e+01
      vertex   3.561137e+01 -6.000000e+00  3.857564e+01
    endloop
  endfacet
  facet normal  0.000000e+00 -1.000000e+00 -0.000000e+00
    outer loop
      vertex   3.561137e+01 -6.000000e+00  3.857564e+01
      vertex   3.269301e+01 -6.000000e+00  3.848919e+01
      vertex   3.666277e+01 -6.000000e+00  3.472882e+01
    endloop
  endfacet
  facet normal  0.000000e+00 -1.000000e+00  0.000000e+00
    outer loop
      vertex   3.561137e+01 -6.000000e+00  3.857564e+01
      vertex   3.666277e+01 -6.000000e+00  3.472882e+01
      vertex   3.950997e+01 -6.000000e+00  3.457185e+01
    endloop
  endfacet
  facet normal -0.000000e+00 -1.000000e+00 -0.000000e+00
    outer loop
      vertex   3.950997e+01 -6.000000e+00  3.457185e+01
      vertex   3.666277e+01 -6.000000e+00  3.472882e+01
      vertex   4.020270e+01 -6.000000e+00  3.056130e+01
    endloop
  endfacet
  facet normal  0.000000e+00 -1.000000e+00  0.000000e+00
    outer loop
      vertex   3.950997e+01 -6.000000e+00  3.457185e+01
      vertex   4.020270e+01 -6.000000e+00  3.056130e+01
      vertex   4.296090e+01 -6.000000e+00  3.017634e+01
    endloop
  endfacet
  facet normal -0.000000e+00 -1.000000e+00 -0.000000e+00
    outer loop
      vertex   4.296090e+01 -6.000000e+00  3.017634e+01
      vertex   4.020270e+01 -6.000000e+00  3.056130e+01
      vertex   4.327129e+01 -6.000000e+00  2.603547e+01
    endloop
  endfacet
  facet normal  0.000000e+00 -1.000000e+00  0.000000e+00
    outer loop
      vertex   4.296090e+01 -6.000000e+00  3.017634e+01
      vertex   4.327129e+01 -6.000000e+00  2.603547e+01
      vertex   4.592506e+01 -6.000000e+00  2.543892e+01
    endloop
  endfacet
  facet normal -0.000000e+00 -1.000000e+00  0.000000e+00
    outer loop
      vertex   4.592506e+01 -6.000000e+00  2.543892e+01
      vertex   4.327129e+01 -6.000000e+00  2.603547e+01
      vertex   4.583256e+01 -6.000000e+00  2.120440e+01
    endloop
  endfacet
  facet normal  0.000000e+00 -1.000000e+00 -0.000000e+00
    outer loop
      vertex   4.592506e+01 -6.000000e+00  2.543892e+01
      vertex   4.583256e+01 -6.000000e+00  2.120440e+01
      vertex   4.836888e+01 -6.000000e+00  2.041327e+01
    endloop
  endfacet
  facet normal -0.000000e+00 -1.000000e+00  0.000000e+00
    outer loop
      vertex   4.836888e+01 -6.000000e+00  2.041327e+01
      vertex   4.583256e+01 -6.000000e+00  2.120440e+01
      vertex   4.785648e+01 -6.000000e+00  1.612473e+01
    endloop
  endfacet
  facet normal  0.000000e+00 -1.000000e+00 -0.000000e+00
    outer loop
      vertex   4.836888e+01 -6.000000e+00  2.041327e+01
      vertex   4.785648e+01 -6.000000e+00  1.612473e+01
      vertex   5.026466e+01 -6.000000e+00  1.515633e+01
    endloop
  endfacet
  facet normal -0.000000e+00 -1.000000e+00  0.000000e+00
    outer loop
      vertex   5.026466e+01 -6.000000e+00  1.515633e+01
      vertex   4.785648e+01 -6.000000e+00  1.612473e+01
      vertex   4.931934e+01 -6.000000e+00  1.085601e+01
    endloop
  endfacet
  facet normal  0.000000e+00 -1.000000e+00 -0.000000e+00
    outer loop
      vertex   5.026466e+01 -6.000000e+00  1.515633e+01
      vertex   4.931934e+01 -6.000000e+00  1.085601e+01
      vertex   5.159092e+01 -6.000000e+00  9.727658e+00
    endloop
  endfacet
  facet normal -0.000000e+00 -1.000000e+00  0.000000e+00
    outer loop
      vertex   5.159092e+01 -6.000000e+00  9.727658e+00
      vertex   4.931934e+01 -6.000000e+00  1.085601e+01
      vertex   5.020397e+01 -6.000000e+00  5.460010e+00
    endloop
  endfacet
  facet normal  0.000000e+00 -1.000000e+00 -0.000000e+00
    outer loop
      vertex   5.159092e+01 -6.000000e+00  9.727658e+00
      vertex   5.020397e+01 -6.000000e+00  5.460010e+00
      vertex   5.233263e+01 -6.000000e+00  4.188771e+00
    endloop
  endfacet
  facet normal -0.000000e+00 -1.000000e+00  0.000000e+00
    outer loop
      vertex   5.233263e+01 -6.000000e+00  4.188771e+00
      vertex   5.020397e+01 -6.000000e+00  5.460010e+00
      vertex   5.050000e+01 -6.000000e+00  0.000000e+00
    endloop
  endfacet
  facet normal  0.000000e+00 -1.000000e+00 -0.000000e+00
    outer loop
      vertex   5.233263e+01 -6.000000e+00  4.188771e+00
      vertex   5.050000e+01 -6.000000e+00  0.000000e+00
      vertex   5.248139e+01 -6.000000e+00 -1.397577e+00
    endloop
  endfacet
  facet normal -0.000000e+00 -1.000000e+00  0.000000e+00
    outer loop
      vertex   5.248139e+01 -6.000000e+00 -1.397577e+00
      vertex   5.050000e+01 -6.000000e+00  0.000000e+00
      vertex   5.020397e+01 -6.000000e+00 -5.460010e+00
    endloop
  endfacet
  facet normal  0.000000e+00 -1.000000e+00  0.000000e+00
    outer loop
      vertex   5.248139e+01 -6.000000e+00 -1.397577e+00
      vertex   5.020397e+01 -6.000000e+00 -5.460010e+00
      vertex   5.203552e+01 -6.000000e+00 -6.968090e+00
    endloop
  endfacet
  facet normal -0.000000e+00 -1.000000e+00  0.000000e+00
    outer loop
      vertex   5.203552e+01 -6.000000e+00 -6.968090e+00
      vertex   5.020397e+01 -6.000000e+00 -5.460010e+00
      vertex   4.931934e+01 -6.000000e+00 -1.085601e+01
    endloop
  endfacet
  facet normal  0.000000e+00 -1.000000e+00  0.000000e+00
    outer loop
      vertex   5.203552e+01 -6.000000e+00 -6.968090e+00
      vertex   4.931934e+01 -6.000000e+00 -1.085601e+01
      vertex   5.100007e+01 -6.000000e+00 -1.245965e+01
    endloop
  endfacet
  facet normal -0.000000e+00 -1.000000e+00  0.000000e+00
    outer loop
      vertex   5.100007e+01 -6.000000e+00 -1.245965e+01
      vertex   4.931934e+01 -6.000000e+00 -1.085601e+01
      vertex   4.785648e+01 -6.000000e+00 -1.612473e+01
    endloop
  endfacet
  facet normal  0.000000e+00 -1.000000e+00  0.000000e+00
    outer loop
      vertex   5.100007e+01 -6.000000e+00 -1.245965e+01
      vertex   4.785648e+01 -6.000000e+00 -1.612473e+01
      vertex   4.938676e+01 -6.000000e+00 -1.781004e+01
    endloop
  endfacet
  facet normal -0.000000e+00 -1.000000e+00  0.000000e+00
    outer loop
      vertex   4.938676e+01 -6.000000e+00 -1.781004e+01
      vertex   4.785648e+01 -6.000000e+00 -1.612473e+01
      vertex   4.583256e+01 -6.000000e+00 -2.120440e+01
    endloop
  endfacet
  facet normal  0.000000e+00 -1.000000e+00  0.000000e+00
    outer loop
      vertex   4.938676e+01 -6.000000e+00 -1.781004e+01
      vertex   4.583256e+01 -6.000000e+00 -2.120440e+01
      vertex   4.721389e+01 -6.000000e+00 -2.295863e+01
    endloop
  endfacet
  facet normal -0.000000e+00 -1.000000e+00  0.000000e+00
    outer loop
      vertex   4.721389e+01 -6.000000e+00 -2.295863e+01
      vertex   4.583256e+01 -6.000000e+00 -2.120440e+01
      vertex   4.327129e+01 -6.000000e+00 -2.603547e+01
    endloop
  endfacet
  facet normal  0.000000e+00 -1.000000e+00  0.000000e+00
    outer loop
      vertex   4.721389e+01 -6.000000e+00 -2.295863e+01
      vertex   4.327129e+01 -6.000000e+00 -2.603547e+01
      vertex   4.450606e+01 -6.000000e+00 -2.784710e+01
    endloop
  endfacet
  facet normal -0.000000e+00 -1.000000e+00  0.000000e+00
    outer loop
      vertex   4.450606e+01 -6.000000e+00 -2.784710e+01
      vertex   4.327129e+01 -6.000000e+00 -2.603547e+01
      vertex   4.020270e+01 -6.000000e+00 -3.056130e+01
    endloop
  endfacet
  facet normal  0.000000e+00 -1.000000e+00  0.000000e+00
    outer loop
      vertex   4.450606e+01 -6.000000e+00 -2.784710e+01
      vertex   4.020270e+01 -6.000000e+00 -3.056130e+01
      vertex   4.129395e+01 -6.000000e+00 -3.242004e+01
    endloop
  endfacet
  facet normal -0.000000e+00 -1.000000e+00  0.000000e+00
    outer loop
      vertex   4.129395e+01 -6.000000e+00 -3.242004e+01
      vertex   4.020270e+01 -6.000000e+00 -3.056130e+01
      vertex   3.666277e+01 -6.000000e+00 -3.472882e+01
    endloop
  endfacet
  facet normal  0.000000e+00 -1.000000e+00  0.000000e+00
    outer loop
      vertex   4.129395e+01 -6.000000e+00 -3.242004e+01
      vertex   3.666277e+01 -6.000000e+00 -3.472882e+01
      vertex   3.761398e+01 -6.000000e+00 -3.662566e+01
    endloop
  endfacet
  facet normal -0.000000e+00 -1.000000e+00  0.000000e+00
    outer loop
      vertex   3.761398e+01 -6.000000e+00 -3.662566e+01
      vertex   3.666277e+01 -6.000000e+00 -3.472882e+01
      vertex   3.269301e+01 -6.000000e+00 -3.848919e+01
    endloop
  endfacet
  facet normal  0.000000e+00 -1.000000e+00  0.000000e+00
    outer loop
      vertex   3.761398e+01 -6.000000e+00 -3.662566e+01
      vertex   3.269301e+01 -6.000000e+00 -3.848919e+01
      vertex   3.350782e+01 -6.000000e+00 -4.041628e+01
    endloop
  endfacet
  facet normal -0.000000e+00 -1.000000e+00  0.000000e+00
    outer loop
      vertex   3.350782e+01 -6.000000e+00 -4.041628e+01
      vertex   3.269301e+01 -6.000000e+00 -3.848919e+01
      vertex   2.833995e+01 -6.000000e+00 -4.179829e+01
    endloop
  endfacet
  facet normal  0.000000e+00 -1.000000e+00  0.000000e+00
    outer loop
      vertex   3.350782e+01 -6.000000e+00 -4.041628e+01
      vertex   2.833995e+01 -6.000000e+00 -4.179829e+01
      vertex   2.902201e+01 -6.000000e+00 -4.374898e+01
    endloop
  endfacet
  facet normal -0.000000e+00 -1.000000e+00  0.000000e+00
    outer loop
      vertex   2.902201e+01 -6.000000e+00 -4.374898e+01
      vertex   2.833995e+01 -6.000000e+00 -4.179829e+01
      vertex   2.365462e+01 -6.000000e+00 -4.461736e+01
    endloop
  endfacet
  facet normal  0.000000e+00 -1.000000e+00  0.000000e+00
    outer loop
      vertex   2.902201e+01 -6.000000e+00 -4.374898e+01
      vertex   2.365462e+01 -6.000000e+00 -4.461736e+01
      vertex   2.420736e+01 -6.000000e+00 -4.658598e+01
    endloop
  endfacet
  facet normal -0.000000e+00 -1.000000e+00  0.000000e+00
    outer loop
      vertex   2.420736e+01 -6.000000e+00 -4.658598e+01
      vertex   2.365462e+01 -6.000000e+00 -4.461736e+01
      vertex   1.869198e+01 -6.000000e+00 -4.691332e+01
    endloop
  endfacet
  facet normal  0.000000e+00 -1.000000e+00  0.000000e+00
    outer loop
      vertex   2.420736e+01 -6.000000e+00 -4.658598e+01
      vertex   1.869198e+01 -6.000000e+00 -4.691332e+01
      vertex   1.911843e+01 -6.000000e+00 -4.889515e+01
    endloop
  endfacet
  facet normal  0.000000e+00 -1.000000e+00  0.000000e+00
    outer loop
      vertex   1.911843e+01 -6.000000e+00 -4.889515e+01
      vertex   1.869198e+01 -6.000000e+00 -4.691332e+01
      vertex   1.351018e+01 -6.000000e+00 -4.865928e+01
    endloop
  endfacet
  facet normal -0.000000e+00 -1.000000e+00  0.000000e+00
    outer loop
      vertex   1.911843e+01 -6.000000e+00 -4.889515e+01
      vertex   1.351018e+01 -6.000000e+00 -4.865928e+01
      vertex   1.381288e+01 -6.000000e+00 -5.065031e+01
    endloop
  endfacet
  facet normal  0.000000e+00 -1.000000e+00  0.000000e+00
    outer loop
      vertex   1.381288e+01 -6.000000e+00 -5.065031e+01
      vertex   1.351018e+01 -6.000000e+00 -4.865928e+01
      vertex   8.169991e+00 -6.000000e+00 -4.983474e+01
    endloop
  endfacet
  facet normal -0.000000e+00 -1.000000e+00  0.000000e+00
    outer loop
      vertex   1.381288e+01 -6.000000e+00 -5.065031e+01
      vertex   8.169991e+00 -6.000000e+00 -4.983474e+01
      vertex   8.350834e+00 -6.000000e+00 -5.183159e+01
    endloop
  endfacet
  facet normal  0.000000e+00 -1.000000e+00  0.000000e+00
    outer loop
      vertex   8.350834e+00 -6.000000e+00 -5.183159e+01
      vertex   8.169991e+00 -6.000000e+00 -4.983474e+01
      vertex   2.734015e+00 -6.000000e+00 -5.042594e+01
    endloop
  endfacet
  facet normal -0.000000e+00 -1.000000e+00  0.000000e+00
    outer loop
      vertex   8.350834e+00 -6.000000e+00 -5.183159e+01
      vertex   2.734015e+00 -6.000000e+00 -5.042594e+01
      vertex   2.794164e+00 -6.000000e+00 -5.242559e+01
    endloop
  endfacet
  facet normal  0.000000e+00 -1.000000e+00  0.000000e+00
    outer loop
      vertex   2.794164e+00 -6.000000e+00 -5.242559e+01
      vertex   2.734015e+00 -6.000000e+00 -5.042594e+01
      vertex  -2.794164e+00 -6.000000e+00 -5.242559e+01
    endloop
  endfacet
  facet normal  0.000000e+00 -1.000000e+00  0.000000e+00
    outer loop
      vertex  -2.794164e+00 -6.000000e+00 -5.242559e+01
      vertex   2.734015e+00 -6.000000e+00 -5.042594e+01
      vertex  -2.734015e+00 -6.000000e+00 -5.042594e+01
    endloop
  endfacet
  facet normal  0.000000e+00 -1.000000e+00  0.000000e+00
    outer loop
      vertex  -2.794164e+00 -6.000000e+00 -5.242559e+01
      vertex  -2.734015e+00 -6.000000e+00 -5.042594e+01
      vertex  -8.350834e+00 -6.000000e+00 -5.183159e+01
    endloop
  endfacet
  facet normal  0.000000e+00 -1.000000e+00  0.000000e+00
    outer loop
      vertex  -8.350834e+00 -6.000000e+00 -5.183159e+01
      vertex  -2.734015e+00 -6.000000e+00 -5.042594e+01
      vertex  -8.169991e+00 -6.000000e+00 -4.983474e+01
    endloop
  endfacet
  facet normal  0.000000e+00 -1.000000e+00  0.000000e+00
    outer loop
      vertex  -8.350834e+00 -6.000000e+00 -5.183159e+01
      vertex  -8.169991e+00 -6.000000e+00 -4.983474e+01
      vertex  -1.381288e+01 -6.000000e+00 -5.065031e+01
    endloop
  endfacet
  facet normal  0.000000e+00 -1.000000e+00  0.000000e+00
    outer loop
      vertex  -1.381288e+01 -6.000000e+00 -5.065031e+01
      vertex  -8.169991e+00 -6.000000e+00 -4.983474e+01
      vertex  -1.351018e+01 -6.000000e+00 -4.865928e+01
    endloop
  endfacet
  facet normal  0.000000e+00 -1.000000e+00  0.000000e+00
    outer loop
      vertex  -1.381288e+01 -6.000000e+00 -5.065031e+01
      vertex  -1.351018e+01 -6.000000e+00 -4.865928e+01
      vertex  -1.911843e+01 -6.000000e+00 -4.889515e+01
    endloop
  endfacet
  facet normal  0.000000e+00 -1.000000e+00  0.000000e+00
    outer loop
      vertex  -1.911843e+01 -6.000000e+00 -4.889515e+01
      vertex  -1.351018e+01 -6.000000e+00 -4.865928e+01
      vertex  -1.869198e+01 -6.000000e+00 -4.691332e+01
    endloop
  endfacet
  facet normal  0.000000e+00 -1.000000e+00  0.000000e+00
    outer loop
      vertex  -1.911843e+01 -6.000000e+00 -4.889515e+01
      vertex  -1.869198e+01 -6.000000e+00 -4.691332e+01
      vertex  -2.420736e+01 -6.000000e+00 -4.658598e+01
    endloop
  endfacet
  facet normal  0.000000e+00 -1.000000e+00  0.000000e+00
    outer loop
      vertex  -2.420736e+01 -6.000000e+00 -4.658598e+01
      vertex  -1.869198e+01 -6.000000e+00 -4.691332e+01
      vertex  -2.365462e+01 -6.000000e+00 -4.461736e+01
    endloop
  endfacet
  facet normal  0.000000e+00 -1.000000e+00  0.000000e+00
    outer loop
      vertex  -2.420736e+01 -6.000000e+00 -4.658598e+01
      vertex  -2.365462e+01 -6.000000e+00 -4.461736e+01
      vertex  -2.902201e+01 -6.000000e+00 -4.374898e+01
    endloop
  endfacet
  facet normal  0.000000e+00 -1.000000e+00  0.000000e+00
    outer loop
      vertex  -2.902201e+01 -6.000000e+00 -4.374898e+01
      vertex  -2.365462e+01 -6.000000e+00 -4.461736e+01
      vertex  -2.833995e+01 -6.000000e+00 -4.179829e+01
    endloop
  endfacet
  facet normal  0.000000e+00 -1.000000e+00  0.000000e+00
    outer loop
      vertex  -2.902201e+01 -6.000000e+00 -4.374898e+01
      vertex  -2.833995e+01 -6.000000e+00 -4.179829e+01
      vertex  -3.350782e+01 -6.000000e+00 -4.041628e+01
    endloop
  endfacet
  facet normal  0.000000e+00 -1.000000e+00  0.000000e+00
    outer loop
      vertex  -3.350782e+01 -6.000000e+00 -4.041628e+01
      vertex  -2.833995e+01 -6.000000e+00 -4.179829e+01
      vertex  -3.269301e+01 -6.000000e+00 -3.848919e+01
    endloop
  endfacet
  facet normal  0.000000e+00 -1.000000e+00  0.000000e+00
    outer loop
      vertex  -3.350782e+01 -6.000000e+00 -4.041628e+01
      vertex  -3.269301e+01 -6.000000e+00 -3.848919e+01
      vertex  -3.761398e+01 -6.000000e+00 -3.662566e+01
    endloop
  endfacet
  facet normal  0.000000e+00 -1.000000e+00  0.000000e+00
    outer loop
      vertex  -3.761398e+01 -6.000000e+00 -3.662566e+01
      vertex  -3.269301e+01 -6.000000e+00 -3.848919e+01
      vertex  -3.666277e+01 -6.000000e+00 -3.472882e+01
    endloop
  endfacet
  facet normal  0.000000e+00 -1.000000e+00  0.000000e+00
    outer loop
      vertex  -3.761398e+01 -6.000000e+00 -3.662566e+01
      vertex  -3.666277e+01 -6.000000e+00 -3.472882e+01
      vertex  -4.129395e+01 -6.000000e+00 -3.242004e+01
    endloop
  endfacet
  facet normal  0.000000e+00 -1.000000e+00  0.000000e+00
    outer loop
      vertex  -4.129395e+01 -6.000000e+00 -3.242004e+01
      vertex  -3.666277e+01 -6.000000e+00 -3.472882e+01
      vertex  -4.020270e+01 -6.000000e+00 -3.056130e+01
    endloop
  endfacet
  facet normal  0.000000e+00 -1.000000e+00  0.000000e+00
    outer loop
      vertex  -4.129395e+01 -6.000000e+00 -3.242004e+01
      vertex  -4.020270e+01 -6.000000e+00 -3.056130e+01
      vertex  -4.450606e+01 -6.000000e+00 -2.784710e+01
    endloop
  endfacet
  facet normal  0.000000e+00 -1.000000e+00  0.000000e+00
    outer loop
      vertex  -4.450606e+01 -6.000000e+00 -2.784710e+01
      vertex  -4.020270e+01 -6.000000e+00 -3.056130e+01
      vertex  -4.327129e+01 -6.000000e+00 -2.603547e+01
    endloop
  endfacet
  facet normal  0.000000e+00 -1.000000e+00  0.000000e+00
    outer loop
      vertex  -4.450606e+01 -6.000000e+00 -2.784710e+01
      vertex  -4.327129e+01 -6.000000e+00 -2.603547e+01
      vertex  -4.721389e+01 -6.000000e+00 -2.295863e+01
    endloop
  endfacet
  facet normal  0.000000e+00 -1.000000e+00  0.000000e+00
    outer loop
      vertex  -4.721389e+01 -6.000000e+00 -2.295863e+01
      vertex  -4.327129e+01 -6.000000e+00 -2.603547e+01
      vertex  -4.583256e+01 -6.000000e+00 -2.120440e+01
    endloop
  endfacet
  facet normal  0.000000e+00 -1.000000e+00  0.000000e+00
    outer loop
      vertex  -4.721389e+01 -6.000000e+00 -2.295863e+01
      vertex  -4.583256e+01 -6.000000e+00 -2.120440e+01
      vertex  -4.938676e+01 -6.000000e+00 -1.781004e+01
    endloop
  endfacet
  facet normal  0.000000e+00 -1.000000e+00  0.000000e+00
    outer loop
      vertex  -4.938676e+01 -6.000000e+00 -1.781004e+01
      vertex  -4.583256e+01 -6.000000e+00 -2.120440e+01
      vertex  -4.785648e+01 -6.000000e+00 -1.612473e+01
    endloop
  endfacet
  facet normal  0.000000e+00 -1.000000e+00  0.000000e+00
    outer loop
      vertex  -4.938676e+01 -6.000000e+00 -1.781004e+01
      vertex  -4.785648e+01 -6.000000e+00 -1.612473e+01
      vertex  -5.100007e+01 -6.000000e+00 -1.245965e+01
    endloop
  endfacet
  facet normal  0.000000e+00 -1.000000e+00  0.000000e+00
    outer loop
      vertex  -5.100007e+01 -6.000000e+00 -1.245965e+01
      vertex  -4.785648e+01 -6.000000e+00 -1.612473e+01
      vertex  -4.931934e+01 -6.000000e+00 -1.085601e+01
    endloop
  endfacet
  facet normal  0.000000e+00 -1.000000e+00  0.000000e+00
    outer loop
      vertex  -5.100007e+01 -6.000000e+00 -1.245965e+01
      vertex  -4.931934e+01 -6.000000e+00 -1.085601e+01
      vertex  -5.203552e+01 -6.000000e+00 -6.968090e+00
    endloop
  endfacet
  facet normal  0.000000e+00 -1.000000e+00  0.000000e+00
    outer loop
      vertex  -5.203552e+01 -6.000000e+00 -6.968090e+00
      vertex  -4.931934e+01 -6.000000e+00 -1.085601e+01
      vertex  -5.020397e+01 -6.000000e+00 -5.460010e+00
    endloop
  endfacet
  facet normal  0.000000e+00 -1.000000e+00  0.000000e+00
    outer loop
      vertex  -5.203552e+01 -6.000000e+00 -6.968090e+00
      vertex  -5.020397e+01 -6.000000e+00 -5.460010e+00
      vertex  -5.248139e+01 -6.000000e+00 -1.397577e+00
    endloop
  endfacet
  facet normal  0.000000e+00 -1.000000e+00  0.000000e+00
    outer loop
      vertex  -5.248139e+01 -6.000000e+00 -1.397577e+00
      vertex  -5.020397e+01 -6.000000e+00 -5.460010e+00
      vertex  -5.050000e+01 -6.000000e+00  0.000000e+00
    endloop
  endfacet
  facet normal  0.000000e+00 -1.000000e+00  0.000000e+00
    outer loop
      vertex  -5.248139e+01 -6.000000e+00 -1.397577e+00
      vertex  -5.050000e+01 -6.000000e+00  0.000000e+00
      vertex  -5.233263e+01 -6.000000e+00  4.188771e+00
    endloop
  endfacet
  facet normal  0.000000e+00 -1.000000e+00  0.000000e+00
    outer loop
      vertex  -5.233263e+01 -6.000000e+00  4.188771e+00
      vertex  -5.050000e+01 -6.000000e+00  0.000000e+00
      vertex  -5.020397e+01 -6.000000e+00  5.460010e+00
    endloop
  endfacet
  facet normal  0.000000e+00 -1.000000e+00  0.000000e+00
    outer loop
      vertex  -5.233263e+01 -6.000000e+00  4.188771e+00
      vertex  -5.020397e+01 -6.000000e+00  5.460010e+00
      vertex  -5.159092e+01 -6.000000e+00  9.727658e+00
    endloop
  endfacet
  facet normal  0.000000e+00 -1.000000e+00  0.000000e+00
    outer loop
      vertex  -5.159092e+01 -6.000000e+00  9.727658e+00
      vertex  -5.020397e+01 -6.000000e+00  5.460010e+00
      vertex  -4.931934e+01 -6.000000e+00  1.085601e+01
    endloop
  endfacet
  facet normal  0.000000e+00 -1.000000e+00  0.000000e+00
    outer loop
      vertex  -5.159092e+01 -6.000000e+00  9.727658e+00
      vertex  -4.931934e+01 -6.000000e+00  1.085601e+01
      vertex  -5.026466e+01 -6.000000e+00  1.515633e+01
    endloop
  endfacet
  facet normal  0.000000e+00 -1.000000e+00  0.000000e+00
    outer loop
      vertex  -5.026466e+01 -6.000000e+00  1.515633e+01
      vertex  -4.931934e+01 -6.000000e+00  1.085601e+01
      vertex  -4.785648e+01 -6.000000e+00  1.612473e+01
    endloop
  endfacet
  facet normal  0.000000e+00 -1.000000e+00  0.000000e+00
    outer loop
      vertex  -5.026466e+01 -6.000000e+00  1.515633e+01
      vertex  -4.785648e+01 -6.000000e+00  1.612473e+01
      vertex  -4.836888e+01 -6.000000e+00  2.041327e+01
    endloop
  endfacet
  facet normal  0.000000e+00 -1.000000e+00  0.000000e+00
    outer loop
      vertex  -4.836888e+01 -6.000000e+00  2.041327e+01
      vertex  -4.785648e+01 -6.000000e+00  1.612473e+01
      vertex  -4.583256e+01 -6.000000e+00  2.120440e+01
    endloop
  endfacet
  facet normal  0.000000e+00 -1.000000e+00  0.000000e+00
    outer loop
      vertex  -4.836888e+01 -6.000000e+00  2.041327e+01
      vertex  -4.583256e+01 -6.000000e+00  2.120440e+01
      vertex  -4.592506e+01 -6.000000e+00  2.543892e+01
    endloop
  endfacet
  facet normal  0.000000e+00 -1.000000e+00  0.000000e+00
    outer loop
      vertex  -4.592506e+01 -6.000000e+00  2.543892e+01
      vertex  -4.583256e+01 -6.000000e+00  2.120440e+01
      vertex  -4.327129e+01 -6.000000e+00  2.603547e+01
    endloop
  endfacet
  facet normal  0.000000e+00 -1.000000e+00  0.000000e+00
    outer loop
      vertex  -4.592506e+01 -6.000000e+00  2.543892e+01
      vertex  -4.327129e+01 -6.000000e+00  2.603547e+01
      vertex  -4.296090e+01 -6.000000e+00  3.017634e+01
    endloop
  endfacet
  facet normal  0.000000e+00 -1.000000e+00 -0.000000e+00
    outer loop
      vertex  -4.296090e+01 -6.000000e+00  3.017634e+01
      vertex  -4.327129e+01 -6.000000e+00  2.603547e+01
      vertex  -4.020270e+01 -6.000000e+00  3.056130e+01
    endloop
  endfacet
  facet normal  0.000000e+00 -1.000000e+00  0.000000e+00
    outer loop
      vertex  -4.296090e+01 -6.000000e+00  3.017634e+01
      vertex  -4.020270e+01 -6.000000e+00  3.056130e+01
      vertex  -3.950997e+01 -6.000000e+00  3.457185e+01
    endloop
  endfacet
  facet normal  0.000000e+00 -1.000000e+00 -0.000000e+00
    outer loop
      vertex  -3.950997e+01 -6.000000e+00  3.457185e+01
      vertex  -4.020270e+01 -6.000000e+00  3.056130e+01
      vertex  -3.666277e+01 -6.000000e+00  3.472882e+01
    endloop
  endfacet
  facet normal  0.000000e+00 -1.000000e+00  0.000000e+00
    outer loop
      vertex  -3.950997e+01 -6.000000e+00  3.457185e+01
      vertex  -3.666277e+01 -6.000000e+00  3.472882e+01
      vertex  -3.561137e+01 -6.000000e+00  3.857564e+01
    endloop
  endfacet
  facet normal  0.000000e+00 -1.000000e+00 -0.000000e+00
    outer loop
      vertex  -3.561137e+01 -6.000000e+00  3.857564e+01
      vertex  -3.666277e+01 -6.000000e+00  3.472882e+01
      vertex  -3.269301e+01 -6.000000e+00  3.848919e+01
    endloop
  endfacet
  facet normal  0.000000e+00 -1.000000e+00  0.000000e+00
    outer loop
      vertex  -3.561137e+01 -6.000000e+00  3.857564e+01
      vertex  -3.269301e+01 -6.000000e+00  3.848919e+01
      vertex  -3.130928e+01 -6.000000e+00  4.214236e+01
    endloop
  endfacet
  facet normal  0.000000e+00 -1.000000e+00 -0.000000e+00
    outer loop
      vertex  -3.130928e+01 -6.000000e+00  4.214236e+01
      vertex  -3.269301e+01 -6.000000e+00  3.848919e+01
      vertex  -2.833995e+01 -6.000000e+00  4.179829e+01
    endloop
  endfacet
  facet normal  0.000000e+00 -1.000000e+00  0.000000e+00
    outer loop
      vertex  -3.130928e+01 -6.000000e+00  4.214236e+01
      vertex  -2.833995e+01 -6.000000e+00  4.179829e+01
      vertex  -2.665245e+01 -6.000000e+00  4.523159e+01
    endloop
  endfacet
  facet normal  0.000000e+00 -1.000000e+00 -0.000000e+00
    outer loop
      vertex  -2.665245e+01 -6.000000e+00  4.523159e+01
      vertex  -2.833995e+01 -6.000000e+00  4.179829e+01
      vertex  -2.365462e+01 -6.000000e+00  4.461736e+01
    endloop
  endfacet
  facet normal  0.000000e+00 -1.000000e+00  0.000000e+00
    outer loop
      vertex  -2.665245e+01 -6.000000e+00  4.523159e+01
      vertex  -2.365462e+01 -6.000000e+00  4.461736e+01
      vertex  -2.169364e+01 -6.000000e+00  4.780833e+01
    endloop
  endfacet
  facet normal  0.000000e+00 -1.000000e+00 -0.000000e+00
    outer loop
      vertex  -2.169364e+01 -6.000000e+00  4.780833e+01
      vertex  -2.365462e+01 -6.000000e+00  4.461736e+01
      vertex  -1.869198e+01 -6.000000e+00  4.691332e+01
    endloop
  endfacet
  facet normal  0.000000e+00 -1.000000e+00  0.000000e+00
    outer loop
      vertex  -2.169364e+01 -6.000000e+00  4.780833e+01
      vertex  -1.869198e+01 -6.000000e+00  4.691332e+01
      vertex  -1.648903e+01 -6.000000e+00  4.984337e+01
    endloop
  endfacet
  facet normal  0.000000e+00 -1.000000e+00 -0.000000e+00
    outer loop
      vertex  -1.648903e+01 -6.000000e+00  4.984337e+01
      vertex  -1.869198e+01 -6.000000e+00  4.691332e+01
      vertex  -1.351018e+01 -6.000000e+00  4.865928e+01
    endloop
  endfacet
  facet normal  0.000000e+00 -1.000000e+00  0.000000e+00
    outer loop
      vertex  -1.648903e+01 -6.000000e+00  4.984337e+01
      vertex  -1.351018e+01 -6.000000e+00  4.865928e+01
      vertex  -1.109759e+01 -6.000000e+00  5.131367e+01
    endloop
  endfacet
  facet normal  0.000000e+00 -1.000000e+00 -0.000000e+00
    outer loop
      vertex  -1.109759e+01 -6.000000e+00  5.131367e+01
      vertex  -1.351018e+01 -6.000000e+00  4.865928e+01
      vertex  -8.169991e+00 -6.000000e+00  4.983474e+01
    endloop
  endfacet
  facet normal  0.000000e+00 -1.000000e+00  0.000000e+00
    outer loop
      vertex  -1.109759e+01 -6.000000e+00  5.131367e+01
      vertex  -8.169991e+00 -6.000000e+00  4.983474e+01
      vertex  -5.580408e+00 -6.000000e+00  5.220258e+01
    endloop
  endfacet
  facet normal  0.000000e+00 -1.000000e+00 -0.000000e+00
    outer loop
      vertex  -5.580408e+00 -6.000000e+00  5.220258e+01
      vertex  -8.169991e+00 -6.000000e+00  4.983474e+01
      vertex  -2.734015e+00 -6.000000e+00  5.042594e+01
    endloop
  endfacet
  facet normal  0.000000e+00 -1.000000e+00  0.000000e+00
    outer loop
      vertex   5.000000e+00  0.000000e+00 -5.025187e+01
      vertex   1.043739e+01  0.000000e+00 -4.940962e+01
      vertex   5.000000e+00  0.000000e+00 -4.623040e+01
    endloop
  endfacet
  facet normal  0.000000e+00 -1.000000e+00  0.000000e+00
    outer loop
      vertex   5.000000e+00  0.000000e+00 -4.623040e+01
      vertex   1.043739e+01  0.000000e+00 -4.940962e+01
      vertex   1.016031e+01  0.000000e+00 -4.537640e+01
    endloop
  endfacet
  facet normal  0.000000e+00 -1.000000e+00  0.000000e+00
    outer loop
      vertex   1.016031e+01  0.000000e+00 -4.537640e+01
      vertex   1.043739e+01  0.000000e+00 -4.940962e+01
      vertex   1.519206e+01  0.000000e+00 -4.394828e+01
    endloop
  endfacet
  facet normal  0.000000e+00 -1.000000e+00 -0.000000e+00
    outer loop
      vertex   1.519206e+01  0.000000e+00 -4.394828e+01
      vertex   1.043739e+01  0.000000e+00 -4.940962e+01
      vertex   1.575088e+01  0.000000e+00 -4.798083e+01
    endloop
  endfacet
  facet normal  0.000000e+00 -1.000000e+00  0.000000e+00
    outer loop
      vertex   1.519206e+01  0.000000e+00 -4.394828e+01
      vertex   1.575088e+01  0.000000e+00 -4.798083e+01
      vertex   2.003160e+01  0.000000e+00 -4.196409e+01
    endloop
  endfacet
  facet normal  0.000000e+00 -1.000000e+00 -0.000000e+00
    outer loop
      vertex   2.003160e+01  0.000000e+00 -4.196409e+01
      vertex   1.575088e+01  0.000000e+00 -4.798083e+01
      vertex   2.087739e+01  0.000000e+00 -4.598244e+01
    endloop
  endfacet
  facet normal  0.000000e+00 -1.000000e+00  0.000000e+00
    outer loop
      vertex   2.003160e+01  0.000000e+00 -4.196409e+01
      vertex   2.087739e+01  0.000000e+00 -4.598244e+01
      vertex   2.461768e+01  0.000000e+00 -3.944895e+01
    endloop
  endfacet
  facet normal  0.000000e+00 -1.000000e+00 -0.000000e+00
    outer loop
      vertex   2.461768e+01  0.000000e+00 -3.944895e+01
      vertex   2.087739e+01  0.000000e+00 -4.598244e+01
      vertex   2.575606e+01  0.000000e+00 -4.343818e+01
    endloop
  endfacet
  facet normal  0.000000e+00 -1.000000e+00  0.000000e+00
    outer loop
      vertex   2.461768e+01  0.000000e+00 -3.944895e+01
      vertex   2.575606e+01  0.000000e+00 -4.343818e+01
      vertex   2.889228e+01  0.000000e+00 -3.643468e+01
    endloop
  endfacet
  facet normal  0.000000e+00 -1.000000e+00 -0.000000e+00
    outer loop
      vertex   2.889228e+01  0.000000e+00 -3.643468e+01
      vertex   2.575606e+01  0.000000e+00 -4.343818e+01
      vertex   3.032896e+01  0.000000e+00 -4.037826e+01
    endloop
  endfacet
  facet normal  0.000000e+00 -1.000000e+00  0.000000e+00
    outer loop
      vertex   2.889228e+01  0.000000e+00 -3.643468e+01
      vertex   3.032896e+01  0.000000e+00 -4.037826e+01
      vertex   3.280133e+01  0.000000e+00 -3.295942e+01
    endloop
  endfacet
  facet normal  0.000000e+00 -1.000000e+00 -0.000000e+00
    outer loop
      vertex   3.280133e+01  0.000000e+00 -3.295942e+01
      vertex   3.032896e+01  0.000000e+00 -4.037826e+01
      vertex   3.454183e+01  0.000000e+00 -3.683900e+01
    endloop
  endfacet
  facet normal  0.000000e+00 -1.000000e+00  0.000000e+00
    outer loop
      vertex   3.280133e+01  0.000000e+00 -3.295942e+01
      vertex   3.454183e+01  0.000000e+00 -3.683900e+01
      vertex   3.629535e+01  0.000000e+00 -2.906713e+01
    endloop
  endfacet
  facet normal  0.000000e+00 -1.000000e+00 -0.000000e+00
    outer loop
      vertex   3.629535e+01  0.000000e+00 -2.906713e+01
      vertex   3.454183e+01  0.000000e+00 -3.683900e+01
      vertex   3.834465e+01  0.000000e+00 -3.286241e+01
    endloop
  endfacet
  facet normal  0.000000e+00 -1.000000e+00  0.000000e+00
    outer loop
      vertex   3.629535e+01  0.000000e+00 -2.906713e+01
      vertex   3.834465e+01  0.000000e+00 -3.286241e+01
      vertex   3.933014e+01  0.000000e+00 -2.480706e+01
    endloop
  endfacet
  facet normal  0.000000e+00 -1.000000e+00 -0.000000e+00
    outer loop
      vertex   3.933014e+01  0.000000e+00 -2.480706e+01
      vertex   3.834465e+01  0.000000e+00 -3.286241e+01
      vertex   4.169226e+01  0.000000e+00 -2.849571e+01
    endloop
  endfacet
  facet normal  0.000000e+00 -1.000000e+00  0.000000e+00
    outer loop
      vertex   3.933014e+01  0.000000e+00 -2.480706e+01
      vertex   4.169226e+01  0.000000e+00 -2.849571e+01
      vertex   4.186730e+01  0.000000e+00 -2.023313e+01
    endloop
  endfacet
  facet normal  0.000000e+00 -1.000000e+00 -0.000000e+00
    outer loop
      vertex   4.186730e+01  0.000000e+00 -2.023313e+01
      vertex   4.169226e+01  0.000000e+00 -2.849571e+01
      vertex   4.454494e+01  0.000000e+00 -2.379072e+01
    endloop
  endfacet
  facet normal  0.000000e+00 -1.000000e+00  0.000000e+00
    outer loop
      vertex   4.186730e+01  0.000000e+00 -2.023313e+01
      vertex   4.454494e+01  0.000000e+00 -2.379072e+01
      vertex   4.387473e+01  0.000000e+00 -1.540319e+01
    endloop
  endfacet
  facet normal  0.000000e+00 -1.000000e+00  0.000000e+00
    outer loop
      vertex   4.387473e+01  0.000000e+00 -1.540319e+01
      vertex   4.454494e+01  0.000000e+00 -2.379072e+01
      vertex   4.686881e+01  0.000000e+00 -1.880331e+01
    endloop
  endfacet
  facet normal  0.000000e+00 -1.000000e+00  0.000000e+00
    outer loop
      vertex   4.387473e+01  0.000000e+00 -1.540319e+01
      vertex   4.686881e+01  0.000000e+00 -1.880331e+01
      vertex   4.532703e+01  0.000000e+00 -1.037836e+01
    endloop
  endfacet
  facet normal  0.000000e+00 -1.000000e+00  0.000000e+00
    outer loop
      vertex   4.532703e+01  0.000000e+00 -1.037836e+01
      vertex   4.686881e+01  0.000000e+00 -1.880331e+01
      vertex   4.863629e+01  0.000000e+00 -1.359269e+01
    endloop
  endfacet
  facet normal  0.000000e+00 -1.000000e+00  0.000000e+00
    outer loop
      vertex   4.532703e+01  0.000000e+00 -1.037836e+01
      vertex   4.863629e+01  0.000000e+00 -1.359269e+01
      vertex   4.620583e+01  0.000000e+00 -5.222217e+00
    endloop
  endfacet
  facet normal  0.000000e+00 -1.000000e+00  0.000000e+00
    outer loop
      vertex   4.620583e+01  0.000000e+00 -5.222217e+00
      vertex   4.863629e+01  0.000000e+00 -1.359269e+01
      vertex   4.982640e+01  0.000000e+00 -8.220698e+00
    endloop
  endfacet
  facet normal  0.000000e+00 -1.000000e+00  0.000000e+00
    outer loop
      vertex   4.620583e+01  0.000000e+00 -5.222217e+00
      vertex   4.982640e+01  0.000000e+00 -8.220698e+00
      vertex   5.042500e+01  0.000000e+00 -2.751119e+00
    endloop
  endfacet
  facet normal  0.000000e+00 -1.000000e+00  0.000000e+00
    outer loop
      vertex   4.620583e+01  0.000000e+00 -5.222217e+00
      vertex   5.042500e+01  0.000000e+00 -2.751119e+00
      vertex   4.650000e+01  0.000000e+00  0.000000e+00
    endloop
  endfacet
  facet normal  0.000000e+00 -1.000000e+00  0.000000e+00
    outer loop
      vertex   4.650000e+01  0.000000e+00  0.000000e+00
      vertex   5.042500e+01  0.000000e+00 -2.751119e+00
      vertex   5.042500e+01  0.000000e+00  2.751119e+00
    endloop
  endfacet
  facet normal  0.000000e+00 -1.000000e+00  0.000000e+00
    outer loop
      vertex   4.650000e+01  0.000000e+00  0.000000e+00
      vertex   5.042500e+01  0.000000e+00  2.751119e+00
      vertex   4.620583e+01  0.000000e+00  5.222217e+00
    endloop
  endfacet
  facet normal  0.000000e+00 -1.000000e+00  0.000000e+00
    outer loop
      vertex   4.620583e+01  0.000000e+00  5.222217e+00
      vertex   5.042500e+01  0.000000e+00  2.751119e+00
      vertex   4.982640e+01  0.000000e+00  8.220698e+00
    endloop
  endfacet
  facet normal  0.000000e+00 -1.000000e+00  0.000000e+00
    outer loop
      vertex   4.620583e+01  0.000000e+00  5.222217e+00
      vertex   4.982640e+01  0.000000e+00  8.220698e+00
      vertex   4.863629e+01  0.000000e+00  1.359269e+01
    endloop
  endfacet
  facet normal  0.000000e+00 -1.000000e+00  0.000000e+00
    outer loop
      vertex   4.620583e+01  0.000000e+00  5.222217e+00
      vertex   4.863629e+01  0.000000e+00  1.359269e+01
      vertex   4.532703e+01  0.000000e+00  1.037836e+01
    endloop
  endfacet
  facet normal  0.000000e+00 -1.000000e+00  0.000000e+00
    outer loop
      vertex   4.532703e+01  0.000000e+00  1.037836e+01
      vertex   4.863629e+01  0.000000e+00  1.359269e+01
      vertex   4.686881e+01  0.000000e+00  1.880331e+01
    endloop
  endfacet
  facet normal  0.000000e+00 -1.000000e+00  0.000000e+00
    outer loop
      vertex   4.532703e+01  0.000000e+00  1.037836e+01
      vertex   4.686881e+01  0.000000e+00  1.880331e+01
      vertex   4.387473e+01  0.000000e+00  1.540319e+01
    endloop
  endfacet
  facet normal  0.000000e+00 -1.000000e+00  0.000000e+00
    outer loop
      vertex   4.387473e+01  0.000000e+00  1.540319e+01
      vertex   4.686881e+01  0.000000e+00  1.880331e+01
      vertex   4.454494e+01  0.000000e+00  2.379072e+01
    endloop
  endfacet
  facet normal  0.000000e+00 -1.000000e+00  0.000000e+00
    outer loop
      vertex   4.387473e+01  0.000000e+00  1.540319e+01
      vertex   4.454494e+01  0.000000e+00  2.379072e+01
      vertex   4.186730e+01  0.000000e+00  2.023313e+01
    endloop
  endfacet
  facet normal  0.000000e+00 -1.000000e+00  0.000000e+00
    outer loop
      vertex   4.186730e+01  0.000000e+00  2.023313e+01
      vertex   4.454494e+01  0.000000e+00  2.379072e+01
      vertex   4.169226e+01  0.000000e+00  2.849571e+01
    endloop
  endfacet
  facet normal  0.000000e+00 -1.000000e+00  0.000000e+00
    outer loop
      vertex   4.186730e+01  0.000000e+00  2.023313e+01
      vertex   4.169226e+01  0.000000e+00  2.849571e+01
      vertex   3.933014e+01  0.000000e+00  2.480706e+01
    endloop
  endfacet
  facet normal  0.000000e+00 -1.000000e+00  0.000000e+00
    outer loop
      vertex   3.933014e+01  0.000000e+00  2.480706e+01
      vertex   4.169226e+01  0.000000e+00  2.849571e+01
      vertex   3.834465e+01  0.000000e+00  3.286241e+01
    endloop
  endfacet
  facet normal  0.000000e+00 -1.000000e+00  0.000000e+00
    outer loop
      vertex   3.933014e+01  0.000000e+00  2.480706e+01
      vertex   3.834465e+01  0.000000e+00  3.286241e+01
      vertex   3.629535e+01  0.000000e+00  2.906713e+01
    endloop
  endfacet
  facet normal  0.000000e+00 -1.000000e+00  0.000000e+00
    outer loop
      vertex   3.629535e+01  0.000000e+00  2.906713e+01
      vertex   3.834465e+01  0.000000e+00  3.286241e+01
      vertex   3.454183e+01  0.000000e+00  3.683900e+01
    endloop
  endfacet
  facet normal  0.000000e+00 -1.000000e+00  0.000000e+00
    outer loop
      vertex   3.629535e+01  0.000000e+00  2.906713e+01
      vertex   3.454183e+01  0.000000e+00  3.683900e+01
      vertex   3.280133e+01  0.000000e+00  3.295942e+01
    endloop
  endfacet
  facet normal  0.000000e+00 -1.000000e+00  0.000000e+00
    outer loop
      vertex   3.280133e+01  0.000000e+00  3.295942e+01
      vertex   3.454183e+01  0.000000e+00  3.683900e+01
      vertex   3.032896e+01  0.000000e+00  4.037826e+01
    endloop
  endfacet
  facet normal  0.000000e+00 -1.000000e+00  0.000000e+00
    outer loop
      vertex   3.280133e+01  0.000000e+00  3.295942e+01
      vertex   3.032896e+01  0.000000e+00  4.037826e+01
      vertex   2.889228e+01  0.000000e+00  3.643468e+01
    endloop
  endfacet
  facet normal  0.000000e+00 -1.000000e+00  0.000000e+00
    outer loop
      vertex   2.889228e+01  0.000000e+00  3.643468e+01
      vertex   3.032896e+01  0.000000e+00  4.037826e+01
      vertex   2.575606e+01  0.000000e+00  4.343818e+01
    endloop
  endfacet
  facet normal  0.000000e+00 -1.000000e+00  0.000000e+00
    outer loop
      vertex   2.889228e+01  0.000000e+00  3.643468e+01
      vertex   2.575606e+01  0.000000e+00  4.343818e+01
      vertex   2.461768e+01  0.000000e+00  3.944895e+01
    endloop
  endfacet
  facet normal  0.000000e+00 -1.000000e+00  0.000000e+00
    outer loop
      vertex   2.461768e+01  0.000000e+00  3.944895e+01
      vertex   2.575606e+01  0.000000e+00  4.343818e+01
      vertex   2.087739e+01  0.000000e+00  4.598244e+01
    endloop
  endfacet
  facet normal  0.000000e+00 -1.000000e+00  0.000000e+00
    outer loop
      vertex   2.461768e+01  0.000000e+00  3.944895e+01
      vertex   2.087739e+01  0.000000e+00  4.598244e+01
      vertex   2.003160e+01  0.000000e+00  4.196409e+01
    endloop
  endfacet
  facet normal  0.000000e+00 -1.000000e+00  0.000000e+00
    outer loop
      vertex   2.003160e+01  0.000000e+00  4.196409e+01
      vertex   2.087739e+01  0.000000e+00  4.598244e+01
      vertex   1.575088e+01  0.000000e+00  4.798083e+01
    endloop
  endfacet
  facet normal  0.000000e+00 -1.000000e+00  0.000000e+00
    outer loop
      vertex   2.003160e+01  0.000000e+00  4.196409e+01
      vertex   1.575088e+01  0.000000e+00  4.798083e+01
      vertex   1.519206e+01  0.000000e+00  4.394828e+01
    endloop
  endfacet
  facet normal  0.000000e+00 -1.000000e+00  0.000000e+00
    outer loop
      vertex   1.519206e+01  0.000000e+00  4.394828e+01
      vertex   1.575088e+01  0.000000e+00  4.798083e+01
      vertex   1.043739e+01  0.000000e+00  4.940962e+01
    endloop
  endfacet
  facet normal  0.000000e+00 -1.000000e+00  0.000000e+00
    outer loop
      vertex   1.519206e+01  0.000000e+00  4.394828e+01
      vertex   1.043739e+01  0.000000e+00  4.940962e+01
      vertex   1.016031e+01  0.000000e+00  4.537640e+01
    endloop
  endfacet
  facet normal  0.000000e+00 -1.000000e+00  0.000000e+00
    outer loop
      vertex   1.016031e+01  0.000000e+00  4.537640e+01
      vertex   1.043739e+01  0.000000e+00  4.940962e+01
      vertex   5.000000e+00  0.000000e+00  4.623040e+01
    endloop
  endfacet
  facet normal  0.000000e+00 -1.000000e+00  0.000000e+00
    outer loop
      vertex   5.000000e+00  0.000000e+00  4.623040e+01
      vertex   1.043739e+01  0.000000e+00  4.940962e+01
      vertex   5.000000e+00  0.000000e+00  5.025187e+01
    endloop
  endfacet
  facet normal -9.985334e-01  0.000000e+00 -5.413869e-02
    outer loop
      vertex   5.020397e+01  1.000000e+01  5.460010e+00
      vertex   5.020397e+01  1.600000e+01  5.460010e+00
      vertex   5.050000e+01  1.000000e+01  0.000000e+00
    endloop
  endfacet
  facet normal -9.985334e-01  0.000000e+00 -5.413869e-02
    outer loop
      vertex   5.050000e+01  1.000000e+01  0.000000e+00
      vertex   5.020397e+01  1.600000e+01  5.460010e+00
      vertex   5.050000e+01  1.600000e+01  0.000000e+00
    endloop
  endfacet
  facet normal -9.985334e-01  0.000000e+00  5.413869e-02
    outer loop
      vertex   5.050000e+01  1.000000e+01  0.000000e+00
      vertex   5.050000e+01  1.600000e+01  0.000000e+00
      vertex   5.020397e+01  1.000000e+01 -5.460010e+00
    endloop
  endfacet
  facet normal -9.985334e-01  0.000000e+00  5.413869e-02
    outer loop
      vertex   5.020397e+01  1.000000e+01 -5.460010e+00
      vertex   5.050000e+01  1.600000e+01  0.000000e+00
      vertex   5.020397e+01  1.600000e+01 -5.460010e+00
    endloop
  endfacet
  facet normal -9.868265e-01  0.000000e+00  1.617819e-01
    outer loop
      vertex   5.020397e+01  1.000000e+01 -5.460010e+00
      vertex   5.020397e+01  1.600000e+01 -5.460010e+00
      vertex   4.931934e+01  1.000000e+01 -1.085601e+01
    endloop
  endfacet
  facet normal -9.868265e-01  0.000000e+00  1.617819e-01
    outer loop
      vertex   4.931934e+01  1.000000e+01 -1.085601e+01
      vertex   5.020397e+01  1.600000e+01 -5.460010e+00
      vertex   4.931934e+01  1.600000e+01 -1.085601e+01
    endloop
  endfacet
  facet normal -9.635499e-01  0.000000e+00  2.675289e-01
    outer loop
      vertex   4.931934e+01  1.000000e+01 -1.085601e+01
      vertex   4.931934e+01  1.600000e+01 -1.085601e+01
      vertex   4.785648e+01  1.000000e+01 -1.612473e+01
    endloop
  endfacet
  facet normal -9.635499e-01  0.000000e+00  2.675289e-01
    outer loop
      vertex   4.785648e+01  1.000000e+01 -1.612473e+01
      vertex   4.931934e+01  1.600000e+01 -1.085601e+01
      vertex   4.785648e+01  1.600000e+01 -1.612473e+01
    endloop
  endfacet
  facet normal -9.289768e-01  0.000000e+00  3.701381e-01
    outer loop
      vertex   4.785648e+01  1.000000e+01 -1.612473e+01
      vertex   4.785648e+01  1.600000e+01 -1.612473e+01
      vertex   4.583256e+01  1.000000e+01 -2.120440e+01
    endloop
  endfacet
  facet normal -9.289768e-01  0.000000e+00  3.701381e-01
    outer loop
      vertex   4.583256e+01  1.000000e+01 -2.120440e+01
      vertex   4.785648e+01  1.600000e+01 -1.612473e+01
      vertex   4.583256e+01  1.600000e+01 -2.120440e+01
    endloop
  endfacet
  facet normal -8.835124e-01  0.000000e+00  4.684078e-01
    outer loop
      vertex   4.583256e+01  1.000000e+01 -2.120440e+01
      vertex   4.583256e+01  1.600000e+01 -2.120440e+01
      vertex   4.327129e+01  1.000000e+01 -2.603547e+01
    endloop
  endfacet
  facet normal -8.835124e-01  0.000000e+00  4.684078e-01
    outer loop
      vertex   4.327129e+01  1.000000e+01 -2.603547e+01
      vertex   4.583256e+01  1.600000e+01 -2.120440e+01
      vertex   4.327129e+01  1.600000e+01 -2.603547e+01
    endloop
  endfacet
  facet normal -8.276885e-01  0.000000e+00  5.611878e-01
    outer loop
      vertex   4.327129e+01  1.000000e+01 -2.603547e+01
      vertex   4.327129e+01  1.600000e+01 -2.603547e+01
      vertex   4.020270e+01  1.000000e+01 -3.056130e+01
    endloop
  endfacet
  facet normal -8.276885e-01  0.000000e+00  5.611878e-01
    outer loop
      vertex   4.020270e+01  1.000000e+01 -3.056130e+01
      vertex   4.327129e+01  1.600000e+01 -2.603547e+01
      vertex   4.020270e+01  1.600000e+01 -3.056130e+01
    endloop
  endfacet
  facet normal -7.621623e-01  0.000000e+00  6.473860e-01
    outer loop
      vertex   4.020270e+01  1.000000e+01 -3.056130e+01
      vertex   4.020270e+01  1.600000e+01 -3.056130e+01
      vertex   3.666277e+01  1.000000e+01 -3.472882e+01
    endloop
  endfacet
  facet normal -7.621623e-01  0.000000e+00  6.473860e-01
    outer loop
      vertex   3.666277e+01  1.000000e+01 -3.472882e+01
      vertex   4.020270e+01  1.600000e+01 -3.056130e+01
      vertex   3.666277e+01  1.600000e+01 -3.472882e+01
    endloop
  endfacet
  facet normal -6.876998e-01  0.000000e+00  7.259951e-01
    outer loop
      vertex   3.666277e+01  1.000000e+01 -3.472882e+01
      vertex   3.666277e+01  1.600000e+01 -3.472882e+01
      vertex   3.269301e+01  1.000000e+01 -3.848919e+01
    endloop
  endfacet
  facet normal -6.876998e-01  0.000000e+00  7.259951e-01
    outer loop
      vertex   3.269301e+01  1.000000e+01 -3.848919e+01
      vertex   3.666277e+01  1.600000e+01 -3.472882e+01
      vertex   3.269301e+01  1.600000e+01 -3.848919e+01
    endloop
  endfacet
  facet normal -6.051739e-01  0.000000e+00  7.960933e-01
    outer loop
      vertex   3.269301e+01  1.000000e+01 -3.848919e+01
      vertex   3.269301e+01  1.600000e+01 -3.848919e+01
      vertex   2.833995e+01  1.000000e+01 -4.179829e+01
    endloop
  endfacet
  facet normal -6.051739e-01  0.000000e+00  7.960933e-01
    outer loop
      vertex   2.833995e+01  1.000000e+01 -4.179829e+01
      vertex   3.269301e+01  1.600000e+01 -3.848919e+01
      vertex   2.833995e+01  1.600000e+01 -4.179829e+01
    endloop
  endfacet
  facet normal -5.155534e-01  0.000000e+00  8.568574e-01
    outer loop
      vertex   2.833995e+01  1.000000e+01 -4.179829e+01
      vertex   2.833995e+01  1.600000e+01 -4.179829e+01
      vertex   2.365462e+01  1.000000e+01 -4.461736e+01
    endloop
  endfacet
  facet normal -5.155534e-01  0.000000e+00  8.568574e-01
    outer loop
      vertex   2.365462e+01  1.000000e+01 -4.461736e+01
      vertex   2.833995e+01  1.600000e+01 -4.179829e+01
      vertex   2.365462e+01  1.600000e+01 -4.461736e+01
    endloop
  endfacet
  facet normal -4.198893e-01  0.000000e+00  9.075754e-01
    outer loop
      vertex   2.365462e+01  1.000000e+01 -4.461736e+01
      vertex   2.365462e+01  1.600000e+01 -4.461736e+01
      vertex   1.869198e+01  1.000000e+01 -4.691332e+01
    endloop
  endfacet
  facet normal -4.198893e-01  0.000000e+00  9.075754e-01
    outer loop
      vertex   1.869198e+01  1.000000e+01 -4.691332e+01
      vertex   2.365462e+01  1.600000e+01 -4.461736e+01
      vertex   1.869198e+01  1.600000e+01 -4.691332e+01
    endloop
  endfacet
  facet normal -3.193025e-01  0.000000e+00  9.476528e-01
    outer loop
      vertex   1.869198e+01  1.000000e+01 -4.691332e+01
      vertex   1.869198e+01  1.600000e+01 -4.691332e+01
      vertex   1.351018e+01  1.000000e+01 -4.865928e+01
    endloop
  endfacet
  facet normal -3.193025e-01  0.000000e+00  9.476528e-01
    outer loop
      vertex   1.351018e+01  1.000000e+01 -4.865928e+01
      vertex   1.869198e+01  1.600000e+01 -4.691332e+01
      vertex   1.351018e+01  1.600000e+01 -4.865928e+01
    endloop
  endfacet
  facet normal -2.149698e-01  0.000000e+00  9.766207e-01
    outer loop
      vertex   1.351018e+01  1.000000e+01 -4.865928e+01
      vertex   1.351018e+01  1.600000e+01 -4.865928e+01
      vertex   8.169991e+00  1.000000e+01 -4.983474e+01
    endloop
  endfacet
  facet normal -2.149698e-01  0.000000e+00  9.766207e-01
    outer loop
      vertex   8.169991e+00  1.000000e+01 -4.983474e+01
      vertex   1.351018e+01  1.600000e+01 -4.865928e+01
      vertex   8.169991e+00  1.600000e+01 -4.983474e+01
    endloop
  endfacet
  facet normal -1.081197e-01  0.000000e+00  9.941379e-01
    outer loop
      vertex   8.169991e+00  1.000000e+01 -4.983474e+01
      vertex   8.169991e+00  1.600000e+01 -4.983474e+01
      vertex   2.734015e+00  1.000000e+01 -5.042594e+01
    endloop
  endfacet
  facet normal -1.081197e-01  0.000000e+00  9.941379e-01
    outer loop
      vertex   2.734015e+00  1.000000e+01 -5.042594e+01
      vertex   8.169991e+00  1.600000e+01 -4.983474e+01
      vertex   2.734015e+00  1.600000e+01 -5.042594e+01
    endloop
  endfacet
  facet normal  0.000000e+00 -0.000000e+00  1.000000e+00
    outer loop
      vertex   2.734015e+00  1.000000e+01 -5.042594e+01
      vertex   2.734015e+00  1.600000e+01 -5.042594e+01
      vertex  -2.734015e+00  1.000000e+01 -5.042594e+01
    endloop
  endfacet
  facet normal  0.000000e+00  0.000000e+00  1.000000e+00
    outer loop
      vertex  -2.734015e+00  1.000000e+01 -5.042594e+01
      vertex   2.734015e+00  1.600000e+01 -5.042594e+01
      vertex  -2.734015e+00  1.600000e+01 -5.042594e+01
    endloop
  endfacet
  facet normal  1.081197e-01 -0.000000e+00  9.941379e-01
    outer loop
      vertex  -2.734015e+00  1.000000e+01 -5.042594e+01
      vertex  -2.734015e+00  1.600000e+01 -5.042594e+01
      vertex  -8.169991e+00  1.000000e+01 -4.983474e+01
    endloop
  endfacet
  facet normal  1.081197e-01 -0.000000e+00  9.941379e-01
    outer loop
      vertex  -8.169991e+00  1.000000e+01 -4.983474e+01
      vertex  -2.734015e+00  1.600000e+01 -5.042594e+01
      vertex  -8.169991e+00  1.600000e+01 -4.983474e+01
    endloop
  endfacet
  facet normal  2.149698e-01 -0.000000e+00  9.766207e-01
    outer loop
      vertex  -8.169991e+00  1.000000e+01 -4.983474e+01
      vertex  -8.169991e+00  1.600000e+01 -4.983474e+01
      vertex  -1.351018e+01  1.000000e+01 -4.865928e+01
    endloop
  endfacet
  facet normal  2.149698e-01 -0.000000e+00  9.766207e-01
    outer loop
      vertex  -1.351018e+01  1.000000e+01 -4.865928e+01
      vertex  -8.169991e+00  1.600000e+01 -4.983474e+01
      vertex  -1.351018e+01  1.600000e+01 -4.865928e+01
    endloop
  endfacet
  facet normal  3.193025e-01 -0.000000e+00  9.476528e-01
    outer loop
      vertex  -1.351018e+01  1.000000e+01 -4.865928e+01
      vertex  -1.351018e+01  1.600000e+01 -4.865928e+01
      vertex  -1.869198e+01  1.000000e+01 -4.691332e+01
    endloop
  endfacet
  facet normal  3.193025e-01 -0.000000e+00  9.476528e-01
    outer loop
      vertex  -1.869198e+01  1.000000e+01 -4.691332e+01
      vertex  -1.351018e+01  1.600000e+01 -4.865928e+01
      vertex  -1.869198e+01  1.600000e+01 -4.691332e+01
    endloop
  endfacet
  facet normal  4.198893e-01 -0.000000e+00  9.075754e-01
    outer loop
      vertex  -1.869198e+01  1.000000e+01 -4.691332e+01
      vertex  -1.869198e+01  1.600000e+01 -4.691332e+01
      vertex  -2.365462e+01  1.000000e+01 -4.461736e+01
    endloop
  endfacet
  facet normal  4.198893e-01 -0.000000e+00  9.075754e-01
    outer loop
      vertex  -2.365462e+01  1.000000e+01 -4.461736e+01
      vertex  -1.869198e+01  1.600000e+01 -4.691332e+01
      vertex  -2.365462e+01  1.600000e+01 -4.461736e+01
    endloop
  endfacet
  facet normal  5.155534e-01 -0.000000e+00  8.568574e-01
    outer loop
      vertex  -2.365462e+01  1.000000e+01 -4.461736e+01
      vertex  -2.365462e+01  1.600000e+01 -4.461736e+01
      vertex  -2.833995e+01  1.000000e+01 -4.179829e+01
    endloop
  endfacet
  facet normal  5.155534e-01 -0.000000e+00  8.568574e-01
    outer loop
      vertex  -2.833995e+01  1.000000e+01 -4.179829e+01
      vertex  -2.365462e+01  1.600000e+01 -4.461736e+01
      vertex  -2.833995e+01  1.600000e+01 -4.179829e+01
    endloop
  endfacet
  facet normal  6.051739e-01 -0.000000e+00  7.960933e-01
    outer loop
      vertex  -2.833995e+01  1.000000e+01 -4.179829e+01
      vertex  -2.833995e+01  1.600000e+01 -4.179829e+01
      vertex  -3.269301e+01  1.000000e+01 -3.848919e+01
    endloop
  endfacet
  facet normal  6.051739e-01 -0.000000e+00  7.960933e-01
    outer loop
      vertex  -3.269301e+01  1.000000e+01 -3.848919e+01
      vertex  -2.833995e+01  1.600000e+01 -4.179829e+01
      vertex  -3.269301e+01  1.600000e+01 -3.848919e+01
    endloop
  endfacet
  facet normal  6.876998e-01 -0.000000e+00  7.259951e-01
    outer loop
      vertex  -3.269301e+01  1.000000e+01 -3.848919e+01
      vertex  -3.269301e+01  1.600000e+01 -3.848919e+01
      vertex  -3.666277e+01  1.000000e+01 -3.472882e+01
    endloop
  endfacet
  facet normal  6.876998e-01 -0.000000e+00  7.259951e-01
    outer loop
      vertex  -3.666277e+01  1.000000e+01 -3.472882e+01
      vertex  -3.269301e+01  1.600000e+01 -3.848919e+01
      vertex  -3.666277e+01  1.600000e+01 -3.472882e+01
    endloop
  endfacet
  facet normal  7.621623e-01 -0.000000e+00  6.473860e-01
    outer loop
      vertex  -3.666277e+01  1.000000e+01 -3.472882e+01
      vertex  -3.666277e+01  1.600000e+01 -3.472882e+01
      vertex  -4.020270e+01  1.000000e+01 -3.056130e+01
    endloop
  endfacet
  facet normal  7.621623e-01 -0.000000e+00  6.473860e-01
    outer loop
      vertex  -4.020270e+01  1.000000e+01 -3.056130e+01
      vertex  -3.666277e+01  1.600000e+01 -3.472882e+01
      vertex  -4.020270e+01  1.600000e+01 -3.056130e+01
    endloop
  endfacet
  facet normal  8.276885e-01 -0.000000e+00  5.611878e-01
    outer loop
      vertex  -4.020270e+01  1.000000e+01 -3.056130e+01
      vertex  -4.020270e+01  1.600000e+01 -3.056130e+01
      vertex  -4.327129e+01  1.000000e+01 -2.603547e+01
    endloop
  endfacet
  facet normal  8.276885e-01 -0.000000e+00  5.611878e-01
    outer loop
      vertex  -4.327129e+01  1.000000e+01 -2.603547e+01
      vertex  -4.020270e+01  1.600000e+01 -3.056130e+01
      vertex  -4.327129e+01  1.600000e+01 -2.603547e+01
    endloop
  endfacet
  facet normal  8.835124e-01 -0.000000e+00  4.684078e-01
    outer loop
      vertex  -4.327129e+01  1.000000e+01 -2.603547e+01
      vertex  -4.327129e+01  1.600000e+01 -2.603547e+01
      vertex  -4.583256e+01  1.000000e+01 -2.120440e+01
    endloop
  endfacet
  facet normal  8.835124e-01 -0.000000e+00  4.684078e-01
    outer loop
      vertex  -4.583256e+01  1.000000e+01 -2.120440e+01
      vertex  -4.327129e+01  1.600000e+01 -2.603547e+01
      vertex  -4.583256e+01  1.600000e+01 -2.120440e+01
    endloop
  endfacet
  facet normal  9.289768e-01 -0.000000e+00  3.701381e-01
    outer loop
      vertex  -4.583256e+01  1.000000e+01 -2.120440e+01
      vertex  -4.583256e+01  1.600000e+01 -2.120440e+01
      vertex  -4.785648e+01  1.000000e+01 -1.612473e+01
    endloop
  endfacet
  facet normal  9.289768e-01 -0.000000e+00  3.701381e-01
    outer loop
      vertex  -4.785648e+01  1.000000e+01 -1.612473e+01
      vertex  -4.583256e+01  1.600000e+01 -2.120440e+01
      vertex  -4.785648e+01  1.600000e+01 -1.612473e+01
    endloop
  endfacet
  facet normal  9.635499e-01 -0.000000e+00  2.675289e-01
    outer loop
      vertex  -4.785648e+01  1.000000e+01 -1.612473e+01
      vertex  -4.785648e+01  1.600000e+01 -1.612473e+01
      vertex  -4.931934e+01  1.000000e+01 -1.085601e+01
    endloop
  endfacet
  facet normal  9.635499e-01 -0.000000e+00  2.675289e-01
    outer loop
      vertex  -4.931934e+01  1.000000e+01 -1.085601e+01
      vertex  -4.785648e+01  1.600000e+01 -1.612473e+01
      vertex  -4.931934e+01  1.600000e+01 -1.085601e+01
    endloop
  endfacet
  facet normal  9.868265e-01 -0.000000e+00  1.617819e-01
    outer loop
      vertex  -4.931934e+01  1.000000e+01 -1.085601e+01
      vertex  -4.931934e+01  1.600000e+01 -1.085601e+01
      vertex  -5.020397e+01  1.000000e+01 -5.460010e+00
    endloop
  endfacet
  facet normal  9.868265e-01 -0.000000e+00  1.617819e-01
    outer loop
      vertex  -5.020397e+01  1.000000e+01 -5.460010e+00
      vertex  -4.931934e+01  1.600000e+01 -1.085601e+01
      vertex  -5.020397e+01  1.600000e+01 -5.460010e+00
    endloop
  endfacet
  facet normal  9.985334e-01 -0.000000e+00  5.413869e-02
    outer loop
      vertex  -5.020397e+01  1.000000e+01 -5.460010e+00
      vertex  -5.020397e+01  1.600000e+01 -5.460010e+00
      vertex  -5.050000e+01  1.000000e+01  0.000000e+00
    endloop
  endfacet
  facet normal  9.985334e-01 -0.000000e+00  5.413869e-02
    outer loop
      vertex  -5.050000e+01  1.000000e+01  0.000000e+00
      vertex  -5.020397e+01  1.600000e+01 -5.460010e+00
      vertex  -5.050000e+01  1.600000e+01  0.000000e+00
    endloop
  endfacet
  facet normal  9.985334e-01  0.000000e+00 -5.413869e-02
    outer loop
      vertex  -5.050000e+01  1.000000e+01  0.000000e+00
      vertex  -5.050000e+01  1.600000e+01  0.000000e+00
      vertex  -5.020397e+01  1.000000e+01  5.460010e+00
    endloop
  endfacet
  facet normal  9.985334e-01  0.000000e+00 -5.413869e-02
    outer loop
      vertex  -5.020397e+01  1.000000e+01  5.460010e+00
      vertex  -5.050000e+01  1.600000e+01  0.000000e+00
      vertex  -5.020397e+01  1.600000e+01  5.460010e+00
    endloop
  endfacet
  facet normal  9.868265e-01  0.000000e+00 -1.617819e-01
    outer loop
      vertex  -5.020397e+01  1.000000e+01  5.460010e+00
      vertex  -5.020397e+01  1.600000e+01  5.460010e+00
      vertex  -4.931934e+01  1.000000e+01  1.085601e+01
    endloop
  endfacet
  facet normal  9.868265e-01  0.000000e+00 -1.617819e-01
    outer loop
      vertex  -4.931934e+01  1.000000e+01  1.085601e+01
      vertex  -5.020397e+01  1.600000e+01  5.460010e+00
      vertex  -4.931934e+01  1.600000e+01  1.085601e+01
    endloop
  endfacet
  facet normal  9.635499e-01  0.000000e+00 -2.675289e-01
    outer loop
      vertex  -4.931934e+01  1.000000e+01  1.085601e+01
      vertex  -4.931934e+01  1.600000e+01  1.085601e+01
      vertex  -4.785648e+01  1.000000e+01  1.612473e+01
    endloop
  endfacet
  facet normal  9.635499e-01  0.000000e+00 -2.675289e-01
    outer loop
      vertex  -4.785648e+01  1.000000e+01  1.612473e+01
      vertex  -4.931934e+01  1.600000e+01  1.085601e+01
      vertex  -4.785648e+01  1.600000e+01  1.612473e+01
    endloop
  endfacet
  facet normal  9.289768e-01  0.000000e+00 -3.701381e-01
    outer loop
      vertex  -4.785648e+01  1.000000e+01  1.612473e+01
      vertex  -4.785648e+01  1.600000e+01  1.612473e+01
      vertex  -4.583256e+01  1.000000e+01  2.120440e+01
    endloop
  endfacet
  facet normal  9.289768e-01  0.000000e+00 -3.701381e-01
    outer loop
      vertex  -4.583256e+01  1.000000e+01  2.120440e+01
      vertex  -4.785648e+01  1.600000e+01  1.612473e+01
      vertex  -4.583256e+01  1.600000e+01  2.120440e+01
    endloop
  endfacet
  facet normal  8.835124e-01  0.000000e+00 -4.684078e-01
    outer loop
      vertex  -4.583256e+01  1.000000e+01  2.120440e+01
      vertex  -4.583256e+01  1.600000e+01  2.120440e+01
      vertex  -4.327129e+01  1.000000e+01  2.603547e+01
    endloop
  endfacet
  facet normal  8.835124e-01  0.000000e+00 -4.684078e-01
    outer loop
      vertex  -4.327129e+01  1.000000e+01  2.603547e+01
      vertex  -4.583256e+01  1.600000e+01  2.120440e+01
      vertex  -4.327129e+01  1.600000e+01  2.603547e+01
    endloop
  endfacet
  facet normal  8.276885e-01  0.000000e+00 -5.611878e-01
    outer loop
      vertex  -4.327129e+01  1.000000e+01  2.603547e+01
      vertex  -4.327129e+01  1.600000e+01  2.603547e+01
      vertex  -4.020270e+01  1.000000e+01  3.056130e+01
    endloop
  endfacet
  facet normal  8.276885e-01  0.000000e+00 -5.611878e-01
    outer loop
      vertex  -4.020270e+01  1.000000e+01  3.056130e+01
      vertex  -4.327129e+01  1.600000e+01  2.603547e+01
      vertex  -4.020270e+01  1.600000e+01  3.056130e+01
    endloop
  endfacet
  facet normal  7.621623e-01  0.000000e+00 -6.473860e-01
    outer loop
      vertex  -4.020270e+01  1.000000e+01  3.056130e+01
      vertex  -4.020270e+01  1.600000e+01  3.056130e+01
      vertex  -3.666277e+01  1.000000e+01  3.472882e+01
    endloop
  endfacet
  facet normal  7.621623e-01  0.000000e+00 -6.473860e-01
    outer loop
      vertex  -3.666277e+01  1.000000e+01  3.472882e+01
      vertex  -4.020270e+01  1.600000e+01  3.056130e+01
      vertex  -3.666277e+01  1.600000e+01  3.472882e+01
    endloop
  endfacet
  facet normal  6.876998e-01  0.000000e+00 -7.259951e-01
    outer loop
      vertex  -3.666277e+01  1.000000e+01  3.472882e+01
      vertex  -3.666277e+01  1.600000e+01  3.472882e+01
      vertex  -3.269301e+01  1.000000e+01  3.848919e+01
    endloop
  endfacet
  facet normal  6.876998e-01  0.000000e+00 -7.259951e-01
    outer loop
      vertex  -3.269301e+01  1.000000e+01  3.848919e+01
      vertex  -3.666277e+01  1.600000e+01  3.472882e+01
      vertex  -3.269301e+01  1.600000e+01  3.848919e+01
    endloop
  endfacet
  facet normal  6.051739e-01  0.000000e+00 -7.960933e-01
    outer loop
      vertex  -3.269301e+01  1.000000e+01  3.848919e+01
      vertex  -3.269301e+01  1.600000e+01  3.848919e+01
      vertex  -2.833995e+01  1.000000e+01  4.179829e+01
    endloop
  endfacet
  facet normal  6.051739e-01  0.000000e+00 -7.960933e-01
    outer loop
      vertex  -2.833995e+01  1.000000e+01  4.179829e+01
      vertex  -3.269301e+01  1.600000e+01  3.848919e+01
      vertex  -2.833995e+01  1.600000e+01  4.179829e+01
    endloop
  endfacet
  facet normal  5.155534e-01  0.000000e+00 -8.568574e-01
    outer loop
      vertex  -2.833995e+01  1.000000e+01  4.179829e+01
      vertex  -2.833995e+01  1.600000e+01  4.179829e+01
      vertex  -2.365462e+01  1.000000e+01  4.461736e+01
    endloop
  endfacet
  facet normal  5.155534e-01  0.000000e+00 -8.568574e-01
    outer loop
      vertex  -2.365462e+01  1.000000e+01  4.461736e+01
      vertex  -2.833995e+01  1.600000e+01  4.179829e+01
      vertex  -2.365462e+01  1.600000e+01  4.461736e+01
    endloop
  endfacet
  facet normal  4.198893e-01  0.000000e+00 -9.075754e-01
    outer loop
      vertex  -2.365462e+01  1.000000e+01  4.461736e+01
      vertex  -2.365462e+01  1.600000e+01  4.461736e+01
      vertex  -1.869198e+01  1.000000e+01  4.691332e+01
    endloop
  endfacet
  facet normal  4.198893e-01  0.000000e+00 -9.075754e-01
    outer loop
      vertex  -1.869198e+01  1.000000e+01  4.691332e+01
      vertex  -2.365462e+01  1.600000e+01  4.461736e+01
      vertex  -1.869198e+01  1.600000e+01  4.691332e+01
    endloop
  endfacet
  facet normal  3.193025e-01  0.000000e+00 -9.476528e-01
    outer loop
      vertex  -1.869198e+01  1.000000e+01  4.691332e+01
      vertex  -1.869198e+01  1.600000e+01  4.691332e+01
      vertex  -1.351018e+01  1.000000e+01  4.865928e+01
    endloop
  endfacet
  facet normal  3.193025e-01  0.000000e+00 -9.476528e-01
    outer loop
      vertex  -1.351018e+01  1.000000e+01  4.865928e+01
      vertex  -1.869198e+01  1.600000e+01  4.691332e+01
      vertex  -1.351018e+01  1.600000e+01  4.865928e+01
    endloop
  endfacet
  facet normal  2.149698e-01  0.000000e+00 -9.766207e-01
    outer loop
      vertex  -1.351018e+01  1.000000e+01  4.865928e+01
      vertex  -1.351018e+01  1.600000e+01  4.865928e+01
      vertex  -8.169991e+00  1.000000e+01  4.983474e+01
    endloop
  endfacet
  facet normal  2.149698e-01  0.000000e+00 -9.766207e-01
    outer loop
      vertex  -8.169991e+00  1.000000e+01  4.983474e+01
      vertex  -1.351018e+01  1.600000e+01  4.865928e+01
      vertex  -8.169991e+00  1.600000e+01  4.983474e+01
    endloop
  endfacet
  facet normal  1.081197e-01  0.000000e+00 -9.941379e-01
    outer loop
      vertex  -8.169991e+00  1.000000e+01  4.983474e+01
      vertex  -8.169991e+00  1.600000e+01  4.983474e+01
      vertex  -2.734015e+00  1.000000e+01  5.042594e+01
    endloop
  endfacet
  facet normal  1.081197e-01  0.000000e+00 -9.941379e-01
    outer loop
      vertex  -2.734015e+00  1.000000e+01  5.042594e+01
      vertex  -8.169991e+00  1.600000e+01  4.983474e+01
      vertex  -2.734015e+00  1.600000e+01  5.042594e+01
    endloop
  endfacet
  facet normal  0.000000e+00  0.000000e+00 -1.000000e+00
    outer loop
      vertex  -2.734015e+00  1.000000e+01  5.042594e+01
      vertex  -2.734015e+00  1.600000e+01  5.042594e+01
      vertex   2.734015e+00  1.000000e+01  5.042594e+01
    endloop
  endfacet
  facet normal  0.000000e+00  0.000000e+00 -1.000000e+00
    outer loop
      vertex   2.734015e+00  1.000000e+01  5.042594e+01
      vertex  -2.734015e+00  1.600000e+01  5.042594e+01
      vertex   2.734015e+00  1.600000e+01  5.042594e+01
    endloop
  endfacet
  facet normal -1.081197e-01  0.000000e+00 -9.941379e-01
    outer loop
      vertex   2.734015e+00  1.000000e+01  5.042594e+01
      vertex   2.734015e+00  1.600000e+01  5.042594e+01
      vertex   8.169991e+00  1.000000e+01  4.983474e+01
    endloop
  endfacet
  facet normal -1.081197e-01  0.000000e+00 -9.941379e-01
    outer loop
      vertex   8.169991e+00  1.000000e+01  4.983474e+01
      vertex   2.734015e+00  1.600000e+01  5.042594e+01
      vertex   8.169991e+00  1.600000e+01  4.983474e+01
    endloop
  endfacet
  facet normal -2.149698e-01  0.000000e+00 -9.766207e-01
    outer loop
      vertex   8.169991e+00  1.000000e+01  4.983474e+01
      vertex   8.169991e+00  1.600000e+01  4.983474e+01
      vertex   1.351018e+01  1.000000e+01  4.865928e+01
    endloop
  endfacet
  facet normal -2.149698e-01  0.000000e+00 -9.766207e-01
    outer loop
      vertex   1.351018e+01  1.000000e+01  4.865928e+01
      vertex   8.169991e+00  1.600000e+01  4.983474e+01
      vertex   1.351018e+01  1.600000e+01  4.865928e+01
    endloop
  endfacet
  facet normal -3.193025e-01  0.000000e+00 -9.476528e-01
    outer loop
      vertex   1.351018e+01  1.000000e+01  4.865928e+01
      vertex   1.351018e+01  1.600000e+01  4.865928e+01
      vertex   1.869198e+01  1.000000e+01  4.691332e+01
    endloop
  endfacet
  facet normal -3.193025e-01  0.000000e+00 -9.476528e-01
    outer loop
      vertex   1.869198e+01  1.000000e+01  4.691332e+01
      vertex   1.351018e+01  1.600000e+01  4.865928e+01
      vertex   1.869198e+01  1.600000e+01  4.691332e+01
    endloop
  endfacet
  facet normal -4.198893e-01  0.000000e+00 -9.075754e-01
    outer loop
      vertex   1.869198e+01  1.000000e+01  4.691332e+01
      vertex   1.869198e+01  1.600000e+01  4.691332e+01
      vertex   2.365462e+01  1.000000e+01  4.461736e+01
    endloop
  endfacet
  facet normal -4.198893e-01  0.000000e+00 -9.075754e-01
    outer loop
      vertex   2.365462e+01  1.000000e+01  4.461736e+01
      vertex   1.869198e+01  1.600000e+01  4.691332e+01
      vertex   2.365462e+01  1.600000e+01  4.461736e+01
    endloop
  endfacet
  facet normal -5.155534e-01  0.000000e+00 -8.568574e-01
    outer loop
      vertex   2.365462e+01  1.000000e+01  4.461736e+01
      vertex   2.365462e+01  1.600000e+01  4.461736e+01
      vertex   2.833995e+01  1.000000e+01  4.179829e+01
    endloop
  endfacet
  facet normal -5.155534e-01  0.000000e+00 -8.568574e-01
    outer loop
      vertex   2.833995e+01  1.000000e+01  4.179829e+01
      vertex   2.365462e+01  1.600000e+01  4.461736e+01
      vertex   2.833995e+01  1.600000e+01  4.179829e+01
    endloop
  endfacet
  facet normal -6.051739e-01  0.000000e+00 -7.960933e-01
    outer loop
      vertex   2.833995e+01  1.000000e+01  4.179829e+01
      vertex   2.833995e+01  1.600000e+01  4.179829e+01
      vertex   3.269301e+01  1.000000e+01  3.848919e+01
    endloop
  endfacet
  facet normal -6.051739e-01  0.000000e+00 -7.960933e-01
    outer loop
      vertex   3.269301e+01  1.000000e+01  3.848919e+01
      vertex   2.833995e+01  1.600000e+01  4.179829e+01
      vertex   3.269301e+01  1.600000e+01  3.848919e+01
    endloop
  endfacet
  facet normal -6.876998e-01  0.000000e+00 -7.259951e-01
    outer loop
      vertex   3.269301e+01  1.000000e+01  3.848919e+01
      vertex   3.269301e+01  1.600000e+01  3.848919e+01
      vertex   3.666277e+01  1.000000e+01  3.472882e+01
    endloop
  endfacet
  facet normal -6.876998e-01  0.000000e+00 -7.259951e-01
    outer loop
      vertex   3.666277e+01  1.000000e+01  3.472882e+01
      vertex   3.269301e+01  1.600000e+01  3.848919e+01
      vertex   3.666277e+01  1.600000e+01  3.472882e+01
    endloop
  endfacet
  facet normal -7.621623e-01  0.000000e+00 -6.473860e-01
    outer loop
      vertex   3.666277e+01  1.000000e+01  3.472882e+01
      vertex   3.666277e+01  1.600000e+01  3.472882e+01
      vertex   4.020270e+01  1.000000e+01  3.056130e+01
    endloop
  endfacet
  facet normal -7.621623e-01  0.000000e+00 -6.473860e-01
    outer loop
      vertex   4.020270e+01  1.000000e+01  3.056130e+01
      vertex   3.666277e+01  1.600000e+01  3.472882e+01
      vertex   4.020270e+01  1.600000e+01  3.056130e+01
    endloop
  endfacet
  facet normal -8.276885e-01  0.000000e+00 -5.611878e-01
    outer loop
      vertex   4.020270e+01  1.000000e+01  3.056130e+01
      vertex   4.020270e+01  1.600000e+01  3.056130e+01
      vertex   4.327129e+01  1.000000e+01  2.603547e+01
    endloop
  endfacet
  facet normal -8.276885e-01  0.000000e+00 -5.611878e-01
    outer loop
      vertex   4.327129e+01  1.000000e+01  2.603547e+01
      vertex   4.020270e+01  1.600000e+01  3.056130e+01
      vertex   4.327129e+01  1.600000e+01  2.603547e+01
    endloop
  endfacet
  facet normal -8.835124e-01  0.000000e+00 -4.684078e-01
    outer loop
      vertex   4.327129e+01  1.000000e+01  2.603547e+01
      vertex   4.327129e+01  1.600000e+01  2.603547e+01
      vertex   4.583256e+01  1.000000e+01  2.120440e+01
    endloop
  endfacet
  facet normal -8.835124e-01  0.000000e+00 -4.684078e-01
    outer loop
      vertex   4.583256e+01  1.000000e+01  2.120440e+01
      vertex   4.327129e+01  1.600000e+01  2.603547e+01
      vertex   4.583256e+01  1.600000e+01  2.120440e+01
    endloop
  endfacet
  facet normal -9.289768e-01  0.000000e+00 -3.701381e-01
    outer loop
      vertex   4.583256e+01  1.000000e+01  2.120440e+01
      vertex   4.583256e+01  1.600000e+01  2.120440e+01
      vertex   4.785648e+01  1.000000e+01  1.612473e+01
    endloop
  endfacet
  facet normal -9.289768e-01  0.000000e+00 -3.701381e-01
    outer loop
      vertex   4.785648e+01  1.000000e+01  1.612473e+01
      vertex   4.583256e+01  1.600000e+01  2.120440e+01
      vertex   4.785648e+01  1.600000e+01  1.612473e+01
    endloop
  endfacet
  facet normal -9.635499e-01  0.000000e+00 -2.675289e-01
    outer loop
      vertex   4.785648e+01  1.000000e+01  1.612473e+01
      vertex   4.785648e+01  1.600000e+01  1.612473e+01
      vertex   4.931934e+01  1.000000e+01  1.085601e+01
    endloop
  endfacet
  facet normal -9.635499e-01  0.000000e+00 -2.675289e-01
    outer loop
      vertex   4.931934e+01  1.000000e+01  1.085601e+01
      vertex   4.785648e+01  1.600000e+01  1.612473e+01
      vertex   4.931934e+01  1.600000e+01  1.085601e+01
    endloop
  endfacet
  facet normal -9.868265e-01  0.000000e+00 -1.617819e-01
    outer loop
      vertex   4.931934e+01  1.000000e+01  1.085601e+01
      vertex   4.931934e+01  1.600000e+01  1.085601e+01
      vertex   5.020397e+01  1.000000e+01  5.460010e+00
    endloop
  endfacet
  facet normal -9.868265e-01  0.000000e+00 -1.617819e-01
    outer loop
      vertex   5.020397e+01  1.000000e+01  5.460010e+00
      vertex   4.931934e+01  1.600000e+01  1.085601e+01
      vertex   5.020397e+01  1.600000e+01  5.460010e+00
    endloop
  endfacet
  facet normal  0.000000e+00  1.000000e+00  0.000000e+00
    outer loop
      vertex   5.580408e+00  1.600000e+01  5.220258e+01
      vertex   2.734015e+00  1.600000e+01  5.042594e+01
      vertex   0.000000e+00  1.600000e+01  5.250000e+01
    endloop
  endfacet
  facet normal  0.000000e+00  1.000000e+00  0.000000e+00
    outer loop
      vertex   0.000000e+00  1.600000e+01  5.250000e+01
      vertex   2.734015e+00  1.600000e+01  5.042594e+01
      vertex  -2.734015e+00  1.600000e+01  5.042594e+01
    endloop
  endfacet
  facet normal  0.000000e+00  1.000000e+00  0.000000e+00
    outer loop
      vertex   0.000000e+00  1.600000e+01  5.250000e+01
      vertex  -2.734015e+00  1.600000e+01  5.042594e+01
      vertex  -5.580408e+00  1.600000e+01  5.220258e+01
    endloop
  endfacet
  facet normal  0.000000e+00  1.000000e+00  0.000000e+00
    outer loop
      vertex  -5.580408e+00  1.600000e+01  5.220258e+01
      vertex  -2.734015e+00  1.600000e+01  5.042594e+01
      vertex  -8.169991e+00  1.600000e+01  4.983474e+01
    endloop
  endfacet
  facet normal  0.000000e+00  1.000000e+00  0.000000e+00
    outer loop
      vertex  -5.580408e+00  1.600000e+01  5.220258e+01
      vertex  -8.169991e+00  1.600000e+01  4.983474e+01
      vertex  -1.109759e+01  1.600000e+01  5.131367e+01
    endloop
  endfacet
  facet normal  0.000000e+00  1.000000e+00  0.000000e+00
    outer loop
      vertex  -1.109759e+01  1.600000e+01  5.131367e+01
      vertex  -8.169991e+00  1.600000e+01  4.983474e+01
      vertex  -1.351018e+01  1.600000e+01  4.865928e+01
    endloop
  endfacet
  facet normal  0.000000e+00  1.000000e+00  0.000000e+00
    outer loop
      vertex  -1.109759e+01  1.600000e+01  5.131367e+01
      vertex  -1.351018e+01  1.600000e+01  4.865928e+01
      vertex  -1.648903e+01  1.600000e+01  4.984337e+01
    endloop
  endfacet
  facet normal  0.000000e+00  1.000000e+00  0.000000e+00
    outer loop
      vertex  -1.648903e+01  1.600000e+01  4.984337e+01
      vertex  -1.351018e+01  1.600000e+01  4.865928e+01
      vertex  -1.869198e+01  1.600000e+01  4.691332e+01
    endloop
  endfacet
  facet normal  0.000000e+00  1.000000e+00  0.000000e+00
    outer loop
      vertex  -1.648903e+01  1.600000e+01  4.984337e+01
      vertex  -1.869198e+01  1.600000e+01  4.691332e+01
      vertex  -2.169364e+01  1.600000e+01  4.780833e+01
    endloop
  endfacet
  facet normal  0.000000e+00  1.000000e+00  0.000000e+00
    outer loop
      vertex  -2.169364e+01  1.600000e+01  4.780833e+01
      vertex  -1.869198e+01  1.600000e+01  4.691332e+01
      vertex  -2.365462e+01  1.600000e+01  4.461736e+01
    endloop
  endfacet
  facet normal  0.000000e+00  1.000000e+00  0.000000e+00
    outer loop
      vertex  -2.169364e+01  1.600000e+01  4.780833e+01
      vertex  -2.365462e+01  1.600000e+01  4.461736e+01
      vertex  -2.665245e+01  1.600000e+01  4.523159e+01
    endloop
  endfacet
  facet normal  0.000000e+00  1.000000e+00  0.000000e+00
    outer loop
      vertex  -2.665245e+01  1.600000e+01  4.523159e+01
      vertex  -2.365462e+01  1.600000e+01  4.461736e+01
      vertex  -2.833995e+01  1.600000e+01  4.179829e+01
    endloop
  endfacet
  facet normal  0.000000e+00  1.000000e+00  0.000000e+00
    outer loop
      vertex  -2.665245e+01  1.600000e+01  4.523159e+01
      vertex  -2.833995e+01  1.600000e+01  4.179829e+01
      vertex  -3.130928e+01  1.600000e+01  4.214236e+01
    endloop
  endfacet
  facet normal  0.000000e+00  1.000000e+00  0.000000e+00
    outer loop
      vertex  -3.130928e+01  1.600000e+01  4.214236e+01
      vertex  -2.833995e+01  1.600000e+01  4.179829e+01
      vertex  -3.269301e+01  1.600000e+01  3.848919e+01
    endloop
  endfacet
  facet normal  0.000000e+00  1.000000e+00  0.000000e+00
    outer loop
      vertex  -3.130928e+01  1.600000e+01  4.214236e+01
      vertex  -3.269301e+01  1.600000e+01  3.848919e+01
      vertex  -3.561137e+01  1.600000e+01  3.857564e+01
    endloop
  endfacet
  facet normal  0.000000e+00  1.000000e+00  0.000000e+00
    outer loop
      vertex  -3.561137e+01  1.600000e+01  3.857564e+01
      vertex  -3.269301e+01  1.600000e+01  3.848919e+01
      vertex  -3.666277e+01  1.600000e+01  3.472882e+01
    endloop
  endfacet
  facet normal  0.000000e+00  1.000000e+00  0.000000e+00
    outer loop
      vertex  -3.561137e+01  1.600000e+01  3.857564e+01
      vertex  -3.666277e+01  1.600000e+01  3.472882e+01
      vertex  -3.950997e+01  1.600000e+01  3.457185e+01
    endloop
  endfacet
  facet normal -0.000000e+00  1.000000e+00  0.000000e+00
    outer loop
      vertex  -3.950997e+01  1.600000e+01  3.457185e+01
      vertex  -3.666277e+01  1.600000e+01  3.472882e+01
      vertex  -4.020270e+01  1.600000e+01  3.056130e+01
    endloop
  endfacet
  facet normal  0.000000e+00  1.000000e+00  0.000000e+00
    outer loop
      vertex  -3.950997e+01  1.600000e+01  3.457185e+01
      vertex  -4.020270e+01  1.600000e+01  3.056130e+01
      vertex  -4.296090e+01  1.600000e+01  3.017634e+01
    endloop
  endfacet
  facet normal -0.000000e+00  1.000000e+00  0.000000e+00
    outer loop
      vertex  -4.296090e+01  1.600000e+01  3.017634e+01
      vertex  -4.020270e+01  1.600000e+01  3.056130e+01
      vertex  -4.327129e+01  1.600000e+01  2.603547e+01
    endloop
  endfacet
  facet normal  0.000000e+00  1.000000e+00  0.000000e+00
    outer loop
      vertex  -4.296090e+01  1.600000e+01  3.017634e+01
      vertex  -4.327129e+01  1.600000e+01  2.603547e+01
      vertex  -4.592506e+01  1.600000e+01  2.543892e+01
    endloop
  endfacet
  facet normal -0.000000e+00  1.000000e+00  0.000000e+00
    outer loop
      vertex  -4.592506e+01  1.600000e+01  2.543892e+01
      vertex  -4.327129e+01  1.600000e+01  2.603547e+01
      vertex  -4.583256e+01  1.600000e+01  2.120440e+01
    endloop
  endfacet
  facet normal  0.000000e+00  1.000000e+00  0.000000e+00
    outer loop
      vertex  -4.592506e+01  1.600000e+01  2.543892e+01
      vertex  -4.583256e+01  1.600000e+01  2.120440e+01
      vertex  -4.836888e+01  1.600000e+01  2.041327e+01
    endloop
  endfacet
  facet normal -0.000000e+00  1.000000e+00  0.000000e+00
    outer loop
      vertex  -4.836888e+01  1.600000e+01  2.041327e+01
      vertex  -4.583256e+01  1.600000e+01  2.120440e+01
      vertex  -4.785648e+01  1.600000e+01  1.612473e+01
    endloop
  endfacet
  facet normal  0.000000e+00  1.000000e+00  0.000000e+00
    outer loop
      vertex  -4.836888e+01  1.600000e+01  2.041327e+01
      vertex  -4.785648e+01  1.600000e+01  1.612473e+01
      vertex  -5.026466e+01  1.600000e+01  1.515633e+01
    endloop
  endfacet
  facet normal -0.000000e+00  1.000000e+00  0.000000e+00
    outer loop
      vertex  -5.026466e+01  1.600000e+01  1.515633e+01
      vertex  -4.785648e+01  1.600000e+01  1.612473e+01
      vertex  -4.931934e+01  1.600000e+01  1.085601e+01
    endloop
  endfacet
  facet normal  0.000000e+00  1.000000e+00  0.000000e+00
    outer loop
      vertex  -5.026466e+01  1.600000e+01  1.515633e+01
      vertex  -4.931934e+01  1.600000e+01  1.085601e+01
      vertex  -5.159092e+01  1.600000e+01  9.727658e+00
    endloop
  endfacet
  facet normal -0.000000e+00  1.000000e+00  0.000000e+00
    outer loop
      vertex  -5.159092e+01  1.600000e+01  9.727658e+00
      vertex  -4.931934e+01  1.600000e+01  1.085601e+01
      vertex  -5.020397e+01  1.600000e+01  5.460010e+00
    endloop
  endfacet
  facet normal  0.000000e+00  1.000000e+00  0.000000e+00
    outer loop
      vertex  -5.159092e+01  1.600000e+01  9.727658e+00
      vertex  -5.020397e+01  1.600000e+01  5.460010e+00
      vertex  -5.233263e+01  1.600000e+01  4.188771e+00
    endloop
  endfacet
  facet normal -0.000000e+00  1.000000e+00  0.000000e+00
    outer loop
      vertex  -5.233263e+01  1.600000e+01  4.188771e+00
      vertex  -5.020397e+01  1.600000e+01  5.460010e+00
      vertex  -5.050000e+01  1.600000e+01  0.000000e+00
    endloop
  endfacet
  facet normal  0.000000e+00  1.000000e+00  0.000000e+00
    outer loop
      vertex  -5.233263e+01  1.600000e+01  4.188771e+00
      vertex  -5.050000e+01  1.600000e+01  0.000000e+00
      vertex  -5.248139e+01  1.600000e+01 -1.397577e+00
    endloop
  endfacet
  facet normal -0.000000e+00  1.000000e+00  0.000000e+00
    outer loop
      vertex  -5.248139e+01  1.600000e+01 -1.397577e+00
      vertex  -5.050000e+01  1.600000e+01  0.000000e+00
      vertex  -5.020397e+01  1.600000e+01 -5.460010e+00
    endloop
  endfacet
  facet normal  0.000000e+00  1.000000e+00  0.000000e+00
    outer loop
      vertex  -5.248139e+01  1.600000e+01 -1.397577e+00
      vertex  -5.020397e+01  1.600000e+01 -5.460010e+00
      vertex  -5.203552e+01  1.600000e+01 -6.968090e+00
    endloop
  endfacet
  facet normal -0.000000e+00  1.000000e+00  0.000000e+00
    outer loop
      vertex  -5.203552e+01  1.600000e+01 -6.968090e+00
      vertex  -5.020397e+01  1.600000e+01 -5.460010e+00
      vertex  -4.931934e+01  1.600000e+01 -1.085601e+01
    endloop
  endfacet
  facet normal  0.000000e+00  1.000000e+00  0.000000e+00
    outer loop
      vertex  -5.203552e+01  1.600000e+01 -6.968090e+00
      vertex  -4.931934e+01  1.600000e+01 -1.085601e+01
      vertex  -5.100007e+01  1.600000e+01 -1.245965e+01
    endloop
  endfacet
  facet normal -0.000000e+00  1.000000e+00  0.000000e+00
    outer loop
      vertex  -5.100007e+01  1.600000e+01 -1.245965e+01
      vertex  -4.931934e+01  1.600000e+01 -1.085601e+01
      vertex  -4.785648e+01  1.600000e+01 -1.612473e+01
    endloop
  endfacet
  facet normal  0.000000e+00  1.000000e+00  0.000000e+00
    outer loop
      vertex  -5.100007e+01  1.600000e+01 -1.245965e+01
      vertex  -4.785648e+01  1.600000e+01 -1.612473e+01
      vertex  -4.938676e+01  1.600000e+01 -1.781004e+01
    endloop
  endfacet
  facet normal -0.000000e+00  1.000000e+00  0.000000e+00
    outer loop
      vertex  -4.938676e+01  1.600000e+01 -1.781004e+01
      vertex  -4.785648e+01  1.600000e+01 -1.612473e+01
      vertex  -4.583256e+01  1.600000e+01 -2.120440e+01
    endloop
  endfacet
  facet normal  0.000000e+00  1.000000e+00  0.000000e+00
    outer loop
      vertex  -4.938676e+01  1.600000e+01 -1.781004e+01
      vertex  -4.583256e+01  1.600000e+01 -2.120440e+01
      vertex  -4.721389e+01  1.600000e+01 -2.295863e+01
    endloop
  endfacet
  facet normal -0.000000e+00  1.000000e+00  0.000000e+00
    outer loop
      vertex  -4.721389e+01  1.600000e+01 -2.295863e+01
      vertex  -4.583256e+01  1.600000e+01 -2.120440e+01
      vertex  -4.327129e+01  1.600000e+01 -2.603547e+01
    endloop
  endfacet
  facet normal  0.000000e+00  1.000000e+00  0.000000e+00
    outer loop
      vertex  -4.721389e+01  1.600000e+01 -2.295863e+01
      vertex  -4.327129e+01  1.600000e+01 -2.603547e+01
      vertex  -4.450606e+01  1.600000e+01 -2.784710e+01
    endloop
  endfacet
  facet normal -0.000000e+00  1.000000e+00  0.000000e+00
    outer loop
      vertex  -4.450606e+01  1.600000e+01 -2.784710e+01
      vertex  -4.327129e+01  1.600000e+01 -2.603547e+01
      vertex  -4.020270e+01  1.600000e+01 -3.056130e+01
    endloop
  endfacet
  facet normal  0.000000e+00  1.000000e+00  0.000000e+00
    outer loop
      vertex  -4.450606e+01  1.600000e+01 -2.784710e+01
      vertex  -4.020270e+01  1.600000e+01 -3.056130e+01
      vertex  -4.129395e+01  1.600000e+01 -3.242004e+01
    endloop
  endfacet
  facet normal -0.000000e+00  1.000000e+00  0.000000e+00
    outer loop
      vertex  -4.129395e+01  1.600000e+01 -3.242004e+01
      vertex  -4.020270e+01  1.600000e+01 -3.056130e+01
      vertex  -3.666277e+01  1.600000e+01 -3.472882e+01
    endloop
  endfacet
  facet normal  0.000000e+00  1.000000e+00  0.000000e+00
    outer loop
      vertex  -4.129395e+01  1.600000e+01 -3.242004e+01
      vertex  -3.666277e+01  1.600000e+01 -3.472882e+01
      vertex  -3.761398e+01  1.600000e+01 -3.662566e+01
    endloop
  endfacet
  facet normal -0.000000e+00  1.000000e+00  0.000000e+00
    outer loop
      vertex  -3.761398e+01  1.600000e+01 -3.662566e+01
      vertex  -3.666277e+01  1.600000e+01 -3.472882e+01
      vertex  -3.269301e+01  1.600000e+01 -3.848919e+01
    endloop
  endfacet
  facet normal  0.000000e+00  1.000000e+00  0.000000e+00
    outer loop
      vertex  -3.761398e+01  1.600000e+01 -3.662566e+01
      vertex  -3.269301e+01  1.600000e+01 -3.848919e+01
      vertex  -3.350782e+01  1.600000e+01 -4.041628e+01
    endloop
  endfacet
  facet normal -0.000000e+00  1.000000e+00  0.000000e+00
    outer loop
      vertex  -3.350782e+01  1.600000e+01 -4.041628e+01
      vertex  -3.269301e+01  1.600000e+01 -3.848919e+01
      vertex  -2.833995e+01  1.600000e+01 -4.179829e+01
    endloop
  endfacet
  facet normal  0.000000e+00  1.000000e+00  0.000000e+00
    outer loop
      vertex  -3.350782e+01  1.600000e+01 -4.041628e+01
      vertex  -2.833995e+01  1.600000e+01 -4.179829e+01
      vertex  -2.902201e+01  1.600000e+01 -4.374898e+01
    endloop
  endfacet
  facet normal -0.000000e+00  1.000000e+00  0.000000e+00
    outer loop
      vertex  -2.902201e+01  1.600000e+01 -4.374898e+01
      vertex  -2.833995e+01  1.600000e+01 -4.179829e+01
      vertex  -2.365462e+01  1.600000e+01 -4.461736e+01
    endloop
  endfacet
  facet normal  0.000000e+00  1.000000e+00  0.000000e+00
    outer loop
      vertex  -2.902201e+01  1.600000e+01 -4.374898e+01
      vertex  -2.365462e+01  1.600000e+01 -4.461736e+01
      vertex  -2.420736e+01  1.600000e+01 -4.658598e+01
    endloop
  endfacet
  facet normal -0.000000e+00  1.000000e+00  0.000000e+00
    outer loop
      vertex  -2.420736e+01  1.600000e+01 -4.658598e+01
      vertex  -2.365462e+01  1.600000e+01 -4.461736e+01
      vertex  -1.869198e+01  1.600000e+01 -4.691332e+01
    endloop
  endfacet
  facet normal  0.000000e+00  1.000000e+00  0.000000e+00
    outer loop
      vertex  -2.420736e+01  1.600000e+01 -4.658598e+01
      vertex  -1.869198e+01  1.600000e+01 -4.691332e+01
      vertex  -1.911843e+01  1.600000e+01 -4.889515e+01
    endloop
  endfacet
  facet normal  0.000000e+00  1.000000e+00  0.000000e+00
    outer loop
      vertex  -1.911843e+01  1.600000e+01 -4.889515e+01
      vertex  -1.869198e+01  1.600000e+01 -4.691332e+01
      vertex  -1.351018e+01  1.600000e+01 -4.865928e+01
    endloop
  endfacet
  facet normal -0.000000e+00  1.000000e+00  0.000000e+00
    outer loop
      vertex  -1.911843e+01  1.600000e+01 -4.889515e+01
      vertex  -1.351018e+01  1.600000e+01 -4.865928e+01
      vertex  -1.381288e+01  1.600000e+01 -5.065031e+01
    endloop
  endfacet
  facet normal  0.000000e+00  1.000000e+00  0.000000e+00
    outer loop
      vertex  -1.381288e+01  1.600000e+01 -5.065031e+01
      vertex  -1.351018e+01  1.600000e+01 -4.865928e+01
      vertex  -8.169991e+00  1.600000e+01 -4.983474e+01
    endloop
  endfacet
  facet normal -0.000000e+00  1.000000e+00  0.000000e+00
    outer loop
      vertex  -1.381288e+01  1.600000e+01 -5.065031e+01
      vertex  -8.169991e+00  1.600000e+01 -4.983474e+01
      vertex  -8.350834e+00  1.600000e+01 -5.183159e+01
    endloop
  endfacet
  facet normal  0.000000e+00  1.000000e+00  0.000000e+00
    outer loop
      vertex  -8.350834e+00  1.600000e+01 -5.183159e+01
      vertex  -8.169991e+00  1.600000e+01 -4.983474e+01
      vertex  -2.734015e+00  1.600000e+01 -5.042594e+01
    endloop
  endfacet
  facet normal -0.000000e+00  1.000000e+00  0.000000e+00
    outer loop
      vertex  -8.350834e+00  1.600000e+01 -5.183159e+01
      vertex  -2.734015e+00  1.600000e+01 -5.042594e+01
      vertex  -2.794164e+00  1.600000e+01 -5.242559e+01
    endloop
  endfacet
  facet normal  0.000000e+00  1.000000e+00  0.000000e+00
    outer loop
      vertex  -2.794164e+00  1.600000e+01 -5.242559e+01
      vertex  -2.734015e+00  1.600000e+01 -5.042594e+01
      vertex   2.734015e+00  1.600000e+01 -5.042594e+01
    endloop
  endfacet
  facet normal  0.000000e+00  1.000000e+00  0.000000e+00
    outer loop
      vertex  -2.794164e+00  1.600000e+01 -5.242559e+01
      vertex   2.734015e+00  1.600000e+01 -5.042594e+01
      vertex   2.794164e+00  1.600000e+01 -5.242559e+01
    endloop
  endfacet
  facet normal  0.000000e+00  1.000000e+00 -0.000000e+00
    outer loop
      vertex   2.794164e+00  1.600000e+01 -5.242559e+01
      vertex   2.734015e+00  1.600000e+01 -5.042594e+01
      vertex   8.350834e+00  1.600000e+01 -5.183159e+01
    endloop
  endfacet
  facet normal  0.000000e+00  1.000000e+00  0.000000e+00
    outer loop
      vertex   8.350834e+00  1.600000e+01 -5.183159e+01
      vertex   2.734015e+00  1.600000e+01 -5.042594e+01
      vertex   8.169991e+00  1.600000e+01 -4.983474e+01
    endloop
  endfacet
  facet normal  0.000000e+00  1.000000e+00 -0.000000e+00
    outer loop
      vertex   8.350834e+00  1.600000e+01 -5.183159e+01
      vertex   8.169991e+00  1.600000e+01 -4.983474e+01
      vertex   1.381288e+01  1.600000e+01 -5.065031e+01
    endloop
  endfacet
  facet normal  0.000000e+00  1.000000e+00  0.000000e+00
    outer loop
      vertex   1.381288e+01  1.600000e+01 -5.065031e+01
      vertex   8.169991e+00  1.600000e+01 -4.983474e+01
      vertex   1.351018e+01  1.600000e+01 -4.865928e+01
    endloop
  endfacet
  facet normal  0.000000e+00  1.000000e+00 -0.000000e+00
    outer loop
      vertex   1.381288e+01  1.600000e+01 -5.065031e+01
      vertex   1.351018e+01  1.600000e+01 -4.865928e+01
      vertex   1.911843e+01  1.600000e+01 -4.889515e+01
    endloop
  endfacet
  facet normal  0.000000e+00  1.000000e+00  0.000000e+00
    outer loop
      vertex   1.911843e+01  1.600000e+01 -4.889515e+01
      vertex   1.351018e+01  1.600000e+01 -4.865928e+01
      vertex   1.869198e+01  1.600000e+01 -4.691332e+01
    endloop
  endfacet
  facet normal  0.000000e+00  1.000000e+00 -0.000000e+00
    outer loop
      vertex   1.911843e+01  1.600000e+01 -4.889515e+01
      vertex   1.869198e+01  1.600000e+01 -4.691332e+01
      vertex   2.420736e+01  1.600000e+01 -4.658598e+01
    endloop
  endfacet
  facet normal  0.000000e+00  1.000000e+00  0.000000e+00
    outer loop
      vertex   2.420736e+01  1.600000e+01 -4.658598e+01
      vertex   1.869198e+01  1.600000e+01 -4.691332e+01
      vertex   2.365462e+01  1.600000e+01 -4.461736e+01
    endloop
  endfacet
  facet normal  0.000000e+00  1.000000e+00 -0.000000e+00
    outer loop
      vertex   2.420736e+01  1.600000e+01 -4.658598e+01
      vertex   2.365462e+01  1.600000e+01 -4.461736e+01
      vertex   2.902201e+01  1.600000e+01 -4.374898e+01
    endloop
  endfacet
  facet normal  0.000000e+00  1.000000e+00  0.000000e+00
    outer loop
      vertex   2.902201e+01  1.600000e+01 -4.374898e+01
      vertex   2.365462e+01  1.600000e+01 -4.461736e+01
      vertex   2.833995e+01  1.600000e+01 -4.179829e+01
    endloop
  endfacet
  facet normal  0.000000e+00  1.000000e+00 -0.000000e+00
    outer loop
      vertex   2.902201e+01  1.600000e+01 -4.374898e+01
      vertex   2.833995e+01  1.600000e+01 -4.179829e+01
      vertex   3.350782e+01  1.600000e+01 -4.041628e+01
    endloop
  endfacet
  facet normal  0.000000e+00  1.000000e+00  0.000000e+00
    outer loop
      vertex   3.350782e+01  1.600000e+01 -4.041628e+01
      vertex   2.833995e+01  1.600000e+01 -4.179829e+01
      vertex   3.269301e+01  1.600000e+01 -3.848919e+01
    endloop
  endfacet
  facet normal  0.000000e+00  1.000000e+00 -0.000000e+00
    outer loop
      vertex   3.350782e+01  1.600000e+01 -4.041628e+01
      vertex   3.269301e+01  1.600000e+01 -3.848919e+01
      vertex   3.761398e+01  1.600000e+01 -3.662566e+01
    endloop
  endfacet
  facet normal  0.000000e+00  1.000000e+00  0.000000e+00
    outer loop
      vertex   3.761398e+01  1.600000e+01 -3.662566e+01
      vertex   3.269301e+01  1.600000e+01 -3.848919e+01
      vertex   3.666277e+01  1.600000e+01 -3.472882e+01
    endloop
  endfacet
  facet normal  0.000000e+00  1.000000e+00 -0.000000e+00
    outer loop
      vertex   3.761398e+01  1.600000e+01 -3.662566e+01
      vertex   3.666277e+01  1.600000e+01 -3.472882e+01
      vertex   4.129395e+01  1.600000e+01 -3.242004e+01
    endloop
  endfacet
  facet normal  0.000000e+00  1.000000e+00  0.000000e+00
    outer loop
      vertex   4.129395e+01  1.600000e+01 -3.242004e+01
      vertex   3.666277e+01  1.600000e+01 -3.472882e+01
      vertex   4.020270e+01  1.600000e+01 -3.056130e+01
    endloop
  endfacet
  facet normal  0.000000e+00  1.000000e+00 -0.000000e+00
    outer loop
      vertex   4.129395e+01  1.600000e+01 -3.242004e+01
      vertex   4.020270e+01  1.600000e+01 -3.056130e+01
      vertex   4.450606e+01  1.600000e+01 -2.784710e+01
    endloop
  endfacet
  facet normal  0.000000e+00  1.000000e+00  0.000000e+00
    outer loop
      vertex   4.450606e+01  1.600000e+01 -2.784710e+01
      vertex   4.020270e+01  1.600000e+01 -3.056130e+01
      vertex   4.327129e+01  1.600000e+01 -2.603547e+01
    endloop
  endfacet
  facet normal  0.000000e+00  1.000000e+00 -0.000000e+00
    outer loop
      vertex   4.450606e+01  1.600000e+01 -2.784710e+01
      vertex   4.327129e+01  1.600000e+01 -2.603547e+01
      vertex   4.721389e+01  1.600000e+01 -2.295863e+01
    endloop
  endfacet
  facet normal  0.000000e+00  1.000000e+00  0.000000e+00
    outer loop
      vertex   4.721389e+01  1.600000e+01 -2.295863e+01
      vertex   4.327129e+01  1.600000e+01 -2.603547e+01
      vertex   4.583256e+01  1.600000e+01 -2.120440e+01
    endloop
  endfacet
  facet normal  0.000000e+00  1.000000e+00 -0.000000e+00
    outer loop
      vertex   4.721389e+01  1.600000e+01 -2.295863e+01
      vertex   4.583256e+01  1.600000e+01 -2.120440e+01
      vertex   4.938676e+01  1.600000e+01 -1.781004e+01
    endloop
  endfacet
  facet normal  0.000000e+00  1.000000e+00  0.000000e+00
    outer loop
      vertex   4.938676e+01  1.600000e+01 -1.781004e+01
      vertex   4.583256e+01  1.600000e+01 -2.120440e+01
      vertex   4.785648e+01  1.600000e+01 -1.612473e+01
    endloop
  endfacet
  facet normal  0.000000e+00  1.000000e+00 -0.000000e+00
    outer loop
      vertex   4.938676e+01  1.600000e+01 -1.781004e+01
      vertex   4.785648e+01  1.600000e+01 -1.612473e+01
      vertex   5.100007e+01  1.600000e+01 -1.245965e+01
    endloop
  endfacet
  facet normal  0.000000e+00  1.000000e+00  0.000000e+00
    outer loop
      vertex   5.100007e+01  1.600000e+01 -1.245965e+01
      vertex   4.785648e+01  1.600000e+01 -1.612473e+01
      vertex   4.931934e+01  1.600000e+01 -1.085601e+01
    endloop
  endfacet
  facet normal  0.000000e+00  1.000000e+00 -0.000000e+00
    outer loop
      vertex   5.100007e+01  1.600000e+01 -1.245965e+01
      vertex   4.931934e+01  1.600000e+01 -1.085601e+01
      vertex   5.203552e+01  1.600000e+01 -6.968090e+00
    endloop
  endfacet
  facet normal  0.000000e+00  1.000000e+00  0.000000e+00
    outer loop
      vertex   5.203552e+01  1.600000e+01 -6.968090e+00
      vertex   4.931934e+01  1.600000e+01 -1.085601e+01
      vertex   5.020397e+01  1.600000e+01 -5.460010e+00
    endloop
  endfacet
  facet normal  0.000000e+00  1.000000e+00 -0.000000e+00
    outer loop
      vertex   5.203552e+01  1.600000e+01 -6.968090e+00
      vertex   5.020397e+01  1.600000e+01 -5.460010e+00
      vertex   5.248139e+01  1.600000e+01 -1.397577e+00
    endloop
  endfacet
  facet normal  0.000000e+00  1.000000e+00  0.000000e+00
    outer loop
      vertex   5.248139e+01  1.600000e+01 -1.397577e+00
      vertex   5.020397e+01  1.600000e+01 -5.460010e+00
      vertex   5.050000e+01  1.600000e+01  0.000000e+00
    endloop
  endfacet
  facet normal  0.000000e+00  1.000000e+00  0.000000e+00
    outer loop
      vertex   5.248139e+01  1.600000e+01 -1.397577e+00
      vertex   5.050000e+01  1.600000e+01  0.000000e+00
      vertex   5.233263e+01  1.600000e+01  4.188771e+00
    endloop
  endfacet
  facet normal  0.000000e+00  1.000000e+00  0.000000e+00
    outer loop
      vertex   5.233263e+01  1.600000e+01  4.188771e+00
      vertex   5.050000e+01  1.600000e+01  0.000000e+00
      vertex   5.020397e+01  1.600000e+01  5.460010e+00
    endloop
  endfacet
  facet normal  0.000000e+00  1.000000e+00  0.000000e+00
    outer loop
      vertex   5.233263e+01  1.600000e+01  4.188771e+00
      vertex   5.020397e+01  1.600000e+01  5.460010e+00
      vertex   5.159092e+01  1.600000e+01  9.727658e+00
    endloop
  endfacet
  facet normal  0.000000e+00  1.000000e+00  0.000000e+00
    outer loop
      vertex   5.159092e+01  1.600000e+01  9.727658e+00
      vertex   5.020397e+01  1.600000e+01  5.460010e+00
      vertex   4.931934e+01  1.600000e+01  1.085601e+01
    endloop
  endfacet
  facet normal  0.000000e+00  1.000000e+00  0.000000e+00
    outer loop
      vertex   5.159092e+01  1.600000e+01  9.727658e+00
      vertex   4.931934e+01  1.600000e+01  1.085601e+01
      vertex   5.026466e+01  1.600000e+01  1.515633e+01
    endloop
  endfacet
  facet normal  0.000000e+00  1.000000e+00  0.000000e+00
    outer loop
      vertex   5.026466e+01  1.600000e+01  1.515633e+01
      vertex   4.931934e+01  1.600000e+01  1.085601e+01
      vertex   4.785648e+01  1.600000e+01  1.612473e+01
    endloop
  endfacet
  facet normal  0.000000e+00  1.000000e+00  0.000000e+00
    outer loop
      vertex   5.026466e+01  1.600000e+01  1.515633e+01
      vertex   4.785648e+01  1.600000e+01  1.612473e+01
      vertex   4.836888e+01  1.600000e+01  2.041327e+01
    endloop
  endfacet
  facet normal  0.000000e+00  1.000000e+00  0.000000e+00
    outer loop
      vertex   4.836888e+01  1.600000e+01  2.041327e+01
      vertex   4.785648e+01  1.600000e+01  1.612473e+01
      vertex   4.583256e+01  1.600000e+01  2.120440e+01
    endloop
  endfacet
  facet normal  0.000000e+00  1.000000e+00  0.000000e+00
    outer loop
      vertex   4.836888e+01  1.600000e+01  2.041327e+01
      vertex   4.583256e+01  1.600000e+01  2.120440e+01
      vertex   4.592506e+01  1.600000e+01  2.543892e+01
    endloop
  endfacet
  facet normal  0.000000e+00  1.000000e+00  0.000000e+00
    outer loop
      vertex   4.592506e+01  1.600000e+01  2.543892e+01
      vertex   4.583256e+01  1.600000e+01  2.120440e+01
      vertex   4.327129e+01  1.600000e+01  2.603547e+01
    endloop
  endfacet
  facet normal  0.000000e+00  1.000000e+00  0.000000e+00
    outer loop
      vertex   4.592506e+01  1.600000e+01  2.543892e+01
      vertex   4.327129e+01  1.600000e+01  2.603547e+01
      vertex   4.296090e+01  1.600000e+01  3.017634e+01
    endloop
  endfacet
  facet normal  0.000000e+00  1.000000e+00  0.000000e+00
    outer loop
      vertex   4.296090e+01  1.600000e+01  3.017634e+01
      vertex   4.327129e+01  1.600000e+01  2.603547e+01
      vertex   4.020270e+01  1.600000e+01  3.056130e+01
    endloop
  endfacet
  facet normal  0.000000e+00  1.000000e+00  0.000000e+00
    outer loop
      vertex   4.296090e+01  1.600000e+01  3.017634e+01
      vertex   4.020270e+01  1.600000e+01  3.056130e+01
      vertex   3.950997e+01  1.600000e+01  3.457185e+01
    endloop
  endfacet
  facet normal  0.000000e+00  1.000000e+00  0.000000e+00
    outer loop
      vertex   3.950997e+01  1.600000e+01  3.457185e+01
      vertex   4.020270e+01  1.600000e+01  3.056130e+01
      vertex   3.666277e+01  1.600000e+01  3.472882e+01
    endloop
  endfacet
  facet normal  0.000000e+00  1.000000e+00  0.000000e+00
    outer loop
      vertex   3.950997e+01  1.600000e+01  3.457185e+01
      vertex   3.666277e+01  1.600000e+01  3.472882e+01
      vertex   3.561137e+01  1.600000e+01  3.857564e+01
    endloop
  endfacet
  facet normal  0.000000e+00  1.000000e+00  0.000000e+00
    outer loop
      vertex   3.561137e+01  1.600000e+01  3.857564e+01
      vertex   3.666277e+01  1.600000e+01  3.472882e+01
      vertex   3.269301e+01  1.600000e+01  3.848919e+01
    endloop
  endfacet
  facet normal  0.000000e+00  1.000000e+00  0.000000e+00
    outer loop
      vertex   3.561137e+01  1.600000e+01  3.857564e+01
      vertex   3.269301e+01  1.600000e+01  3.848919e+01
      vertex   3.130928e+01  1.600000e+01  4.214236e+01
    endloop
  endfacet
  facet normal  0.000000e+00  1.000000e+00  0.000000e+00
    outer loop
      vertex   3.130928e+01  1.600000e+01  4.214236e+01
      vertex   3.269301e+01  1.600000e+01  3.848919e+01
      vertex   2.833995e+01  1.600000e+01  4.179829e+01
    endloop
  endfacet
  facet normal  0.000000e+00  1.000000e+00  0.000000e+00
    outer loop
      vertex   3.130928e+01  1.600000e+01  4.214236e+01
      vertex   2.833995e+01  1.600000e+01  4.179829e+01
      vertex   2.665245e+01  1.600000e+01  4.523159e+01
    endloop
  endfacet
  facet normal  0.000000e+00  1.000000e+00  0.000000e+00
    outer loop
      vertex   2.665245e+01  1.600000e+01  4.523159e+01
      vertex   2.833995e+01  1.600000e+01  4.179829e+01
      vertex   2.365462e+01  1.600000e+01  4.461736e+01
    endloop
  endfacet
  facet normal  0.000000e+00  1.000000e+00  0.000000e+00
    outer loop
      vertex   2.665245e+01  1.600000e+01  4.523159e+01
      vertex   2.365462e+01  1.600000e+01  4.461736e+01
      vertex   2.169364e+01  1.600000e+01  4.780833e+01
    endloop
  endfacet
  facet normal  0.000000e+00  1.000000e+00  0.000000e+00
    outer loop
      vertex   2.169364e+01  1.600000e+01  4.780833e+01
      vertex   2.365462e+01  1.600000e+01  4.461736e+01
      vertex   1.869198e+01  1.600000e+01  4.691332e+01
    endloop
  endfacet
  facet normal  0.000000e+00  1.000000e+00  0.000000e+00
    outer loop
      vertex   2.169364e+01  1.600000e+01  4.780833e+01
      vertex   1.869198e+01  1.600000e+01  4.691332e+01
      vertex   1.648903e+01  1.600000e+01  4.984337e+01
    endloop
  endfacet
  facet normal  0.000000e+00  1.000000e+00  0.000000e+00
    outer loop
      vertex   1.648903e+01  1.600000e+01  4.984337e+01
      vertex   1.869198e+01  1.600000e+01  4.691332e+01
      vertex   1.351018e+01  1.600000e+01  4.865928e+01
    endloop
  endfacet
  facet normal  0.000000e+00  1.000000e+00  0.000000e+00
    outer loop
      vertex   1.648903e+01  1.600000e+01  4.984337e+01
      vertex   1.351018e+01  1.600000e+01  4.865928e+01
      vertex   1.109759e+01  1.600000e+01  5.131367e+01
    endloop
  endfacet
  facet normal  0.000000e+00  1.000000e+00  0.000000e+00
    outer loop
      vertex   1.109759e+01  1.600000e+01  5.131367e+01
      vertex   1.351018e+01  1.600000e+01  4.865928e+01
      vertex   8.169991e+00  1.600000e+01  4.983474e+01
    endloop
  endfacet
  facet normal  0.000000e+00  1.000000e+00  0.000000e+00
    outer loop
      vertex   1.109759e+01  1.600000e+01  5.131367e+01
      vertex   8.169991e+00  1.600000e+01  4.983474e+01
      vertex   5.580408e+00  1.600000e+01  5.220258e+01
    endloop
  endfacet
  facet normal  0.000000e+00  1.000000e+00  0.000000e+00
    outer loop
      vertex   5.580408e+00  1.600000e+01  5.220258e+01
      vertex   8.169991e+00  1.600000e+01  4.983474e+01
      vertex   2.734015e+00  1.600000e+01  5.042594e+01
    endloop
  endfacet
  facet normal  0.000000e+00  1.000000e+00  0.000000e+00
    outer loop
      vertex   5.020397e+01  1.000000e+01  5.460010e+00
      vertex   5.050000e+01  1.000000e+01  0.000000e+00
      vertex   4.650000e+01  1.000000e+01  0.000000e+00
    endloop
  endfacet
  facet normal -0.000000e+00  1.000000e+00  0.000000e+00
    outer loop
      vertex   4.650000e+01  1.000000e+01  0.000000e+00
      vertex   5.050000e+01  1.000000e+01  0.000000e+00
      vertex   5.020397e+01  1.000000e+01 -5.460010e+00
    endloop
  endfacet
  facet normal  0.000000e+00  1.000000e+00  0.000000e+00
    outer loop
      vertex   4.650000e+01  1.000000e+01  0.000000e+00
      vertex   5.020397e+01  1.000000e+01 -5.460010e+00
      vertex   4.620762e+01  1.000000e+01 -5.206348e+00
    endloop
  endfacet
  facet normal  0.000000e+00  1.000000e+00  0.000000e+00
    outer loop
      vertex   4.620762e+01  1.000000e+01 -5.206348e+00
      vertex   5.020397e+01  1.000000e+01 -5.460010e+00
      vertex   4.931934e+01  1.000000e+01 -1.085601e+01
    endloop
  endfacet
  facet normal  0.000000e+00  1.000000e+00  0.000000e+00
    outer loop
      vertex   4.620762e+01  1.000000e+01 -5.206348e+00
      vertex   4.931934e+01  1.000000e+01 -1.085601e+01
      vertex   4.533415e+01  1.000000e+01 -1.034722e+01
    endloop
  endfacet
  facet normal  0.000000e+00  1.000000e+00  0.000000e+00
    outer loop
      vertex   4.533415e+01  1.000000e+01 -1.034722e+01
      vertex   4.931934e+01  1.000000e+01 -1.085601e+01
      vertex   4.785648e+01  1.000000e+01 -1.612473e+01
    endloop
  endfacet
  facet normal  0.000000e+00  1.000000e+00  0.000000e+00
    outer loop
      vertex   4.533415e+01  1.000000e+01 -1.034722e+01
      vertex   4.785648e+01  1.000000e+01 -1.612473e+01
      vertex   4.389058e+01  1.000000e+01 -1.535798e+01
    endloop
  endfacet
  facet normal  0.000000e+00  1.000000e+00  0.000000e+00
    outer loop
      vertex   4.389058e+01  1.000000e+01 -1.535798e+01
      vertex   4.785648e+01  1.000000e+01 -1.612473e+01
      vertex   4.583256e+01  1.000000e+01 -2.120440e+01
    endloop
  endfacet
  facet normal  0.000000e+00  1.000000e+00  0.000000e+00
    outer loop
      vertex   4.389058e+01  1.000000e+01 -1.535798e+01
      vertex   4.583256e+01  1.000000e+01 -2.120440e+01
      vertex   4.189505e+01  1.000000e+01 -2.017559e+01
    endloop
  endfacet
  facet normal  0.000000e+00  1.000000e+00  0.000000e+00
    outer loop
      vertex   4.189505e+01  1.000000e+01 -2.017559e+01
      vertex   4.583256e+01  1.000000e+01 -2.120440e+01
      vertex   4.327129e+01  1.000000e+01 -2.603547e+01
    endloop
  endfacet
  facet normal  0.000000e+00  1.000000e+00  0.000000e+00
    outer loop
      vertex   4.189505e+01  1.000000e+01 -2.017559e+01
      vertex   4.327129e+01  1.000000e+01 -2.603547e+01
      vertex   3.937268e+01  1.000000e+01 -2.473949e+01
    endloop
  endfacet
  facet normal  0.000000e+00  1.000000e+00  0.000000e+00
    outer loop
      vertex   3.937268e+01  1.000000e+01 -2.473949e+01
      vertex   4.327129e+01  1.000000e+01 -2.603547e+01
      vertex   4.020270e+01  1.000000e+01 -3.056130e+01
    endloop
  endfacet
  facet normal  0.000000e+00  1.000000e+00  0.000000e+00
    outer loop
      vertex   3.937268e+01  1.000000e+01 -2.473949e+01
      vertex   4.020270e+01  1.000000e+01 -3.056130e+01
      vertex   3.635516e+01  1.000000e+01 -2.899228e+01
    endloop
  endfacet
  facet normal  0.000000e+00  1.000000e+00  0.000000e+00
    outer loop
      vertex   3.635516e+01  1.000000e+01 -2.899228e+01
      vertex   4.020270e+01  1.000000e+01 -3.056130e+01
      vertex   3.666277e+01  1.000000e+01 -3.472882e+01
    endloop
  endfacet
  facet normal  0.000000e+00  1.000000e+00  0.000000e+00
    outer loop
      vertex   3.635516e+01  1.000000e+01 -2.899228e+01
      vertex   3.666277e+01  1.000000e+01 -3.472882e+01
      vertex   3.288047e+01  1.000000e+01 -3.288047e+01
    endloop
  endfacet
  facet normal  0.000000e+00  1.000000e+00  0.000000e+00
    outer loop
      vertex   3.288047e+01  1.000000e+01 -3.288047e+01
      vertex   3.666277e+01  1.000000e+01 -3.472882e+01
      vertex   3.269301e+01  1.000000e+01 -3.848919e+01
    endloop
  endfacet
  facet normal  0.000000e+00  1.000000e+00  0.000000e+00
    outer loop
      vertex   3.288047e+01  1.000000e+01 -3.288047e+01
      vertex   3.269301e+01  1.000000e+01 -3.848919e+01
      vertex   2.899228e+01  1.000000e+01 -3.635516e+01
    endloop
  endfacet
  facet normal  0.000000e+00  1.000000e+00  0.000000e+00
    outer loop
      vertex   2.899228e+01  1.000000e+01 -3.635516e+01
      vertex   3.269301e+01  1.000000e+01 -3.848919e+01
      vertex   2.833995e+01  1.000000e+01 -4.179829e+01
    endloop
  endfacet
  facet normal  0.000000e+00  1.000000e+00  0.000000e+00
    outer loop
      vertex   2.899228e+01  1.000000e+01 -3.635516e+01
      vertex   2.833995e+01  1.000000e+01 -4.179829e+01
      vertex   2.473949e+01  1.000000e+01 -3.937268e+01
    endloop
  endfacet
  facet normal  0.000000e+00  1.000000e+00  0.000000e+00
    outer loop
      vertex   2.473949e+01  1.000000e+01 -3.937268e+01
      vertex   2.833995e+01  1.000000e+01 -4.179829e+01
      vertex   2.365462e+01  1.000000e+01 -4.461736e+01
    endloop
  endfacet
  facet normal  0.000000e+00  1.000000e+00  0.000000e+00
    outer loop
      vertex   2.473949e+01  1.000000e+01 -3.937268e+01
      vertex   2.365462e+01  1.000000e+01 -4.461736e+01
      vertex   2.017559e+01  1.000000e+01 -4.189505e+01
    endloop
  endfacet
  facet normal  0.000000e+00  1.000000e+00  0.000000e+00
    outer loop
      vertex   2.017559e+01  1.000000e+01 -4.189505e+01
      vertex   2.365462e+01  1.000000e+01 -4.461736e+01
      vertex   1.869198e+01  1.000000e+01 -4.691332e+01
    endloop
  endfacet
  facet normal  0.000000e+00  1.000000e+00  0.000000e+00
    outer loop
      vertex   2.017559e+01  1.000000e+01 -4.189505e+01
      vertex   1.869198e+01  1.000000e+01 -4.691332e+01
      vertex   1.535798e+01  1.000000e+01 -4.389058e+01
    endloop
  endfacet
  facet normal  0.000000e+00  1.000000e+00  0.000000e+00
    outer loop
      vertex   1.535798e+01  1.000000e+01 -4.389058e+01
      vertex   1.869198e+01  1.000000e+01 -4.691332e+01
      vertex   1.351018e+01  1.000000e+01 -4.865928e+01
    endloop
  endfacet
  facet normal  0.000000e+00  1.000000e+00  0.000000e+00
    outer loop
      vertex   1.535798e+01  1.000000e+01 -4.389058e+01
      vertex   1.351018e+01  1.000000e+01 -4.865928e+01
      vertex   1.034722e+01  1.000000e+01 -4.533415e+01
    endloop
  endfacet
  facet normal  0.000000e+00  1.000000e+00  0.000000e+00
    outer loop
      vertex   1.034722e+01  1.000000e+01 -4.533415e+01
      vertex   1.351018e+01  1.000000e+01 -4.865928e+01
      vertex   8.169991e+00  1.000000e+01 -4.983474e+01
    endloop
  endfacet
  facet normal  0.000000e+00  1.000000e+00  0.000000e+00
    outer loop
      vertex   1.034722e+01  1.000000e+01 -4.533415e+01
      vertex   8.169991e+00  1.000000e+01 -4.983474e+01
      vertex   5.206348e+00  1.000000e+01 -4.620762e+01
    endloop
  endfacet
  facet normal  0.000000e+00  1.000000e+00  0.000000e+00
    outer loop
      vertex   5.206348e+00  1.000000e+01 -4.620762e+01
      vertex   8.169991e+00  1.000000e+01 -4.983474e+01
      vertex   2.734015e+00  1.000000e+01 -5.042594e+01
    endloop
  endfacet
  facet normal  0.000000e+00  1.000000e+00  0.000000e+00
    outer loop
      vertex   5.206348e+00  1.000000e+01 -4.620762e+01
      vertex   2.734015e+00  1.000000e+01 -5.042594e+01
      vertex   0.000000e+00  1.000000e+01 -4.650000e+01
    endloop
  endfacet
  facet normal  0.000000e+00  1.000000e+00  0.000000e+00
    outer loop
      vertex   0.000000e+00  1.000000e+01 -4.650000e+01
      vertex   2.734015e+00  1.000000e+01 -5.042594e+01
      vertex  -2.734015e+00  1.000000e+01 -5.042594e+01
    endloop
  endfacet
  facet normal  0.000000e+00  1.000000e+00  0.000000e+00
    outer loop
      vertex   0.000000e+00  1.000000e+01 -4.650000e+01
      vertex  -2.734015e+00  1.000000e+01 -5.042594e+01
      vertex  -5.206348e+00  1.000000e+01 -4.620762e+01
    endloop
  endfacet
  facet normal  0.000000e+00  1.000000e+00  0.000000e+00
    outer loop
      vertex  -5.206348e+00  1.000000e+01 -4.620762e+01
      vertex  -2.734015e+00  1.000000e+01 -5.042594e+01
      vertex  -8.169991e+00  1.000000e+01 -4.983474e+01
    endloop
  endfacet
  facet normal  0.000000e+00  1.000000e+00  0.000000e+00
    outer loop
      vertex  -5.206348e+00  1.000000e+01 -4.620762e+01
      vertex  -8.169991e+00  1.000000e+01 -4.983474e+01
      vertex  -1.034722e+01  1.000000e+01 -4.533415e+01
    endloop
  endfacet
  facet normal  0.000000e+00  1.000000e+00  0.000000e+00
    outer loop
      vertex  -1.034722e+01  1.000000e+01 -4.533415e+01
      vertex  -8.169991e+00  1.000000e+01 -4.983474e+01
      vertex  -1.351018e+01  1.000000e+01 -4.865928e+01
    endloop
  endfacet
  facet normal  0.000000e+00  1.000000e+00  0.000000e+00
    outer loop
      vertex  -1.034722e+01  1.000000e+01 -4.533415e+01
      vertex  -1.351018e+01  1.000000e+01 -4.865928e+01
      vertex  -1.535798e+01  1.000000e+01 -4.389058e+01
    endloop
  endfacet
  facet normal  0.000000e+00  1.000000e+00  0.000000e+00
    outer loop
      vertex  -1.535798e+01  1.000000e+01 -4.389058e+01
      vertex  -1.351018e+01  1.000000e+01 -4.865928e+01
      vertex  -1.869198e+01  1.000000e+01 -4.691332e+01
    endloop
  endfacet
  facet normal  0.000000e+00  1.000000e+00  0.000000e+00
    outer loop
      vertex  -1.535798e+01  1.000000e+01 -4.389058e+01
      vertex  -1.869198e+01  1.000000e+01 -4.691332e+01
      vertex  -2.017559e+01  1.000000e+01 -4.189505e+01
    endloop
  endfacet
  facet normal  0.000000e+00  1.000000e+00  0.000000e+00
    outer loop
      vertex  -2.017559e+01  1.000000e+01 -4.189505e+01
      vertex  -1.869198e+01  1.000000e+01 -4.691332e+01
      vertex  -2.365462e+01  1.000000e+01 -4.461736e+01
    endloop
  endfacet
  facet normal  0.000000e+00  1.000000e+00  0.000000e+00
    outer loop
      vertex  -2.017559e+01  1.000000e+01 -4.189505e+01
      vertex  -2.365462e+01  1.000000e+01 -4.461736e+01
      vertex  -2.473949e+01  1.000000e+01 -3.937268e+01
    endloop
  endfacet
  facet normal  0.000000e+00  1.000000e+00  0.000000e+00
    outer loop
      vertex  -2.473949e+01  1.000000e+01 -3.937268e+01
      vertex  -2.365462e+01  1.000000e+01 -4.461736e+01
      vertex  -2.833995e+01  1.000000e+01 -4.179829e+01
    endloop
  endfacet
  facet normal  0.000000e+00  1.000000e+00  0.000000e+00
    outer loop
      vertex  -2.473949e+01  1.000000e+01 -3.937268e+01
      vertex  -2.833995e+01  1.000000e+01 -4.179829e+01
      vertex  -2.899228e+01  1.000000e+01 -3.635516e+01
    endloop
  endfacet
  facet normal  0.000000e+00  1.000000e+00  0.000000e+00
    outer loop
      vertex  -2.899228e+01  1.000000e+01 -3.635516e+01
      vertex  -2.833995e+01  1.000000e+01 -4.179829e+01
      vertex  -3.269301e+01  1.000000e+01 -3.848919e+01
    endloop
  endfacet
  facet normal  0.000000e+00  1.000000e+00  0.000000e+00
    outer loop
      vertex  -2.899228e+01  1.000000e+01 -3.635516e+01
      vertex  -3.269301e+01  1.000000e+01 -3.848919e+01
      vertex  -3.288047e+01  1.000000e+01 -3.288047e+01
    endloop
  endfacet
  facet normal  0.000000e+00  1.000000e+00  0.000000e+00
    outer loop
      vertex  -3.288047e+01  1.000000e+01 -3.288047e+01
      vertex  -3.269301e+01  1.000000e+01 -3.848919e+01
      vertex  -3.666277e+01  1.000000e+01 -3.472882e+01
    endloop
  endfacet
  facet normal  0.000000e+00  1.000000e+00  0.000000e+00
    outer loop
      vertex  -3.288047e+01  1.000000e+01 -3.288047e+01
      vertex  -3.666277e+01  1.000000e+01 -3.472882e+01
      vertex  -3.635516e+01  1.000000e+01 -2.899228e+01
    endloop
  endfacet
  facet normal  0.000000e+00  1.000000e+00  0.000000e+00
    outer loop
      vertex  -3.635516e+01  1.000000e+01 -2.899228e+01
      vertex  -3.666277e+01  1.000000e+01 -3.472882e+01
      vertex  -4.020270e+01  1.000000e+01 -3.056130e+01
    endloop
  endfacet
  facet normal  0.000000e+00  1.000000e+00  0.000000e+00
    outer loop
      vertex  -3.635516e+01  1.000000e+01 -2.899228e+01
      vertex  -4.020270e+01  1.000000e+01 -3.056130e+01
      vertex  -3.937268e+01  1.000000e+01 -2.473949e+01
    endloop
  endfacet
  facet normal  0.000000e+00  1.000000e+00  0.000000e+00
    outer loop
      vertex  -3.937268e+01  1.000000e+01 -2.473949e+01
      vertex  -4.020270e+01  1.000000e+01 -3.056130e+01
      vertex  -4.327129e+01  1.000000e+01 -2.603547e+01
    endloop
  endfacet
  facet normal  0.000000e+00  1.000000e+00  0.000000e+00
    outer loop
      vertex  -3.937268e+01  1.000000e+01 -2.473949e+01
      vertex  -4.327129e+01  1.000000e+01 -2.603547e+01
      vertex  -4.189505e+01  1.000000e+01 -2.017559e+01
    endloop
  endfacet
  facet normal  0.000000e+00  1.000000e+00  0.000000e+00
    outer loop
      vertex  -4.189505e+01  1.000000e+01 -2.017559e+01
      vertex  -4.327129e+01  1.000000e+01 -2.603547e+01
      vertex  -4.583256e+01  1.000000e+01 -2.120440e+01
    endloop
  endfacet
  facet normal  0.000000e+00  1.000000e+00  0.000000e+00
    outer loop
      vertex  -4.189505e+01  1.000000e+01 -2.017559e+01
      vertex  -4.583256e+01  1.000000e+01 -2.120440e+01
      vertex  -4.389058e+01  1.000000e+01 -1.535798e+01
    endloop
  endfacet
  facet normal  0.000000e+00  1.000000e+00  0.000000e+00
    outer loop
      vertex  -4.389058e+01  1.000000e+01 -1.535798e+01
      vertex  -4.583256e+01  1.000000e+01 -2.120440e+01
      vertex  -4.785648e+01  1.000000e+01 -1.612473e+01
    endloop
  endfacet
  facet normal  0.000000e+00  1.000000e+00  0.000000e+00
    outer loop
      vertex  -4.389058e+01  1.000000e+01 -1.535798e+01
      vertex  -4.785648e+01  1.000000e+01 -1.612473e+01
      vertex  -4.533415e+01  1.000000e+01 -1.034722e+01
    endloop
  endfacet
  facet normal  0.000000e+00  1.000000e+00  0.000000e+00
    outer loop
      vertex  -4.533415e+01  1.000000e+01 -1.034722e+01
      vertex  -4.785648e+01  1.000000e+01 -1.612473e+01
      vertex  -4.931934e+01  1.000000e+01 -1.085601e+01
    endloop
  endfacet
  facet normal  0.000000e+00  1.000000e+00  0.000000e+00
    outer loop
      vertex  -4.533415e+01  1.000000e+01 -1.034722e+01
      vertex  -4.931934e+01  1.000000e+01 -1.085601e+01
      vertex  -4.620762e+01  1.000000e+01 -5.206348e+00
    endloop
  endfacet
  facet normal  0.000000e+00  1.000000e+00  0.000000e+00
    outer loop
      vertex  -4.620762e+01  1.000000e+01 -5.206348e+00
      vertex  -4.931934e+01  1.000000e+01 -1.085601e+01
      vertex  -5.020397e+01  1.000000e+01 -5.460010e+00
    endloop
  endfacet
  facet normal  0.000000e+00  1.000000e+00  0.000000e+00
    outer loop
      vertex  -4.620762e+01  1.000000e+01 -5.206348e+00
      vertex  -5.020397e+01  1.000000e+01 -5.460010e+00
      vertex  -4.650000e+01  1.000000e+01  0.000000e+00
    endloop
  endfacet
  facet normal  0.000000e+00  1.000000e+00  0.000000e+00
    outer loop
      vertex  -4.650000e+01  1.000000e+01  0.000000e+00
      vertex  -5.020397e+01  1.000000e+01 -5.460010e+00
      vertex  -5.050000e+01  1.000000e+01  0.000000e+00
    endloop
  endfacet
  facet normal  0.000000e+00  1.000000e+00  0.000000e+00
    outer loop
      vertex  -4.650000e+01  1.000000e+01  0.000000e+00
      vertex  -5.050000e+01  1.000000e+01  0.000000e+00
      vertex  -5.020397e+01  1.000000e+01  5.460010e+00
    endloop
  endfacet
  facet normal  0.000000e+00  1.000000e+00 -0.000000e+00
    outer loop
      vertex  -4.650000e+01  1.000000e+01  0.000000e+00
      vertex  -5.020397e+01  1.000000e+01  5.460010e+00
      vertex  -4.620762e+01  1.000000e+01  5.206348e+00
    endloop
  endfacet
  facet normal  0.000000e+00  1.000000e+00  0.000000e+00
    outer loop
      vertex  -4.620762e+01  1.000000e+01  5.206348e+00
      vertex  -5.020397e+01  1.000000e+01  5.460010e+00
      vertex  -4.931934e+01  1.000000e+01  1.085601e+01
    endloop
  endfacet
  facet normal  0.000000e+00  1.000000e+00 -0.000000e+00
    outer loop
      vertex  -4.620762e+01  1.000000e+01  5.206348e+00
      vertex  -4.931934e+01  1.000000e+01  1.085601e+01
      vertex  -4.533415e+01  1.000000e+01  1.034722e+01
    endloop
  endfacet
  facet normal  0.000000e+00  1.000000e+00  0.000000e+00
    outer loop
      vertex  -4.533415e+01  1.000000e+01  1.034722e+01
      vertex  -4.931934e+01  1.000000e+01  1.085601e+01
      vertex  -4.785648e+01  1.000000e+01  1.612473e+01
    endloop
  endfacet
  facet normal  0.000000e+00  1.000000e+00 -0.000000e+00
    outer loop
      vertex  -4.533415e+01  1.000000e+01  1.034722e+01
      vertex  -4.785648e+01  1.000000e+01  1.612473e+01
      vertex  -4.389058e+01  1.000000e+01  1.535798e+01
    endloop
  endfacet
  facet normal  0.000000e+00  1.000000e+00  0.000000e+00
    outer loop
      vertex  -4.389058e+01  1.000000e+01  1.535798e+01
      vertex  -4.785648e+01  1.000000e+01  1.612473e+01
      vertex  -4.583256e+01  1.000000e+01  2.120440e+01
    endloop
  endfacet
  facet normal  0.000000e+00  1.000000e+00 -0.000000e+00
    outer loop
      vertex  -4.389058e+01  1.000000e+01  1.535798e+01
      vertex  -4.583256e+01  1.000000e+01  2.120440e+01
      vertex  -4.189505e+01  1.000000e+01  2.017559e+01
    endloop
  endfacet
  facet normal  0.000000e+00  1.000000e+00  0.000000e+00
    outer loop
      vertex  -4.189505e+01  1.000000e+01  2.017559e+01
      vertex  -4.583256e+01  1.000000e+01  2.120440e+01
      vertex  -4.327129e+01  1.000000e+01  2.603547e+01
    endloop
  endfacet
  facet normal  0.000000e+00  1.000000e+00 -0.000000e+00
    outer loop
      vertex  -4.189505e+01  1.000000e+01  2.017559e+01
      vertex  -4.327129e+01  1.000000e+01  2.603547e+01
      vertex  -3.937268e+01  1.000000e+01  2.473949e+01
    endloop
  endfacet
  facet normal  0.000000e+00  1.000000e+00  0.000000e+00
    outer loop
      vertex  -3.937268e+01  1.000000e+01  2.473949e+01
      vertex  -4.327129e+01  1.000000e+01  2.603547e+01
      vertex  -4.020270e+01  1.000000e+01  3.056130e+01
    endloop
  endfacet
  facet normal  0.000000e+00  1.000000e+00 -0.000000e+00
    outer loop
      vertex  -3.937268e+01  1.000000e+01  2.473949e+01
      vertex  -4.020270e+01  1.000000e+01  3.056130e+01
      vertex  -3.635516e+01  1.000000e+01  2.899228e+01
    endloop
  endfacet
  facet normal  0.000000e+00  1.000000e+00  0.000000e+00
    outer loop
      vertex  -3.635516e+01  1.000000e+01  2.899228e+01
      vertex  -4.020270e+01  1.000000e+01  3.056130e+01
      vertex  -3.666277e+01  1.000000e+01  3.472882e+01
    endloop
  endfacet
  facet normal  0.000000e+00  1.000000e+00 -0.000000e+00
    outer loop
      vertex  -3.635516e+01  1.000000e+01  2.899228e+01
      vertex  -3.666277e+01  1.000000e+01  3.472882e+01
      vertex  -3.288047e+01  1.000000e+01  3.288047e+01
    endloop
  endfacet
  facet normal  0.000000e+00  1.000000e+00 -0.000000e+00
    outer loop
      vertex  -3.288047e+01  1.000000e+01  3.288047e+01
      vertex  -3.666277e+01  1.000000e+01  3.472882e+01
      vertex  -3.269301e+01  1.000000e+01  3.848919e+01
    endloop
  endfacet
  facet normal  0.000000e+00  1.000000e+00  0.000000e+00
    outer loop
      vertex  -3.288047e+01  1.000000e+01  3.288047e+01
      vertex  -3.269301e+01  1.000000e+01  3.848919e+01
      vertex  -2.899228e+01  1.000000e+01  3.635516e+01
    endloop
  endfacet
  facet normal  0.000000e+00  1.000000e+00 -0.000000e+00
    outer loop
      vertex  -2.899228e+01  1.000000e+01  3.635516e+01
      vertex  -3.269301e+01  1.000000e+01  3.848919e+01
      vertex  -2.833995e+01  1.000000e+01  4.179829e+01
    endloop
  endfacet
  facet normal  0.000000e+00  1.000000e+00  0.000000e+00
    outer loop
      vertex  -2.899228e+01  1.000000e+01  3.635516e+01
      vertex  -2.833995e+01  1.000000e+01  4.179829e+01
      vertex  -2.473949e+01  1.000000e+01  3.937268e+01
    endloop
  endfacet
  facet normal  0.000000e+00  1.000000e+00 -0.000000e+00
    outer loop
      vertex  -2.473949e+01  1.000000e+01  3.937268e+01
      vertex  -2.833995e+01  1.000000e+01  4.179829e+01
      vertex  -2.365462e+01  1.000000e+01  4.461736e+01
    endloop
  endfacet
  facet normal  0.000000e+00  1.000000e+00  0.000000e+00
    outer loop
      vertex  -2.473949e+01  1.000000e+01  3.937268e+01
      vertex  -2.365462e+01  1.000000e+01  4.461736e+01
      vertex  -2.017559e+01  1.000000e+01  4.189505e+01
    endloop
  endfacet
  facet normal  0.000000e+00  1.000000e+00 -0.000000e+00
    outer loop
      vertex  -2.017559e+01  1.000000e+01  4.189505e+01
      vertex  -2.365462e+01  1.000000e+01  4.461736e+01
      vertex  -1.869198e+01  1.000000e+01  4.691332e+01
    endloop
  endfacet
  facet normal  0.000000e+00  1.000000e+00  0.000000e+00
    outer loop
      vertex  -2.017559e+01  1.000000e+01  4.189505e+01
      vertex  -1.869198e+01  1.000000e+01  4.691332e+01
      vertex  -1.535798e+01  1.000000e+01  4.389058e+01
    endloop
  endfacet
  facet normal  0.000000e+00  1.000000e+00 -0.000000e+00
    outer loop
      vertex  -1.535798e+01  1.000000e+01  4.389058e+01
      vertex  -1.869198e+01  1.000000e+01  4.691332e+01
      vertex  -1.351018e+01  1.000000e+01  4.865928e+01
    endloop
  endfacet
  facet normal  0.000000e+00  1.000000e+00  0.000000e+00
    outer loop
      vertex  -1.535798e+01  1.000000e+01  4.389058e+01
      vertex  -1.351018e+01  1.000000e+01  4.865928e+01
      vertex  -1.034722e+01  1.000000e+01  4.533415e+01
    endloop
  endfacet
  facet normal  0.000000e+00  1.000000e+00 -0.000000e+00
    outer loop
      vertex  -1.034722e+01  1.000000e+01  4.533415e+01
      vertex  -1.351018e+01  1.000000e+01  4.865928e+01
      vertex  -8.169991e+00  1.000000e+01  4.983474e+01
    endloop
  endfacet
  facet normal  0.000000e+00  1.000000e+00  0.000000e+00
    outer loop
      vertex  -1.034722e+01  1.000000e+01  4.533415e+01
      vertex  -8.169991e+00  1.000000e+01  4.983474e+01
      vertex  -5.206348e+00  1.000000e+01  4.620762e+01
    endloop
  endfacet
  facet normal  0.000000e+00  1.000000e+00 -0.000000e+00
    outer loop
      vertex  -5.206348e+00  1.000000e+01  4.620762e+01
      vertex  -8.169991e+00  1.000000e+01  4.983474e+01
      vertex  -2.734015e+00  1.000000e+01  5.042594e+01
    endloop
  endfacet
  facet normal  0.000000e+00  1.000000e+00  0.000000e+00
    outer loop
      vertex  -5.206348e+00  1.000000e+01  4.620762e+01
      vertex  -2.734015e+00  1.000000e+01  5.042594e+01
      vertex   0.000000e+00  1.000000e+01  4.650000e+01
    endloop
  endfacet
  facet normal  0.000000e+00  1.000000e+00 -0.000000e+00
    outer loop
      vertex   0.000000e+00  1.000000e+01  4.650000e+01
      vertex  -2.734015e+00  1.000000e+01  5.042594e+01
      vertex   2.734015e+00  1.000000e+01  5.042594e+01
    endloop
  endfacet
  facet normal -0.000000e+00  1.000000e+00  0.000000e+00
    outer loop
      vertex   0.000000e+00  1.000000e+01  4.650000e+01
      vertex   2.734015e+00  1.000000e+01  5.042594e+01
      vertex   5.206348e+00  1.000000e+01  4.620762e+01
    endloop
  endfacet
  facet normal  0.000000e+00  1.000000e+00 -0.000000e+00
    outer loop
      vertex   5.206348e+00  1.000000e+01  4.620762e+01
      vertex   2.734015e+00  1.000000e+01  5.042594e+01
      vertex   8.169991e+00  1.000000e+01  4.983474e+01
    endloop
  endfacet
  facet normal -0.000000e+00  1.000000e+00  0.000000e+00
    outer loop
      vertex   5.206348e+00  1.000000e+01  4.620762e+01
      vertex   8.169991e+00  1.000000e+01  4.983474e+01
      vertex   1.034722e+01  1.000000e+01  4.533415e+01
    endloop
  endfacet
  facet normal  0.000000e+00  1.000000e+00 -0.000000e+00
    outer loop
      vertex   1.034722e+01  1.000000e+01  4.533415e+01
      vertex   8.169991e+00  1.000000e+01  4.983474e+01
      vertex   1.351018e+01  1.000000e+01  4.865928e+01
    endloop
  endfacet
  facet normal -0.000000e+00  1.000000e+00  0.000000e+00
    outer loop
      vertex   1.034722e+01  1.000000e+01  4.533415e+01
      vertex   1.351018e+01  1.000000e+01  4.865928e+01
      vertex   1.535798e+01  1.000000e+01  4.389058e+01
    endloop
  endfacet
  facet normal  0.000000e+00  1.000000e+00 -0.000000e+00
    outer loop
      vertex   1.535798e+01  1.000000e+01  4.389058e+01
      vertex   1.351018e+01  1.000000e+01  4.865928e+01
      vertex   1.869198e+01  1.000000e+01  4.691332e+01
    endloop
  endfacet
  facet normal -0.000000e+00  1.000000e+00  0.000000e+00
    outer loop
      vertex   1.535798e+01  1.000000e+01  4.389058e+01
      vertex   1.869198e+01  1.000000e+01  4.691332e+01
      vertex   2.017559e+01  1.000000e+01  4.189505e+01
    endloop
  endfacet
  facet normal  0.000000e+00  1.000000e+00 -0.000000e+00
    outer loop
      vertex   2.017559e+01  1.000000e+01  4.189505e+01
      vertex   1.869198e+01  1.000000e+01  4.691332e+01
      vertex   2.365462e+01  1.000000e+01  4.461736e+01
    endloop
  endfacet
  facet normal -0.000000e+00  1.000000e+00  0.000000e+00
    outer loop
      vertex   2.017559e+01  1.000000e+01  4.189505e+01
      vertex   2.365462e+01  1.000000e+01  4.461736e+01
      vertex   2.473949e+01  1.000000e+01  3.937268e+01
    endloop
  endfacet
  facet normal  0.000000e+00  1.000000e+00 -0.000000e+00
    outer loop
      vertex   2.473949e+01  1.000000e+01  3.937268e+01
      vertex   2.365462e+01  1.000000e+01  4.461736e+01
      vertex   2.833995e+01  1.000000e+01  4.179829e+01
    endloop
  endfacet
  facet normal -0.000000e+00  1.000000e+00  0.000000e+00
    outer loop
      vertex   2.473949e+01  1.000000e+01  3.937268e+01
      vertex   2.833995e+01  1.000000e+01  4.179829e+01
      vertex   2.899228e+01  1.000000e+01  3.635516e+01
    endloop
  endfacet
  facet normal  0.000000e+00  1.000000e+00 -0.000000e+00
    outer loop
      vertex   2.899228e+01  1.000000e+01  3.635516e+01
      vertex   2.833995e+01  1.000000e+01  4.179829e+01
      vertex   3.269301e+01  1.000000e+01  3.848919e+01
    endloop
  endfacet
  facet normal -0.000000e+00  1.000000e+00  0.000000e+00
    outer loop
      vertex   2.899228e+01  1.000000e+01  3.635516e+01
      vertex   3.269301e+01  1.000000e+01  3.848919e+01
      vertex   3.288047e+01  1.000000e+01  3.288047e+01
    endloop
  endfacet
  facet normal  0.000000e+00  1.000000e+00 -0.000000e+00
    outer loop
      vertex   3.288047e+01  1.000000e+01  3.288047e+01
      vertex   3.269301e+01  1.000000e+01  3.848919e+01
      vertex   3.666277e+01  1.000000e+01  3.472882e+01
    endloop
  endfacet
  facet normal -0.000000e+00  1.000000e+00  0.000000e+00
    outer loop
      vertex   3.288047e+01  1.000000e+01  3.288047e+01
      vertex   3.666277e+01  1.000000e+01  3.472882e+01
      vertex   3.635516e+01  1.000000e+01  2.899228e+01
    endloop
  endfacet
  facet normal  0.000000e+00  1.000000e+00  0.000000e+00
    outer loop
      vertex   3.635516e+01  1.000000e+01  2.899228e+01
      vertex   3.666277e+01  1.000000e+01  3.472882e+01
      vertex   4.020270e+01  1.000000e+01  3.056130e+01
    endloop
  endfacet
  facet normal -0.000000e+00  1.000000e+00  0.000000e+00
    outer loop
      vertex   3.635516e+01  1.000000e+01  2.899228e+01
      vertex   4.020270e+01  1.000000e+01  3.056130e+01
      vertex   3.937268e+01  1.000000e+01  2.473949e+01
    endloop
  endfacet
  facet normal  0.000000e+00  1.000000e+00  0.000000e+00
    outer loop
      vertex   3.937268e+01  1.000000e+01  2.473949e+01
      vertex   4.020270e+01  1.000000e+01  3.056130e+01
      vertex   4.327129e+01  1.000000e+01  2.603547e+01
    endloop
  endfacet
  facet normal -0.000000e+00  1.000000e+00  0.000000e+00
    outer loop
      vertex   3.937268e+01  1.000000e+01  2.473949e+01
      vertex   4.327129e+01  1.000000e+01  2.603547e+01
      vertex   4.189505e+01  1.000000e+01  2.017559e+01
    endloop
  endfacet
  facet normal  0.000000e+00  1.000000e+00  0.000000e+00
    outer loop
      vertex   4.189505e+01  1.000000e+01  2.017559e+01
      vertex   4.327129e+01  1.000000e+01  2.603547e+01
      vertex   4.583256e+01  1.000000e+01  2.120440e+01
    endloop
  endfacet
  facet normal -0.000000e+00  1.000000e+00  0.000000e+00
    outer loop
      vertex   4.189505e+01  1.000000e+01  2.017559e+01
      vertex   4.583256e+01  1.000000e+01  2.120440e+01
      vertex   4.389058e+01  1.000000e+01  1.535798e+01
    endloop
  endfacet
  facet normal  0.000000e+00  1.000000e+00  0.000000e+00
    outer loop
      vertex   4.389058e+01  1.000000e+01  1.535798e+01
      vertex   4.583256e+01  1.000000e+01  2.120440e+01
      vertex   4.785648e+01  1.000000e+01  1.612473e+01
    endloop
  endfacet
  facet normal -0.000000e+00  1.000000e+00  0.000000e+00
    outer loop
      vertex   4.389058e+01  1.000000e+01  1.535798e+01
      vertex   4.785648e+01  1.000000e+01  1.612473e+01
      vertex   4.533415e+01  1.000000e+01  1.034722e+01
    endloop
  endfacet
  facet normal  0.000000e+00  1.000000e+00  0.000000e+00
    outer loop
      vertex   4.533415e+01  1.000000e+01  1.034722e+01
      vertex   4.785648e+01  1.000000e+01  1.612473e+01
      vertex   4.931934e+01  1.000000e+01  1.085601e+01
    endloop
  endfacet
  facet normal -0.000000e+00  1.000000e+00  0.000000e+00
    outer loop
      vertex   4.533415e+01  1.000000e+01  1.034722e+01
      vertex   4.931934e+01  1.000000e+01  1.085601e+01
      vertex   4.620762e+01  1.000000e+01  5.206348e+00
    endloop
  endfacet
  facet normal  0.000000e+00  1.000000e+00  0.000000e+00
    outer loop
      vertex   4.620762e+01  1.000000e+01  5.206348e+00
      vertex   4.931934e+01  1.000000e+01  1.085601e+01
      vertex   5.020397e+01  1.000000e+01  5.460010e+00
    endloop
  endfacet
  facet normal -0.000000e+00  1.000000e+00  0.000000e+00
    outer loop
      vertex   4.620762e+01  1.000000e+01  5.206348e+00
      vertex   5.020397e+01  1.000000e+01  5.460010e+00
      vertex   4.650000e+01  1.000000e+01  0.000000e+00
    endloop
  endfacet
  facet normal  0.000000e+00 -1.000000e+00 -0.000000e+00
    outer loop
      vertex  -5.000000e+00  0.000000e+00  5.025187e+01
      vertex  -1.043739e+01  0.000000e+00  4.940962e+01
      vertex  -5.000000e+00  0.000000e+00  4.623040e+01
    endloop
  endfacet
  facet normal -0.000000e+00 -1.000000e+00  0.000000e+00
    outer loop
      vertex  -5.000000e+00  0.000000e+00  4.623040e+01
      vertex  -1.043739e+01  0.000000e+00  4.940962e+01
      vertex  -1.016031e+01  0.000000e+00  4.537640e+01
    endloop
  endfacet
  facet normal -0.000000e+00 -1.000000e+00  0.000000e+00
    outer loop
      vertex  -1.016031e+01  0.000000e+00  4.537640e+01
      vertex  -1.043739e+01  0.000000e+00  4.940962e+01
      vertex  -1.519206e+01  0.000000e+00  4.394828e+01
    endloop
  endfacet
  facet normal  0.000000e+00 -1.000000e+00  0.000000e+00
    outer loop
      vertex  -1.519206e+01  0.000000e+00  4.394828e+01
      vertex  -1.043739e+01  0.000000e+00  4.940962e+01
      vertex  -1.575088e+01  0.000000e+00  4.798083e+01
    endloop
  endfacet
  facet normal -0.000000e+00 -1.000000e+00  0.000000e+00
    outer loop
      vertex  -1.519206e+01  0.000000e+00  4.394828e+01
      vertex  -1.575088e+01  0.000000e+00  4.798083e+01
      vertex  -2.003160e+01  0.000000e+00  4.196409e+01
    endloop
  endfacet
  facet normal  0.000000e+00 -1.000000e+00  0.000000e+00
    outer loop
      vertex  -2.003160e+01  0.000000e+00  4.196409e+01
      vertex  -1.575088e+01  0.000000e+00  4.798083e+01
      vertex  -2.087739e+01  0.000000e+00  4.598244e+01
    endloop
  endfacet
  facet normal -0.000000e+00 -1.000000e+00  0.000000e+00
    outer loop
      vertex  -2.003160e+01  0.000000e+00  4.196409e+01
      vertex  -2.087739e+01  0.000000e+00  4.598244e+01
      vertex  -2.461768e+01  0.000000e+00  3.944895e+01
    endloop
  endfacet
  facet normal  0.000000e+00 -1.000000e+00  0.000000e+00
    outer loop
      vertex  -2.461768e+01  0.000000e+00  3.944895e+01
      vertex  -2.087739e+01  0.000000e+00  4.598244e+01
      vertex  -2.575606e+01  0.000000e+00  4.343818e+01
    endloop
  endfacet
  facet normal -0.000000e+00 -1.000000e+00  0.000000e+00
    outer loop
      vertex  -2.461768e+01  0.000000e+00  3.944895e+01
      vertex  -2.575606e+01  0.000000e+00  4.343818e+01
      vertex  -2.889228e+01  0.000000e+00  3.643468e+01
    endloop
  endfacet
  facet normal  0.000000e+00 -1.000000e+00  0.000000e+00
    outer loop
      vertex  -2.889228e+01  0.000000e+00  3.643468e+01
      vertex  -2.575606e+01  0.000000e+00  4.343818e+01
      vertex  -3.032896e+01  0.000000e+00  4.037826e+01
    endloop
  endfacet
  facet normal -0.000000e+00 -1.000000e+00  0.000000e+00
    outer loop
      vertex  -2.889228e+01  0.000000e+00  3.643468e+01
      vertex  -3.032896e+01  0.000000e+00  4.037826e+01
      vertex  -3.280133e+01  0.000000e+00  3.295942e+01
    endloop
  endfacet
  facet normal  0.000000e+00 -1.000000e+00  0.000000e+00
    outer loop
      vertex  -3.280133e+01  0.000000e+00  3.295942e+01
      vertex  -3.032896e+01  0.000000e+00  4.037826e+01
      vertex  -3.454183e+01  0.000000e+00  3.683900e+01
    endloop
  endfacet
  facet normal -0.000000e+00 -1.000000e+00  0.000000e+00
    outer loop
      vertex  -3.280133e+01  0.000000e+00  3.295942e+01
      vertex  -3.454183e+01  0.000000e+00  3.683900e+01
      vertex  -3.629535e+01  0.000000e+00  2.906713e+01
    endloop
  endfacet
  facet normal  0.000000e+00 -1.000000e+00  0.000000e+00
    outer loop
      vertex  -3.629535e+01  0.000000e+00  2.906713e+01
      vertex  -3.454183e+01  0.000000e+00  3.683900e+01
      vertex  -3.834465e+01  0.000000e+00  3.286241e+01
    endloop
  endfacet
  facet normal -0.000000e+00 -1.000000e+00  0.000000e+00
    outer loop
      vertex  -3.629535e+01  0.000000e+00  2.906713e+01
      vertex  -3.834465e+01  0.000000e+00  3.286241e+01
      vertex  -3.933014e+01  0.000000e+00  2.480706e+01
    endloop
  endfacet
  facet normal  0.000000e+00 -1.000000e+00  0.000000e+00
    outer loop
      vertex  -3.933014e+01  0.000000e+00  2.480706e+01
      vertex  -3.834465e+01  0.000000e+00  3.286241e+01
      vertex  -4.169226e+01  0.000000e+00  2.849571e+01
    endloop
  endfacet
  facet normal -0.000000e+00 -1.000000e+00  0.000000e+00
    outer loop
      vertex  -3.933014e+01  0.000000e+00  2.480706e+01
      vertex  -4.169226e+01  0.000000e+00  2.849571e+01
      vertex  -4.186730e+01  0.000000e+00  2.023313e+01
    endloop
  endfacet
  facet normal  0.000000e+00 -1.000000e+00  0.000000e+00
    outer loop
      vertex  -4.186730e+01  0.000000e+00  2.023313e+01
      vertex  -4.169226e+01  0.000000e+00  2.849571e+01
      vertex  -4.454494e+01  0.000000e+00  2.379072e+01
    endloop
  endfacet
  facet normal -0.000000e+00 -1.000000e+00  0.000000e+00
    outer loop
      vertex  -4.186730e+01  0.000000e+00  2.023313e+01
      vertex  -4.454494e+01  0.000000e+00  2.379072e+01
      vertex  -4.387473e+01  0.000000e+00  1.540319e+01
    endloop
  endfacet
  facet normal  0.000000e+00 -1.000000e+00  0.000000e+00
    outer loop
      vertex  -4.387473e+01  0.000000e+00  1.540319e+01
      vertex  -4.454494e+01  0.000000e+00  2.379072e+01
      vertex  -4.686881e+01  0.000000e+00  1.880331e+01
    endloop
  endfacet
  facet normal -0.000000e+00 -1.000000e+00  0.000000e+00
    outer loop
      vertex  -4.387473e+01  0.000000e+00  1.540319e+01
      vertex  -4.686881e+01  0.000000e+00  1.880331e+01
      vertex  -4.532703e+01  0.000000e+00  1.037836e+01
    endloop
  endfacet
  facet normal  0.000000e+00 -1.000000e+00  0.000000e+00
    outer loop
      vertex  -4.532703e+01  0.000000e+00  1.037836e+01
      vertex  -4.686881e+01  0.000000e+00  1.880331e+01
      vertex  -4.863629e+01  0.000000e+00  1.359269e+01
    endloop
  endfacet
  facet normal -0.000000e+00 -1.000000e+00  0.000000e+00
    outer loop
      vertex  -4.532703e+01  0.000000e+00  1.037836e+01
      vertex  -4.863629e+01  0.000000e+00  1.359269e+01
      vertex  -4.620583e+01  0.000000e+00  5.222217e+00
    endloop
  endfacet
  facet normal  0.000000e+00 -1.000000e+00  0.000000e+00
    outer loop
      vertex  -4.620583e+01  0.000000e+00  5.222217e+00
      vertex  -4.863629e+01  0.000000e+00  1.359269e+01
      vertex  -4.982640e+01  0.000000e+00  8.220698e+00
    endloop
  endfacet
  facet normal -0.000000e+00 -1.000000e+00  0.000000e+00
    outer loop
      vertex  -4.620583e+01  0.000000e+00  5.222217e+00
      vertex  -4.982640e+01  0.000000e+00  8.220698e+00
      vertex  -5.042500e+01  0.000000e+00  2.751119e+00
    endloop
  endfacet
  facet normal  0.000000e+00 -1.000000e+00  0.000000e+00
    outer loop
      vertex  -4.620583e+01  0.000000e+00  5.222217e+00
      vertex  -5.042500e+01  0.000000e+00  2.751119e+00
      vertex  -4.650000e+01  0.000000e+00  0.000000e+00
    endloop
  endfacet
  facet normal -0.000000e+00 -1.000000e+00  0.000000e+00
    outer loop
      vertex  -4.650000e+01  0.000000e+00  0.000000e+00
      vertex  -5.042500e+01  0.000000e+00  2.751119e+00
      vertex  -5.042500e+01  0.000000e+00 -2.751119e+00
    endloop
  endfacet
  facet normal  0.000000e+00 -1.000000e+00 -0.000000e+00
    outer loop
      vertex  -4.650000e+01  0.000000e+00  0.000000e+00
      vertex  -5.042500e+01  0.000000e+00 -2.751119e+00
      vertex  -4.620583e+01  0.000000e+00 -5.222217e+00
    endloop
  endfacet
  facet normal -0.000000e+00 -1.000000e+00  0.000000e+00
    outer loop
      vertex  -4.620583e+01  0.000000e+00 -5.222217e+00
      vertex  -5.042500e+01  0.000000e+00 -2.751119e+00
      vertex  -4.982640e+01  0.000000e+00 -8.220698e+00
    endloop
  endfacet
  facet normal  0.000000e+00 -1.000000e+00  0.000000e+00
    outer loop
      vertex  -4.620583e+01  0.000000e+00 -5.222217e+00
      vertex  -4.982640e+01  0.000000e+00 -8.220698e+00
      vertex  -4.863629e+01  0.000000e+00 -1.359269e+01
    endloop
  endfacet
  facet normal  0.000000e+00 -1.000000e+00 -0.000000e+00
    outer loop
      vertex  -4.620583e+01  0.000000e+00 -5.222217e+00
      vertex  -4.863629e+01  0.000000e+00 -1.359269e+01
      vertex  -4.532703e+01  0.000000e+00 -1.037836e+01
    endloop
  endfacet
  facet normal  0.000000e+00 -1.000000e+00  0.000000e+00
    outer loop
      vertex  -4.532703e+01  0.000000e+00 -1.037836e+01
      vertex  -4.863629e+01  0.000000e+00 -1.359269e+01
      vertex  -4.686881e+01  0.000000e+00 -1.880331e+01
    endloop
  endfacet
  facet normal  0.000000e+00 -1.000000e+00 -0.000000e+00
    outer loop
      vertex  -4.532703e+01  0.000000e+00 -1.037836e+01
      vertex  -4.686881e+01  0.000000e+00 -1.880331e+01
      vertex  -4.387473e+01  0.000000e+00 -1.540319e+01
    endloop
  endfacet
  facet normal  0.000000e+00 -1.000000e+00  0.000000e+00
    outer loop
      vertex  -4.387473e+01  0.000000e+00 -1.540319e+01
      vertex  -4.686881e+01  0.000000e+00 -1.880331e+01
      vertex  -4.454494e+01  0.000000e+00 -2.379072e+01
    endloop
  endfacet
  facet normal  0.000000e+00 -1.000000e+00 -0.000000e+00
    outer loop
      vertex  -4.387473e+01  0.000000e+00 -1.540319e+01
      vertex  -4.454494e+01  0.000000e+00 -2.379072e+01
      vertex  -4.186730e+01  0.000000e+00 -2.023313e+01
    endloop
  endfacet
  facet normal  0.000000e+00 -1.000000e+00 -0.000000e+00
    outer loop
      vertex  -4.186730e+01  0.000000e+00 -2.023313e+01
      vertex  -4.454494e+01  0.000000e+00 -2.379072e+01
      vertex  -4.169226e+01  0.000000e+00 -2.849571e+01
    endloop
  endfacet
  facet normal  0.000000e+00 -1.000000e+00  0.000000e+00
    outer loop
      vertex  -4.186730e+01  0.000000e+00 -2.023313e+01
      vertex  -4.169226e+01  0.000000e+00 -2.849571e+01
      vertex  -3.933014e+01  0.000000e+00 -2.480706e+01
    endloop
  endfacet
  facet normal  0.000000e+00 -1.000000e+00 -0.000000e+00
    outer loop
      vertex  -3.933014e+01  0.000000e+00 -2.480706e+01
      vertex  -4.169226e+01  0.000000e+00 -2.849571e+01
      vertex  -3.834465e+01  0.000000e+00 -3.286241e+01
    endloop
  endfacet
  facet normal  0.000000e+00 -1.000000e+00  0.000000e+00
    outer loop
      vertex  -3.933014e+01  0.000000e+00 -2.480706e+01
      vertex  -3.834465e+01  0.000000e+00 -3.286241e+01
      vertex  -3.629535e+01  0.000000e+00 -2.906713e+01
    endloop
  endfacet
  facet normal  0.000000e+00 -1.000000e+00 -0.000000e+00
    outer loop
      vertex  -3.629535e+01  0.000000e+00 -2.906713e+01
      vertex  -3.834465e+01  0.000000e+00 -3.286241e+01
      vertex  -3.454183e+01  0.000000e+00 -3.683900e+01
    endloop
  endfacet
  facet normal  0.000000e+00 -1.000000e+00  0.000000e+00
    outer loop
      vertex  -3.629535e+01  0.000000e+00 -2.906713e+01
      vertex  -3.454183e+01  0.000000e+00 -3.683900e+01
      vertex  -3.280133e+01  0.000000e+00 -3.295942e+01
    endloop
  endfacet
  facet normal  0.000000e+00 -1.000000e+00 -0.000000e+00
    outer loop
      vertex  -3.280133e+01  0.000000e+00 -3.295942e+01
      vertex  -3.454183e+01  0.000000e+00 -3.683900e+01
      vertex  -3.032896e+01  0.000000e+00 -4.037826e+01
    endloop
  endfacet
  facet normal  0.000000e+00 -1.000000e+00  0.000000e+00
    outer loop
      vertex  -3.280133e+01  0.000000e+00 -3.295942e+01
      vertex  -3.032896e+01  0.000000e+00 -4.037826e+01
      vertex  -2.889228e+01  0.000000e+00 -3.643468e+01
    endloop
  endfacet
  facet normal  0.000000e+00 -1.000000e+00 -0.000000e+00
    outer loop
      vertex  -2.889228e+01  0.000000e+00 -3.643468e+01
      vertex  -3.032896e+01  0.000000e+00 -4.037826e+01
      vertex  -2.575606e+01  0.000000e+00 -4.343818e+01
    endloop
  endfacet
  facet normal  0.000000e+00 -1.000000e+00  0.000000e+00
    outer loop
      vertex  -2.889228e+01  0.000000e+00 -3.643468e+01
      vertex  -2.575606e+01  0.000000e+00 -4.343818e+01
      vertex  -2.461768e+01  0.000000e+00 -3.944895e+01
    endloop
  endfacet
  facet normal  0.000000e+00 -1.000000e+00 -0.000000e+00
    outer loop
      vertex  -2.461768e+01  0.000000e+00 -3.944895e+01
      vertex  -2.575606e+01  0.000000e+00 -4.343818e+01
      vertex  -2.087739e+01  0.000000e+00 -4.598244e+01
    endloop
  endfacet
  facet normal  0.000000e+00 -1.000000e+00  0.000000e+00
    outer loop
      vertex  -2.461768e+01  0.000000e+00 -3.944895e+01
      vertex  -2.087739e+01  0.000000e+00 -4.598244e+01
      vertex  -2.003160e+01  0.000000e+00 -4.196409e+01
    endloop
  endfacet
  facet normal  0.000000e+00 -1.000000e+00 -0.000000e+00
    outer loop
      vertex  -2.003160e+01  0.000000e+00 -4.196409e+01
      vertex  -2.087739e+01  0.000000e+00 -4.598244e+01
      vertex  -1.575088e+01  0.000000e+00 -4.798083e+01
    endloop
  endfacet
  facet normal  0.000000e+00 -1.000000e+00  0.000000e+00
    outer loop
      vertex  -2.003160e+01  0.000000e+00 -4.196409e+01
      vertex  -1.575088e+01  0.000000e+00 -4.798083e+01
      vertex  -1.519206e+01  0.000000e+00 -4.394828e+01
    endloop
  endfacet
  facet normal  0.000000e+00 -1.000000e+00 -0.000000e+00
    outer loop
      vertex  -1.519206e+01  0.000000e+00 -4.394828e+01
      vertex  -1.575088e+01  0.000000e+00 -4.798083e+01
      vertex  -1.043739e+01  0.000000e+00 -4.940962e+01
    endloop
  endfacet
  facet normal  0.000000e+00 -1.000000e+00  0.000000e+00
    outer loop
      vertex  -1.519206e+01  0.000000e+00 -4.394828e+01
      vertex  -1.043739e+01  0.000000e+00 -4.940962e+01
      vertex  -1.016031e+01  0.000000e+00 -4.537640e+01
    endloop
  endfacet
  facet normal  0.000000e+00 -1.000000e+00 -0.000000e+00
    outer loop
      vertex  -1.016031e+01  0.000000e+00 -4.537640e+01
      vertex  -1.043739e+01  0.000000e+00 -4.940962e+01
      vertex  -5.000000e+00  0.000000e+00 -4.623040e+01
    endloop
  endfacet
  facet normal  0.000000e+00 -1.000000e+00 -0.000000e+00
    outer loop
      vertex  -5.000000e+00  0.000000e+00 -4.623040e+01
      vertex  -1.043739e+01  0.000000e+00 -4.940962e+01
      vertex  -5.000000e+00  0.000000e+00 -5.025187e+01
    endloop
  endfacet
  facet normal -5.322184e-02  4.616994e-03  9.985721e-01
    outer loop
      vertex  -5.580408e+00  1.600000e+01  5.220258e+01
      vertex  -1.668915e+00  2.500000e+00  5.247347e+01
      vertex   0.000000e+00  1.600000e+01  5.250000e+01
    endloop
  endfacet
  facet normal  0.000000e+00 -1.965272e-03  9.999980e-01
    outer loop
      vertex   0.000000e+00  1.600000e+01  5.250000e+01
      vertex  -1.668915e+00  2.500000e+00  5.247347e+01
      vertex   1.668915e+00  2.500000e+00  5.247347e+01
    endloop
  endfacet
  facet normal  5.322184e-02  4.616994e-03  9.985721e-01
    outer loop
      vertex   0.000000e+00  1.600000e+01  5.250000e+01
      vertex   1.668915e+00  2.500000e+00  5.247347e+01
      vertex   5.580408e+00  1.600000e+01  5.220258e+01
    endloop
  endfacet
  facet normal  6.354676e-02  1.613522e-03  9.979776e-01
    outer loop
      vertex   5.580408e+00  1.600000e+01  5.220258e+01
      vertex   1.668915e+00  2.500000e+00  5.247347e+01
      vertex   5.000000e+00  2.500000e+00  5.226136e+01
    endloop
  endfacet
  facet normal  1.007658e-01  0.000000e+00  9.949102e-01
    outer loop
      vertex   5.580408e+00  1.600000e+01  5.220258e+01
      vertex   5.000000e+00  2.500000e+00  5.226136e+01
      vertex   5.580408e+00 -6.000000e+00  5.220258e+01
    endloop
  endfacet
  facet normal  1.007658e-01  0.000000e+00  9.949102e-01
    outer loop
      vertex   5.580408e+00 -6.000000e+00  5.220258e+01
      vertex   5.000000e+00  2.500000e+00  5.226136e+01
      vertex   5.000000e+00  0.000000e+00  5.226136e+01
    endloop
  endfacet
  facet normal  6.354643e-02 -3.630405e-03  9.979723e-01
    outer loop
      vertex   5.580408e+00 -6.000000e+00  5.220258e+01
      vertex   5.000000e+00  0.000000e+00  5.226136e+01
      vertex   1.668915e+00  0.000000e+00  5.247347e+01
    endloop
  endfacet
  facet normal -1.590638e-01  0.000000e+00  9.872683e-01
    outer loop
      vertex  -1.109759e+01  1.600000e+01  5.131367e+01
      vertex  -1.109759e+01 -6.000000e+00  5.131367e+01
      vertex  -5.580408e+00  1.600000e+01  5.220258e+01
    endloop
  endfacet
  facet normal -1.590638e-01  0.000000e+00  9.872683e-01
    outer loop
      vertex  -5.580408e+00  1.600000e+01  5.220258e+01
      vertex  -1.109759e+01 -6.000000e+00  5.131367e+01
      vertex  -5.580408e+00 -6.000000e+00  5.220258e+01
    endloop
  endfacet
  facet normal -1.007658e-01  0.000000e+00  9.949102e-01
    outer loop
      vertex  -5.580408e+00  1.600000e+01  5.220258e+01
      vertex  -5.580408e+00 -6.000000e+00  5.220258e+01
      vertex  -5.000000e+00  2.500000e+00  5.226136e+01
    endloop
  endfacet
  facet normal -1.007658e-01  0.000000e+00  9.949102e-01
    outer loop
      vertex  -5.000000e+00  2.500000e+00  5.226136e+01
      vertex  -5.580408e+00 -6.000000e+00  5.220258e+01
      vertex  -5.000000e+00  0.000000e+00  5.226136e+01
    endloop
  endfacet
  facet normal -6.354643e-02 -3.630405e-03  9.979723e-01
    outer loop
      vertex  -5.000000e+00  0.000000e+00  5.226136e+01
      vertex  -5.580408e+00 -6.000000e+00  5.220258e+01
      vertex  -1.668915e+00  0.000000e+00  5.247347e+01
    endloop
  endfacet
  facet normal -5.321954e-02 -1.038779e-02  9.985288e-01
    outer loop
      vertex  -1.668915e+00  0.000000e+00  5.247347e+01
      vertex  -5.580408e+00 -6.000000e+00  5.220258e+01
      vertex   0.000000e+00 -6.000000e+00  5.250000e+01
    endloop
  endfacet
  facet normal -0.000000e+00  4.421826e-03  9.999902e-01
    outer loop
      vertex  -1.668915e+00  0.000000e+00  5.247347e+01
      vertex   0.000000e+00 -6.000000e+00  5.250000e+01
      vertex   1.668915e+00  0.000000e+00  5.247347e+01
    endloop
  endfacet
  facet normal  5.321954e-02 -1.038779e-02  9.985288e-01
    outer loop
      vertex   1.668915e+00  0.000000e+00  5.247347e+01
      vertex   0.000000e+00 -6.000000e+00  5.250000e+01
      vertex   5.580408e+00 -6.000000e+00  5.220258e+01
    endloop
  endfacet
  facet normal -2.631024e-01  0.000000e+00  9.647679e-01
    outer loop
      vertex  -1.109759e+01 -6.000000e+00  5.131367e+01
      vertex  -1.109759e+01  1.600000e+01  5.131367e+01
      vertex  -1.648903e+01 -6.000000e+00  4.984337e+01
    endloop
  endfacet
  facet normal -2.631024e-01  0.000000e+00  9.647679e-01
    outer loop
      vertex  -1.648903e+01 -6.000000e+00  4.984337e+01
      vertex  -1.109759e+01  1.600000e+01  5.131367e+01
      vertex  -1.648903e+01  1.600000e+01  4.984337e+01
    endloop
  endfacet
  facet normal -3.641600e-01  0.000000e+00  9.313363e-01
    outer loop
      vertex  -1.648903e+01 -6.000000e+00  4.984337e+01
      vertex  -1.648903e+01  1.600000e+01  4.984337e+01
      vertex  -2.169364e+01 -6.000000e+00  4.780833e+01
    endloop
  endfacet
  facet normal -3.641600e-01  0.000000e+00  9.313363e-01
    outer loop
      vertex  -2.169364e+01 -6.000000e+00  4.780833e+01
      vertex  -1.648903e+01  1.600000e+01  4.984337e+01
      vertex  -2.169364e+01  1.600000e+01  4.780833e+01
    endloop
  endfacet
  facet normal -4.610925e-01  0.000000e+00  8.873520e-01
    outer loop
      vertex  -2.169364e+01 -6.000000e+00  4.780833e+01
      vertex  -2.169364e+01  1.600000e+01  4.780833e+01
      vertex  -2.665245e+01 -6.000000e+00  4.523159e+01
    endloop
  endfacet
  facet normal -4.610925e-01  0.000000e+00  8.873520e-01
    outer loop
      vertex  -2.665245e+01 -6.000000e+00  4.523159e+01
      vertex  -2.169364e+01  1.600000e+01  4.780833e+01
      vertex  -2.665245e+01  1.600000e+01  4.523159e+01
    endloop
  endfacet
  facet normal -5.527999e-01  0.000000e+00  8.333141e-01
    outer loop
      vertex  -2.665245e+01 -6.000000e+00  4.523159e+01
      vertex  -2.665245e+01  1.600000e+01  4.523159e+01
      vertex  -3.130928e+01 -6.000000e+00  4.214236e+01
    endloop
  endfacet
  facet normal -5.527999e-01  0.000000e+00  8.333141e-01
    outer loop
      vertex  -3.130928e+01 -6.000000e+00  4.214236e+01
      vertex  -2.665245e+01  1.600000e+01  4.523159e+01
      vertex  -3.130928e+01  1.600000e+01  4.214236e+01
    endloop
  endfacet
  facet normal -6.382443e-01  0.000000e+00  7.698339e-01
    outer loop
      vertex  -3.130928e+01 -6.000000e+00  4.214236e+01
      vertex  -3.130928e+01  1.600000e+01  4.214236e+01
      vertex  -3.561137e+01 -6.000000e+00  3.857564e+01
    endloop
  endfacet
  facet normal -6.382443e-01  0.000000e+00  7.698339e-01
    outer loop
      vertex  -3.561137e+01 -6.000000e+00  3.857564e+01
      vertex  -3.130928e+01  1.600000e+01  4.214236e+01
      vertex  -3.561137e+01  1.600000e+01  3.857564e+01
    endloop
  endfacet
  facet normal -7.164568e-01  0.000000e+00  6.976315e-01
    outer loop
      vertex  -3.561137e+01 -6.000000e+00  3.857564e+01
      vertex  -3.561137e+01  1.600000e+01  3.857564e+01
      vertex  -3.950997e+01 -6.000000e+00  3.457185e+01
    endloop
  endfacet
  facet normal -7.164568e-01  0.000000e+00  6.976315e-01
    outer loop
      vertex  -3.950997e+01 -6.000000e+00  3.457185e+01
      vertex  -3.561137e+01  1.600000e+01  3.857564e+01
      vertex  -3.950997e+01  1.600000e+01  3.457185e+01
    endloop
  endfacet
  facet normal -7.865518e-01  0.000000e+00  6.175244e-01
    outer loop
      vertex  -3.950997e+01 -6.000000e+00  3.457185e+01
      vertex  -3.950997e+01  1.600000e+01  3.457185e+01
      vertex  -4.296090e+01 -6.000000e+00  3.017634e+01
    endloop
  endfacet
  facet normal -7.865518e-01  0.000000e+00  6.175244e-01
    outer loop
      vertex  -4.296090e+01 -6.000000e+00  3.017634e+01
      vertex  -3.950997e+01  1.600000e+01  3.457185e+01
      vertex  -4.296090e+01  1.600000e+01  3.017634e+01
    endloop
  endfacet
  facet normal -8.477342e-01  0.000000e+00  5.304213e-01
    outer loop
      vertex  -4.296090e+01 -6.000000e+00  3.017634e+01
      vertex  -4.296090e+01  1.600000e+01  3.017634e+01
      vertex  -4.592506e+01 -6.000000e+00  2.543892e+01
    endloop
  endfacet
  facet normal -8.477342e-01  0.000000e+00  5.304213e-01
    outer loop
      vertex  -4.592506e+01 -6.000000e+00  2.543892e+01
      vertex  -4.296090e+01  1.600000e+01  3.017634e+01
      vertex  -4.592506e+01  1.600000e+01  2.543892e+01
    endloop
  endfacet
  facet normal -8.993124e-01  0.000000e+00  4.373067e-01
    outer loop
      vertex  -4.592506e+01 -6.000000e+00  2.543892e+01
      vertex  -4.592506e+01  1.600000e+01  2.543892e+01
      vertex  -4.836888e+01 -6.000000e+00  2.041327e+01
    endloop
  endfacet
  facet normal -8.993124e-01  0.000000e+00  4.373067e-01
    outer loop
      vertex  -4.836888e+01 -6.000000e+00  2.041327e+01
      vertex  -4.592506e+01  1.600000e+01  2.543892e+01
      vertex  -4.836888e+01  1.600000e+01  2.041327e+01
    endloop
  endfacet
  facet normal -9.407000e-01  0.000000e+00  3.392396e-01
    outer loop
      vertex  -4.836888e+01 -6.000000e+00  2.041327e+01
      vertex  -4.836888e+01  1.600000e+01  2.041327e+01
      vertex  -5.026466e+01 -6.000000e+00  1.515633e+01
    endloop
  endfacet
  facet normal -9.407000e-01  0.000000e+00  3.392396e-01
    outer loop
      vertex  -5.026466e+01 -6.000000e+00  1.515633e+01
      vertex  -4.836888e+01  1.600000e+01  2.041327e+01
      vertex  -5.026466e+01  1.600000e+01  1.515633e+01
    endloop
  endfacet
  facet normal -9.714301e-01  0.000000e+00  2.373261e-01
    outer loop
      vertex  -5.026466e+01 -6.000000e+00  1.515633e+01
      vertex  -5.026466e+01  1.600000e+01  1.515633e+01
      vertex  -5.159092e+01 -6.000000e+00  9.727658e+00
    endloop
  endfacet
  facet normal -9.714301e-01  0.000000e+00  2.373261e-01
    outer loop
      vertex  -5.159092e+01 -6.000000e+00  9.727658e+00
      vertex  -5.026466e+01  1.600000e+01  1.515633e+01
      vertex  -5.159092e+01  1.600000e+01  9.727658e+00
    endloop
  endfacet
  facet normal -9.911528e-01  0.000000e+00  1.327256e-01
    outer loop
      vertex  -5.159092e+01 -6.000000e+00  9.727658e+00
      vertex  -5.159092e+01  1.600000e+01  9.727658e+00
      vertex  -5.233263e+01 -6.000000e+00  4.188771e+00
    endloop
  endfacet
  facet normal -9.911528e-01  0.000000e+00  1.327256e-01
    outer loop
      vertex  -5.233263e+01 -6.000000e+00  4.188771e+00
      vertex  -5.159092e+01  1.600000e+01  9.727658e+00
      vertex  -5.233263e+01  1.600000e+01  4.188771e+00
    endloop
  endfacet
  facet normal -9.996456e-01  0.000000e+00  2.662008e-02
    outer loop
      vertex  -5.233263e+01 -6.000000e+00  4.188771e+00
      vertex  -5.233263e+01  1.600000e+01  4.188771e+00
      vertex  -5.248139e+01 -6.000000e+00 -1.397577e+00
    endloop
  endfacet
  facet normal -9.996456e-01  0.000000e+00  2.662008e-02
    outer loop
      vertex  -5.248139e+01 -6.000000e+00 -1.397577e+00
      vertex  -5.233263e+01  1.600000e+01  4.188771e+00
      vertex  -5.248139e+01  1.600000e+01 -1.397577e+00
    endloop
  endfacet
  facet normal -9.968120e-01  0.000000e+00 -7.978584e-02
    outer loop
      vertex  -5.248139e+01 -6.000000e+00 -1.397577e+00
      vertex  -5.248139e+01  1.600000e+01 -1.397577e+00
      vertex  -5.203552e+01 -6.000000e+00 -6.968090e+00
    endloop
  endfacet
  facet normal -9.968120e-01  0.000000e+00 -7.978584e-02
    outer loop
      vertex  -5.203552e+01 -6.000000e+00 -6.968090e+00
      vertex  -5.248139e+01  1.600000e+01 -1.397577e+00
      vertex  -5.203552e+01  1.600000e+01 -6.968090e+00
    endloop
  endfacet
  facet normal -9.826841e-01  0.000000e+00 -1.852887e-01
    outer loop
      vertex  -5.203552e+01 -6.000000e+00 -6.968090e+00
      vertex  -5.203552e+01  1.600000e+01 -6.968090e+00
      vertex  -5.100007e+01 -6.000000e+00 -1.245965e+01
    endloop
  endfacet
  facet normal -9.826841e-01  0.000000e+00 -1.852887e-01
    outer loop
      vertex  -5.100007e+01 -6.000000e+00 -1.245965e+01
      vertex  -5.203552e+01  1.600000e+01 -6.968090e+00
      vertex  -5.100007e+01  1.600000e+01 -1.245965e+01
    endloop
  endfacet
  facet normal -9.574221e-01  0.000000e+00 -2.886917e-01
    outer loop
      vertex  -5.100007e+01 -6.000000e+00 -1.245965e+01
      vertex  -5.100007e+01  1.600000e+01 -1.245965e+01
      vertex  -4.938676e+01 -6.000000e+00 -1.781004e+01
    endloop
  endfacet
  facet normal -9.574221e-01  0.000000e+00 -2.886917e-01
    outer loop
      vertex  -4.938676e+01 -6.000000e+00 -1.781004e+01
      vertex  -5.100007e+01  1.600000e+01 -1.245965e+01
      vertex  -4.938676e+01  1.600000e+01 -1.781004e+01
    endloop
  endfacet
  facet normal -9.213121e-01  0.000000e+00 -3.888239e-01
    outer loop
      vertex  -4.938676e+01 -6.000000e+00 -1.781004e+01
      vertex  -4.938676e+01  1.600000e+01 -1.781004e+01
      vertex  -4.721389e+01 -6.000000e+00 -2.295863e+01
    endloop
  endfacet
  facet normal -9.213121e-01  0.000000e+00 -3.888239e-01
    outer loop
      vertex  -4.721389e+01 -6.000000e+00 -2.295863e+01
      vertex  -4.938676e+01  1.600000e+01 -1.781004e+01
      vertex  -4.721389e+01  1.600000e+01 -2.295863e+01
    endloop
  endfacet
  facet normal -8.747629e-01  0.000000e+00 -4.845513e-01
    outer loop
      vertex  -4.721389e+01 -6.000000e+00 -2.295863e+01
      vertex  -4.721389e+01  1.600000e+01 -2.295863e+01
      vertex  -4.450606e+01 -6.000000e+00 -2.784710e+01
    endloop
  endfacet
  facet normal -8.747629e-01  0.000000e+00 -4.845513e-01
    outer loop
      vertex  -4.450606e+01 -6.000000e+00 -2.784710e+01
      vertex  -4.721389e+01  1.600000e+01 -2.295863e+01
      vertex  -4.450606e+01  1.600000e+01 -2.784710e+01
    endloop
  endfacet
  facet normal -8.183023e-01  0.000000e+00 -5.747881e-01
    outer loop
      vertex  -4.450606e+01 -6.000000e+00 -2.784710e+01
      vertex  -4.450606e+01  1.600000e+01 -2.784710e+01
      vertex  -4.129395e+01 -6.000000e+00 -3.242004e+01
    endloop
  endfacet
  facet normal -8.183023e-01  0.000000e+00 -5.747881e-01
    outer loop
      vertex  -4.129395e+01 -6.000000e+00 -3.242004e+01
      vertex  -4.450606e+01  1.600000e+01 -2.784710e+01
      vertex  -4.129395e+01  1.600000e+01 -3.242004e+01
    endloop
  endfacet
  facet normal -7.525714e-01  0.000000e+00 -6.585106e-01
    outer loop
      vertex  -4.129395e+01 -6.000000e+00 -3.242004e+01
      vertex  -4.129395e+01  1.600000e+01 -3.242004e+01
      vertex  -3.761398e+01 -6.000000e+00 -3.662566e+01
    endloop
  endfacet
  facet normal -7.525714e-01  0.000000e+00 -6.585106e-01
    outer loop
      vertex  -3.761398e+01 -6.000000e+00 -3.662566e+01
      vertex  -4.129395e+01  1.600000e+01 -3.242004e+01
      vertex  -3.761398e+01  1.600000e+01 -3.662566e+01
    endloop
  endfacet
  facet normal -6.783116e-01  0.000000e+00 -7.347744e-01
    outer loop
      vertex  -3.761398e+01 -6.000000e+00 -3.662566e+01
      vertex  -3.761398e+01  1.600000e+01 -3.662566e+01
      vertex  -3.350782e+01 -6.000000e+00 -4.041628e+01
    endloop
  endfacet
  facet normal -6.783116e-01  0.000000e+00 -7.347744e-01
    outer loop
      vertex  -3.350782e+01 -6.000000e+00 -4.041628e+01
      vertex  -3.761398e+01  1.600000e+01 -3.662566e+01
      vertex  -3.350782e+01  1.600000e+01 -4.041628e+01
    endloop
  endfacet
  facet normal -5.963673e-01  0.000000e+00 -8.027117e-01
    outer loop
      vertex  -3.350782e+01 -6.000000e+00 -4.041628e+01
      vertex  -3.350782e+01  1.600000e+01 -4.041628e+01
      vertex  -2.902201e+01 -6.000000e+00 -4.374898e+01
    endloop
  endfacet
  facet normal -5.963673e-01  0.000000e+00 -8.027117e-01
    outer loop
      vertex  -2.902201e+01 -6.000000e+00 -4.374898e+01
      vertex  -3.350782e+01  1.600000e+01 -4.041628e+01
      vertex  -2.902201e+01  1.600000e+01 -4.374898e+01
    endloop
  endfacet
  facet normal -5.076659e-01  0.000000e+00 -8.615540e-01
    outer loop
      vertex  -2.902201e+01 -6.000000e+00 -4.374898e+01
      vertex  -2.902201e+01  1.600000e+01 -4.374898e+01
      vertex  -2.420736e+01 -6.000000e+00 -4.658598e+01
    endloop
  endfacet
  facet normal -5.076659e-01  0.000000e+00 -8.615540e-01
    outer loop
      vertex  -2.420736e+01 -6.000000e+00 -4.658598e+01
      vertex  -2.902201e+01  1.600000e+01 -4.374898e+01
      vertex  -2.420736e+01  1.600000e+01 -4.658598e+01
    endloop
  endfacet
  facet normal -4.132124e-01  0.000000e+00 -9.106346e-01
    outer loop
      vertex  -2.420736e+01 -6.000000e+00 -4.658598e+01
      vertex  -2.420736e+01  1.600000e+01 -4.658598e+01
      vertex  -1.911843e+01 -6.000000e+00 -4.889515e+01
    endloop
  endfacet
  facet normal -4.132124e-01  0.000000e+00 -9.106346e-01
    outer loop
      vertex  -1.911843e+01 -6.000000e+00 -4.889515e+01
      vertex  -2.420736e+01  1.600000e+01 -4.658598e+01
      vertex  -1.911843e+01  1.600000e+01 -4.889515e+01
    endloop
  endfacet
  facet normal -3.140768e-01  0.000000e+00 -9.493976e-01
    outer loop
      vertex  -1.911843e+01 -6.000000e+00 -4.889515e+01
      vertex  -1.911843e+01  1.600000e+01 -4.889515e+01
      vertex  -1.381288e+01 -6.000000e+00 -5.065031e+01
    endloop
  endfacet
  facet normal -3.140768e-01  0.000000e+00 -9.493976e-01
    outer loop
      vertex  -1.381288e+01 -6.000000e+00 -5.065031e+01
      vertex  -1.911843e+01  1.600000e+01 -4.889515e+01
      vertex  -1.381288e+01  1.600000e+01 -5.065031e+01
    endloop
  endfacet
  facet normal -2.113825e-01  0.000000e+00 -9.774034e-01
    outer loop
      vertex  -1.381288e+01 -6.000000e+00 -5.065031e+01
      vertex  -1.381288e+01  1.600000e+01 -5.065031e+01
      vertex  -8.350834e+00 -6.000000e+00 -5.183159e+01
    endloop
  endfacet
  facet normal -2.113825e-01  0.000000e+00 -9.774034e-01
    outer loop
      vertex  -8.350834e+00 -6.000000e+00 -5.183159e+01
      vertex  -1.381288e+01  1.600000e+01 -5.065031e+01
      vertex  -8.350834e+00  1.600000e+01 -5.183159e+01
    endloop
  endfacet
  facet normal -1.272160e-01  0.000000e+00 -9.918750e-01
    outer loop
      vertex  -8.350834e+00 -6.000000e+00 -5.183159e+01
      vertex  -8.350834e+00  1.600000e+01 -5.183159e+01
      vertex  -5.000000e+00  2.500000e+00 -5.226136e+01
    endloop
  endfacet
  facet normal -1.062918e-01  5.271451e-03 -9.943210e-01
    outer loop
      vertex  -5.000000e+00  2.500000e+00 -5.226136e+01
      vertex  -8.350834e+00  1.600000e+01 -5.183159e+01
      vertex  -2.794164e+00  1.600000e+01 -5.242559e+01
    endloop
  endfacet
  facet normal -6.354674e-02 -1.757369e-03 -9.979773e-01
    outer loop
      vertex  -5.000000e+00  2.500000e+00 -5.226136e+01
      vertex  -2.794164e+00  1.600000e+01 -5.242559e+01
      vertex  -1.668915e+00  2.500000e+00 -5.247347e+01
    endloop
  endfacet
  facet normal  0.000000e+00  3.546516e-03 -9.999937e-01
    outer loop
      vertex  -1.668915e+00  2.500000e+00 -5.247347e+01
      vertex  -2.794164e+00  1.600000e+01 -5.242559e+01
      vertex   1.668915e+00  2.500000e+00 -5.247347e+01
    endloop
  endfacet
  facet normal  0.000000e+00  3.546516e-03 -9.999937e-01
    outer loop
      vertex   1.668915e+00  2.500000e+00 -5.247347e+01
      vertex  -2.794164e+00  1.600000e+01 -5.242559e+01
      vertex   2.794164e+00  1.600000e+01 -5.242559e+01
    endloop
  endfacet
  facet normal  6.354674e-02 -1.757369e-03 -9.979773e-01
    outer loop
      vertex   1.668915e+00  2.500000e+00 -5.247347e+01
      vertex   2.794164e+00  1.600000e+01 -5.242559e+01
      vertex   5.000000e+00  2.500000e+00 -5.226136e+01
    endloop
  endfacet
  facet normal  1.062918e-01  5.271451e-03 -9.943210e-01
    outer loop
      vertex   5.000000e+00  2.500000e+00 -5.226136e+01
      vertex   2.794164e+00  1.600000e+01 -5.242559e+01
      vertex   8.350834e+00  1.600000e+01 -5.183159e+01
    endloop
  endfacet
  facet normal  1.272160e-01  0.000000e+00 -9.918750e-01
    outer loop
      vertex   5.000000e+00  2.500000e+00 -5.226136e+01
      vertex   8.350834e+00  1.600000e+01 -5.183159e+01
      vertex   8.350834e+00 -6.000000e+00 -5.183159e+01
    endloop
  endfacet
  facet normal  2.113825e-01  0.000000e+00 -9.774034e-01
    outer loop
      vertex   8.350834e+00 -6.000000e+00 -5.183159e+01
      vertex   8.350834e+00  1.600000e+01 -5.183159e+01
      vertex   1.381288e+01 -6.000000e+00 -5.065031e+01
    endloop
  endfacet
  facet normal  2.113825e-01  0.000000e+00 -9.774034e-01
    outer loop
      vertex   1.381288e+01 -6.000000e+00 -5.065031e+01
      vertex   8.350834e+00  1.600000e+01 -5.183159e+01
      vertex   1.381288e+01  1.600000e+01 -5.065031e+01
    endloop
  endfacet
  facet normal  3.140768e-01  0.000000e+00 -9.493976e-01
    outer loop
      vertex   1.381288e+01 -6.000000e+00 -5.065031e+01
      vertex   1.381288e+01  1.600000e+01 -5.065031e+01
      vertex   1.911843e+01 -6.000000e+00 -4.889515e+01
    endloop
  endfacet
  facet normal  3.140768e-01  0.000000e+00 -9.493976e-01
    outer loop
      vertex   1.911843e+01 -6.000000e+00 -4.889515e+01
      vertex   1.381288e+01  1.600000e+01 -5.065031e+01
      vertex   1.911843e+01  1.600000e+01 -4.889515e+01
    endloop
  endfacet
  facet normal  4.132124e-01  0.000000e+00 -9.106346e-01
    outer loop
      vertex   1.911843e+01 -6.000000e+00 -4.889515e+01
      vertex   1.911843e+01  1.600000e+01 -4.889515e+01
      vertex   2.420736e+01 -6.000000e+00 -4.658598e+01
    endloop
  endfacet
  facet normal  4.132124e-01  0.000000e+00 -9.106346e-01
    outer loop
      vertex   2.420736e+01 -6.000000e+00 -4.658598e+01
      vertex   1.911843e+01  1.600000e+01 -4.889515e+01
      vertex   2.420736e+01  1.600000e+01 -4.658598e+01
    endloop
  endfacet
  facet normal  5.076659e-01  0.000000e+00 -8.615540e-01
    outer loop
      vertex   2.420736e+01 -6.000000e+00 -4.658598e+01
      vertex   2.420736e+01  1.600000e+01 -4.658598e+01
      vertex   2.902201e+01 -6.000000e+00 -4.374898e+01
    endloop
  endfacet
  facet normal  5.076659e-01  0.000000e+00 -8.615540e-01
    outer loop
      vertex   2.902201e+01 -6.000000e+00 -4.374898e+01
      vertex   2.420736e+01  1.600000e+01 -4.658598e+01
      vertex   2.902201e+01  1.600000e+01 -4.374898e+01
    endloop
  endfacet
  facet normal  5.963673e-01  0.000000e+00 -8.027117e-01
    outer loop
      vertex   2.902201e+01 -6.000000e+00 -4.374898e+01
      vertex   2.902201e+01  1.600000e+01 -4.374898e+01
      vertex   3.350782e+01 -6.000000e+00 -4.041628e+01
    endloop
  endfacet
  facet normal  5.963673e-01  0.000000e+00 -8.027117e-01
    outer loop
      vertex   3.350782e+01 -6.000000e+00 -4.041628e+01
      vertex   2.902201e+01  1.600000e+01 -4.374898e+01
      vertex   3.350782e+01  1.600000e+01 -4.041628e+01
    endloop
  endfacet
  facet normal  6.783116e-01  0.000000e+00 -7.347744e-01
    outer loop
      vertex   3.350782e+01 -6.000000e+00 -4.041628e+01
      vertex   3.350782e+01  1.600000e+01 -4.041628e+01
      vertex   3.761398e+01 -6.000000e+00 -3.662566e+01
    endloop
  endfacet
  facet normal  6.783116e-01  0.000000e+00 -7.347744e-01
    outer loop
      vertex   3.761398e+01 -6.000000e+00 -3.662566e+01
      vertex   3.350782e+01  1.600000e+01 -4.041628e+01
      vertex   3.761398e+01  1.600000e+01 -3.662566e+01
    endloop
  endfacet
  facet normal  7.525714e-01  0.000000e+00 -6.585106e-01
    outer loop
      vertex   3.761398e+01 -6.000000e+00 -3.662566e+01
      vertex   3.761398e+01  1.600000e+01 -3.662566e+01
      vertex   4.129395e+01 -6.000000e+00 -3.242004e+01
    endloop
  endfacet
  facet normal  7.525714e-01  0.000000e+00 -6.585106e-01
    outer loop
      vertex   4.129395e+01 -6.000000e+00 -3.242004e+01
      vertex   3.761398e+01  1.600000e+01 -3.662566e+01
      vertex   4.129395e+01  1.600000e+01 -3.242004e+01
    endloop
  endfacet
  facet normal  8.183023e-01  0.000000e+00 -5.747881e-01
    outer loop
      vertex   4.129395e+01 -6.000000e+00 -3.242004e+01
      vertex   4.129395e+01  1.600000e+01 -3.242004e+01
      vertex   4.450606e+01 -6.000000e+00 -2.784710e+01
    endloop
  endfacet
  facet normal  8.183023e-01  0.000000e+00 -5.747881e-01
    outer loop
      vertex   4.450606e+01 -6.000000e+00 -2.784710e+01
      vertex   4.129395e+01  1.600000e+01 -3.242004e+01
      vertex   4.450606e+01  1.600000e+01 -2.784710e+01
    endloop
  endfacet
  facet normal  8.747629e-01  0.000000e+00 -4.845513e-01
    outer loop
      vertex   4.450606e+01 -6.000000e+00 -2.784710e+01
      vertex   4.450606e+01  1.600000e+01 -2.784710e+01
      vertex   4.721389e+01 -6.000000e+00 -2.295863e+01
    endloop
  endfacet
  facet normal  8.747629e-01  0.000000e+00 -4.845513e-01
    outer loop
      vertex   4.721389e+01 -6.000000e+00 -2.295863e+01
      vertex   4.450606e+01  1.600000e+01 -2.784710e+01
      vertex   4.721389e+01  1.600000e+01 -2.295863e+01
    endloop
  endfacet
  facet normal  9.213121e-01  0.000000e+00 -3.888239e-01
    outer loop
      vertex   4.721389e+01 -6.000000e+00 -2.295863e+01
      vertex   4.721389e+01  1.600000e+01 -2.295863e+01
      vertex   4.938676e+01 -6.000000e+00 -1.781004e+01
    endloop
  endfacet
  facet normal  9.213121e-01  0.000000e+00 -3.888239e-01
    outer loop
      vertex   4.938676e+01 -6.000000e+00 -1.781004e+01
      vertex   4.721389e+01  1.600000e+01 -2.295863e+01
      vertex   4.938676e+01  1.600000e+01 -1.781004e+01
    endloop
  endfacet
  facet normal  9.574221e-01  0.000000e+00 -2.886917e-01
    outer loop
      vertex   4.938676e+01 -6.000000e+00 -1.781004e+01
      vertex   4.938676e+01  1.600000e+01 -1.781004e+01
      vertex   5.100007e+01 -6.000000e+00 -1.245965e+01
    endloop
  endfacet
  facet normal  9.574221e-01  0.000000e+00 -2.886917e-01
    outer loop
      vertex   5.100007e+01 -6.000000e+00 -1.245965e+01
      vertex   4.938676e+01  1.600000e+01 -1.781004e+01
      vertex   5.100007e+01  1.600000e+01 -1.245965e+01
    endloop
  endfacet
  facet normal  9.826841e-01  0.000000e+00 -1.852887e-01
    outer loop
      vertex   5.100007e+01 -6.000000e+00 -1.245965e+01
      vertex   5.100007e+01  1.600000e+01 -1.245965e+01
      vertex   5.203552e+01 -6.000000e+00 -6.968090e+00
    endloop
  endfacet
  facet normal  9.826841e-01  0.000000e+00 -1.852887e-01
    outer loop
      vertex   5.203552e+01 -6.000000e+00 -6.968090e+00
      vertex   5.100007e+01  1.600000e+01 -1.245965e+01
      vertex   5.203552e+01  1.600000e+01 -6.968090e+00
    endloop
  endfacet
  facet normal  9.968120e-01  0.000000e+00 -7.978584e-02
    outer loop
      vertex   5.203552e+01 -6.000000e+00 -6.968090e+00
      vertex   5.203552e+01  1.600000e+01 -6.968090e+00
      vertex   5.248139e+01 -6.000000e+00 -1.397577e+00
    endloop
  endfacet
  facet normal  9.968120e-01  0.000000e+00 -7.978584e-02
    outer loop
      vertex   5.248139e+01 -6.000000e+00 -1.397577e+00
      vertex   5.203552e+01  1.600000e+01 -6.968090e+00
      vertex   5.248139e+01  1.600000e+01 -1.397577e+00
    endloop
  endfacet
  facet normal  9.996456e-01 -0.000000e+00  2.662008e-02
    outer loop
      vertex   5.248139e+01 -6.000000e+00 -1.397577e+00
      vertex   5.248139e+01  1.600000e+01 -1.397577e+00
      vertex   5.233263e+01 -6.000000e+00  4.188771e+00
    endloop
  endfacet
  facet normal  9.996456e-01 -0.000000e+00  2.662008e-02
    outer loop
      vertex   5.233263e+01 -6.000000e+00  4.188771e+00
      vertex   5.248139e+01  1.600000e+01 -1.397577e+00
      vertex   5.233263e+01  1.600000e+01  4.188771e+00
    endloop
  endfacet
  facet normal  9.911528e-01 -0.000000e+00  1.327256e-01
    outer loop
      vertex   5.233263e+01 -6.000000e+00  4.188771e+00
      vertex   5.233263e+01  1.600000e+01  4.188771e+00
      vertex   5.159092e+01 -6.000000e+00  9.727658e+00
    endloop
  endfacet
  facet normal  9.911528e-01 -0.000000e+00  1.327256e-01
    outer loop
      vertex   5.159092e+01 -6.000000e+00  9.727658e+00
      vertex   5.233263e+01  1.600000e+01  4.188771e+00
      vertex   5.159092e+01  1.600000e+01  9.727658e+00
    endloop
  endfacet
  facet normal  9.714301e-01 -0.000000e+00  2.373261e-01
    outer loop
      vertex   5.159092e+01 -6.000000e+00  9.727658e+00
      vertex   5.159092e+01  1.600000e+01  9.727658e+00
      vertex   5.026466e+01 -6.000000e+00  1.515633e+01
    endloop
  endfacet
  facet normal  9.714301e-01 -0.000000e+00  2.373261e-01
    outer loop
      vertex   5.026466e+01 -6.000000e+00  1.515633e+01
      vertex   5.159092e+01  1.600000e+01  9.727658e+00
      vertex   5.026466e+01  1.600000e+01  1.515633e+01
    endloop
  endfacet
  facet normal  9.407000e-01 -0.000000e+00  3.392396e-01
    outer loop
      vertex   5.026466e+01 -6.000000e+00  1.515633e+01
      vertex   5.026466e+01  1.600000e+01  1.515633e+01
      vertex   4.836888e+01 -6.000000e+00  2.041327e+01
    endloop
  endfacet
  facet normal  9.407000e-01 -0.000000e+00  3.392396e-01
    outer loop
      vertex   4.836888e+01 -6.000000e+00  2.041327e+01
      vertex   5.026466e+01  1.600000e+01  1.515633e+01
      vertex   4.836888e+01  1.600000e+01  2.041327e+01
    endloop
  endfacet
  facet normal  8.993124e-01 -0.000000e+00  4.373067e-01
    outer loop
      vertex   4.836888e+01 -6.000000e+00  2.041327e+01
      vertex   4.836888e+01  1.600000e+01  2.041327e+01
      vertex   4.592506e+01 -6.000000e+00  2.543892e+01
    endloop
  endfacet
  facet normal  8.993124e-01 -0.000000e+00  4.373067e-01
    outer loop
      vertex   4.592506e+01 -6.000000e+00  2.543892e+01
      vertex   4.836888e+01  1.600000e+01  2.041327e+01
      vertex   4.592506e+01  1.600000e+01  2.543892e+01
    endloop
  endfacet
  facet normal  8.477342e-01 -0.000000e+00  5.304213e-01
    outer loop
      vertex   4.592506e+01 -6.000000e+00  2.543892e+01
      vertex   4.592506e+01  1.600000e+01  2.543892e+01
      vertex   4.296090e+01 -6.000000e+00  3.017634e+01
    endloop
  endfacet
  facet normal  8.477342e-01 -0.000000e+00  5.304213e-01
    outer loop
      vertex   4.296090e+01 -6.000000e+00  3.017634e+01
      vertex   4.592506e+01  1.600000e+01  2.543892e+01
      vertex   4.296090e+01  1.600000e+01  3.017634e+01
    endloop
  endfacet
  facet normal  7.865518e-01 -0.000000e+00  6.175244e-01
    outer loop
      vertex   4.296090e+01 -6.000000e+00  3.017634e+01
      vertex   4.296090e+01  1.600000e+01  3.017634e+01
      vertex   3.950997e+01 -6.000000e+00  3.457185e+01
    endloop
  endfacet
  facet normal  7.865518e-01 -0.000000e+00  6.175244e-01
    outer loop
      vertex   3.950997e+01 -6.000000e+00  3.457185e+01
      vertex   4.296090e+01  1.600000e+01  3.017634e+01
      vertex   3.950997e+01  1.600000e+01  3.457185e+01
    endloop
  endfacet
  facet normal  7.164568e-01 -0.000000e+00  6.976315e-01
    outer loop
      vertex   3.950997e+01 -6.000000e+00  3.457185e+01
      vertex   3.950997e+01  1.600000e+01  3.457185e+01
      vertex   3.561137e+01 -6.000000e+00  3.857564e+01
    endloop
  endfacet
  facet normal  7.164568e-01 -0.000000e+00  6.976315e-01
    outer loop
      vertex   3.561137e+01 -6.000000e+00  3.857564e+01
      vertex   3.950997e+01  1.600000e+01  3.457185e+01
      vertex   3.561137e+01  1.600000e+01  3.857564e+01
    endloop
  endfacet
  facet normal  6.382443e-01 -0.000000e+00  7.698339e-01
    outer loop
      vertex   3.561137e+01 -6.000000e+00  3.857564e+01
      vertex   3.561137e+01  1.600000e+01  3.857564e+01
      vertex   3.130928e+01 -6.000000e+00  4.214236e+01
    endloop
  endfacet
  facet normal  6.382443e-01 -0.000000e+00  7.698339e-01
    outer loop
      vertex   3.130928e+01 -6.000000e+00  4.214236e+01
      vertex   3.561137e+01  1.600000e+01  3.857564e+01
      vertex   3.130928e+01  1.600000e+01  4.214236e+01
    endloop
  endfacet
  facet normal  5.527999e-01 -0.000000e+00  8.333141e-01
    outer loop
      vertex   3.130928e+01 -6.000000e+00  4.214236e+01
      vertex   3.130928e+01  1.600000e+01  4.214236e+01
      vertex   2.665245e+01 -6.000000e+00  4.523159e+01
    endloop
  endfacet
  facet normal  5.527999e-01 -0.000000e+00  8.333141e-01
    outer loop
      vertex   2.665245e+01 -6.000000e+00  4.523159e+01
      vertex   3.130928e+01  1.600000e+01  4.214236e+01
      vertex   2.665245e+01  1.600000e+01  4.523159e+01
    endloop
  endfacet
  facet normal  4.610925e-01 -0.000000e+00  8.873520e-01
    outer loop
      vertex   2.665245e+01 -6.000000e+00  4.523159e+01
      vertex   2.665245e+01  1.600000e+01  4.523159e+01
      vertex   2.169364e+01 -6.000000e+00  4.780833e+01
    endloop
  endfacet
  facet normal  4.610925e-01 -0.000000e+00  8.873520e-01
    outer loop
      vertex   2.169364e+01 -6.000000e+00  4.780833e+01
      vertex   2.665245e+01  1.600000e+01  4.523159e+01
      vertex   2.169364e+01  1.600000e+01  4.780833e+01
    endloop
  endfacet
  facet normal  3.641600e-01 -0.000000e+00  9.313363e-01
    outer loop
      vertex   2.169364e+01 -6.000000e+00  4.780833e+01
      vertex   2.169364e+01  1.600000e+01  4.780833e+01
      vertex   1.648903e+01 -6.000000e+00  4.984337e+01
    endloop
  endfacet
  facet normal  3.641600e-01 -0.000000e+00  9.313363e-01
    outer loop
      vertex   1.648903e+01 -6.000000e+00  4.984337e+01
      vertex   2.169364e+01  1.600000e+01  4.780833e+01
      vertex   1.648903e+01  1.600000e+01  4.984337e+01
    endloop
  endfacet
  facet normal  2.631024e-01 -0.000000e+00  9.647679e-01
    outer loop
      vertex   1.648903e+01 -6.000000e+00  4.984337e+01
      vertex   1.648903e+01  1.600000e+01  4.984337e+01
      vertex   1.109759e+01 -6.000000e+00  5.131367e+01
    endloop
  endfacet
  facet normal  2.631024e-01 -0.000000e+00  9.647679e-01
    outer loop
      vertex   1.109759e+01 -6.000000e+00  5.131367e+01
      vertex   1.648903e+01  1.600000e+01  4.984337e+01
      vertex   1.109759e+01  1.600000e+01  5.131367e+01
    endloop
  endfacet
  facet normal  1.590638e-01 -0.000000e+00  9.872683e-01
    outer loop
      vertex   1.109759e+01 -6.000000e+00  5.131367e+01
      vertex   1.109759e+01  1.600000e+01  5.131367e+01
      vertex   5.580408e+00 -6.000000e+00  5.220258e+01
    endloop
  endfacet
  facet normal  1.590638e-01 -0.000000e+00  9.872683e-01
    outer loop
      vertex   5.580408e+00 -6.000000e+00  5.220258e+01
      vertex   1.109759e+01  1.600000e+01  5.131367e+01
      vertex   5.580408e+00  1.600000e+01  5.220258e+01
    endloop
  endfacet
  facet normal -6.354676e-02  1.613522e-03  9.979776e-01
    outer loop
      vertex  -5.000000e+00  2.500000e+00  5.226136e+01
      vertex  -1.668915e+00  2.500000e+00  5.247347e+01
      vertex  -5.580408e+00  1.600000e+01  5.220258e+01
    endloop
  endfacet
  facet normal  1.272160e-01  0.000000e+00 -9.918750e-01
    outer loop
      vertex   5.000000e+00  2.500000e+00 -5.226136e+01
      vertex   8.350834e+00 -6.000000e+00 -5.183159e+01
      vertex   5.000000e+00  0.000000e+00 -5.226136e+01
    endloop
  endfacet
  facet normal  1.062858e-01 -1.186009e-02 -9.942649e-01
    outer loop
      vertex   5.000000e+00  0.000000e+00 -5.226136e+01
      vertex   8.350834e+00 -6.000000e+00 -5.183159e+01
      vertex   2.794164e+00 -6.000000e+00 -5.242559e+01
    endloop
  endfacet
  facet normal  6.354634e-02  3.954056e-03 -9.979711e-01
    outer loop
      vertex   5.000000e+00  0.000000e+00 -5.226136e+01
      vertex   2.794164e+00 -6.000000e+00 -5.242559e+01
      vertex   1.668915e+00  0.000000e+00 -5.247347e+01
    endloop
  endfacet
  facet normal  0.000000e+00 -7.979457e-03 -9.999682e-01
    outer loop
      vertex   1.668915e+00  0.000000e+00 -5.247347e+01
      vertex   2.794164e+00 -6.000000e+00 -5.242559e+01
      vertex  -2.794164e+00 -6.000000e+00 -5.242559e+01
    endloop
  endfacet
  facet normal -0.000000e+00 -7.979456e-03 -9.999682e-01
    outer loop
      vertex   1.668915e+00  0.000000e+00 -5.247347e+01
      vertex  -2.794164e+00 -6.000000e+00 -5.242559e+01
      vertex  -1.668915e+00  0.000000e+00 -5.247347e+01
    endloop
  endfacet
  facet normal -6.354634e-02  3.954055e-03 -9.979711e-01
    outer loop
      vertex  -1.668915e+00  0.000000e+00 -5.247347e+01
      vertex  -2.794164e+00 -6.000000e+00 -5.242559e+01
      vertex  -5.000000e+00  0.000000e+00 -5.226136e+01
    endloop
  endfacet
  facet normal -1.062858e-01 -1.186009e-02 -9.942649e-01
    outer loop
      vertex  -5.000000e+00  0.000000e+00 -5.226136e+01
      vertex  -2.794164e+00 -6.000000e+00 -5.242559e+01
      vertex  -8.350834e+00 -6.000000e+00 -5.183159e+01
    endloop
  endfacet
  facet normal -1.272160e-01  0.000000e+00 -9.918750e-01
    outer loop
      vertex  -5.000000e+00  0.000000e+00 -5.226136e+01
      vertex  -8.350834e+00 -6.000000e+00 -5.183159e+01
      vertex  -5.000000e+00  2.500000e+00 -5.226136e+01
    endloop
  endfacet
  facet normal -1.097357e-01  0.000000e+00 -9.939608e-01
    outer loop
      vertex   5.000000e+00  0.000000e+00  4.623040e+01
      vertex   5.000000e+00  2.500000e+00  4.623040e+01
      vertex   5.206348e+00  1.000000e+01  4.620762e+01
    endloop
  endfacet
  facet normal -7.176132e-02 -1.055305e-03 -9.974213e-01
    outer loop
      vertex   5.206348e+00  1.000000e+01  4.620762e+01
      vertex   5.000000e+00  2.500000e+00  4.623040e+01
      vertex   1.669536e+00  2.500000e+00  4.647002e+01
    endloop
  endfacet
  facet normal -5.606824e-02 -8.489688e-03 -9.983909e-01
    outer loop
      vertex   5.206348e+00  1.000000e+01  4.620762e+01
      vertex   1.669536e+00  2.500000e+00  4.647002e+01
      vertex   0.000000e+00  1.000000e+01  4.650000e+01
    endloop
  endfacet
  facet normal  0.000000e+00  3.997771e-03 -9.999920e-01
    outer loop
      vertex   0.000000e+00  1.000000e+01  4.650000e+01
      vertex   1.669536e+00  2.500000e+00  4.647002e+01
      vertex  -1.669536e+00  2.500000e+00  4.647002e+01
    endloop
  endfacet
  facet normal  5.606824e-02 -8.489692e-03 -9.983909e-01
    outer loop
      vertex   0.000000e+00  1.000000e+01  4.650000e+01
      vertex  -1.669536e+00  2.500000e+00  4.647002e+01
      vertex  -5.206348e+00  1.000000e+01  4.620762e+01
    endloop
  endfacet
  facet normal  7.176132e-02 -1.055305e-03 -9.974213e-01
    outer loop
      vertex  -5.206348e+00  1.000000e+01  4.620762e+01
      vertex  -1.669536e+00  2.500000e+00  4.647002e+01
      vertex  -5.000000e+00  2.500000e+00  4.623040e+01
    endloop
  endfacet
  facet normal  1.097357e-01  0.000000e+00 -9.939608e-01
    outer loop
      vertex  -5.206348e+00  1.000000e+01  4.620762e+01
      vertex  -5.000000e+00  2.500000e+00  4.623040e+01
      vertex  -5.000000e+00  0.000000e+00  4.623040e+01
    endloop
  endfacet
  facet normal  1.632724e-01  1.121535e-03 -9.865804e-01
    outer loop
      vertex  -5.000000e+00  0.000000e+00  4.623040e+01
      vertex  -1.016031e+01  0.000000e+00  4.537640e+01
      vertex  -5.206348e+00  1.000000e+01  4.620762e+01
    endloop
  endfacet
  facet normal  1.675062e-01 -1.034885e-03 -9.858705e-01
    outer loop
      vertex  -5.206348e+00  1.000000e+01  4.620762e+01
      vertex  -1.016031e+01  0.000000e+00  4.537640e+01
      vertex  -1.034722e+01  1.000000e+01  4.533415e+01
    endloop
  endfacet
  facet normal  2.730378e-01  1.038515e-03 -9.620028e-01
    outer loop
      vertex  -1.034722e+01  1.000000e+01  4.533415e+01
      vertex  -1.016031e+01  0.000000e+00  4.537640e+01
      vertex  -1.519206e+01  0.000000e+00  4.394828e+01
    endloop
  endfacet
  facet normal  2.768354e-01 -9.518630e-04 -9.609169e-01
    outer loop
      vertex  -1.034722e+01  1.000000e+01  4.533415e+01
      vertex  -1.519206e+01  0.000000e+00  4.394828e+01
      vertex  -1.535798e+01  1.000000e+01  4.389058e+01
    endloop
  endfacet
  facet normal  3.793497e-01  9.547982e-04 -9.252529e-01
    outer loop
      vertex  -1.535798e+01  1.000000e+01  4.389058e+01
      vertex  -1.519206e+01  0.000000e+00  4.394828e+01
      vertex  -2.003160e+01  0.000000e+00  4.196409e+01
    endloop
  endfacet
  facet normal  3.826838e-01 -8.681100e-04 -9.238790e-01
    outer loop
      vertex  -1.535798e+01  1.000000e+01  4.389058e+01
      vertex  -2.003160e+01  0.000000e+00  4.196409e+01
      vertex  -2.017559e+01  1.000000e+01  4.189505e+01
    endloop
  endfacet
  facet normal  4.808605e-01  8.706587e-04 -8.767967e-01
    outer loop
      vertex  -2.017559e+01  1.000000e+01  4.189505e+01
      vertex  -2.003160e+01  0.000000e+00  4.196409e+01
      vertex  -2.461768e+01  0.000000e+00  3.944895e+01
    endloop
  endfacet
  facet normal  4.837180e-01 -7.834516e-04 -8.752236e-01
    outer loop
      vertex  -2.017559e+01  1.000000e+01  4.189505e+01
      vertex  -2.461768e+01  0.000000e+00  3.944895e+01
      vertex  -2.473949e+01  1.000000e+01  3.937268e+01
    endloop
  endfacet
  facet normal  5.762877e-01  7.863859e-04 -8.172465e-01
    outer loop
      vertex  -2.473949e+01  1.000000e+01  3.937268e+01
      vertex  -2.461768e+01  0.000000e+00  3.944895e+01
      vertex  -2.889228e+01  0.000000e+00  3.643468e+01
    endloop
  endfacet
  facet normal  5.786715e-01 -6.989395e-04 -8.155603e-01
    outer loop
      vertex  -2.473949e+01  1.000000e+01  3.937268e+01
      vertex  -2.889228e+01  0.000000e+00  3.643468e+01
      vertex  -2.899228e+01  1.000000e+01  3.635516e+01
    endloop
  endfacet
  facet normal  6.644236e-01  7.008510e-04 -7.473559e-01
    outer loop
      vertex  -2.899228e+01  1.000000e+01  3.635516e+01
      vertex  -2.889228e+01  0.000000e+00  3.643468e+01
      vertex  -3.280133e+01  0.000000e+00  3.295942e+01
    endloop
  endfacet
  facet normal  6.663461e-01 -6.133300e-04 -7.456423e-01
    outer loop
      vertex  -2.899228e+01  1.000000e+01  3.635516e+01
      vertex  -3.280133e+01  0.000000e+00  3.295942e+01
      vertex  -3.288047e+01  1.000000e+01  3.288047e+01
    endloop
  endfacet
  facet normal  7.441527e-01  6.153375e-04 -6.680093e-01
    outer loop
      vertex  -3.288047e+01  1.000000e+01  3.288047e+01
      vertex  -3.280133e+01  0.000000e+00  3.295942e+01
      vertex  -3.629535e+01  0.000000e+00  2.906713e+01
    endloop
  endfacet
  facet normal  7.456424e-01 -5.275927e-04 -6.663462e-01
    outer loop
      vertex  -3.288047e+01  1.000000e+01  3.288047e+01
      vertex  -3.629535e+01  0.000000e+00  2.906713e+01
      vertex  -3.635516e+01  1.000000e+01  2.899228e+01
    endloop
  endfacet
  facet normal  8.144665e-01  5.288072e-04 -5.802104e-01
    outer loop
      vertex  -3.635516e+01  1.000000e+01  2.899228e+01
      vertex  -3.629535e+01  0.000000e+00  2.906713e+01
      vertex  -3.933014e+01  0.000000e+00  2.480706e+01
    endloop
  endfacet
  facet normal  8.155605e-01 -4.406665e-04 -5.786716e-01
    outer loop
      vertex  -3.635516e+01  1.000000e+01  2.899228e+01
      vertex  -3.933014e+01  0.000000e+00  2.480706e+01
      vertex  -3.937268e+01  1.000000e+01  2.473949e+01
    endloop
  endfacet
  facet normal  8.744746e-01  4.424428e-04 -4.850709e-01
    outer loop
      vertex  -3.937268e+01  1.000000e+01  2.473949e+01
      vertex  -3.933014e+01  0.000000e+00  2.480706e+01
      vertex  -4.186730e+01  0.000000e+00  2.023313e+01
    endloop
  endfacet
  facet normal  8.752238e-01 -3.540877e-04 -4.837181e-01
    outer loop
      vertex  -3.937268e+01  1.000000e+01  2.473949e+01
      vertex  -4.186730e+01  0.000000e+00  2.023313e+01
      vertex  -4.189505e+01  1.000000e+01  2.017559e+01
    endloop
  endfacet
  facet normal  9.234191e-01  3.545785e-04 -3.837931e-01
    outer loop
      vertex  -4.189505e+01  1.000000e+01  2.017559e+01
      vertex  -4.186730e+01  0.000000e+00  2.023313e+01
      vertex  -4.387473e+01  0.000000e+00  1.540319e+01
    endloop
  endfacet
  facet normal  9.238793e-01 -2.658630e-04 -3.826840e-01
    outer loop
      vertex  -4.189505e+01  1.000000e+01  2.017559e+01
      vertex  -4.387473e+01  0.000000e+00  1.540319e+01
      vertex  -4.389058e+01  1.000000e+01  1.535798e+01
    endloop
  endfacet
  facet normal  9.606791e-01  2.673013e-04 -2.776610e-01
    outer loop
      vertex  -4.389058e+01  1.000000e+01  1.535798e+01
      vertex  -4.387473e+01  0.000000e+00  1.540319e+01
      vertex  -4.532703e+01  0.000000e+00  1.037836e+01
    endloop
  endfacet
  facet normal  9.609173e-01 -1.779675e-04 -2.768355e-01
    outer loop
      vertex  -4.389058e+01  1.000000e+01  1.535798e+01
      vertex  -4.532703e+01  0.000000e+00  1.037836e+01
      vertex  -4.533415e+01  1.000000e+01  1.034722e+01
    endloop
  endfacet
  facet normal  9.857846e-01  1.785673e-04 -1.680138e-01
    outer loop
      vertex  -4.533415e+01  1.000000e+01  1.034722e+01
      vertex  -4.532703e+01  0.000000e+00  1.037836e+01
      vertex  -4.620583e+01  0.000000e+00  5.222217e+00
    endloop
  endfacet
  facet normal  9.858710e-01 -8.904775e-05 -1.675063e-01
    outer loop
      vertex  -4.533415e+01  1.000000e+01  1.034722e+01
      vertex  -4.620583e+01  0.000000e+00  5.222217e+00
      vertex  -4.620762e+01  1.000000e+01  5.206348e+00
    endloop
  endfacet
  facet normal  9.984171e-01  8.976091e-05 -5.624212e-02
    outer loop
      vertex  -4.620762e+01  1.000000e+01  5.206348e+00
      vertex  -4.620583e+01  0.000000e+00  5.222217e+00
      vertex  -4.650000e+01  0.000000e+00  0.000000e+00
    endloop
  endfacet
  facet normal  9.984268e-01  0.000000e+00 -5.607026e-02
    outer loop
      vertex  -4.620762e+01  1.000000e+01  5.206348e+00
      vertex  -4.650000e+01  0.000000e+00  0.000000e+00
      vertex  -4.650000e+01  1.000000e+01  0.000000e+00
    endloop
  endfacet
  facet normal  9.984268e-01  0.000000e+00  5.607026e-02
    outer loop
      vertex  -4.650000e+01  1.000000e+01  0.000000e+00
      vertex  -4.650000e+01  0.000000e+00  0.000000e+00
      vertex  -4.620762e+01  1.000000e+01 -5.206348e+00
    endloop
  endfacet
  facet normal  9.984171e-01  8.976091e-05  5.624212e-02
    outer loop
      vertex  -4.620762e+01  1.000000e+01 -5.206348e+00
      vertex  -4.650000e+01  0.000000e+00  0.000000e+00
      vertex  -4.620583e+01  0.000000e+00 -5.222217e+00
    endloop
  endfacet
  facet normal  9.858710e-01 -8.904460e-05  1.675063e-01
    outer loop
      vertex  -4.620762e+01  1.000000e+01 -5.206348e+00
      vertex  -4.620583e+01  0.000000e+00 -5.222217e+00
      vertex  -4.533415e+01  1.000000e+01 -1.034722e+01
    endloop
  endfacet
  facet normal  9.857846e-01  1.785673e-04  1.680138e-01
    outer loop
      vertex  -4.533415e+01  1.000000e+01 -1.034722e+01
      vertex  -4.620583e+01  0.000000e+00 -5.222217e+00
      vertex  -4.532703e+01  0.000000e+00 -1.037836e+01
    endloop
  endfacet
  facet normal  9.609173e-01 -1.779667e-04  2.768355e-01
    outer loop
      vertex  -4.533415e+01  1.000000e+01 -1.034722e+01
      vertex  -4.532703e+01  0.000000e+00 -1.037836e+01
      vertex  -4.389058e+01  1.000000e+01 -1.535798e+01
    endloop
  endfacet
  facet normal  9.606791e-01  2.673013e-04  2.776610e-01
    outer loop
      vertex  -4.389058e+01  1.000000e+01 -1.535798e+01
      vertex  -4.532703e+01  0.000000e+00 -1.037836e+01
      vertex  -4.387473e+01  0.000000e+00 -1.540319e+01
    endloop
  endfacet
  facet normal  9.238793e-01 -2.658643e-04  3.826840e-01
    outer loop
      vertex  -4.389058e+01  1.000000e+01 -1.535798e+01
      vertex  -4.387473e+01  0.000000e+00 -1.540319e+01
      vertex  -4.189505e+01  1.000000e+01 -2.017559e+01
    endloop
  endfacet
  facet normal  9.234191e-01  3.545785e-04  3.837931e-01
    outer loop
      vertex  -4.189505e+01  1.000000e+01 -2.017559e+01
      vertex  -4.387473e+01  0.000000e+00 -1.540319e+01
      vertex  -4.186730e+01  0.000000e+00 -2.023313e+01
    endloop
  endfacet
  facet normal  8.752238e-01 -3.540740e-04  4.837181e-01
    outer loop
      vertex  -4.189505e+01  1.000000e+01 -2.017559e+01
      vertex  -4.186730e+01  0.000000e+00 -2.023313e+01
      vertex  -3.937268e+01  1.000000e+01 -2.473949e+01
    endloop
  endfacet
  facet normal  8.744746e-01  4.424428e-04  4.850709e-01
    outer loop
      vertex  -3.937268e+01  1.000000e+01 -2.473949e+01
      vertex  -4.186730e+01  0.000000e+00 -2.023313e+01
      vertex  -3.933014e+01  0.000000e+00 -2.480706e+01
    endloop
  endfacet
  facet normal  8.155605e-01 -4.406619e-04  5.786716e-01
    outer loop
      vertex  -3.937268e+01  1.000000e+01 -2.473949e+01
      vertex  -3.933014e+01  0.000000e+00 -2.480706e+01
      vertex  -3.635516e+01  1.000000e+01 -2.899228e+01
    endloop
  endfacet
  facet normal  8.144665e-01  5.288072e-04  5.802104e-01
    outer loop
      vertex  -3.635516e+01  1.000000e+01 -2.899228e+01
      vertex  -3.933014e+01  0.000000e+00 -2.480706e+01
      vertex  -3.629535e+01  0.000000e+00 -2.906713e+01
    endloop
  endfacet
  facet normal  7.456424e-01 -5.275873e-04  6.663462e-01
    outer loop
      vertex  -3.635516e+01  1.000000e+01 -2.899228e+01
      vertex  -3.629535e+01  0.000000e+00 -2.906713e+01
      vertex  -3.288047e+01  1.000000e+01 -3.288047e+01
    endloop
  endfacet
  facet normal  7.441527e-01  6.153375e-04  6.680093e-01
    outer loop
      vertex  -3.288047e+01  1.000000e+01 -3.288047e+01
      vertex  -3.629535e+01  0.000000e+00 -2.906713e+01
      vertex  -3.280133e+01  0.000000e+00 -3.295942e+01
    endloop
  endfacet
  facet normal  6.663461e-01 -6.133261e-04  7.456423e-01
    outer loop
      vertex  -3.288047e+01  1.000000e+01 -3.288047e+01
      vertex  -3.280133e+01  0.000000e+00 -3.295942e+01
      vertex  -2.899228e+01  1.000000e+01 -3.635516e+01
    endloop
  endfacet
  facet normal  6.644236e-01  7.008510e-04  7.473559e-01
    outer loop
      vertex  -2.899228e+01  1.000000e+01 -3.635516e+01
      vertex  -3.280133e+01  0.000000e+00 -3.295942e+01
      vertex  -2.889228e+01  0.000000e+00 -3.643468e+01
    endloop
  endfacet
  facet normal  5.786715e-01 -6.989361e-04  8.155603e-01
    outer loop
      vertex  -2.899228e+01  1.000000e+01 -3.635516e+01
      vertex  -2.889228e+01  0.000000e+00 -3.643468e+01
      vertex  -2.473949e+01  1.000000e+01 -3.937268e+01
    endloop
  endfacet
  facet normal  5.762877e-01  7.863859e-04  8.172465e-01
    outer loop
      vertex  -2.473949e+01  1.000000e+01 -3.937268e+01
      vertex  -2.889228e+01  0.000000e+00 -3.643468e+01
      vertex  -2.461768e+01  0.000000e+00 -3.944895e+01
    endloop
  endfacet
  facet normal  4.837180e-01 -7.834516e-04  8.752236e-01
    outer loop
      vertex  -2.473949e+01  1.000000e+01 -3.937268e+01
      vertex  -2.461768e+01  0.000000e+00 -3.944895e+01
      vertex  -2.017559e+01  1.000000e+01 -4.189505e+01
    endloop
  endfacet
  facet normal  4.808605e-01  8.706587e-04  8.767967e-01
    outer loop
      vertex  -2.017559e+01  1.000000e+01 -4.189505e+01
      vertex  -2.461768e+01  0.000000e+00 -3.944895e+01
      vertex  -2.003160e+01  0.000000e+00 -4.196409e+01
    endloop
  endfacet
  facet normal  3.826838e-01 -8.681242e-04  9.238790e-01
    outer loop
      vertex  -2.017559e+01  1.000000e+01 -4.189505e+01
      vertex  -2.003160e+01  0.000000e+00 -4.196409e+01
      vertex  -1.535798e+01  1.000000e+01 -4.389058e+01
    endloop
  endfacet
  facet normal  3.793497e-01  9.547982e-04  9.252529e-01
    outer loop
      vertex  -1.535798e+01  1.000000e+01 -4.389058e+01
      vertex  -2.003160e+01  0.000000e+00 -4.196409e+01
      vertex  -1.519206e+01  0.000000e+00 -4.394828e+01
    endloop
  endfacet
  facet normal  2.768354e-01 -9.518622e-04  9.609169e-01
    outer loop
      vertex  -1.535798e+01  1.000000e+01 -4.389058e+01
      vertex  -1.519206e+01  0.000000e+00 -4.394828e+01
      vertex  -1.034722e+01  1.000000e+01 -4.533415e+01
    endloop
  endfacet
  facet normal  2.730378e-01  1.038515e-03  9.620028e-01
    outer loop
      vertex  -1.034722e+01  1.000000e+01 -4.533415e+01
      vertex  -1.519206e+01  0.000000e+00 -4.394828e+01
      vertex  -1.016031e+01  0.000000e+00 -4.537640e+01
    endloop
  endfacet
  facet normal  1.675062e-01 -1.034886e-03  9.858705e-01
    outer loop
      vertex  -1.034722e+01  1.000000e+01 -4.533415e+01
      vertex  -1.016031e+01  0.000000e+00 -4.537640e+01
      vertex  -5.206348e+00  1.000000e+01 -4.620762e+01
    endloop
  endfacet
  facet normal  1.632724e-01  1.121535e-03  9.865804e-01
    outer loop
      vertex  -5.206348e+00  1.000000e+01 -4.620762e+01
      vertex  -1.016031e+01  0.000000e+00 -4.537640e+01
      vertex  -5.000000e+00  0.000000e+00 -4.623040e+01
    endloop
  endfacet
  facet normal  1.097357e-01  0.000000e+00  9.939608e-01
    outer loop
      vertex  -5.206348e+00  1.000000e+01 -4.620762e+01
      vertex  -5.000000e+00  0.000000e+00 -4.623040e+01
      vertex  -5.000000e+00  2.500000e+00 -4.623040e+01
    endloop
  endfacet
  facet normal  7.176132e-02 -1.055305e-03  9.974213e-01
    outer loop
      vertex  -5.000000e+00  2.500000e+00 -4.623040e+01
      vertex  -1.669536e+00  2.500000e+00 -4.647002e+01
      vertex  -5.206348e+00  1.000000e+01 -4.620762e+01
    endloop
  endfacet
  facet normal  5.606824e-02 -8.489688e-03  9.983909e-01
    outer loop
      vertex  -5.206348e+00  1.000000e+01 -4.620762e+01
      vertex  -1.669536e+00  2.500000e+00 -4.647002e+01
      vertex   0.000000e+00  1.000000e+01 -4.650000e+01
    endloop
  endfacet
  facet normal  0.000000e+00  3.997771e-03  9.999920e-01
    outer loop
      vertex   0.000000e+00  1.000000e+01 -4.650000e+01
      vertex  -1.669536e+00  2.500000e+00 -4.647002e+01
      vertex   1.669536e+00  2.500000e+00 -4.647002e+01
    endloop
  endfacet
  facet normal -5.606824e-02 -8.489692e-03  9.983909e-01
    outer loop
      vertex   0.000000e+00  1.000000e+01 -4.650000e+01
      vertex   1.669536e+00  2.500000e+00 -4.647002e+01
      vertex   5.206348e+00  1.000000e+01 -4.620762e+01
    endloop
  endfacet
  facet normal -7.176132e-02 -1.055305e-03  9.974213e-01
    outer loop
      vertex   5.206348e+00  1.000000e+01 -4.620762e+01
      vertex   1.669536e+00  2.500000e+00 -4.647002e+01
      vertex   5.000000e+00  2.500000e+00 -4.623040e+01
    endloop
  endfacet
  facet normal -1.097357e-01  0.000000e+00  9.939608e-01
    outer loop
      vertex   5.206348e+00  1.000000e+01 -4.620762e+01
      vertex   5.000000e+00  2.500000e+00 -4.623040e+01
      vertex   5.000000e+00  0.000000e+00 -4.623040e+01
    endloop
  endfacet
  facet normal -1.632724e-01  1.121535e-03  9.865804e-01
    outer loop
      vertex   5.000000e+00  0.000000e+00 -4.623040e+01
      vertex   1.016031e+01  0.000000e+00 -4.537640e+01
      vertex   5.206348e+00  1.000000e+01 -4.620762e+01
    endloop
  endfacet
  facet normal -1.675062e-01 -1.034885e-03  9.858705e-01
    outer loop
      vertex   5.206348e+00  1.000000e+01 -4.620762e+01
      vertex   1.016031e+01  0.000000e+00 -4.537640e+01
      vertex   1.034722e+01  1.000000e+01 -4.533415e+01
    endloop
  endfacet
  facet normal -2.730378e-01  1.038515e-03  9.620028e-01
    outer loop
      vertex   1.034722e+01  1.000000e+01 -4.533415e+01
      vertex   1.016031e+01  0.000000e+00 -4.537640e+01
      vertex   1.519206e+01  0.000000e+00 -4.394828e+01
    endloop
  endfacet
  facet normal -2.768354e-01 -9.518630e-04  9.609169e-01
    outer loop
      vertex   1.034722e+01  1.000000e+01 -4.533415e+01
      vertex   1.519206e+01  0.000000e+00 -4.394828e+01
      vertex   1.535798e+01  1.000000e+01 -4.389058e+01
    endloop
  endfacet
  facet normal -3.793497e-01  9.547982e-04  9.252529e-01
    outer loop
      vertex   1.535798e+01  1.000000e+01 -4.389058e+01
      vertex   1.519206e+01  0.000000e+00 -4.394828e+01
      vertex   2.003160e+01  0.000000e+00 -4.196409e+01
    endloop
  endfacet
  facet normal -3.826838e-01 -8.681100e-04  9.238790e-01
    outer loop
      vertex   1.535798e+01  1.000000e+01 -4.389058e+01
      vertex   2.003160e+01  0.000000e+00 -4.196409e+01
      vertex   2.017559e+01  1.000000e+01 -4.189505e+01
    endloop
  endfacet
  facet normal -4.808605e-01  8.706587e-04  8.767967e-01
    outer loop
      vertex   2.017559e+01  1.000000e+01 -4.189505e+01
      vertex   2.003160e+01  0.000000e+00 -4.196409e+01
      vertex   2.461768e+01  0.000000e+00 -3.944895e+01
    endloop
  endfacet
  facet normal -4.837180e-01 -7.834516e-04  8.752236e-01
    outer loop
      vertex   2.017559e+01  1.000000e+01 -4.189505e+01
      vertex   2.461768e+01  0.000000e+00 -3.944895e+01
      vertex   2.473949e+01  1.000000e+01 -3.937268e+01
    endloop
  endfacet
  facet normal -5.762877e-01  7.863859e-04  8.172465e-01
    outer loop
      vertex   2.473949e+01  1.000000e+01 -3.937268e+01
      vertex   2.461768e+01  0.000000e+00 -3.944895e+01
      vertex   2.889228e+01  0.000000e+00 -3.643468e+01
    endloop
  endfacet
  facet normal -5.786715e-01 -6.989395e-04  8.155603e-01
    outer loop
      vertex   2.473949e+01  1.000000e+01 -3.937268e+01
      vertex   2.889228e+01  0.000000e+00 -3.643468e+01
      vertex   2.899228e+01  1.000000e+01 -3.635516e+01
    endloop
  endfacet
  facet normal -6.644236e-01  7.008510e-04  7.473559e-01
    outer loop
      vertex   2.899228e+01  1.000000e+01 -3.635516e+01
      vertex   2.889228e+01  0.000000e+00 -3.643468e+01
      vertex   3.280133e+01  0.000000e+00 -3.295942e+01
    endloop
  endfacet
  facet normal -6.663461e-01 -6.133300e-04  7.456423e-01
    outer loop
      vertex   2.899228e+01  1.000000e+01 -3.635516e+01
      vertex   3.280133e+01  0.000000e+00 -3.295942e+01
      vertex   3.288047e+01  1.000000e+01 -3.288047e+01
    endloop
  endfacet
  facet normal -7.441527e-01  6.153375e-04  6.680093e-01
    outer loop
      vertex   3.288047e+01  1.000000e+01 -3.288047e+01
      vertex   3.280133e+01  0.000000e+00 -3.295942e+01
      vertex   3.629535e+01  0.000000e+00 -2.906713e+01
    endloop
  endfacet
  facet normal -7.456424e-01 -5.275927e-04  6.663462e-01
    outer loop
      vertex   3.288047e+01  1.000000e+01 -3.288047e+01
      vertex   3.629535e+01  0.000000e+00 -2.906713e+01
      vertex   3.635516e+01  1.000000e+01 -2.899228e+01
    endloop
  endfacet
  facet normal -8.144665e-01  5.288072e-04  5.802104e-01
    outer loop
      vertex   3.635516e+01  1.000000e+01 -2.899228e+01
      vertex   3.629535e+01  0.000000e+00 -2.906713e+01
      vertex   3.933014e+01  0.000000e+00 -2.480706e+01
    endloop
  endfacet
  facet normal -8.155605e-01 -4.406665e-04  5.786716e-01
    outer loop
      vertex   3.635516e+01  1.000000e+01 -2.899228e+01
      vertex   3.933014e+01  0.000000e+00 -2.480706e+01
      vertex   3.937268e+01  1.000000e+01 -2.473949e+01
    endloop
  endfacet
  facet normal -8.744746e-01  4.424428e-04  4.850709e-01
    outer loop
      vertex   3.937268e+01  1.000000e+01 -2.473949e+01
      vertex   3.933014e+01  0.000000e+00 -2.480706e+01
      vertex   4.186730e+01  0.000000e+00 -2.023313e+01
    endloop
  endfacet
  facet normal -8.752238e-01 -3.540877e-04  4.837181e-01
    outer loop
      vertex   3.937268e+01  1.000000e+01 -2.473949e+01
      vertex   4.186730e+01  0.000000e+00 -2.023313e+01
      vertex   4.189505e+01  1.000000e+01 -2.017559e+01
    endloop
  endfacet
  facet normal -9.234191e-01  3.545785e-04  3.837931e-01
    outer loop
      vertex   4.189505e+01  1.000000e+01 -2.017559e+01
      vertex   4.186730e+01  0.000000e+00 -2.023313e+01
      vertex   4.387473e+01  0.000000e+00 -1.540319e+01
    endloop
  endfacet
  facet normal -9.238793e-01 -2.658630e-04  3.826840e-01
    outer loop
      vertex   4.189505e+01  1.000000e+01 -2.017559e+01
      vertex   4.387473e+01  0.000000e+00 -1.540319e+01
      vertex   4.389058e+01  1.000000e+01 -1.535798e+01
    endloop
  endfacet
  facet normal -9.606791e-01  2.673013e-04  2.776610e-01
    outer loop
      vertex   4.389058e+01  1.000000e+01 -1.535798e+01
      vertex   4.387473e+01  0.000000e+00 -1.540319e+01
      vertex   4.532703e+01  0.000000e+00 -1.037836e+01
    endloop
  endfacet
  facet normal -9.609173e-01 -1.779675e-04  2.768355e-01
    outer loop
      vertex   4.389058e+01  1.000000e+01 -1.535798e+01
      vertex   4.532703e+01  0.000000e+00 -1.037836e+01
      vertex   4.533415e+01  1.000000e+01 -1.034722e+01
    endloop
  endfacet
  facet normal -9.857846e-01  1.785673e-04  1.680138e-01
    outer loop
      vertex   4.533415e+01  1.000000e+01 -1.034722e+01
      vertex   4.532703e+01  0.000000e+00 -1.037836e+01
      vertex   4.620583e+01  0.000000e+00 -5.222217e+00
    endloop
  endfacet
  facet normal -9.858710e-01 -8.904775e-05  1.675063e-01
    outer loop
      vertex   4.533415e+01  1.000000e+01 -1.034722e+01
      vertex   4.620583e+01  0.000000e+00 -5.222217e+00
      vertex   4.620762e+01  1.000000e+01 -5.206348e+00
    endloop
  endfacet
  facet normal -9.984171e-01  8.976091e-05  5.624212e-02
    outer loop
      vertex   4.620762e+01  1.000000e+01 -5.206348e+00
      vertex   4.620583e+01  0.000000e+00 -5.222217e+00
      vertex   4.650000e+01  0.000000e+00  0.000000e+00
    endloop
  endfacet
  facet normal -9.984268e-01  0.000000e+00  5.607026e-02
    outer loop
      vertex   4.620762e+01  1.000000e+01 -5.206348e+00
      vertex   4.650000e+01  0.000000e+00  0.000000e+00
      vertex   4.650000e+01  1.000000e+01  0.000000e+00
    endloop
  endfacet
  facet normal -9.984268e-01 -0.000000e+00 -5.607026e-02
    outer loop
      vertex   4.650000e+01  1.000000e+01  0.000000e+00
      vertex   4.650000e+01  0.000000e+00  0.000000e+00
      vertex   4.620762e+01  1.000000e+01  5.206348e+00
    endloop
  endfacet
  facet normal -9.984171e-01  8.976091e-05 -5.624212e-02
    outer loop
      vertex   4.620762e+01  1.000000e+01  5.206348e+00
      vertex   4.650000e+01  0.000000e+00  0.000000e+00
      vertex   4.620583e+01  0.000000e+00  5.222217e+00
    endloop
  endfacet
  facet normal -9.858710e-01 -8.904460e-05 -1.675063e-01
    outer loop
      vertex   4.620762e+01  1.000000e+01  5.206348e+00
      vertex   4.620583e+01  0.000000e+00  5.222217e+00
      vertex   4.533415e+01  1.000000e+01  1.034722e+01
    endloop
  endfacet
  facet normal -9.857846e-01  1.785673e-04 -1.680138e-01
    outer loop
      vertex   4.533415e+01  1.000000e+01  1.034722e+01
      vertex   4.620583e+01  0.000000e+00  5.222217e+00
      vertex   4.532703e+01  0.000000e+00  1.037836e+01
    endloop
  endfacet
  facet normal -9.609173e-01 -1.779667e-04 -2.768355e-01
    outer loop
      vertex   4.533415e+01  1.000000e+01  1.034722e+01
      vertex   4.532703e+01  0.000000e+00  1.037836e+01
      vertex   4.389058e+01  1.000000e+01  1.535798e+01
    endloop
  endfacet
  facet normal -9.606791e-01  2.673013e-04 -2.776610e-01
    outer loop
      vertex   4.389058e+01  1.000000e+01  1.535798e+01
      vertex   4.532703e+01  0.000000e+00  1.037836e+01
      vertex   4.387473e+01  0.000000e+00  1.540319e+01
    endloop
  endfacet
  facet normal -9.238793e-01 -2.658643e-04 -3.826840e-01
    outer loop
      vertex   4.389058e+01  1.000000e+01  1.535798e+01
      vertex   4.387473e+01  0.000000e+00  1.540319e+01
      vertex   4.189505e+01  1.000000e+01  2.017559e+01
    endloop
  endfacet
  facet normal -9.234191e-01  3.545785e-04 -3.837931e-01
    outer loop
      vertex   4.189505e+01  1.000000e+01  2.017559e+01
      vertex   4.387473e+01  0.000000e+00  1.540319e+01
      vertex   4.186730e+01  0.000000e+00  2.023313e+01
    endloop
  endfacet
  facet normal -8.752238e-01 -3.540740e-04 -4.837181e-01
    outer loop
      vertex   4.189505e+01  1.000000e+01  2.017559e+01
      vertex   4.186730e+01  0.000000e+00  2.023313e+01
      vertex   3.937268e+01  1.000000e+01  2.473949e+01
    endloop
  endfacet
  facet normal -8.744746e-01  4.424428e-04 -4.850709e-01
    outer loop
      vertex   3.937268e+01  1.000000e+01  2.473949e+01
      vertex   4.186730e+01  0.000000e+00  2.023313e+01
      vertex   3.933014e+01  0.000000e+00  2.480706e+01
    endloop
  endfacet
  facet normal -8.155605e-01 -4.406619e-04 -5.786716e-01
    outer loop
      vertex   3.937268e+01  1.000000e+01  2.473949e+01
      vertex   3.933014e+01  0.000000e+00  2.480706e+01
      vertex   3.635516e+01  1.000000e+01  2.899228e+01
    endloop
  endfacet
  facet normal -8.144665e-01  5.288072e-04 -5.802104e-01
    outer loop
      vertex   3.635516e+01  1.000000e+01  2.899228e+01
      vertex   3.933014e+01  0.000000e+00  2.480706e+01
      vertex   3.629535e+01  0.000000e+00  2.906713e+01
    endloop
  endfacet
  facet normal -7.456424e-01 -5.275873e-04 -6.663462e-01
    outer loop
      vertex   3.635516e+01  1.000000e+01  2.899228e+01
      vertex   3.629535e+01  0.000000e+00  2.906713e+01
      vertex   3.288047e+01  1.000000e+01  3.288047e+01
    endloop
  endfacet
  facet normal -7.441527e-01  6.153375e-04 -6.680093e-01
    outer loop
      vertex   3.288047e+01  1.000000e+01  3.288047e+01
      vertex   3.629535e+01  0.000000e+00  2.906713e+01
      vertex   3.280133e+01  0.000000e+00  3.295942e+01
    endloop
  endfacet
  facet normal -6.663461e-01 -6.133261e-04 -7.456423e-01
    outer loop
      vertex   3.288047e+01  1.000000e+01  3.288047e+01
      vertex   3.280133e+01  0.000000e+00  3.295942e+01
      vertex   2.899228e+01  1.000000e+01  3.635516e+01
    endloop
  endfacet
  facet normal -6.644236e-01  7.008510e-04 -7.473559e-01
    outer loop
      vertex   2.899228e+01  1.000000e+01  3.635516e+01
      vertex   3.280133e+01  0.000000e+00  3.295942e+01
      vertex   2.889228e+01  0.000000e+00  3.643468e+01
    endloop
  endfacet
  facet normal -5.786715e-01 -6.989361e-04 -8.155603e-01
    outer loop
      vertex   2.899228e+01  1.000000e+01  3.635516e+01
      vertex   2.889228e+01  0.000000e+00  3.643468e+01
      vertex   2.473949e+01  1.000000e+01  3.937268e+01
    endloop
  endfacet
  facet normal -5.762877e-01  7.863859e-04 -8.172465e-01
    outer loop
      vertex   2.473949e+01  1.000000e+01  3.937268e+01
      vertex   2.889228e+01  0.000000e+00  3.643468e+01
      vertex   2.461768e+01  0.000000e+00  3.944895e+01
    endloop
  endfacet
  facet normal -4.837180e-01 -7.834516e-04 -8.752236e-01
    outer loop
      vertex   2.473949e+01  1.000000e+01  3.937268e+01
      vertex   2.461768e+01  0.000000e+00  3.944895e+01
      vertex   2.017559e+01  1.000000e+01  4.189505e+01
    endloop
  endfacet
  facet normal -4.808605e-01  8.706587e-04 -8.767967e-01
    outer loop
      vertex   2.017559e+01  1.000000e+01  4.189505e+01
      vertex   2.461768e+01  0.000000e+00  3.944895e+01
      vertex   2.003160e+01  0.000000e+00  4.196409e+01
    endloop
  endfacet
  facet normal -3.826838e-01 -8.681242e-04 -9.238790e-01
    outer loop
      vertex   2.017559e+01  1.000000e+01  4.189505e+01
      vertex   2.003160e+01  0.000000e+00  4.196409e+01
      vertex   1.535798e+01  1.000000e+01  4.389058e+01
    endloop
  endfacet
  facet normal -3.793497e-01  9.547982e-04 -9.252529e-01
    outer loop
      vertex   1.535798e+01  1.000000e+01  4.389058e+01
      vertex   2.003160e+01  0.000000e+00  4.196409e+01
      vertex   1.519206e+01  0.000000e+00  4.394828e+01
    endloop
  endfacet
  facet normal -2.768354e-01 -9.518622e-04 -9.609169e-01
    outer loop
      vertex   1.535798e+01  1.000000e+01  4.389058e+01
      vertex   1.519206e+01  0.000000e+00  4.394828e+01
      vertex   1.034722e+01  1.000000e+01  4.533415e+01
    endloop
  endfacet
  facet normal -2.730378e-01  1.038515e-03 -9.620028e-01
    outer loop
      vertex   1.034722e+01  1.000000e+01  4.533415e+01
      vertex   1.519206e+01  0.000000e+00  4.394828e+01
      vertex   1.016031e+01  0.000000e+00  4.537640e+01
    endloop
  endfacet
  facet normal -1.675062e-01 -1.034886e-03 -9.858705e-01
    outer loop
      vertex   1.034722e+01  1.000000e+01  4.533415e+01
      vertex   1.016031e+01  0.000000e+00  4.537640e+01
      vertex   5.206348e+00  1.000000e+01  4.620762e+01
    endloop
  endfacet
  facet normal -1.632724e-01  1.121535e-03 -9.865804e-01
    outer loop
      vertex   5.206348e+00  1.000000e+01  4.620762e+01
      vertex   1.016031e+01  0.000000e+00  4.537640e+01
      vertex   5.000000e+00  0.000000e+00  4.623040e+01
    endloop
  endfacet
  facet normal  0.000000e+00 -1.000000e+00  0.000000e+00
    outer loop
      vertex   5.000000e+00  2.500000e+00  4.623040e+01
      vertex   5.000000e+00  2.500000e+00  5.226136e+01
      vertex   1.669536e+00  2.500000e+00  4.647002e+01
    endloop
  endfacet
  facet normal  0.000000e+00 -1.000000e+00  0.000000e+00
    outer loop
      vertex   1.669536e+00  2.500000e+00  4.647002e+01
      vertex   5.000000e+00  2.500000e+00  5.226136e+01
      vertex   1.668915e+00  2.500000e+00  5.247347e+01
    endloop
  endfacet
  facet normal  0.000000e+00 -1.000000e+00  0.000000e+00
    outer loop
      vertex   1.669536e+00  2.500000e+00  4.647002e+01
      vertex   1.668915e+00  2.500000e+00  5.247347e+01
      vertex  -1.669536e+00  2.500000e+00  4.647002e+01
    endloop
  endfacet
  facet normal  0.000000e+00 -1.000000e+00  0.000000e+00
    outer loop
      vertex  -1.669536e+00  2.500000e+00  4.647002e+01
      vertex   1.668915e+00  2.500000e+00  5.247347e+01
      vertex  -1.668915e+00  2.500000e+00  5.247347e+01
    endloop
  endfacet
  facet normal  0.000000e+00 -1.000000e+00  0.000000e+00
    outer loop
      vertex  -1.669536e+00  2.500000e+00  4.647002e+01
      vertex  -1.668915e+00  2.500000e+00  5.247347e+01
      vertex  -5.000000e+00  2.500000e+00  5.226136e+01
    endloop
  endfacet
  facet normal  0.000000e+00 -1.000000e+00  0.000000e+00
    outer loop
      vertex  -5.000000e+00  2.500000e+00  5.226136e+01
      vertex  -5.000000e+00  2.500000e+00  4.623040e+01
      vertex  -1.669536e+00  2.500000e+00  4.647002e+01
    endloop
  endfacet
  facet normal  1.000000e+00  0.000000e+00  0.000000e+00
    outer loop
      vertex  -5.000000e+00  0.000000e+00  4.623040e+01
      vertex  -5.000000e+00  2.500000e+00  4.623040e+01
      vertex  -5.000000e+00  0.000000e+00  5.025187e+01
    endloop
  endfacet
  facet normal  1.000000e+00 -0.000000e+00  0.000000e+00
    outer loop
      vertex  -5.000000e+00  0.000000e+00  5.025187e+01
      vertex  -5.000000e+00  2.500000e+00  4.623040e+01
      vertex  -5.000000e+00  2.500000e+00  5.226136e+01
    endloop
  endfacet
  facet normal  1.000000e+00  0.000000e+00  0.000000e+00
    outer loop
      vertex  -5.000000e+00  0.000000e+00  5.025187e+01
      vertex  -5.000000e+00  2.500000e+00  5.226136e+01
      vertex  -5.000000e+00  0.000000e+00  5.226136e+01
    endloop
  endfacet
  facet normal -1.000000e+00  0.000000e+00  0.000000e+00
    outer loop
      vertex   5.000000e+00  0.000000e+00  5.226136e+01
      vertex   5.000000e+00  2.500000e+00  5.226136e+01
      vertex   5.000000e+00  0.000000e+00  5.025187e+01
    endloop
  endfacet
  facet normal -1.000000e+00  0.000000e+00  0.000000e+00
    outer loop
      vertex   5.000000e+00  0.000000e+00  5.025187e+01
      vertex   5.000000e+00  2.500000e+00  5.226136e+01
      vertex   5.000000e+00  2.500000e+00  4.623040e+01
    endloop
  endfacet
  facet normal -1.000000e+00  0.000000e+00  0.000000e+00
    outer loop
      vertex   5.000000e+00  0.000000e+00  5.025187e+01
      vertex   5.000000e+00  2.500000e+00  4.623040e+01
      vertex   5.000000e+00  0.000000e+00  4.623040e+01
    endloop
  endfacet
  facet normal -1.000000e+00  0.000000e+00  0.000000e+00
    outer loop
      vertex   5.000000e+00  0.000000e+00 -4.623040e+01
      vertex   5.000000e+00  2.500000e+00 -4.623040e+01
      vertex   5.000000e+00  0.000000e+00 -5.025187e+01
    endloop
  endfacet
  facet normal -1.000000e+00  0.000000e+00  0.000000e+00
    outer loop
      vertex   5.000000e+00  0.000000e+00 -5.025187e+01
      vertex   5.000000e+00  2.500000e+00 -4.623040e+01
      vertex   5.000000e+00  2.500000e+00 -5.226136e+01
    endloop
  endfacet
  facet normal -1.000000e+00  0.000000e+00  0.000000e+00
    outer loop
      vertex   5.000000e+00  0.000000e+00 -5.025187e+01
      vertex   5.000000e+00  2.500000e+00 -5.226136e+01
      vertex   5.000000e+00  0.000000e+00 -5.226136e+01
    endloop
  endfacet
  facet normal  1.000000e+00  0.000000e+00  0.000000e+00
    outer loop
      vertex  -5.000000e+00  0.000000e+00 -5.226136e+01
      vertex  -5.000000e+00  2.500000e+00 -5.226136e+01
      vertex  -5.000000e+00  0.000000e+00 -5.025187e+01
    endloop
  endfacet
  facet normal  1.000000e+00 -0.000000e+00  0.000000e+00
    outer loop
      vertex  -5.000000e+00  0.000000e+00 -5.025187e+01
      vertex  -5.000000e+00  2.500000e+00 -5.226136e+01
      vertex  -5.000000e+00  2.500000e+00 -4.623040e+01
    endloop
  endfacet
  facet normal  1.000000e+00  0.000000e+00  0.000000e+00
    outer loop
      vertex  -5.000000e+00  0.000000e+00 -5.025187e+01
      vertex  -5.000000e+00  2.500000e+00 -4.623040e+01
      vertex  -5.000000e+00  0.000000e+00 -4.623040e+01
    endloop
  endfacet
  facet normal  0.000000e+00 -1.000000e+00 -0.000000e+00
    outer loop
      vertex   5.000000e+00  2.500000e+00 -4.623040e+01
      vertex   1.669536e+00  2.500000e+00 -4.647002e+01
      vertex   5.000000e+00  2.500000e+00 -5.226136e+01
    endloop
  endfacet
  facet normal -0.000000e+00 -1.000000e+00  0.000000e+00
    outer loop
      vertex   5.000000e+00  2.500000e+00 -5.226136e+01
      vertex   1.669536e+00  2.500000e+00 -4.647002e+01
      vertex   1.668915e+00  2.500000e+00 -5.247347e+01
    endloop
  endfacet
  facet normal  0.000000e+00 -1.000000e+00  0.000000e+00
    outer loop
      vertex   1.668915e+00  2.500000e+00 -5.247347e+01
      vertex   1.669536e+00  2.500000e+00 -4.647002e+01
      vertex  -1.669536e+00  2.500000e+00 -4.647002e+01
    endloop
  endfacet
  facet normal  0.000000e+00 -1.000000e+00  0.000000e+00
    outer loop
      vertex   1.668915e+00  2.500000e+00 -5.247347e+01
      vertex  -1.669536e+00  2.500000e+00 -4.647002e+01
      vertex  -1.668915e+00  2.500000e+00 -5.247347e+01
    endloop
  endfacet
  facet normal  0.000000e+00 -1.000000e+00  0.000000e+00
    outer loop
      vertex  -1.668915e+00  2.500000e+00 -5.247347e+01
      vertex  -1.669536e+00  2.500000e+00 -4.647002e+01
      vertex  -5.000000e+00  2.500000e+00 -5.226136e+01
    endloop
  endfacet
  facet normal  0.000000e+00 -1.000000e+00  0.000000e+00
    outer loop
      vertex  -5.000000e+00  2.500000e+00 -5.226136e+01
      vertex  -1.669536e+00  2.500000e+00 -4.647002e+01
      vertex  -5.000000e+00  2.500000e+00 -4.623040e+01
    endloop
  endfacet
endsolid vcg
