solid STL generated by MeshLab
  facet normal  9.986296e-01  5.233544e-02  0.000000e+00
    outer loop
      vertex   5.221240e+01  5.487744e+00 -4.000000e+00
      vertex   5.250000e+01  0.000000e+00  0.000000e+00
      vertex   5.250000e+01  0.000000e+00 -4.000000e+00
    endloop
  endfacet
  facet normal  9.986296e-01 -5.233544e-02  0.000000e+00
    outer loop
      vertex   5.250000e+01  0.000000e+00 -4.000000e+00
      vertex   5.250000e+01  0.000000e+00  0.000000e+00
      vertex   5.221240e+01 -5.487744e+00  0.000000e+00
    endloop
  endfacet
  facet normal  9.986296e-01 -5.233544e-02  0.000000e+00
    outer loop
      vertex   5.250000e+01  0.000000e+00 -4.000000e+00
      vertex   5.221240e+01 -5.487744e+00  0.000000e+00
      vertex   5.221240e+01 -5.487744e+00 -4.000000e+00
    endloop
  endfacet
  facet normal  9.876882e-01 -1.564350e-01  0.000000e+00
    outer loop
      vertex   5.221240e+01 -5.487744e+00 -4.000000e+00
      vertex   5.221240e+01 -5.487744e+00  0.000000e+00
      vertex   5.135275e+01 -1.091536e+01  0.000000e+00
    endloop
  endfacet
  facet normal  9.876882e-01 -1.564350e-01  0.000000e+00
    outer loop
      vertex   5.221240e+01 -5.487744e+00 -4.000000e+00
      vertex   5.135275e+01 -1.091536e+01  0.000000e+00
      vertex   5.135275e+01 -1.091536e+01 -4.000000e+00
    endloop
  endfacet
  facet normal  9.659258e-01 -2.588193e-01  0.000000e+00
    outer loop
      vertex   5.135275e+01 -1.091536e+01 -4.000000e+00
      vertex   5.135275e+01 -1.091536e+01  0.000000e+00
      vertex   4.993047e+01 -1.622339e+01  0.000000e+00
    endloop
  endfacet
  facet normal  9.659258e-01 -2.588193e-01  0.000000e+00
    outer loop
      vertex   5.135275e+01 -1.091536e+01 -4.000000e+00
      vertex   4.993047e+01 -1.622339e+01  0.000000e+00
      vertex   4.993047e+01 -1.622339e+01 -4.000000e+00
    endloop
  endfacet
  facet normal  9.335805e-01 -3.583678e-01  0.000000e+00
    outer loop
      vertex   4.993047e+01 -1.622339e+01 -4.000000e+00
      vertex   4.993047e+01 -1.622339e+01  0.000000e+00
      vertex   4.796114e+01 -2.135367e+01  0.000000e+00
    endloop
  endfacet
  facet normal  9.335805e-01 -3.583678e-01  0.000000e+00
    outer loop
      vertex   4.993047e+01 -1.622339e+01 -4.000000e+00
      vertex   4.796114e+01 -2.135367e+01  0.000000e+00
      vertex   4.796114e+01 -2.135367e+01 -4.000000e+00
    endloop
  endfacet
  facet normal  8.910064e-01 -4.539907e-01  0.000000e+00
    outer loop
      vertex   4.796114e+01 -2.135367e+01 -4.000000e+00
      vertex   4.796114e+01 -2.135367e+01  0.000000e+00
      vertex   4.546633e+01 -2.625000e+01  0.000000e+00
    endloop
  endfacet
  facet normal  8.910064e-01 -4.539907e-01  0.000000e+00
    outer loop
      vertex   4.796114e+01 -2.135367e+01 -4.000000e+00
      vertex   4.546633e+01 -2.625000e+01  0.000000e+00
      vertex   4.546633e+01 -2.625000e+01 -4.000000e+00
    endloop
  endfacet
  facet normal  8.386708e-01 -5.446387e-01  0.000000e+00
    outer loop
      vertex   4.546633e+01 -2.625000e+01 -4.000000e+00
      vertex   4.546633e+01 -2.625000e+01  0.000000e+00
      vertex   4.247339e+01 -3.085873e+01  0.000000e+00
    endloop
  endfacet
  facet normal  8.386708e-01 -5.446387e-01  0.000000e+00
    outer loop
      vertex   4.546633e+01 -2.625000e+01 -4.000000e+00
      vertex   4.247339e+01 -3.085873e+01  0.000000e+00
      vertex   4.247339e+01 -3.085873e+01 -4.000000e+00
    endloop
  endfacet
  facet normal  7.771458e-01 -6.293207e-01  0.000000e+00
    outer loop
      vertex   4.247339e+01 -3.085873e+01 -4.000000e+00
      vertex   4.247339e+01 -3.085873e+01  0.000000e+00
      vertex   3.901510e+01 -3.512936e+01  0.000000e+00
    endloop
  endfacet
  facet normal  7.771458e-01 -6.293207e-01  0.000000e+00
    outer loop
      vertex   4.247339e+01 -3.085873e+01 -4.000000e+00
      vertex   3.901510e+01 -3.512936e+01  0.000000e+00
      vertex   3.901510e+01 -3.512936e+01 -4.000000e+00
    endloop
  endfacet
  facet normal  7.071068e-01 -7.071068e-01  0.000000e+00
    outer loop
      vertex   3.901510e+01 -3.512936e+01 -4.000000e+00
      vertex   3.901510e+01 -3.512936e+01  0.000000e+00
      vertex   3.512936e+01 -3.901510e+01  0.000000e+00
    endloop
  endfacet
  facet normal  7.071068e-01 -7.071068e-01  0.000000e+00
    outer loop
      vertex   3.901510e+01 -3.512936e+01 -4.000000e+00
      vertex   3.512936e+01 -3.901510e+01  0.000000e+00
      vertex   3.512936e+01 -3.901510e+01 -4.000000e+00
    endloop
  endfacet
  facet normal  6.293207e-01 -7.771458e-01  0.000000e+00
    outer loop
      vertex   3.512936e+01 -3.901510e+01 -4.000000e+00
      vertex   3.512936e+01 -3.901510e+01  0.000000e+00
      vertex   3.085873e+01 -4.247339e+01  0.000000e+00
    endloop
  endfacet
  facet normal  6.293207e-01 -7.771458e-01  0.000000e+00
    outer loop
      vertex   3.512936e+01 -3.901510e+01 -4.000000e+00
      vertex   3.085873e+01 -4.247339e+01  0.000000e+00
      vertex   3.085873e+01 -4.247339e+01 -4.000000e+00
    endloop
  endfacet
  facet normal  5.446387e-01 -8.386708e-01  0.000000e+00
    outer loop
      vertex   3.085873e+01 -4.247339e+01 -4.000000e+00
      vertex   3.085873e+01 -4.247339e+01  0.000000e+00
      vertex   2.625000e+01 -4.546633e+01  0.000000e+00
    endloop
  endfacet
  facet normal  5.446387e-01 -8.386708e-01  0.000000e+00
    outer loop
      vertex   3.085873e+01 -4.247339e+01 -4.000000e+00
      vertex   2.625000e+01 -4.546633e+01  0.000000e+00
      vertex   2.625000e+01 -4.546633e+01 -4.000000e+00
    endloop
  endfacet
  facet normal  4.539907e-01 -8.910064e-01  0.000000e+00
    outer loop
      vertex   2.625000e+01 -4.546633e+01 -4.000000e+00
      vertex   2.625000e+01 -4.546633e+01  0.000000e+00
      vertex   2.135367e+01 -4.796114e+01  0.000000e+00
    endloop
  endfacet
  facet normal  4.539907e-01 -8.910064e-01  0.000000e+00
    outer loop
      vertex   2.625000e+01 -4.546633e+01 -4.000000e+00
      vertex   2.135367e+01 -4.796114e+01  0.000000e+00
      vertex   2.135367e+01 -4.796114e+01 -4.000000e+00
    endloop
  endfacet
  facet normal  3.583678e-01 -9.335805e-01  0.000000e+00
    outer loop
      vertex   2.135367e+01 -4.796114e+01 -4.000000e+00
      vertex   2.135367e+01 -4.796114e+01  0.000000e+00
      vertex   1.622339e+01 -4.993047e+01  0.000000e+00
    endloop
  endfacet
  facet normal  3.583678e-01 -9.335805e-01  0.000000e+00
    outer loop
      vertex   2.135367e+01 -4.796114e+01 -4.000000e+00
      vertex   1.622339e+01 -4.993047e+01  0.000000e+00
      vertex   1.622339e+01 -4.993047e+01 -4.000000e+00
    endloop
  endfacet
  facet normal  2.588193e-01 -9.659258e-01  0.000000e+00
    outer loop
      vertex   1.622339e+01 -4.993047e+01 -4.000000e+00
      vertex   1.622339e+01 -4.993047e+01  0.000000e+00
      vertex   1.091536e+01 -5.135275e+01  0.000000e+00
    endloop
  endfacet
  facet normal  2.588193e-01 -9.659258e-01  0.000000e+00
    outer loop
      vertex   1.622339e+01 -4.993047e+01 -4.000000e+00
      vertex   1.091536e+01 -5.135275e+01  0.000000e+00
      vertex   1.091536e+01 -5.135275e+01 -4.000000e+00
    endloop
  endfacet
  facet normal  1.564350e-01 -9.876882e-01  0.000000e+00
    outer loop
      vertex   1.091536e+01 -5.135275e+01 -4.000000e+00
      vertex   1.091536e+01 -5.135275e+01  0.000000e+00
      vertex   5.487744e+00 -5.221240e+01  0.000000e+00
    endloop
  endfacet
  facet normal  1.564350e-01 -9.876882e-01  0.000000e+00
    outer loop
      vertex   1.091536e+01 -5.135275e+01 -4.000000e+00
      vertex   5.487744e+00 -5.221240e+01  0.000000e+00
      vertex   5.487744e+00 -5.221240e+01 -4.000000e+00
    endloop
  endfacet
  facet normal  5.233544e-02 -9.986296e-01  0.000000e+00
    outer loop
      vertex   5.487744e+00 -5.221240e+01 -4.000000e+00
      vertex   5.487744e+00 -5.221240e+01  0.000000e+00
      vertex   0.000000e+00 -5.250000e+01  0.000000e+00
    endloop
  endfacet
  facet normal  5.233544e-02 -9.986296e-01  0.000000e+00
    outer loop
      vertex   5.487744e+00 -5.221240e+01 -4.000000e+00
      vertex   0.000000e+00 -5.250000e+01  0.000000e+00
      vertex   0.000000e+00 -5.250000e+01 -4.000000e+00
    endloop
  endfacet
  facet normal -5.233544e-02 -9.986296e-01  0.000000e+00
    outer loop
      vertex   0.000000e+00 -5.250000e+01 -4.000000e+00
      vertex   0.000000e+00 -5.250000e+01  0.000000e+00
      vertex  -5.487744e+00 -5.221240e+01  0.000000e+00
    endloop
  endfacet
  facet normal -5.233544e-02 -9.986296e-01  0.000000e+00
    outer loop
      vertex   0.000000e+00 -5.250000e+01 -4.000000e+00
      vertex  -5.487744e+00 -5.221240e+01  0.000000e+00
      vertex  -5.487744e+00 -5.221240e+01 -4.000000e+00
    endloop
  endfacet
  facet normal -1.564350e-01 -9.876882e-01  0.000000e+00
    outer loop
      vertex  -5.487744e+00 -5.221240e+01 -4.000000e+00
      vertex  -5.487744e+00 -5.221240e+01  0.000000e+00
      vertex  -1.091536e+01 -5.135275e+01  0.000000e+00
    endloop
  endfacet
  facet normal -1.564350e-01 -9.876882e-01  0.000000e+00
    outer loop
      vertex  -5.487744e+00 -5.221240e+01 -4.000000e+00
      vertex  -1.091536e+01 -5.135275e+01  0.000000e+00
      vertex  -1.091536e+01 -5.135275e+01 -4.000000e+00
    endloop
  endfacet
  facet normal -2.588193e-01 -9.659258e-01  0.000000e+00
    outer loop
      vertex  -1.091536e+01 -5.135275e+01 -4.000000e+00
      vertex  -1.091536e+01 -5.135275e+01  0.000000e+00
      vertex  -1.622339e+01 -4.993047e+01  0.000000e+00
    endloop
  endfacet
  facet normal -2.588193e-01 -9.659258e-01  0.000000e+00
    outer loop
      vertex  -1.091536e+01 -5.135275e+01 -4.000000e+00
      vertex  -1.622339e+01 -4.993047e+01  0.000000e+00
      vertex  -1.622339e+01 -4.993047e+01 -4.000000e+00
    endloop
  endfacet
  facet normal -3.583678e-01 -9.335805e-01  0.000000e+00
    outer loop
      vertex  -1.622339e+01 -4.993047e+01 -4.000000e+00
      vertex  -1.622339e+01 -4.993047e+01  0.000000e+00
      vertex  -2.135367e+01 -4.796114e+01  0.000000e+00
    endloop
  endfacet
  facet normal -3.583678e-01 -9.335805e-01  0.000000e+00
    outer loop
      vertex  -1.622339e+01 -4.993047e+01 -4.000000e+00
      vertex  -2.135367e+01 -4.796114e+01  0.000000e+00
      vertex  -2.135367e+01 -4.796114e+01 -4.000000e+00
    endloop
  endfacet
  facet normal -4.539907e-01 -8.910064e-01  0.000000e+00
    outer loop
      vertex  -2.135367e+01 -4.796114e+01 -4.000000e+00
      vertex  -2.135367e+01 -4.796114e+01  0.000000e+00
      vertex  -2.625000e+01 -4.546633e+01  0.000000e+00
    endloop
  endfacet
  facet normal -4.539907e-01 -8.910064e-01  0.000000e+00
    outer loop
      vertex  -2.135367e+01 -4.796114e+01 -4.000000e+00
      vertex  -2.625000e+01 -4.546633e+01  0.000000e+00
      vertex  -2.625000e+01 -4.546633e+01 -4.000000e+00
    endloop
  endfacet
  facet normal -5.446387e-01 -8.386708e-01  0.000000e+00
    outer loop
      vertex  -2.625000e+01 -4.546633e+01 -4.000000e+00
      vertex  -2.625000e+01 -4.546633e+01  0.000000e+00
      vertex  -3.085873e+01 -4.247339e+01  0.000000e+00
    endloop
  endfacet
  facet normal -5.446387e-01 -8.386708e-01  0.000000e+00
    outer loop
      vertex  -2.625000e+01 -4.546633e+01 -4.000000e+00
      vertex  -3.085873e+01 -4.247339e+01  0.000000e+00
      vertex  -3.085873e+01 -4.247339e+01 -4.000000e+00
    endloop
  endfacet
  facet normal -6.293207e-01 -7.771458e-01  0.000000e+00
    outer loop
      vertex  -3.085873e+01 -4.247339e+01 -4.000000e+00
      vertex  -3.085873e+01 -4.247339e+01  0.000000e+00
      vertex  -3.512936e+01 -3.901510e+01  0.000000e+00
    endloop
  endfacet
  facet normal -6.293207e-01 -7.771458e-01  0.000000e+00
    outer loop
      vertex  -3.085873e+01 -4.247339e+01 -4.000000e+00
      vertex  -3.512936e+01 -3.901510e+01  0.000000e+00
      vertex  -3.512936e+01 -3.901510e+01 -4.000000e+00
    endloop
  endfacet
  facet normal -7.071068e-01 -7.071068e-01  0.000000e+00
    outer loop
      vertex  -3.512936e+01 -3.901510e+01 -4.000000e+00
      vertex  -3.512936e+01 -3.901510e+01  0.000000e+00
      vertex  -3.901510e+01 -3.512936e+01  0.000000e+00
    endloop
  endfacet
  facet normal -7.071068e-01 -7.071068e-01  0.000000e+00
    outer loop
      vertex  -3.512936e+01 -3.901510e+01 -4.000000e+00
      vertex  -3.901510e+01 -3.512936e+01  0.000000e+00
      vertex  -3.901510e+01 -3.512936e+01 -4.000000e+00
    endloop
  endfacet
  facet normal -7.771458e-01 -6.293207e-01  0.000000e+00
    outer loop
      vertex  -3.901510e+01 -3.512936e+01 -4.000000e+00
      vertex  -3.901510e+01 -3.512936e+01  0.000000e+00
      vertex  -4.247339e+01 -3.085873e+01  0.000000e+00
    endloop
  endfacet
  facet normal -7.771458e-01 -6.293207e-01  0.000000e+00
    outer loop
      vertex  -3.901510e+01 -3.512936e+01 -4.000000e+00
      vertex  -4.247339e+01 -3.085873e+01  0.000000e+00
      vertex  -4.247339e+01 -3.085873e+01 -4.000000e+00
    endloop
  endfacet
  facet normal -8.386708e-01 -5.446387e-01  0.000000e+00
    outer loop
      vertex  -4.247339e+01 -3.085873e+01 -4.000000e+00
      vertex  -4.247339e+01 -3.085873e+01  0.000000e+00
      vertex  -4.546633e+01 -2.625000e+01  0.000000e+00
    endloop
  endfacet
  facet normal -8.386708e-01 -5.446387e-01  0.000000e+00
    outer loop
      vertex  -4.247339e+01 -3.085873e+01 -4.000000e+00
      vertex  -4.546633e+01 -2.625000e+01  0.000000e+00
      vertex  -4.546633e+01 -2.625000e+01 -4.000000e+00
    endloop
  endfacet
  facet normal -8.910064e-01 -4.539907e-01  0.000000e+00
    outer loop
      vertex  -4.546633e+01 -2.625000e+01 -4.000000e+00
      vertex  -4.546633e+01 -2.625000e+01  0.000000e+00
      vertex  -4.796114e+01 -2.135367e+01  0.000000e+00
    endloop
  endfacet
  facet normal -8.910064e-01 -4.539907e-01  0.000000e+00
    outer loop
      vertex  -4.546633e+01 -2.625000e+01 -4.000000e+00
      vertex  -4.796114e+01 -2.135367e+01  0.000000e+00
      vertex  -4.796114e+01 -2.135367e+01 -4.000000e+00
    endloop
  endfacet
  facet normal -9.335805e-01 -3.583678e-01  0.000000e+00
    outer loop
      vertex  -4.796114e+01 -2.135367e+01 -4.000000e+00
      vertex  -4.796114e+01 -2.135367e+01  0.000000e+00
      vertex  -4.993047e+01 -1.622339e+01  0.000000e+00
    endloop
  endfacet
  facet normal -9.335805e-01 -3.583678e-01  0.000000e+00
    outer loop
      vertex  -4.796114e+01 -2.135367e+01 -4.000000e+00
      vertex  -4.993047e+01 -1.622339e+01  0.000000e+00
      vertex  -4.993047e+01 -1.622339e+01 -4.000000e+00
    endloop
  endfacet
  facet normal -9.659258e-01 -2.588193e-01  0.000000e+00
    outer loop
      vertex  -4.993047e+01 -1.622339e+01 -4.000000e+00
      vertex  -4.993047e+01 -1.622339e+01  0.000000e+00
      vertex  -5.135275e+01 -1.091536e+01  0.000000e+00
    endloop
  endfacet
  facet normal -9.659258e-01 -2.588193e-01  0.000000e+00
    outer loop
      vertex  -4.993047e+01 -1.622339e+01 -4.000000e+00
      vertex  -5.135275e+01 -1.091536e+01  0.000000e+00
      vertex  -5.135275e+01 -1.091536e+01 -4.000000e+00
    endloop
  endfacet
  facet normal -9.876882e-01 -1.564350e-01  0.000000e+00
    outer loop
      vertex  -5.135275e+01 -1.091536e+01 -4.000000e+00
      vertex  -5.135275e+01 -1.091536e+01  0.000000e+00
      vertex  -5.221240e+01 -5.487744e+00  0.000000e+00
    endloop
  endfacet
  facet normal -9.876882e-01 -1.564350e-01  0.000000e+00
    outer loop
      vertex  -5.135275e+01 -1.091536e+01 -4.000000e+00
      vertex  -5.221240e+01 -5.487744e+00  0.000000e+00
      vertex  -5.221240e+01 -5.487744e+00 -4.000000e+00
    endloop
  endfacet
  facet normal -9.986296e-01 -5.233544e-02  0.000000e+00
    outer loop
      vertex  -5.221240e+01 -5.487744e+00 -4.000000e+00
      vertex  -5.221240e+01 -5.487744e+00  0.000000e+00
      vertex  -5.250000e+01  0.000000e+00 -4.000000e+00
    endloop
  endfacet
  facet normal -9.986296e-01 -5.233544e-02  0.000000e+00
    outer loop
      vertex  -5.250000e+01  0.000000e+00 -4.000000e+00
      vertex  -5.221240e+01 -5.487744e+00  0.000000e+00
      vertex  -5.250000e+01  0.000000e+00  0.000000e+00
    endloop
  endfacet
  facet normal -9.986296e-01  5.233544e-02  0.000000e+00
    outer loop
      vertex  -5.250000e+01  0.000000e+00 -4.000000e+00
      vertex  -5.250000e+01  0.000000e+00  0.000000e+00
      vertex  -5.221240e+01  5.487744e+00 -4.000000e+00
    endloop
  endfacet
  facet normal -9.986296e-01  5.233544e-02  0.000000e+00
    outer loop
      vertex  -5.221240e+01  5.487744e+00 -4.000000e+00
      vertex  -5.250000e+01  0.000000e+00  0.000000e+00
      vertex  -5.221240e+01  5.487744e+00  0.000000e+00
    endloop
  endfacet
  facet normal -9.876882e-01  1.564350e-01  0.000000e+00
    outer loop
      vertex  -5.221240e+01  5.487744e+00 -4.000000e+00
      vertex  -5.221240e+01  5.487744e+00  0.000000e+00
      vertex  -5.135275e+01  1.091536e+01  0.000000e+00
    endloop
  endfacet
  facet normal  9.986296e-01  5.233544e-02  0.000000e+00
    outer loop
      vertex   5.250000e+01  0.000000e+00  0.000000e+00
      vertex   5.221240e+01  5.487744e+00 -4.000000e+00
      vertex   5.221240e+01  5.487744e+00  0.000000e+00
    endloop
  endfacet
  facet normal  9.876882e-01  1.564350e-01  0.000000e+00
    outer loop
      vertex   5.221240e+01  5.487744e+00  0.000000e+00
      vertex   5.221240e+01  5.487744e+00 -4.000000e+00
      vertex   5.135275e+01  1.091536e+01 -4.000000e+00
    endloop
  endfacet
  facet normal  9.876882e-01  1.564350e-01  0.000000e+00
    outer loop
      vertex   5.221240e+01  5.487744e+00  0.000000e+00
      vertex   5.135275e+01  1.091536e+01 -4.000000e+00
      vertex   5.135275e+01  1.091536e+01  0.000000e+00
    endloop
  endfacet
  facet normal  9.659258e-01  2.588193e-01  0.000000e+00
    outer loop
      vertex   5.135275e+01  1.091536e+01  0.000000e+00
      vertex   5.135275e+01  1.091536e+01 -4.000000e+00
      vertex   4.993047e+01  1.622339e+01 -4.000000e+00
    endloop
  endfacet
  facet normal  9.659258e-01  2.588193e-01  0.000000e+00
    outer loop
      vertex   5.135275e+01  1.091536e+01  0.000000e+00
      vertex   4.993047e+01  1.622339e+01 -4.000000e+00
      vertex   4.993047e+01  1.622339e+01  0.000000e+00
    endloop
  endfacet
  facet normal  9.335805e-01  3.583678e-01  0.000000e+00
    outer loop
      vertex   4.993047e+01  1.622339e+01  0.000000e+00
      vertex   4.993047e+01  1.622339e+01 -4.000000e+00
      vertex   4.796114e+01  2.135367e+01 -4.000000e+00
    endloop
  endfacet
  facet normal  9.335805e-01  3.583678e-01  0.000000e+00
    outer loop
      vertex   4.993047e+01  1.622339e+01  0.000000e+00
      vertex   4.796114e+01  2.135367e+01 -4.000000e+00
      vertex   4.796114e+01  2.135367e+01  0.000000e+00
    endloop
  endfacet
  facet normal  8.910064e-01  4.539907e-01  0.000000e+00
    outer loop
      vertex   4.796114e+01  2.135367e+01  0.000000e+00
      vertex   4.796114e+01  2.135367e+01 -4.000000e+00
      vertex   4.546633e+01  2.625000e+01 -4.000000e+00
    endloop
  endfacet
  facet normal  8.910064e-01  4.539907e-01  0.000000e+00
    outer loop
      vertex   4.796114e+01  2.135367e+01  0.000000e+00
      vertex   4.546633e+01  2.625000e+01 -4.000000e+00
      vertex   4.546633e+01  2.625000e+01  0.000000e+00
    endloop
  endfacet
  facet normal  8.386708e-01  5.446387e-01  0.000000e+00
    outer loop
      vertex   4.546633e+01  2.625000e+01  0.000000e+00
      vertex   4.546633e+01  2.625000e+01 -4.000000e+00
      vertex   4.247339e+01  3.085873e+01 -4.000000e+00
    endloop
  endfacet
  facet normal  8.386708e-01  5.446387e-01  0.000000e+00
    outer loop
      vertex   4.546633e+01  2.625000e+01  0.000000e+00
      vertex   4.247339e+01  3.085873e+01 -4.000000e+00
      vertex   4.247339e+01  3.085873e+01  0.000000e+00
    endloop
  endfacet
  facet normal  7.771458e-01  6.293207e-01  0.000000e+00
    outer loop
      vertex   4.247339e+01  3.085873e+01  0.000000e+00
      vertex   4.247339e+01  3.085873e+01 -4.000000e+00
      vertex   3.901510e+01  3.512936e+01 -4.000000e+00
    endloop
  endfacet
  facet normal  7.771458e-01  6.293207e-01  0.000000e+00
    outer loop
      vertex   4.247339e+01  3.085873e+01  0.000000e+00
      vertex   3.901510e+01  3.512936e+01 -4.000000e+00
      vertex   3.901510e+01  3.512936e+01  0.000000e+00
    endloop
  endfacet
  facet normal  7.071068e-01  7.071068e-01  0.000000e+00
    outer loop
      vertex   3.901510e+01  3.512936e+01  0.000000e+00
      vertex   3.901510e+01  3.512936e+01 -4.000000e+00
      vertex   3.512936e+01  3.901510e+01 -4.000000e+00
    endloop
  endfacet
  facet normal  7.071068e-01  7.071068e-01  0.000000e+00
    outer loop
      vertex   3.901510e+01  3.512936e+01  0.000000e+00
      vertex   3.512936e+01  3.901510e+01 -4.000000e+00
      vertex   3.512936e+01  3.901510e+01  0.000000e+00
    endloop
  endfacet
  facet normal  6.293207e-01  7.771458e-01  0.000000e+00
    outer loop
      vertex   3.512936e+01  3.901510e+01  0.000000e+00
      vertex   3.512936e+01  3.901510e+01 -4.000000e+00
      vertex   3.085873e+01  4.247339e+01 -4.000000e+00
    endloop
  endfacet
  facet normal  6.293207e-01  7.771458e-01  0.000000e+00
    outer loop
      vertex   3.512936e+01  3.901510e+01  0.000000e+00
      vertex   3.085873e+01  4.247339e+01 -4.000000e+00
      vertex   3.085873e+01  4.247339e+01  0.000000e+00
    endloop
  endfacet
  facet normal  5.446387e-01  8.386708e-01  0.000000e+00
    outer loop
      vertex   3.085873e+01  4.247339e+01  0.000000e+00
      vertex   3.085873e+01  4.247339e+01 -4.000000e+00
      vertex   2.625000e+01  4.546633e+01 -4.000000e+00
    endloop
  endfacet
  facet normal  5.446387e-01  8.386708e-01  0.000000e+00
    outer loop
      vertex   3.085873e+01  4.247339e+01  0.000000e+00
      vertex   2.625000e+01  4.546633e+01 -4.000000e+00
      vertex   2.625000e+01  4.546633e+01  0.000000e+00
    endloop
  endfacet
  facet normal  4.539907e-01  8.910064e-01  0.000000e+00
    outer loop
      vertex   2.625000e+01  4.546633e+01  0.000000e+00
      vertex   2.625000e+01  4.546633e+01 -4.000000e+00
      vertex   2.135367e+01  4.796114e+01 -4.000000e+00
    endloop
  endfacet
  facet normal  4.539907e-01  8.910064e-01  0.000000e+00
    outer loop
      vertex   2.625000e+01  4.546633e+01  0.000000e+00
      vertex   2.135367e+01  4.796114e+01 -4.000000e+00
      vertex   2.135367e+01  4.796114e+01  0.000000e+00
    endloop
  endfacet
  facet normal  3.583678e-01  9.335805e-01  0.000000e+00
    outer loop
      vertex   2.135367e+01  4.796114e+01  0.000000e+00
      vertex   2.135367e+01  4.796114e+01 -4.000000e+00
      vertex   1.622339e+01  4.993047e+01 -4.000000e+00
    endloop
  endfacet
  facet normal  3.583678e-01  9.335805e-01  0.000000e+00
    outer loop
      vertex   2.135367e+01  4.796114e+01  0.000000e+00
      vertex   1.622339e+01  4.993047e+01 -4.000000e+00
      vertex   1.622339e+01  4.993047e+01  0.000000e+00
    endloop
  endfacet
  facet normal  2.588193e-01  9.659258e-01  0.000000e+00
    outer loop
      vertex   1.622339e+01  4.993047e+01  0.000000e+00
      vertex   1.622339e+01  4.993047e+01 -4.000000e+00
      vertex   1.091536e+01  5.135275e+01 -4.000000e+00
    endloop
  endfacet
  facet normal  2.588193e-01  9.659258e-01  0.000000e+00
    outer loop
      vertex   1.622339e+01  4.993047e+01  0.000000e+00
      vertex   1.091536e+01  5.135275e+01 -4.000000e+00
      vertex   1.091536e+01  5.135275e+01  0.000000e+00
    endloop
  endfacet
  facet normal  1.564350e-01  9.876882e-01  0.000000e+00
    outer loop
      vertex   1.091536e+01  5.135275e+01  0.000000e+00
      vertex   1.091536e+01  5.135275e+01 -4.000000e+00
      vertex   5.487744e+00  5.221240e+01 -4.000000e+00
    endloop
  endfacet
  facet normal  1.564350e-01  9.876882e-01  0.000000e+00
    outer loop
      vertex   1.091536e+01  5.135275e+01  0.000000e+00
      vertex   5.487744e+00  5.221240e+01 -4.000000e+00
      vertex   5.487744e+00  5.221240e+01  0.000000e+00
    endloop
  endfacet
  facet normal  5.233544e-02  9.986296e-01  0.000000e+00
    outer loop
      vertex   5.487744e+00  5.221240e+01  0.000000e+00
      vertex   5.487744e+00  5.221240e+01 -4.000000e+00
      vertex   0.000000e+00  5.250000e+01 -4.000000e+00
    endloop
  endfacet
  facet normal  5.233544e-02  9.986296e-01  0.000000e+00
    outer loop
      vertex   5.487744e+00  5.221240e+01  0.000000e+00
      vertex   0.000000e+00  5.250000e+01 -4.000000e+00
      vertex   0.000000e+00  5.250000e+01  0.000000e+00
    endloop
  endfacet
  facet normal -5.233544e-02  9.986296e-01  0.000000e+00
    outer loop
      vertex   0.000000e+00  5.250000e+01  0.000000e+00
      vertex   0.000000e+00  5.250000e+01 -4.000000e+00
      vertex  -5.487744e+00  5.221240e+01 -4.000000e+00
    endloop
  endfacet
  facet normal -5.233544e-02  9.986296e-01  0.000000e+00
    outer loop
      vertex   0.000000e+00  5.250000e+01  0.000000e+00
      vertex  -5.487744e+00  5.221240e+01 -4.000000e+00
      vertex  -5.487744e+00  5.221240e+01  0.000000e+00
    endloop
  endfacet
  facet normal -1.564350e-01  9.876882e-01  0.000000e+00
    outer loop
      vertex  -5.487744e+00  5.221240e+01  0.000000e+00
      vertex  -5.487744e+00  5.221240e+01 -4.000000e+00
      vertex  -1.091536e+01  5.135275e+01 -4.000000e+00
    endloop
  endfacet
  facet normal -1.564350e-01  9.876882e-01  0.000000e+00
    outer loop
      vertex  -5.487744e+00  5.221240e+01  0.000000e+00
      vertex  -1.091536e+01  5.135275e+01 -4.000000e+00
      vertex  -1.091536e+01  5.135275e+01  0.000000e+00
    endloop
  endfacet
  facet normal -2.588193e-01  9.659258e-01  0.000000e+00
    outer loop
      vertex  -1.091536e+01  5.135275e+01  0.000000e+00
      vertex  -1.091536e+01  5.135275e+01 -4.000000e+00
      vertex  -1.622339e+01  4.993047e+01 -4.000000e+00
    endloop
  endfacet
  facet normal -2.588193e-01  9.659258e-01  0.000000e+00
    outer loop
      vertex  -1.091536e+01  5.135275e+01  0.000000e+00
      vertex  -1.622339e+01  4.993047e+01 -4.000000e+00
      vertex  -1.622339e+01  4.993047e+01  0.000000e+00
    endloop
  endfacet
  facet normal -3.583678e-01  9.335805e-01  0.000000e+00
    outer loop
      vertex  -1.622339e+01  4.993047e+01  0.000000e+00
      vertex  -1.622339e+01  4.993047e+01 -4.000000e+00
      vertex  -2.135367e+01  4.796114e+01 -4.000000e+00
    endloop
  endfacet
  facet normal -3.583678e-01  9.335805e-01  0.000000e+00
    outer loop
      vertex  -1.622339e+01  4.993047e+01  0.000000e+00
      vertex  -2.135367e+01  4.796114e+01 -4.000000e+00
      vertex  -2.135367e+01  4.796114e+01  0.000000e+00
    endloop
  endfacet
  facet normal -4.539907e-01  8.910064e-01  0.000000e+00
    outer loop
      vertex  -2.135367e+01  4.796114e+01  0.000000e+00
      vertex  -2.135367e+01  4.796114e+01 -4.000000e+00
      vertex  -2.625000e+01  4.546633e+01 -4.000000e+00
    endloop
  endfacet
  facet normal -4.539907e-01  8.910064e-01  0.000000e+00
    outer loop
      vertex  -2.135367e+01  4.796114e+01  0.000000e+00
      vertex  -2.625000e+01  4.546633e+01 -4.000000e+00
      vertex  -2.625000e+01  4.546633e+01  0.000000e+00
    endloop
  endfacet
  facet normal -5.446387e-01  8.386708e-01  0.000000e+00
    outer loop
      vertex  -2.625000e+01  4.546633e+01  0.000000e+00
      vertex  -2.625000e+01  4.546633e+01 -4.000000e+00
      vertex  -3.085873e+01  4.247339e+01 -4.000000e+00
    endloop
  endfacet
  facet normal -5.446387e-01  8.386708e-01  0.000000e+00
    outer loop
      vertex  -2.625000e+01  4.546633e+01  0.000000e+00
      vertex  -3.085873e+01  4.247339e+01 -4.000000e+00
      vertex  -3.085873e+01  4.247339e+01  0.000000e+00
    endloop
  endfacet
  facet normal -6.293207e-01  7.771458e-01  0.000000e+00
    outer loop
      vertex  -3.085873e+01  4.247339e+01  0.000000e+00
      vertex  -3.085873e+01  4.247339e+01 -4.000000e+00
      vertex  -3.512936e+01  3.901510e+01 -4.000000e+00
    endloop
  endfacet
  facet normal -6.293207e-01  7.771458e-01  0.000000e+00
    outer loop
      vertex  -3.085873e+01  4.247339e+01  0.000000e+00
      vertex  -3.512936e+01  3.901510e+01 -4.000000e+00
      vertex  -3.512936e+01  3.901510e+01  0.000000e+00
    endloop
  endfacet
  facet normal -7.071068e-01  7.071068e-01  0.000000e+00
    outer loop
      vertex  -3.512936e+01  3.901510e+01  0.000000e+00
      vertex  -3.512936e+01  3.901510e+01 -4.000000e+00
      vertex  -3.901510e+01  3.512936e+01 -4.000000e+00
    endloop
  endfacet
  facet normal -7.071068e-01  7.071068e-01  0.000000e+00
    outer loop
      vertex  -3.512936e+01  3.901510e+01  0.000000e+00
      vertex  -3.901510e+01  3.512936e+01 -4.000000e+00
      vertex  -3.901510e+01  3.512936e+01  0.000000e+00
    endloop
  endfacet
  facet normal -7.771458e-01  6.293207e-01  0.000000e+00
    outer loop
      vertex  -3.901510e+01  3.512936e+01  0.000000e+00
      vertex  -3.901510e+01  3.512936e+01 -4.000000e+00
      vertex  -4.247339e+01  3.085873e+01 -4.000000e+00
    endloop
  endfacet
  facet normal -7.771458e-01  6.293207e-01  0.000000e+00
    outer loop
      vertex  -3.901510e+01  3.512936e+01  0.000000e+00
      vertex  -4.247339e+01  3.085873e+01 -4.000000e+00
      vertex  -4.247339e+01  3.085873e+01  0.000000e+00
    endloop
  endfacet
  facet normal -8.386708e-01  5.446387e-01  0.000000e+00
    outer loop
      vertex  -4.247339e+01  3.085873e+01  0.000000e+00
      vertex  -4.247339e+01  3.085873e+01 -4.000000e+00
      vertex  -4.546633e+01  2.625000e+01 -4.000000e+00
    endloop
  endfacet
  facet normal -8.386708e-01  5.446387e-01  0.000000e+00
    outer loop
      vertex  -4.247339e+01  3.085873e+01  0.000000e+00
      vertex  -4.546633e+01  2.625000e+01 -4.000000e+00
      vertex  -4.546633e+01  2.625000e+01  0.000000e+00
    endloop
  endfacet
  facet normal -8.910064e-01  4.539907e-01  0.000000e+00
    outer loop
      vertex  -4.546633e+01  2.625000e+01  0.000000e+00
      vertex  -4.546633e+01  2.625000e+01 -4.000000e+00
      vertex  -4.796114e+01  2.135367e+01 -4.000000e+00
    endloop
  endfacet
  facet normal -8.910064e-01  4.539907e-01  0.000000e+00
    outer loop
      vertex  -4.546633e+01  2.625000e+01  0.000000e+00
      vertex  -4.796114e+01  2.135367e+01 -4.000000e+00
      vertex  -4.796114e+01  2.135367e+01  0.000000e+00
    endloop
  endfacet
  facet normal -9.335805e-01  3.583678e-01  0.000000e+00
    outer loop
      vertex  -4.796114e+01  2.135367e+01  0.000000e+00
      vertex  -4.796114e+01  2.135367e+01 -4.000000e+00
      vertex  -4.993047e+01  1.622339e+01 -4.000000e+00
    endloop
  endfacet
  facet normal -9.335805e-01  3.583678e-01  0.000000e+00
    outer loop
      vertex  -4.796114e+01  2.135367e+01  0.000000e+00
      vertex  -4.993047e+01  1.622339e+01 -4.000000e+00
      vertex  -4.993047e+01  1.622339e+01  0.000000e+00
    endloop
  endfacet
  facet normal -9.659258e-01  2.588193e-01  0.000000e+00
    outer loop
      vertex  -4.993047e+01  1.622339e+01  0.000000e+00
      vertex  -4.993047e+01  1.622339e+01 -4.000000e+00
      vertex  -5.135275e+01  1.091536e+01 -4.000000e+00
    endloop
  endfacet
  facet normal -9.659258e-01  2.588193e-01  0.000000e+00
    outer loop
      vertex  -4.993047e+01  1.622339e+01  0.000000e+00
      vertex  -5.135275e+01  1.091536e+01 -4.000000e+00
      vertex  -5.135275e+01  1.091536e+01  0.000000e+00
    endloop
  endfacet
  facet normal -9.876882e-01  1.564350e-01  0.000000e+00
    outer loop
      vertex  -5.135275e+01  1.091536e+01  0.000000e+00
      vertex  -5.135275e+01  1.091536e+01 -4.000000e+00
      vertex  -5.221240e+01  5.487744e+00 -4.000000e+00
    endloop
  endfacet
  facet normal -9.985334e-01  5.413869e-02  0.000000e+00
    outer loop
      vertex   5.020397e+01 -5.460010e+00 -4.000000e+00
      vertex   5.020397e+01 -5.460010e+00  0.000000e+00
      vertex   5.050000e+01  0.000000e+00 -4.000000e+00
    endloop
  endfacet
  facet normal -9.985334e-01  5.413869e-02  0.000000e+00
    outer loop
      vertex   5.050000e+01  0.000000e+00 -4.000000e+00
      vertex   5.020397e+01 -5.460010e+00  0.000000e+00
      vertex   5.050000e+01  0.000000e+00  0.000000e+00
    endloop
  endfacet
  facet normal -9.985334e-01 -5.413869e-02  0.000000e+00
    outer loop
      vertex   5.050000e+01  0.000000e+00 -4.000000e+00
      vertex   5.050000e+01  0.000000e+00  0.000000e+00
      vertex   5.020397e+01  5.460010e+00 -4.000000e+00
    endloop
  endfacet
  facet normal -9.985334e-01 -5.413869e-02  0.000000e+00
    outer loop
      vertex   5.020397e+01  5.460010e+00 -4.000000e+00
      vertex   5.050000e+01  0.000000e+00  0.000000e+00
      vertex   5.020397e+01  5.460010e+00  0.000000e+00
    endloop
  endfacet
  facet normal -9.868265e-01 -1.617819e-01  0.000000e+00
    outer loop
      vertex   5.020397e+01  5.460010e+00 -4.000000e+00
      vertex   5.020397e+01  5.460010e+00  0.000000e+00
      vertex   4.931934e+01  1.085601e+01 -4.000000e+00
    endloop
  endfacet
  facet normal -9.868265e-01 -1.617819e-01  0.000000e+00
    outer loop
      vertex   4.931934e+01  1.085601e+01 -4.000000e+00
      vertex   5.020397e+01  5.460010e+00  0.000000e+00
      vertex   4.931934e+01  1.085601e+01  0.000000e+00
    endloop
  endfacet
  facet normal -9.635498e-01 -2.675289e-01  0.000000e+00
    outer loop
      vertex   4.931934e+01  1.085601e+01 -4.000000e+00
      vertex   4.931934e+01  1.085601e+01  0.000000e+00
      vertex   4.785648e+01  1.612473e+01 -4.000000e+00
    endloop
  endfacet
  facet normal -9.635498e-01 -2.675289e-01  0.000000e+00
    outer loop
      vertex   4.785648e+01  1.612473e+01 -4.000000e+00
      vertex   4.931934e+01  1.085601e+01  0.000000e+00
      vertex   4.785648e+01  1.612473e+01  0.000000e+00
    endloop
  endfacet
  facet normal -9.289768e-01 -3.701381e-01  0.000000e+00
    outer loop
      vertex   4.785648e+01  1.612473e+01 -4.000000e+00
      vertex   4.785648e+01  1.612473e+01  0.000000e+00
      vertex   4.583256e+01  2.120440e+01 -4.000000e+00
    endloop
  endfacet
  facet normal -9.289768e-01 -3.701381e-01  0.000000e+00
    outer loop
      vertex   4.583256e+01  2.120440e+01 -4.000000e+00
      vertex   4.785648e+01  1.612473e+01  0.000000e+00
      vertex   4.583256e+01  2.120440e+01  0.000000e+00
    endloop
  endfacet
  facet normal -8.835124e-01 -4.684078e-01  0.000000e+00
    outer loop
      vertex   4.583256e+01  2.120440e+01 -4.000000e+00
      vertex   4.583256e+01  2.120440e+01  0.000000e+00
      vertex   4.327129e+01  2.603547e+01 -4.000000e+00
    endloop
  endfacet
  facet normal -8.835124e-01 -4.684078e-01  0.000000e+00
    outer loop
      vertex   4.327129e+01  2.603547e+01 -4.000000e+00
      vertex   4.583256e+01  2.120440e+01  0.000000e+00
      vertex   4.327129e+01  2.603547e+01  0.000000e+00
    endloop
  endfacet
  facet normal -8.276885e-01 -5.611879e-01  0.000000e+00
    outer loop
      vertex   4.327129e+01  2.603547e+01 -4.000000e+00
      vertex   4.327129e+01  2.603547e+01  0.000000e+00
      vertex   4.020270e+01  3.056130e+01 -4.000000e+00
    endloop
  endfacet
  facet normal -8.276885e-01 -5.611879e-01  0.000000e+00
    outer loop
      vertex   4.020270e+01  3.056130e+01 -4.000000e+00
      vertex   4.327129e+01  2.603547e+01  0.000000e+00
      vertex   4.020270e+01  3.056130e+01  0.000000e+00
    endloop
  endfacet
  facet normal -7.621623e-01 -6.473860e-01  0.000000e+00
    outer loop
      vertex   4.020270e+01  3.056130e+01 -4.000000e+00
      vertex   4.020270e+01  3.056130e+01  0.000000e+00
      vertex   3.666277e+01  3.472882e+01 -4.000000e+00
    endloop
  endfacet
  facet normal -7.621623e-01 -6.473860e-01  0.000000e+00
    outer loop
      vertex   3.666277e+01  3.472882e+01 -4.000000e+00
      vertex   4.020270e+01  3.056130e+01  0.000000e+00
      vertex   3.666277e+01  3.472882e+01  0.000000e+00
    endloop
  endfacet
  facet normal -6.876998e-01 -7.259952e-01  0.000000e+00
    outer loop
      vertex   3.666277e+01  3.472882e+01 -4.000000e+00
      vertex   3.666277e+01  3.472882e+01  0.000000e+00
      vertex   3.269301e+01  3.848919e+01 -4.000000e+00
    endloop
  endfacet
  facet normal -6.876998e-01 -7.259952e-01  0.000000e+00
    outer loop
      vertex   3.269301e+01  3.848919e+01 -4.000000e+00
      vertex   3.666277e+01  3.472882e+01  0.000000e+00
      vertex   3.269301e+01  3.848919e+01  0.000000e+00
    endloop
  endfacet
  facet normal -6.051739e-01 -7.960933e-01  0.000000e+00
    outer loop
      vertex   3.269301e+01  3.848919e+01 -4.000000e+00
      vertex   3.269301e+01  3.848919e+01  0.000000e+00
      vertex   2.833995e+01  4.179829e+01 -4.000000e+00
    endloop
  endfacet
  facet normal -6.051739e-01 -7.960933e-01  0.000000e+00
    outer loop
      vertex   2.833995e+01  4.179829e+01 -4.000000e+00
      vertex   3.269301e+01  3.848919e+01  0.000000e+00
      vertex   2.833995e+01  4.179829e+01  0.000000e+00
    endloop
  endfacet
  facet normal -5.155534e-01 -8.568575e-01  0.000000e+00
    outer loop
      vertex   2.833995e+01  4.179829e+01 -4.000000e+00
      vertex   2.833995e+01  4.179829e+01  0.000000e+00
      vertex   2.365462e+01  4.461736e+01 -4.000000e+00
    endloop
  endfacet
  facet normal -5.155534e-01 -8.568575e-01  0.000000e+00
    outer loop
      vertex   2.365462e+01  4.461736e+01 -4.000000e+00
      vertex   2.833995e+01  4.179829e+01  0.000000e+00
      vertex   2.365462e+01  4.461736e+01  0.000000e+00
    endloop
  endfacet
  facet normal -4.198893e-01 -9.075754e-01  0.000000e+00
    outer loop
      vertex   2.365462e+01  4.461736e+01 -4.000000e+00
      vertex   2.365462e+01  4.461736e+01  0.000000e+00
      vertex   1.869198e+01  4.691332e+01 -4.000000e+00
    endloop
  endfacet
  facet normal -4.198893e-01 -9.075754e-01  0.000000e+00
    outer loop
      vertex   1.869198e+01  4.691332e+01 -4.000000e+00
      vertex   2.365462e+01  4.461736e+01  0.000000e+00
      vertex   1.869198e+01  4.691332e+01  0.000000e+00
    endloop
  endfacet
  facet normal -3.193025e-01 -9.476528e-01  0.000000e+00
    outer loop
      vertex   1.869198e+01  4.691332e+01 -4.000000e+00
      vertex   1.869198e+01  4.691332e+01  0.000000e+00
      vertex   1.351018e+01  4.865928e+01 -4.000000e+00
    endloop
  endfacet
  facet normal -3.193025e-01 -9.476528e-01  0.000000e+00
    outer loop
      vertex   1.351018e+01  4.865928e+01 -4.000000e+00
      vertex   1.869198e+01  4.691332e+01  0.000000e+00
      vertex   1.351018e+01  4.865928e+01  0.000000e+00
    endloop
  endfacet
  facet normal -2.149698e-01 -9.766207e-01  0.000000e+00
    outer loop
      vertex   1.351018e+01  4.865928e+01 -4.000000e+00
      vertex   1.351018e+01  4.865928e+01  0.000000e+00
      vertex   8.169991e+00  4.983474e+01 -4.000000e+00
    endloop
  endfacet
  facet normal -2.149698e-01 -9.766207e-01  0.000000e+00
    outer loop
      vertex   8.169991e+00  4.983474e+01 -4.000000e+00
      vertex   1.351018e+01  4.865928e+01  0.000000e+00
      vertex   8.169991e+00  4.983474e+01  0.000000e+00
    endloop
  endfacet
  facet normal -1.081197e-01 -9.941378e-01  0.000000e+00
    outer loop
      vertex   8.169991e+00  4.983474e+01 -4.000000e+00
      vertex   8.169991e+00  4.983474e+01  0.000000e+00
      vertex   2.734015e+00  5.042594e+01 -4.000000e+00
    endloop
  endfacet
  facet normal -1.081197e-01 -9.941378e-01  0.000000e+00
    outer loop
      vertex   2.734015e+00  5.042594e+01 -4.000000e+00
      vertex   8.169991e+00  4.983474e+01  0.000000e+00
      vertex   2.734015e+00  5.042594e+01  0.000000e+00
    endloop
  endfacet
  facet normal  0.000000e+00 -1.000000e+00  0.000000e+00
    outer loop
      vertex   2.734015e+00  5.042594e+01 -4.000000e+00
      vertex   2.734015e+00  5.042594e+01  0.000000e+00
      vertex  -2.734015e+00  5.042594e+01 -4.000000e+00
    endloop
  endfacet
  facet normal  0.000000e+00 -1.000000e+00  0.000000e+00
    outer loop
      vertex  -2.734015e+00  5.042594e+01 -4.000000e+00
      vertex   2.734015e+00  5.042594e+01  0.000000e+00
      vertex  -2.734015e+00  5.042594e+01  0.000000e+00
    endloop
  endfacet
  facet normal  1.081197e-01 -9.941378e-01  0.000000e+00
    outer loop
      vertex  -2.734015e+00  5.042594e+01 -4.000000e+00
      vertex  -2.734015e+00  5.042594e+01  0.000000e+00
      vertex  -8.169991e+00  4.983474e+01 -4.000000e+00
    endloop
  endfacet
  facet normal  1.081197e-01 -9.941378e-01  0.000000e+00
    outer loop
      vertex  -8.169991e+00  4.983474e+01 -4.000000e+00
      vertex  -2.734015e+00  5.042594e+01  0.000000e+00
      vertex  -8.169991e+00  4.983474e+01  0.000000e+00
    endloop
  endfacet
  facet normal  2.149698e-01 -9.766207e-01  0.000000e+00
    outer loop
      vertex  -8.169991e+00  4.983474e+01 -4.000000e+00
      vertex  -8.169991e+00  4.983474e+01  0.000000e+00
      vertex  -1.351018e+01  4.865928e+01 -4.000000e+00
    endloop
  endfacet
  facet normal  2.149698e-01 -9.766207e-01  0.000000e+00
    outer loop
      vertex  -1.351018e+01  4.865928e+01 -4.000000e+00
      vertex  -8.169991e+00  4.983474e+01  0.000000e+00
      vertex  -1.351018e+01  4.865928e+01  0.000000e+00
    endloop
  endfacet
  facet normal  3.193025e-01 -9.476528e-01  0.000000e+00
    outer loop
      vertex  -1.351018e+01  4.865928e+01 -4.000000e+00
      vertex  -1.351018e+01  4.865928e+01  0.000000e+00
      vertex  -1.869198e+01  4.691332e+01 -4.000000e+00
    endloop
  endfacet
  facet normal  3.193025e-01 -9.476528e-01  0.000000e+00
    outer loop
      vertex  -1.869198e+01  4.691332e+01 -4.000000e+00
      vertex  -1.351018e+01  4.865928e+01  0.000000e+00
      vertex  -1.869198e+01  4.691332e+01  0.000000e+00
    endloop
  endfacet
  facet normal  4.198893e-01 -9.075754e-01  0.000000e+00
    outer loop
      vertex  -1.869198e+01  4.691332e+01 -4.000000e+00
      vertex  -1.869198e+01  4.691332e+01  0.000000e+00
      vertex  -2.365462e+01  4.461736e+01 -4.000000e+00
    endloop
  endfacet
  facet normal  4.198893e-01 -9.075754e-01  0.000000e+00
    outer loop
      vertex  -2.365462e+01  4.461736e+01 -4.000000e+00
      vertex  -1.869198e+01  4.691332e+01  0.000000e+00
      vertex  -2.365462e+01  4.461736e+01  0.000000e+00
    endloop
  endfacet
  facet normal  5.155534e-01 -8.568575e-01  0.000000e+00
    outer loop
      vertex  -2.365462e+01  4.461736e+01 -4.000000e+00
      vertex  -2.365462e+01  4.461736e+01  0.000000e+00
      vertex  -2.833995e+01  4.179829e+01 -4.000000e+00
    endloop
  endfacet
  facet normal  5.155534e-01 -8.568575e-01  0.000000e+00
    outer loop
      vertex  -2.833995e+01  4.179829e+01 -4.000000e+00
      vertex  -2.365462e+01  4.461736e+01  0.000000e+00
      vertex  -2.833995e+01  4.179829e+01  0.000000e+00
    endloop
  endfacet
  facet normal  6.051739e-01 -7.960933e-01  0.000000e+00
    outer loop
      vertex  -2.833995e+01  4.179829e+01 -4.000000e+00
      vertex  -2.833995e+01  4.179829e+01  0.000000e+00
      vertex  -3.269301e+01  3.848919e+01 -4.000000e+00
    endloop
  endfacet
  facet normal  6.051739e-01 -7.960933e-01  0.000000e+00
    outer loop
      vertex  -3.269301e+01  3.848919e+01 -4.000000e+00
      vertex  -2.833995e+01  4.179829e+01  0.000000e+00
      vertex  -3.269301e+01  3.848919e+01  0.000000e+00
    endloop
  endfacet
  facet normal  6.876998e-01 -7.259952e-01  0.000000e+00
    outer loop
      vertex  -3.269301e+01  3.848919e+01 -4.000000e+00
      vertex  -3.269301e+01  3.848919e+01  0.000000e+00
      vertex  -3.666277e+01  3.472882e+01 -4.000000e+00
    endloop
  endfacet
  facet normal  6.876998e-01 -7.259952e-01  0.000000e+00
    outer loop
      vertex  -3.666277e+01  3.472882e+01 -4.000000e+00
      vertex  -3.269301e+01  3.848919e+01  0.000000e+00
      vertex  -3.666277e+01  3.472882e+01  0.000000e+00
    endloop
  endfacet
  facet normal  7.621623e-01 -6.473860e-01  0.000000e+00
    outer loop
      vertex  -3.666277e+01  3.472882e+01 -4.000000e+00
      vertex  -3.666277e+01  3.472882e+01  0.000000e+00
      vertex  -4.020270e+01  3.056130e+01 -4.000000e+00
    endloop
  endfacet
  facet normal  7.621623e-01 -6.473860e-01  0.000000e+00
    outer loop
      vertex  -4.020270e+01  3.056130e+01 -4.000000e+00
      vertex  -3.666277e+01  3.472882e+01  0.000000e+00
      vertex  -4.020270e+01  3.056130e+01  0.000000e+00
    endloop
  endfacet
  facet normal  8.276885e-01 -5.611879e-01  0.000000e+00
    outer loop
      vertex  -4.020270e+01  3.056130e+01 -4.000000e+00
      vertex  -4.020270e+01  3.056130e+01  0.000000e+00
      vertex  -4.327129e+01  2.603547e+01 -4.000000e+00
    endloop
  endfacet
  facet normal  8.276885e-01 -5.611879e-01  0.000000e+00
    outer loop
      vertex  -4.327129e+01  2.603547e+01 -4.000000e+00
      vertex  -4.020270e+01  3.056130e+01  0.000000e+00
      vertex  -4.327129e+01  2.603547e+01  0.000000e+00
    endloop
  endfacet
  facet normal  8.835124e-01 -4.684078e-01  0.000000e+00
    outer loop
      vertex  -4.327129e+01  2.603547e+01 -4.000000e+00
      vertex  -4.327129e+01  2.603547e+01  0.000000e+00
      vertex  -4.583256e+01  2.120440e+01 -4.000000e+00
    endloop
  endfacet
  facet normal  8.835124e-01 -4.684078e-01  0.000000e+00
    outer loop
      vertex  -4.583256e+01  2.120440e+01 -4.000000e+00
      vertex  -4.327129e+01  2.603547e+01  0.000000e+00
      vertex  -4.583256e+01  2.120440e+01  0.000000e+00
    endloop
  endfacet
  facet normal  9.289768e-01 -3.701381e-01  0.000000e+00
    outer loop
      vertex  -4.583256e+01  2.120440e+01 -4.000000e+00
      vertex  -4.583256e+01  2.120440e+01  0.000000e+00
      vertex  -4.785648e+01  1.612473e+01 -4.000000e+00
    endloop
  endfacet
  facet normal  9.289768e-01 -3.701381e-01  0.000000e+00
    outer loop
      vertex  -4.785648e+01  1.612473e+01 -4.000000e+00
      vertex  -4.583256e+01  2.120440e+01  0.000000e+00
      vertex  -4.785648e+01  1.612473e+01  0.000000e+00
    endloop
  endfacet
  facet normal  9.635498e-01 -2.675289e-01  0.000000e+00
    outer loop
      vertex  -4.785648e+01  1.612473e+01 -4.000000e+00
      vertex  -4.785648e+01  1.612473e+01  0.000000e+00
      vertex  -4.931934e+01  1.085601e+01 -4.000000e+00
    endloop
  endfacet
  facet normal  9.635498e-01 -2.675289e-01  0.000000e+00
    outer loop
      vertex  -4.931934e+01  1.085601e+01 -4.000000e+00
      vertex  -4.785648e+01  1.612473e+01  0.000000e+00
      vertex  -4.931934e+01  1.085601e+01  0.000000e+00
    endloop
  endfacet
  facet normal  9.868265e-01 -1.617819e-01  0.000000e+00
    outer loop
      vertex  -4.931934e+01  1.085601e+01 -4.000000e+00
      vertex  -4.931934e+01  1.085601e+01  0.000000e+00
      vertex  -5.020397e+01  5.460010e+00 -4.000000e+00
    endloop
  endfacet
  facet normal  9.868265e-01 -1.617819e-01  0.000000e+00
    outer loop
      vertex  -5.020397e+01  5.460010e+00 -4.000000e+00
      vertex  -4.931934e+01  1.085601e+01  0.000000e+00
      vertex  -5.020397e+01  5.460010e+00  0.000000e+00
    endloop
  endfacet
  facet normal  9.985334e-01 -5.413869e-02  0.000000e+00
    outer loop
      vertex  -5.020397e+01  5.460010e+00 -4.000000e+00
      vertex  -5.020397e+01  5.460010e+00  0.000000e+00
      vertex  -5.050000e+01  0.000000e+00 -4.000000e+00
    endloop
  endfacet
  facet normal  9.985334e-01 -5.413869e-02  0.000000e+00
    outer loop
      vertex  -5.050000e+01  0.000000e+00 -4.000000e+00
      vertex  -5.020397e+01  5.460010e+00  0.000000e+00
      vertex  -5.050000e+01  0.000000e+00  0.000000e+00
    endloop
  endfacet
  facet normal  9.985334e-01  5.413869e-02 -0.000000e+00
    outer loop
      vertex  -5.050000e+01  0.000000e+00 -4.000000e+00
      vertex  -5.050000e+01  0.000000e+00  0.000000e+00
      vertex  -5.020397e+01 -5.460010e+00 -4.000000e+00
    endloop
  endfacet
  facet normal  9.985334e-01  5.413869e-02 -0.000000e+00
    outer loop
      vertex  -5.020397e+01 -5.460010e+00 -4.000000e+00
      vertex  -5.050000e+01  0.000000e+00  0.000000e+00
      vertex  -5.020397e+01 -5.460010e+00  0.000000e+00
    endloop
  endfacet
  facet normal  9.868265e-01  1.617819e-01 -0.000000e+00
    outer loop
      vertex  -5.020397e+01 -5.460010e+00 -4.000000e+00
      vertex  -5.020397e+01 -5.460010e+00  0.000000e+00
      vertex  -4.931934e+01 -1.085601e+01 -4.000000e+00
    endloop
  endfacet
  facet normal  9.868265e-01  1.617819e-01 -0.000000e+00
    outer loop
      vertex  -4.931934e+01 -1.085601e+01 -4.000000e+00
      vertex  -5.020397e+01 -5.460010e+00  0.000000e+00
      vertex  -4.931934e+01 -1.085601e+01  0.000000e+00
    endloop
  endfacet
  facet normal  9.635498e-01  2.675289e-01 -0.000000e+00
    outer loop
      vertex  -4.931934e+01 -1.085601e+01 -4.000000e+00
      vertex  -4.931934e+01 -1.085601e+01  0.000000e+00
      vertex  -4.785648e+01 -1.612473e+01 -4.000000e+00
    endloop
  endfacet
  facet normal  9.635498e-01  2.675289e-01 -0.000000e+00
    outer loop
      vertex  -4.785648e+01 -1.612473e+01 -4.000000e+00
      vertex  -4.931934e+01 -1.085601e+01  0.000000e+00
      vertex  -4.785648e+01 -1.612473e+01  0.000000e+00
    endloop
  endfacet
  facet normal  9.289768e-01  3.701381e-01 -0.000000e+00
    outer loop
      vertex  -4.785648e+01 -1.612473e+01 -4.000000e+00
      vertex  -4.785648e+01 -1.612473e+01  0.000000e+00
      vertex  -4.583256e+01 -2.120440e+01 -4.000000e+00
    endloop
  endfacet
  facet normal  9.289768e-01  3.701381e-01 -0.000000e+00
    outer loop
      vertex  -4.583256e+01 -2.120440e+01 -4.000000e+00
      vertex  -4.785648e+01 -1.612473e+01  0.000000e+00
      vertex  -4.583256e+01 -2.120440e+01  0.000000e+00
    endloop
  endfacet
  facet normal  8.835124e-01  4.684078e-01 -0.000000e+00
    outer loop
      vertex  -4.583256e+01 -2.120440e+01 -4.000000e+00
      vertex  -4.583256e+01 -2.120440e+01  0.000000e+00
      vertex  -4.327129e+01 -2.603547e+01 -4.000000e+00
    endloop
  endfacet
  facet normal  8.835124e-01  4.684078e-01 -0.000000e+00
    outer loop
      vertex  -4.327129e+01 -2.603547e+01 -4.000000e+00
      vertex  -4.583256e+01 -2.120440e+01  0.000000e+00
      vertex  -4.327129e+01 -2.603547e+01  0.000000e+00
    endloop
  endfacet
  facet normal  8.276885e-01  5.611879e-01 -0.000000e+00
    outer loop
      vertex  -4.327129e+01 -2.603547e+01 -4.000000e+00
      vertex  -4.327129e+01 -2.603547e+01  0.000000e+00
      vertex  -4.020270e+01 -3.056130e+01 -4.000000e+00
    endloop
  endfacet
  facet normal  8.276885e-01  5.611879e-01 -0.000000e+00
    outer loop
      vertex  -4.020270e+01 -3.056130e+01 -4.000000e+00
      vertex  -4.327129e+01 -2.603547e+01  0.000000e+00
      vertex  -4.020270e+01 -3.056130e+01  0.000000e+00
    endloop
  endfacet
  facet normal  7.621623e-01  6.473860e-01 -0.000000e+00
    outer loop
      vertex  -4.020270e+01 -3.056130e+01 -4.000000e+00
      vertex  -4.020270e+01 -3.056130e+01  0.000000e+00
      vertex  -3.666277e+01 -3.472882e+01 -4.000000e+00
    endloop
  endfacet
  facet normal  7.621623e-01  6.473860e-01 -0.000000e+00
    outer loop
      vertex  -3.666277e+01 -3.472882e+01 -4.000000e+00
      vertex  -4.020270e+01 -3.056130e+01  0.000000e+00
      vertex  -3.666277e+01 -3.472882e+01  0.000000e+00
    endloop
  endfacet
  facet normal  6.876998e-01  7.259952e-01 -0.000000e+00
    outer loop
      vertex  -3.666277e+01 -3.472882e+01 -4.000000e+00
      vertex  -3.666277e+01 -3.472882e+01  0.000000e+00
      vertex  -3.269301e+01 -3.848919e+01 -4.000000e+00
    endloop
  endfacet
  facet normal  6.876998e-01  7.259952e-01 -0.000000e+00
    outer loop
      vertex  -3.269301e+01 -3.848919e+01 -4.000000e+00
      vertex  -3.666277e+01 -3.472882e+01  0.000000e+00
      vertex  -3.269301e+01 -3.848919e+01  0.000000e+00
    endloop
  endfacet
  facet normal  6.051739e-01  7.960933e-01 -0.000000e+00
    outer loop
      vertex  -3.269301e+01 -3.848919e+01 -4.000000e+00
      vertex  -3.269301e+01 -3.848919e+01  0.000000e+00
      vertex  -2.833995e+01 -4.179829e+01 -4.000000e+00
    endloop
  endfacet
  facet normal  6.051739e-01  7.960933e-01 -0.000000e+00
    outer loop
      vertex  -2.833995e+01 -4.179829e+01 -4.000000e+00
      vertex  -3.269301e+01 -3.848919e+01  0.000000e+00
      vertex  -2.833995e+01 -4.179829e+01  0.000000e+00
    endloop
  endfacet
  facet normal  5.155534e-01  8.568575e-01 -0.000000e+00
    outer loop
      vertex  -2.833995e+01 -4.179829e+01 -4.000000e+00
      vertex  -2.833995e+01 -4.179829e+01  0.000000e+00
      vertex  -2.365462e+01 -4.461736e+01 -4.000000e+00
    endloop
  endfacet
  facet normal  5.155534e-01  8.568575e-01 -0.000000e+00
    outer loop
      vertex  -2.365462e+01 -4.461736e+01 -4.000000e+00
      vertex  -2.833995e+01 -4.179829e+01  0.000000e+00
      vertex  -2.365462e+01 -4.461736e+01  0.000000e+00
    endloop
  endfacet
  facet normal  4.198893e-01  9.075754e-01 -0.000000e+00
    outer loop
      vertex  -2.365462e+01 -4.461736e+01 -4.000000e+00
      vertex  -2.365462e+01 -4.461736e+01  0.000000e+00
      vertex  -1.869198e+01 -4.691332e+01 -4.000000e+00
    endloop
  endfacet
  facet normal  4.198893e-01  9.075754e-01 -0.000000e+00
    outer loop
      vertex  -1.869198e+01 -4.691332e+01 -4.000000e+00
      vertex  -2.365462e+01 -4.461736e+01  0.000000e+00
      vertex  -1.869198e+01 -4.691332e+01  0.000000e+00
    endloop
  endfacet
  facet normal  3.193025e-01  9.476528e-01 -0.000000e+00
    outer loop
      vertex  -1.869198e+01 -4.691332e+01 -4.000000e+00
      vertex  -1.869198e+01 -4.691332e+01  0.000000e+00
      vertex  -1.351018e+01 -4.865928e+01 -4.000000e+00
    endloop
  endfacet
  facet normal  3.193025e-01  9.476528e-01 -0.000000e+00
    outer loop
      vertex  -1.351018e+01 -4.865928e+01 -4.000000e+00
      vertex  -1.869198e+01 -4.691332e+01  0.000000e+00
      vertex  -1.351018e+01 -4.865928e+01  0.000000e+00
    endloop
  endfacet
  facet normal  2.149698e-01  9.766207e-01 -0.000000e+00
    outer loop
      vertex  -1.351018e+01 -4.865928e+01 -4.000000e+00
      vertex  -1.351018e+01 -4.865928e+01  0.000000e+00
      vertex  -8.169991e+00 -4.983474e+01 -4.000000e+00
    endloop
  endfacet
  facet normal  2.149698e-01  9.766207e-01 -0.000000e+00
    outer loop
      vertex  -8.169991e+00 -4.983474e+01 -4.000000e+00
      vertex  -1.351018e+01 -4.865928e+01  0.000000e+00
      vertex  -8.169991e+00 -4.983474e+01  0.000000e+00
    endloop
  endfacet
  facet normal  1.081197e-01  9.941378e-01 -0.000000e+00
    outer loop
      vertex  -8.169991e+00 -4.983474e+01 -4.000000e+00
      vertex  -8.169991e+00 -4.983474e+01  0.000000e+00
      vertex  -2.734015e+00 -5.042594e+01 -4.000000e+00
    endloop
  endfacet
  facet normal  1.081197e-01  9.941378e-01 -0.000000e+00
    outer loop
      vertex  -2.734015e+00 -5.042594e+01 -4.000000e+00
      vertex  -8.169991e+00 -4.983474e+01  0.000000e+00
      vertex  -2.734015e+00 -5.042594e+01  0.000000e+00
    endloop
  endfacet
  facet normal  0.000000e+00  1.000000e+00  0.000000e+00
    outer loop
      vertex  -2.734015e+00 -5.042594e+01 -4.000000e+00
      vertex  -2.734015e+00 -5.042594e+01  0.000000e+00
      vertex   2.734015e+00 -5.042594e+01 -4.000000e+00
    endloop
  endfacet
  facet normal  0.000000e+00  1.000000e+00 -0.000000e+00
    outer loop
      vertex   2.734015e+00 -5.042594e+01 -4.000000e+00
      vertex  -2.734015e+00 -5.042594e+01  0.000000e+00
      vertex   2.734015e+00 -5.042594e+01  0.000000e+00
    endloop
  endfacet
  facet normal -1.081197e-01  9.941378e-01  0.000000e+00
    outer loop
      vertex   2.734015e+00 -5.042594e+01 -4.000000e+00
      vertex   2.734015e+00 -5.042594e+01  0.000000e+00
      vertex   8.169991e+00 -4.983474e+01 -4.000000e+00
    endloop
  endfacet
  facet normal -1.081197e-01  9.941378e-01  0.000000e+00
    outer loop
      vertex   8.169991e+00 -4.983474e+01 -4.000000e+00
      vertex   2.734015e+00 -5.042594e+01  0.000000e+00
      vertex   8.169991e+00 -4.983474e+01  0.000000e+00
    endloop
  endfacet
  facet normal -2.149698e-01  9.766207e-01  0.000000e+00
    outer loop
      vertex   8.169991e+00 -4.983474e+01 -4.000000e+00
      vertex   8.169991e+00 -4.983474e+01  0.000000e+00
      vertex   1.351018e+01 -4.865928e+01 -4.000000e+00
    endloop
  endfacet
  facet normal -2.149698e-01  9.766207e-01  0.000000e+00
    outer loop
      vertex   1.351018e+01 -4.865928e+01 -4.000000e+00
      vertex   8.169991e+00 -4.983474e+01  0.000000e+00
      vertex   1.351018e+01 -4.865928e+01  0.000000e+00
    endloop
  endfacet
  facet normal -3.193025e-01  9.476528e-01  0.000000e+00
    outer loop
      vertex   1.351018e+01 -4.865928e+01 -4.000000e+00
      vertex   1.351018e+01 -4.865928e+01  0.000000e+00
      vertex   1.869198e+01 -4.691332e+01 -4.000000e+00
    endloop
  endfacet
  facet normal -3.193025e-01  9.476528e-01  0.000000e+00
    outer loop
      vertex   1.869198e+01 -4.691332e+01 -4.000000e+00
      vertex   1.351018e+01 -4.865928e+01  0.000000e+00
      vertex   1.869198e+01 -4.691332e+01  0.000000e+00
    endloop
  endfacet
  facet normal -4.198893e-01  9.075754e-01  0.000000e+00
    outer loop
      vertex   1.869198e+01 -4.691332e+01 -4.000000e+00
      vertex   1.869198e+01 -4.691332e+01  0.000000e+00
      vertex   2.365462e+01 -4.461736e+01 -4.000000e+00
    endloop
  endfacet
  facet normal -4.198893e-01  9.075754e-01  0.000000e+00
    outer loop
      vertex   2.365462e+01 -4.461736e+01 -4.000000e+00
      vertex   1.869198e+01 -4.691332e+01  0.000000e+00
      vertex   2.365462e+01 -4.461736e+01  0.000000e+00
    endloop
  endfacet
  facet normal -5.155534e-01  8.568575e-01  0.000000e+00
    outer loop
      vertex   2.365462e+01 -4.461736e+01 -4.000000e+00
      vertex   2.365462e+01 -4.461736e+01  0.000000e+00
      vertex   2.833995e+01 -4.179829e+01 -4.000000e+00
    endloop
  endfacet
  facet normal -5.155534e-01  8.568575e-01  0.000000e+00
    outer loop
      vertex   2.833995e+01 -4.179829e+01 -4.000000e+00
      vertex   2.365462e+01 -4.461736e+01  0.000000e+00
      vertex   2.833995e+01 -4.179829e+01  0.000000e+00
    endloop
  endfacet
  facet normal -6.051739e-01  7.960933e-01  0.000000e+00
    outer loop
      vertex   2.833995e+01 -4.179829e+01 -4.000000e+00
      vertex   2.833995e+01 -4.179829e+01  0.000000e+00
      vertex   3.269301e+01 -3.848919e+01 -4.000000e+00
    endloop
  endfacet
  facet normal -6.051739e-01  7.960933e-01  0.000000e+00
    outer loop
      vertex   3.269301e+01 -3.848919e+01 -4.000000e+00
      vertex   2.833995e+01 -4.179829e+01  0.000000e+00
      vertex   3.269301e+01 -3.848919e+01  0.000000e+00
    endloop
  endfacet
  facet normal -6.876998e-01  7.259952e-01  0.000000e+00
    outer loop
      vertex   3.269301e+01 -3.848919e+01 -4.000000e+00
      vertex   3.269301e+01 -3.848919e+01  0.000000e+00
      vertex   3.666277e+01 -3.472882e+01 -4.000000e+00
    endloop
  endfacet
  facet normal -6.876998e-01  7.259952e-01  0.000000e+00
    outer loop
      vertex   3.666277e+01 -3.472882e+01 -4.000000e+00
      vertex   3.269301e+01 -3.848919e+01  0.000000e+00
      vertex   3.666277e+01 -3.472882e+01  0.000000e+00
    endloop
  endfacet
  facet normal -7.621623e-01  6.473860e-01  0.000000e+00
    outer loop
      vertex   3.666277e+01 -3.472882e+01 -4.000000e+00
      vertex   3.666277e+01 -3.472882e+01  0.000000e+00
      vertex   4.020270e+01 -3.056130e+01 -4.000000e+00
    endloop
  endfacet
  facet normal -7.621623e-01  6.473860e-01  0.000000e+00
    outer loop
      vertex   4.020270e+01 -3.056130e+01 -4.000000e+00
      vertex   3.666277e+01 -3.472882e+01  0.000000e+00
      vertex   4.020270e+01 -3.056130e+01  0.000000e+00
    endloop
  endfacet
  facet normal -8.276885e-01  5.611879e-01  0.000000e+00
    outer loop
      vertex   4.020270e+01 -3.056130e+01 -4.000000e+00
      vertex   4.020270e+01 -3.056130e+01  0.000000e+00
      vertex   4.327129e+01 -2.603547e+01 -4.000000e+00
    endloop
  endfacet
  facet normal -8.276885e-01  5.611879e-01  0.000000e+00
    outer loop
      vertex   4.327129e+01 -2.603547e+01 -4.000000e+00
      vertex   4.020270e+01 -3.056130e+01  0.000000e+00
      vertex   4.327129e+01 -2.603547e+01  0.000000e+00
    endloop
  endfacet
  facet normal -8.835124e-01  4.684078e-01  0.000000e+00
    outer loop
      vertex   4.327129e+01 -2.603547e+01 -4.000000e+00
      vertex   4.327129e+01 -2.603547e+01  0.000000e+00
      vertex   4.583256e+01 -2.120440e+01 -4.000000e+00
    endloop
  endfacet
  facet normal -8.835124e-01  4.684078e-01  0.000000e+00
    outer loop
      vertex   4.583256e+01 -2.120440e+01 -4.000000e+00
      vertex   4.327129e+01 -2.603547e+01  0.000000e+00
      vertex   4.583256e+01 -2.120440e+01  0.000000e+00
    endloop
  endfacet
  facet normal -9.289768e-01  3.701381e-01  0.000000e+00
    outer loop
      vertex   4.583256e+01 -2.120440e+01 -4.000000e+00
      vertex   4.583256e+01 -2.120440e+01  0.000000e+00
      vertex   4.785648e+01 -1.612473e+01 -4.000000e+00
    endloop
  endfacet
  facet normal -9.289768e-01  3.701381e-01  0.000000e+00
    outer loop
      vertex   4.785648e+01 -1.612473e+01 -4.000000e+00
      vertex   4.583256e+01 -2.120440e+01  0.000000e+00
      vertex   4.785648e+01 -1.612473e+01  0.000000e+00
    endloop
  endfacet
  facet normal -9.635498e-01  2.675289e-01  0.000000e+00
    outer loop
      vertex   4.785648e+01 -1.612473e+01 -4.000000e+00
      vertex   4.785648e+01 -1.612473e+01  0.000000e+00
      vertex   4.931934e+01 -1.085601e+01 -4.000000e+00
    endloop
  endfacet
  facet normal -9.635498e-01  2.675289e-01  0.000000e+00
    outer loop
      vertex   4.931934e+01 -1.085601e+01 -4.000000e+00
      vertex   4.785648e+01 -1.612473e+01  0.000000e+00
      vertex   4.931934e+01 -1.085601e+01  0.000000e+00
    endloop
  endfacet
  facet normal -9.868265e-01  1.617819e-01  0.000000e+00
    outer loop
      vertex   4.931934e+01 -1.085601e+01 -4.000000e+00
      vertex   4.931934e+01 -1.085601e+01  0.000000e+00
      vertex   5.020397e+01 -5.460010e+00 -4.000000e+00
    endloop
  endfacet
  facet normal -9.868265e-01  1.617819e-01  0.000000e+00
    outer loop
      vertex   5.020397e+01 -5.460010e+00 -4.000000e+00
      vertex   4.931934e+01 -1.085601e+01  0.000000e+00
      vertex   5.020397e+01 -5.460010e+00  0.000000e+00
    endloop
  endfacet
  facet normal  0.000000e+00 -0.000000e+00  1.000000e+00
    outer loop
      vertex   5.221240e+01 -5.487744e+00  0.000000e+00
      vertex   5.250000e+01  0.000000e+00  0.000000e+00
      vertex   5.050000e+01  0.000000e+00  0.000000e+00
    endloop
  endfacet
  facet normal  0.000000e+00  0.000000e+00  1.000000e+00
    outer loop
      vertex   5.050000e+01  0.000000e+00  0.000000e+00
      vertex   5.250000e+01  0.000000e+00  0.000000e+00
      vertex   5.221240e+01  5.487744e+00  0.000000e+00
    endloop
  endfacet
  facet normal  0.000000e+00 -0.000000e+00  1.000000e+00
    outer loop
      vertex   5.050000e+01  0.000000e+00  0.000000e+00
      vertex   5.221240e+01  5.487744e+00  0.000000e+00
      vertex   5.020397e+01  5.460010e+00  0.000000e+00
    endloop
  endfacet
  facet normal  0.000000e+00  0.000000e+00  1.000000e+00
    outer loop
      vertex   5.020397e+01  5.460010e+00  0.000000e+00
      vertex   5.221240e+01  5.487744e+00  0.000000e+00
      vertex   5.135275e+01  1.091536e+01  0.000000e+00
    endloop
  endfacet
  facet normal  0.000000e+00 -0.000000e+00  1.000000e+00
    outer loop
      vertex   5.020397e+01  5.460010e+00  0.000000e+00
      vertex   5.135275e+01  1.091536e+01  0.000000e+00
      vertex   4.931934e+01  1.085601e+01  0.000000e+00
    endloop
  endfacet
  facet normal  0.000000e+00  0.000000e+00  1.000000e+00
    outer loop
      vertex   4.931934e+01  1.085601e+01  0.000000e+00
      vertex   5.135275e+01  1.091536e+01  0.000000e+00
      vertex   4.993047e+01  1.622339e+01  0.000000e+00
    endloop
  endfacet
  facet normal  0.000000e+00 -0.000000e+00  1.000000e+00
    outer loop
      vertex   4.931934e+01  1.085601e+01  0.000000e+00
      vertex   4.993047e+01  1.622339e+01  0.000000e+00
      vertex   4.785648e+01  1.612473e+01  0.000000e+00
    endloop
  endfacet
  facet normal  0.000000e+00  0.000000e+00  1.000000e+00
    outer loop
      vertex   4.785648e+01  1.612473e+01  0.000000e+00
      vertex   4.993047e+01  1.622339e+01  0.000000e+00
      vertex   4.796114e+01  2.135367e+01  0.000000e+00
    endloop
  endfacet
  facet normal  0.000000e+00 -0.000000e+00  1.000000e+00
    outer loop
      vertex   4.785648e+01  1.612473e+01  0.000000e+00
      vertex   4.796114e+01  2.135367e+01  0.000000e+00
      vertex   4.583256e+01  2.120440e+01  0.000000e+00
    endloop
  endfacet
  facet normal  0.000000e+00 -0.000000e+00  1.000000e+00
    outer loop
      vertex   4.583256e+01  2.120440e+01  0.000000e+00
      vertex   4.796114e+01  2.135367e+01  0.000000e+00
      vertex   4.546633e+01  2.625000e+01  0.000000e+00
    endloop
  endfacet
  facet normal  0.000000e+00  0.000000e+00  1.000000e+00
    outer loop
      vertex   4.583256e+01  2.120440e+01  0.000000e+00
      vertex   4.546633e+01  2.625000e+01  0.000000e+00
      vertex   4.327129e+01  2.603547e+01  0.000000e+00
    endloop
  endfacet
  facet normal  0.000000e+00 -0.000000e+00  1.000000e+00
    outer loop
      vertex   4.327129e+01  2.603547e+01  0.000000e+00
      vertex   4.546633e+01  2.625000e+01  0.000000e+00
      vertex   4.247339e+01  3.085873e+01  0.000000e+00
    endloop
  endfacet
  facet normal  0.000000e+00  0.000000e+00  1.000000e+00
    outer loop
      vertex   4.327129e+01  2.603547e+01  0.000000e+00
      vertex   4.247339e+01  3.085873e+01  0.000000e+00
      vertex   4.020270e+01  3.056130e+01  0.000000e+00
    endloop
  endfacet
  facet normal  0.000000e+00 -0.000000e+00  1.000000e+00
    outer loop
      vertex   4.020270e+01  3.056130e+01  0.000000e+00
      vertex   4.247339e+01  3.085873e+01  0.000000e+00
      vertex   3.901510e+01  3.512936e+01  0.000000e+00
    endloop
  endfacet
  facet normal  0.000000e+00  0.000000e+00  1.000000e+00
    outer loop
      vertex   4.020270e+01  3.056130e+01  0.000000e+00
      vertex   3.901510e+01  3.512936e+01  0.000000e+00
      vertex   3.666277e+01  3.472882e+01  0.000000e+00
    endloop
  endfacet
  facet normal  0.000000e+00 -0.000000e+00  1.000000e+00
    outer loop
      vertex   3.666277e+01  3.472882e+01  0.000000e+00
      vertex   3.901510e+01  3.512936e+01  0.000000e+00
      vertex   3.512936e+01  3.901510e+01  0.000000e+00
    endloop
  endfacet
  facet normal  0.000000e+00  0.000000e+00  1.000000e+00
    outer loop
      vertex   3.666277e+01  3.472882e+01  0.000000e+00
      vertex   3.512936e+01  3.901510e+01  0.000000e+00
      vertex   3.269301e+01  3.848919e+01  0.000000e+00
    endloop
  endfacet
  facet normal  0.000000e+00 -0.000000e+00  1.000000e+00
    outer loop
      vertex   3.269301e+01  3.848919e+01  0.000000e+00
      vertex   3.512936e+01  3.901510e+01  0.000000e+00
      vertex   3.085873e+01  4.247339e+01  0.000000e+00
    endloop
  endfacet
  facet normal  0.000000e+00  0.000000e+00  1.000000e+00
    outer loop
      vertex   3.269301e+01  3.848919e+01  0.000000e+00
      vertex   3.085873e+01  4.247339e+01  0.000000e+00
      vertex   2.833995e+01  4.179829e+01  0.000000e+00
    endloop
  endfacet
  facet normal  0.000000e+00 -0.000000e+00  1.000000e+00
    outer loop
      vertex   2.833995e+01  4.179829e+01  0.000000e+00
      vertex   3.085873e+01  4.247339e+01  0.000000e+00
      vertex   2.625000e+01  4.546633e+01  0.000000e+00
    endloop
  endfacet
  facet normal  0.000000e+00  0.000000e+00  1.000000e+00
    outer loop
      vertex   2.833995e+01  4.179829e+01  0.000000e+00
      vertex   2.625000e+01  4.546633e+01  0.000000e+00
      vertex   2.365462e+01  4.461736e+01  0.000000e+00
    endloop
  endfacet
  facet normal  0.000000e+00 -0.000000e+00  1.000000e+00
    outer loop
      vertex   2.365462e+01  4.461736e+01  0.000000e+00
      vertex   2.625000e+01  4.546633e+01  0.000000e+00
      vertex   2.135367e+01  4.796114e+01  0.000000e+00
    endloop
  endfacet
  facet normal  0.000000e+00  0.000000e+00  1.000000e+00
    outer loop
      vertex   2.365462e+01  4.461736e+01  0.000000e+00
      vertex   2.135367e+01  4.796114e+01  0.000000e+00
      vertex   1.869198e+01  4.691332e+01  0.000000e+00
    endloop
  endfacet
  facet normal  0.000000e+00 -0.000000e+00  1.000000e+00
    outer loop
      vertex   1.869198e+01  4.691332e+01  0.000000e+00
      vertex   2.135367e+01  4.796114e+01  0.000000e+00
      vertex   1.622339e+01  4.993047e+01  0.000000e+00
    endloop
  endfacet
  facet normal  0.000000e+00  0.000000e+00  1.000000e+00
    outer loop
      vertex   1.869198e+01  4.691332e+01  0.000000e+00
      vertex   1.622339e+01  4.993047e+01  0.000000e+00
      vertex   1.351018e+01  4.865928e+01  0.000000e+00
    endloop
  endfacet
  facet normal  0.000000e+00 -0.000000e+00  1.000000e+00
    outer loop
      vertex   1.351018e+01  4.865928e+01  0.000000e+00
      vertex   1.622339e+01  4.993047e+01  0.000000e+00
      vertex   1.091536e+01  5.135275e+01  0.000000e+00
    endloop
  endfacet
  facet normal  0.000000e+00  0.000000e+00  1.000000e+00
    outer loop
      vertex   1.351018e+01  4.865928e+01  0.000000e+00
      vertex   1.091536e+01  5.135275e+01  0.000000e+00
      vertex   8.169991e+00  4.983474e+01  0.000000e+00
    endloop
  endfacet
  facet normal  0.000000e+00 -0.000000e+00  1.000000e+00
    outer loop
      vertex   8.169991e+00  4.983474e+01  0.000000e+00
      vertex   1.091536e+01  5.135275e+01  0.000000e+00
      vertex   5.487744e+00  5.221240e+01  0.000000e+00
    endloop
  endfacet
  facet normal  0.000000e+00  0.000000e+00  1.000000e+00
    outer loop
      vertex   8.169991e+00  4.983474e+01  0.000000e+00
      vertex   5.487744e+00  5.221240e+01  0.000000e+00
      vertex   2.734015e+00  5.042594e+01  0.000000e+00
    endloop
  endfacet
  facet normal  0.000000e+00 -0.000000e+00  1.000000e+00
    outer loop
      vertex   2.734015e+00  5.042594e+01  0.000000e+00
      vertex   5.487744e+00  5.221240e+01  0.000000e+00
      vertex   0.000000e+00  5.250000e+01  0.000000e+00
    endloop
  endfacet
  facet normal  0.000000e+00  0.000000e+00  1.000000e+00
    outer loop
      vertex   2.734015e+00  5.042594e+01  0.000000e+00
      vertex   0.000000e+00  5.250000e+01  0.000000e+00
      vertex  -2.734015e+00  5.042594e+01  0.000000e+00
    endloop
  endfacet
  facet normal  0.000000e+00 -0.000000e+00  1.000000e+00
    outer loop
      vertex  -2.734015e+00  5.042594e+01  0.000000e+00
      vertex   0.000000e+00  5.250000e+01  0.000000e+00
      vertex  -5.487744e+00  5.221240e+01  0.000000e+00
    endloop
  endfacet
  facet normal  0.000000e+00  0.000000e+00  1.000000e+00
    outer loop
      vertex  -2.734015e+00  5.042594e+01  0.000000e+00
      vertex  -5.487744e+00  5.221240e+01  0.000000e+00
      vertex  -8.169991e+00  4.983474e+01  0.000000e+00
    endloop
  endfacet
  facet normal  0.000000e+00 -0.000000e+00  1.000000e+00
    outer loop
      vertex  -8.169991e+00  4.983474e+01  0.000000e+00
      vertex  -5.487744e+00  5.221240e+01  0.000000e+00
      vertex  -1.091536e+01  5.135275e+01  0.000000e+00
    endloop
  endfacet
  facet normal  0.000000e+00  0.000000e+00  1.000000e+00
    outer loop
      vertex  -8.169991e+00  4.983474e+01  0.000000e+00
      vertex  -1.091536e+01  5.135275e+01  0.000000e+00
      vertex  -1.351018e+01  4.865928e+01  0.000000e+00
    endloop
  endfacet
  facet normal  0.000000e+00 -0.000000e+00  1.000000e+00
    outer loop
      vertex  -1.351018e+01  4.865928e+01  0.000000e+00
      vertex  -1.091536e+01  5.135275e+01  0.000000e+00
      vertex  -1.622339e+01  4.993047e+01  0.000000e+00
    endloop
  endfacet
  facet normal  0.000000e+00  0.000000e+00  1.000000e+00
    outer loop
      vertex  -1.351018e+01  4.865928e+01  0.000000e+00
      vertex  -1.622339e+01  4.993047e+01  0.000000e+00
      vertex  -1.869198e+01  4.691332e+01  0.000000e+00
    endloop
  endfacet
  facet normal  0.000000e+00 -0.000000e+00  1.000000e+00
    outer loop
      vertex  -1.869198e+01  4.691332e+01  0.000000e+00
      vertex  -1.622339e+01  4.993047e+01  0.000000e+00
      vertex  -2.135367e+01  4.796114e+01  0.000000e+00
    endloop
  endfacet
  facet normal  0.000000e+00  0.000000e+00  1.000000e+00
    outer loop
      vertex  -1.869198e+01  4.691332e+01  0.000000e+00
      vertex  -2.135367e+01  4.796114e+01  0.000000e+00
      vertex  -2.365462e+01  4.461736e+01  0.000000e+00
    endloop
  endfacet
  facet normal  0.000000e+00 -0.000000e+00  1.000000e+00
    outer loop
      vertex  -2.365462e+01  4.461736e+01  0.000000e+00
      vertex  -2.135367e+01  4.796114e+01  0.000000e+00
      vertex  -2.625000e+01  4.546633e+01  0.000000e+00
    endloop
  endfacet
  facet normal  0.000000e+00  0.000000e+00  1.000000e+00
    outer loop
      vertex  -2.365462e+01  4.461736e+01  0.000000e+00
      vertex  -2.625000e+01  4.546633e+01  0.000000e+00
      vertex  -2.833995e+01  4.179829e+01  0.000000e+00
    endloop
  endfacet
  facet normal  0.000000e+00 -0.000000e+00  1.000000e+00
    outer loop
      vertex  -2.833995e+01  4.179829e+01  0.000000e+00
      vertex  -2.625000e+01  4.546633e+01  0.000000e+00
      vertex  -3.085873e+01  4.247339e+01  0.000000e+00
    endloop
  endfacet
  facet normal  0.000000e+00  0.000000e+00  1.000000e+00
    outer loop
      vertex  -2.833995e+01  4.179829e+01  0.000000e+00
      vertex  -3.085873e+01  4.247339e+01  0.000000e+00
      vertex  -3.269301e+01  3.848919e+01  0.000000e+00
    endloop
  endfacet
  facet normal  0.000000e+00 -0.000000e+00  1.000000e+00
    outer loop
      vertex  -3.269301e+01  3.848919e+01  0.000000e+00
      vertex  -3.085873e+01  4.247339e+01  0.000000e+00
      vertex  -3.512936e+01  3.901510e+01  0.000000e+00
    endloop
  endfacet
  facet normal  0.000000e+00  0.000000e+00  1.000000e+00
    outer loop
      vertex  -3.269301e+01  3.848919e+01  0.000000e+00
      vertex  -3.512936e+01  3.901510e+01  0.000000e+00
      vertex  -3.666277e+01  3.472882e+01  0.000000e+00
    endloop
  endfacet
  facet normal  0.000000e+00 -0.000000e+00  1.000000e+00
    outer loop
      vertex  -3.666277e+01  3.472882e+01  0.000000e+00
      vertex  -3.512936e+01  3.901510e+01  0.000000e+00
      vertex  -3.901510e+01  3.512936e+01  0.000000e+00
    endloop
  endfacet
  facet normal  0.000000e+00  0.000000e+00  1.000000e+00
    outer loop
      vertex  -3.666277e+01  3.472882e+01  0.000000e+00
      vertex  -3.901510e+01  3.512936e+01  0.000000e+00
      vertex  -4.020270e+01  3.056130e+01  0.000000e+00
    endloop
  endfacet
  facet normal  0.000000e+00 -0.000000e+00  1.000000e+00
    outer loop
      vertex  -4.020270e+01  3.056130e+01  0.000000e+00
      vertex  -3.901510e+01  3.512936e+01  0.000000e+00
      vertex  -4.247339e+01  3.085873e+01  0.000000e+00
    endloop
  endfacet
  facet normal  0.000000e+00  0.000000e+00  1.000000e+00
    outer loop
      vertex  -4.020270e+01  3.056130e+01  0.000000e+00
      vertex  -4.247339e+01  3.085873e+01  0.000000e+00
      vertex  -4.327129e+01  2.603547e+01  0.000000e+00
    endloop
  endfacet
  facet normal  0.000000e+00 -0.000000e+00  1.000000e+00
    outer loop
      vertex  -4.327129e+01  2.603547e+01  0.000000e+00
      vertex  -4.247339e+01  3.085873e+01  0.000000e+00
      vertex  -4.546633e+01  2.625000e+01  0.000000e+00
    endloop
  endfacet
  facet normal  0.000000e+00  0.000000e+00  1.000000e+00
    outer loop
      vertex  -4.327129e+01  2.603547e+01  0.000000e+00
      vertex  -4.546633e+01  2.625000e+01  0.000000e+00
      vertex  -4.583256e+01  2.120440e+01  0.000000e+00
    endloop
  endfacet
  facet normal  0.000000e+00 -0.000000e+00  1.000000e+00
    outer loop
      vertex  -4.583256e+01  2.120440e+01  0.000000e+00
      vertex  -4.546633e+01  2.625000e+01  0.000000e+00
      vertex  -4.796114e+01  2.135367e+01  0.000000e+00
    endloop
  endfacet
  facet normal  0.000000e+00  0.000000e+00  1.000000e+00
    outer loop
      vertex  -4.583256e+01  2.120440e+01  0.000000e+00
      vertex  -4.796114e+01  2.135367e+01  0.000000e+00
      vertex  -4.785648e+01  1.612473e+01  0.000000e+00
    endloop
  endfacet
  facet normal  0.000000e+00  0.000000e+00  1.000000e+00
    outer loop
      vertex  -4.785648e+01  1.612473e+01  0.000000e+00
      vertex  -4.796114e+01  2.135367e+01  0.000000e+00
      vertex  -4.993047e+01  1.622339e+01  0.000000e+00
    endloop
  endfacet
  facet normal  0.000000e+00  0.000000e+00  1.000000e+00
    outer loop
      vertex  -4.785648e+01  1.612473e+01  0.000000e+00
      vertex  -4.993047e+01  1.622339e+01  0.000000e+00
      vertex  -4.931934e+01  1.085601e+01  0.000000e+00
    endloop
  endfacet
  facet normal  0.000000e+00  0.000000e+00  1.000000e+00
    outer loop
      vertex  -4.931934e+01  1.085601e+01  0.000000e+00
      vertex  -4.993047e+01  1.622339e+01  0.000000e+00
      vertex  -5.135275e+01  1.091536e+01  0.000000e+00
    endloop
  endfacet
  facet normal  0.000000e+00  0.000000e+00  1.000000e+00
    outer loop
      vertex  -4.931934e+01  1.085601e+01  0.000000e+00
      vertex  -5.135275e+01  1.091536e+01  0.000000e+00
      vertex  -5.020397e+01  5.460010e+00  0.000000e+00
    endloop
  endfacet
  facet normal  0.000000e+00  0.000000e+00  1.000000e+00
    outer loop
      vertex  -5.020397e+01  5.460010e+00  0.000000e+00
      vertex  -5.135275e+01  1.091536e+01  0.000000e+00
      vertex  -5.221240e+01  5.487744e+00  0.000000e+00
    endloop
  endfacet
  facet normal  0.000000e+00  0.000000e+00  1.000000e+00
    outer loop
      vertex  -5.020397e+01  5.460010e+00  0.000000e+00
      vertex  -5.221240e+01  5.487744e+00  0.000000e+00
      vertex  -5.050000e+01  0.000000e+00  0.000000e+00
    endloop
  endfacet
  facet normal  0.000000e+00  0.000000e+00  1.000000e+00
    outer loop
      vertex  -5.050000e+01  0.000000e+00  0.000000e+00
      vertex  -5.221240e+01  5.487744e+00  0.000000e+00
      vertex  -5.250000e+01  0.000000e+00  0.000000e+00
    endloop
  endfacet
  facet normal  0.000000e+00  0.000000e+00  1.000000e+00
    outer loop
      vertex  -5.050000e+01  0.000000e+00  0.000000e+00
      vertex  -5.250000e+01  0.000000e+00  0.000000e+00
      vertex  -5.221240e+01 -5.487744e+00  0.000000e+00
    endloop
  endfacet
  facet normal  0.000000e+00  0.000000e+00  1.000000e+00
    outer loop
      vertex  -5.050000e+01  0.000000e+00  0.000000e+00
      vertex  -5.221240e+01 -5.487744e+00  0.000000e+00
      vertex  -5.020397e+01 -5.460010e+00  0.000000e+00
    endloop
  endfacet
  facet normal  0.000000e+00  0.000000e+00  1.000000e+00
    outer loop
      vertex  -5.020397e+01 -5.460010e+00  0.000000e+00
      vertex  -5.221240e+01 -5.487744e+00  0.000000e+00
      vertex  -5.135275e+01 -1.091536e+01  0.000000e+00
    endloop
  endfacet
  facet normal  0.000000e+00  0.000000e+00  1.000000e+00
    outer loop
      vertex  -5.020397e+01 -5.460010e+00  0.000000e+00
      vertex  -5.135275e+01 -1.091536e+01  0.000000e+00
      vertex  -4.931934e+01 -1.085601e+01  0.000000e+00
    endloop
  endfacet
  facet normal  0.000000e+00  0.000000e+00  1.000000e+00
    outer loop
      vertex  -4.931934e+01 -1.085601e+01  0.000000e+00
      vertex  -5.135275e+01 -1.091536e+01  0.000000e+00
      vertex  -4.993047e+01 -1.622339e+01  0.000000e+00
    endloop
  endfacet
  facet normal  0.000000e+00  0.000000e+00  1.000000e+00
    outer loop
      vertex  -4.931934e+01 -1.085601e+01  0.000000e+00
      vertex  -4.993047e+01 -1.622339e+01  0.000000e+00
      vertex  -4.785648e+01 -1.612473e+01  0.000000e+00
    endloop
  endfacet
  facet normal  0.000000e+00  0.000000e+00  1.000000e+00
    outer loop
      vertex  -4.785648e+01 -1.612473e+01  0.000000e+00
      vertex  -4.993047e+01 -1.622339e+01  0.000000e+00
      vertex  -4.796114e+01 -2.135367e+01  0.000000e+00
    endloop
  endfacet
  facet normal  0.000000e+00  0.000000e+00  1.000000e+00
    outer loop
      vertex  -4.785648e+01 -1.612473e+01  0.000000e+00
      vertex  -4.796114e+01 -2.135367e+01  0.000000e+00
      vertex  -4.583256e+01 -2.120440e+01  0.000000e+00
    endloop
  endfacet
  facet normal  0.000000e+00  0.000000e+00  1.000000e+00
    outer loop
      vertex  -4.583256e+01 -2.120440e+01  0.000000e+00
      vertex  -4.796114e+01 -2.135367e+01  0.000000e+00
      vertex  -4.546633e+01 -2.625000e+01  0.000000e+00
    endloop
  endfacet
  facet normal  0.000000e+00  0.000000e+00  1.000000e+00
    outer loop
      vertex  -4.583256e+01 -2.120440e+01  0.000000e+00
      vertex  -4.546633e+01 -2.625000e+01  0.000000e+00
      vertex  -4.327129e+01 -2.603547e+01  0.000000e+00
    endloop
  endfacet
  facet normal  0.000000e+00  0.000000e+00  1.000000e+00
    outer loop
      vertex  -4.327129e+01 -2.603547e+01  0.000000e+00
      vertex  -4.546633e+01 -2.625000e+01  0.000000e+00
      vertex  -4.247339e+01 -3.085873e+01  0.000000e+00
    endloop
  endfacet
  facet normal  0.000000e+00  0.000000e+00  1.000000e+00
    outer loop
      vertex  -4.327129e+01 -2.603547e+01  0.000000e+00
      vertex  -4.247339e+01 -3.085873e+01  0.000000e+00
      vertex  -4.020270e+01 -3.056130e+01  0.000000e+00
    endloop
  endfacet
  facet normal  0.000000e+00  0.000000e+00  1.000000e+00
    outer loop
      vertex  -4.020270e+01 -3.056130e+01  0.000000e+00
      vertex  -4.247339e+01 -3.085873e+01  0.000000e+00
      vertex  -3.901510e+01 -3.512936e+01  0.000000e+00
    endloop
  endfacet
  facet normal  0.000000e+00  0.000000e+00  1.000000e+00
    outer loop
      vertex  -4.020270e+01 -3.056130e+01  0.000000e+00
      vertex  -3.901510e+01 -3.512936e+01  0.000000e+00
      vertex  -3.666277e+01 -3.472882e+01  0.000000e+00
    endloop
  endfacet
  facet normal  0.000000e+00  0.000000e+00  1.000000e+00
    outer loop
      vertex  -3.666277e+01 -3.472882e+01  0.000000e+00
      vertex  -3.901510e+01 -3.512936e+01  0.000000e+00
      vertex  -3.512936e+01 -3.901510e+01  0.000000e+00
    endloop
  endfacet
  facet normal  0.000000e+00  0.000000e+00  1.000000e+00
    outer loop
      vertex  -3.666277e+01 -3.472882e+01  0.000000e+00
      vertex  -3.512936e+01 -3.901510e+01  0.000000e+00
      vertex  -3.269301e+01 -3.848919e+01  0.000000e+00
    endloop
  endfacet
  facet normal  0.000000e+00  0.000000e+00  1.000000e+00
    outer loop
      vertex  -3.269301e+01 -3.848919e+01  0.000000e+00
      vertex  -3.512936e+01 -3.901510e+01  0.000000e+00
      vertex  -3.085873e+01 -4.247339e+01  0.000000e+00
    endloop
  endfacet
  facet normal  0.000000e+00  0.000000e+00  1.000000e+00
    outer loop
      vertex  -3.269301e+01 -3.848919e+01  0.000000e+00
      vertex  -3.085873e+01 -4.247339e+01  0.000000e+00
      vertex  -2.833995e+01 -4.179829e+01  0.000000e+00
    endloop
  endfacet
  facet normal  0.000000e+00  0.000000e+00  1.000000e+00
    outer loop
      vertex  -2.833995e+01 -4.179829e+01  0.000000e+00
      vertex  -3.085873e+01 -4.247339e+01  0.000000e+00
      vertex  -2.625000e+01 -4.546633e+01  0.000000e+00
    endloop
  endfacet
  facet normal  0.000000e+00  0.000000e+00  1.000000e+00
    outer loop
      vertex  -2.833995e+01 -4.179829e+01  0.000000e+00
      vertex  -2.625000e+01 -4.546633e+01  0.000000e+00
      vertex  -2.365462e+01 -4.461736e+01  0.000000e+00
    endloop
  endfacet
  facet normal  0.000000e+00  0.000000e+00  1.000000e+00
    outer loop
      vertex  -2.365462e+01 -4.461736e+01  0.000000e+00
      vertex  -2.625000e+01 -4.546633e+01  0.000000e+00
      vertex  -2.135367e+01 -4.796114e+01  0.000000e+00
    endloop
  endfacet
  facet normal  0.000000e+00  0.000000e+00  1.000000e+00
    outer loop
      vertex  -2.365462e+01 -4.461736e+01  0.000000e+00
      vertex  -2.135367e+01 -4.796114e+01  0.000000e+00
      vertex  -1.869198e+01 -4.691332e+01  0.000000e+00
    endloop
  endfacet
  facet normal  0.000000e+00  0.000000e+00  1.000000e+00
    outer loop
      vertex  -1.869198e+01 -4.691332e+01  0.000000e+00
      vertex  -2.135367e+01 -4.796114e+01  0.000000e+00
      vertex  -1.622339e+01 -4.993047e+01  0.000000e+00
    endloop
  endfacet
  facet normal  0.000000e+00  0.000000e+00  1.000000e+00
    outer loop
      vertex  -1.869198e+01 -4.691332e+01  0.000000e+00
      vertex  -1.622339e+01 -4.993047e+01  0.000000e+00
      vertex  -1.351018e+01 -4.865928e+01  0.000000e+00
    endloop
  endfacet
  facet normal  0.000000e+00  0.000000e+00  1.000000e+00
    outer loop
      vertex  -1.351018e+01 -4.865928e+01  0.000000e+00
      vertex  -1.622339e+01 -4.993047e+01  0.000000e+00
      vertex  -1.091536e+01 -5.135275e+01  0.000000e+00
    endloop
  endfacet
  facet normal  0.000000e+00  0.000000e+00  1.000000e+00
    outer loop
      vertex  -1.351018e+01 -4.865928e+01  0.000000e+00
      vertex  -1.091536e+01 -5.135275e+01  0.000000e+00
      vertex  -8.169991e+00 -4.983474e+01  0.000000e+00
    endloop
  endfacet
  facet normal  0.000000e+00  0.000000e+00  1.000000e+00
    outer loop
      vertex  -8.169991e+00 -4.983474e+01  0.000000e+00
      vertex  -1.091536e+01 -5.135275e+01  0.000000e+00
      vertex  -5.487744e+00 -5.221240e+01  0.000000e+00
    endloop
  endfacet
  facet normal  0.000000e+00  0.000000e+00  1.000000e+00
    outer loop
      vertex  -8.169991e+00 -4.983474e+01  0.000000e+00
      vertex  -5.487744e+00 -5.221240e+01  0.000000e+00
      vertex  -2.734015e+00 -5.042594e+01  0.000000e+00
    endloop
  endfacet
  facet normal  0.000000e+00  0.000000e+00  1.000000e+00
    outer loop
      vertex  -2.734015e+00 -5.042594e+01  0.000000e+00
      vertex  -5.487744e+00 -5.221240e+01  0.000000e+00
      vertex   0.000000e+00 -5.250000e+01  0.000000e+00
    endloop
  endfacet
  facet normal -0.000000e+00  0.000000e+00  1.000000e+00
    outer loop
      vertex  -2.734015e+00 -5.042594e+01  0.000000e+00
      vertex   0.000000e+00 -5.250000e+01  0.000000e+00
      vertex   2.734015e+00 -5.042594e+01  0.000000e+00
    endloop
  endfacet
  facet normal  0.000000e+00  0.000000e+00  1.000000e+00
    outer loop
      vertex   2.734015e+00 -5.042594e+01  0.000000e+00
      vertex   0.000000e+00 -5.250000e+01  0.000000e+00
      vertex   5.487744e+00 -5.221240e+01  0.000000e+00
    endloop
  endfacet
  facet normal -0.000000e+00  0.000000e+00  1.000000e+00
    outer loop
      vertex   2.734015e+00 -5.042594e+01  0.000000e+00
      vertex   5.487744e+00 -5.221240e+01  0.000000e+00
      vertex   8.169991e+00 -4.983474e+01  0.000000e+00
    endloop
  endfacet
  facet normal  0.000000e+00  0.000000e+00  1.000000e+00
    outer loop
      vertex   8.169991e+00 -4.983474e+01  0.000000e+00
      vertex   5.487744e+00 -5.221240e+01  0.000000e+00
      vertex   1.091536e+01 -5.135275e+01  0.000000e+00
    endloop
  endfacet
  facet normal -0.000000e+00  0.000000e+00  1.000000e+00
    outer loop
      vertex   8.169991e+00 -4.983474e+01  0.000000e+00
      vertex   1.091536e+01 -5.135275e+01  0.000000e+00
      vertex   1.351018e+01 -4.865928e+01  0.000000e+00
    endloop
  endfacet
  facet normal  0.000000e+00  0.000000e+00  1.000000e+00
    outer loop
      vertex   1.351018e+01 -4.865928e+01  0.000000e+00
      vertex   1.091536e+01 -5.135275e+01  0.000000e+00
      vertex   1.622339e+01 -4.993047e+01  0.000000e+00
    endloop
  endfacet
  facet normal -0.000000e+00  0.000000e+00  1.000000e+00
    outer loop
      vertex   1.351018e+01 -4.865928e+01  0.000000e+00
      vertex   1.622339e+01 -4.993047e+01  0.000000e+00
      vertex   1.869198e+01 -4.691332e+01  0.000000e+00
    endloop
  endfacet
  facet normal  0.000000e+00  0.000000e+00  1.000000e+00
    outer loop
      vertex   1.869198e+01 -4.691332e+01  0.000000e+00
      vertex   1.622339e+01 -4.993047e+01  0.000000e+00
      vertex   2.135367e+01 -4.796114e+01  0.000000e+00
    endloop
  endfacet
  facet normal -0.000000e+00  0.000000e+00  1.000000e+00
    outer loop
      vertex   1.869198e+01 -4.691332e+01  0.000000e+00
      vertex   2.135367e+01 -4.796114e+01  0.000000e+00
      vertex   2.365462e+01 -4.461736e+01  0.000000e+00
    endloop
  endfacet
  facet normal  0.000000e+00  0.000000e+00  1.000000e+00
    outer loop
      vertex   2.365462e+01 -4.461736e+01  0.000000e+00
      vertex   2.135367e+01 -4.796114e+01  0.000000e+00
      vertex   2.625000e+01 -4.546633e+01  0.000000e+00
    endloop
  endfacet
  facet normal -0.000000e+00  0.000000e+00  1.000000e+00
    outer loop
      vertex   2.365462e+01 -4.461736e+01  0.000000e+00
      vertex   2.625000e+01 -4.546633e+01  0.000000e+00
      vertex   2.833995e+01 -4.179829e+01  0.000000e+00
    endloop
  endfacet
  facet normal  0.000000e+00  0.000000e+00  1.000000e+00
    outer loop
      vertex   2.833995e+01 -4.179829e+01  0.000000e+00
      vertex   2.625000e+01 -4.546633e+01  0.000000e+00
      vertex   3.085873e+01 -4.247339e+01  0.000000e+00
    endloop
  endfacet
  facet normal -0.000000e+00  0.000000e+00  1.000000e+00
    outer loop
      vertex   2.833995e+01 -4.179829e+01  0.000000e+00
      vertex   3.085873e+01 -4.247339e+01  0.000000e+00
      vertex   3.269301e+01 -3.848919e+01  0.000000e+00
    endloop
  endfacet
  facet normal  0.000000e+00  0.000000e+00  1.000000e+00
    outer loop
      vertex   3.269301e+01 -3.848919e+01  0.000000e+00
      vertex   3.085873e+01 -4.247339e+01  0.000000e+00
      vertex   3.512936e+01 -3.901510e+01  0.000000e+00
    endloop
  endfacet
  facet normal -0.000000e+00  0.000000e+00  1.000000e+00
    outer loop
      vertex   3.269301e+01 -3.848919e+01  0.000000e+00
      vertex   3.512936e+01 -3.901510e+01  0.000000e+00
      vertex   3.666277e+01 -3.472882e+01  0.000000e+00
    endloop
  endfacet
  facet normal  0.000000e+00  0.000000e+00  1.000000e+00
    outer loop
      vertex   3.666277e+01 -3.472882e+01  0.000000e+00
      vertex   3.512936e+01 -3.901510e+01  0.000000e+00
      vertex   3.901510e+01 -3.512936e+01  0.000000e+00
    endloop
  endfacet
  facet normal -0.000000e+00  0.000000e+00  1.000000e+00
    outer loop
      vertex   3.666277e+01 -3.472882e+01  0.000000e+00
      vertex   3.901510e+01 -3.512936e+01  0.000000e+00
      vertex   4.020270e+01 -3.056130e+01  0.000000e+00
    endloop
  endfacet
  facet normal  0.000000e+00  0.000000e+00  1.000000e+00
    outer loop
      vertex   4.020270e+01 -3.056130e+01  0.000000e+00
      vertex   3.901510e+01 -3.512936e+01  0.000000e+00
      vertex   4.247339e+01 -3.085873e+01  0.000000e+00
    endloop
  endfacet
  facet normal -0.000000e+00  0.000000e+00  1.000000e+00
    outer loop
      vertex   4.020270e+01 -3.056130e+01  0.000000e+00
      vertex   4.247339e+01 -3.085873e+01  0.000000e+00
      vertex   4.327129e+01 -2.603547e+01  0.000000e+00
    endloop
  endfacet
  facet normal  0.000000e+00  0.000000e+00  1.000000e+00
    outer loop
      vertex   4.327129e+01 -2.603547e+01  0.000000e+00
      vertex   4.247339e+01 -3.085873e+01  0.000000e+00
      vertex   4.546633e+01 -2.625000e+01  0.000000e+00
    endloop
  endfacet
  facet normal -0.000000e+00  0.000000e+00  1.000000e+00
    outer loop
      vertex   4.327129e+01 -2.603547e+01  0.000000e+00
      vertex   4.546633e+01 -2.625000e+01  0.000000e+00
      vertex   4.583256e+01 -2.120440e+01  0.000000e+00
    endloop
  endfacet
  facet normal  0.000000e+00  0.000000e+00  1.000000e+00
    outer loop
      vertex   4.583256e+01 -2.120440e+01  0.000000e+00
      vertex   4.546633e+01 -2.625000e+01  0.000000e+00
      vertex   4.796114e+01 -2.135367e+01  0.000000e+00
    endloop
  endfacet
  facet normal -0.000000e+00  0.000000e+00  1.000000e+00
    outer loop
      vertex   4.583256e+01 -2.120440e+01  0.000000e+00
      vertex   4.796114e+01 -2.135367e+01  0.000000e+00
      vertex   4.785648e+01 -1.612473e+01  0.000000e+00
    endloop
  endfacet
  facet normal  0.000000e+00  0.000000e+00  1.000000e+00
    outer loop
      vertex   4.785648e+01 -1.612473e+01  0.000000e+00
      vertex   4.796114e+01 -2.135367e+01  0.000000e+00
      vertex   4.993047e+01 -1.622339e+01  0.000000e+00
    endloop
  endfacet
  facet normal -0.000000e+00  0.000000e+00  1.000000e+00
    outer loop
      vertex   4.785648e+01 -1.612473e+01  0.000000e+00
      vertex   4.993047e+01 -1.622339e+01  0.000000e+00
      vertex   4.931934e+01 -1.085601e+01  0.000000e+00
    endloop
  endfacet
  facet normal  0.000000e+00  0.000000e+00  1.000000e+00
    outer loop
      vertex   4.931934e+01 -1.085601e+01  0.000000e+00
      vertex   4.993047e+01 -1.622339e+01  0.000000e+00
      vertex   5.135275e+01 -1.091536e+01  0.000000e+00
    endloop
  endfacet
  facet normal -0.000000e+00  0.000000e+00  1.000000e+00
    outer loop
      vertex   4.931934e+01 -1.085601e+01  0.000000e+00
      vertex   5.135275e+01 -1.091536e+01  0.000000e+00
      vertex   5.020397e+01 -5.460010e+00  0.000000e+00
    endloop
  endfacet
  facet normal  0.000000e+00  0.000000e+00  1.000000e+00
    outer loop
      vertex   5.020397e+01 -5.460010e+00  0.000000e+00
      vertex   5.135275e+01 -1.091536e+01  0.000000e+00
      vertex   5.221240e+01 -5.487744e+00  0.000000e+00
    endloop
  endfacet
  facet normal -0.000000e+00  0.000000e+00  1.000000e+00
    outer loop
      vertex   5.020397e+01 -5.460010e+00  0.000000e+00
      vertex   5.221240e+01 -5.487744e+00  0.000000e+00
      vertex   5.050000e+01  0.000000e+00  0.000000e+00
    endloop
  endfacet
  facet normal  0.000000e+00 -0.000000e+00 -1.000000e+00
    outer loop
      vertex   5.221240e+01  5.487744e+00 -4.000000e+00
      vertex   5.250000e+01  0.000000e+00 -4.000000e+00
      vertex   5.050000e+01  0.000000e+00 -4.000000e+00
    endloop
  endfacet
  facet normal  0.000000e+00  0.000000e+00 -1.000000e+00
    outer loop
      vertex   5.050000e+01  0.000000e+00 -4.000000e+00
      vertex   5.250000e+01  0.000000e+00 -4.000000e+00
      vertex   5.221240e+01 -5.487744e+00 -4.000000e+00
    endloop
  endfacet
  facet normal  0.000000e+00 -0.000000e+00 -1.000000e+00
    outer loop
      vertex   5.050000e+01  0.000000e+00 -4.000000e+00
      vertex   5.221240e+01 -5.487744e+00 -4.000000e+00
      vertex   5.020397e+01 -5.460010e+00 -4.000000e+00
    endloop
  endfacet
  facet normal  0.000000e+00  0.000000e+00 -1.000000e+00
    outer loop
      vertex   5.020397e+01 -5.460010e+00 -4.000000e+00
      vertex   5.221240e+01 -5.487744e+00 -4.000000e+00
      vertex   5.135275e+01 -1.091536e+01 -4.000000e+00
    endloop
  endfacet
  facet normal  0.000000e+00 -0.000000e+00 -1.000000e+00
    outer loop
      vertex   5.020397e+01 -5.460010e+00 -4.000000e+00
      vertex   5.135275e+01 -1.091536e+01 -4.000000e+00
      vertex   4.931934e+01 -1.085601e+01 -4.000000e+00
    endloop
  endfacet
  facet normal  0.000000e+00  0.000000e+00 -1.000000e+00
    outer loop
      vertex   4.931934e+01 -1.085601e+01 -4.000000e+00
      vertex   5.135275e+01 -1.091536e+01 -4.000000e+00
      vertex   4.993047e+01 -1.622339e+01 -4.000000e+00
    endloop
  endfacet
  facet normal  0.000000e+00 -0.000000e+00 -1.000000e+00
    outer loop
      vertex   4.931934e+01 -1.085601e+01 -4.000000e+00
      vertex   4.993047e+01 -1.622339e+01 -4.000000e+00
      vertex   4.785648e+01 -1.612473e+01 -4.000000e+00
    endloop
  endfacet
  facet normal  0.000000e+00  0.000000e+00 -1.000000e+00
    outer loop
      vertex   4.785648e+01 -1.612473e+01 -4.000000e+00
      vertex   4.993047e+01 -1.622339e+01 -4.000000e+00
      vertex   4.796114e+01 -2.135367e+01 -4.000000e+00
    endloop
  endfacet
  facet normal  0.000000e+00 -0.000000e+00 -1.000000e+00
    outer loop
      vertex   4.785648e+01 -1.612473e+01 -4.000000e+00
      vertex   4.796114e+01 -2.135367e+01 -4.000000e+00
      vertex   4.583256e+01 -2.120440e+01 -4.000000e+00
    endloop
  endfacet
  facet normal  0.000000e+00 -0.000000e+00 -1.000000e+00
    outer loop
      vertex   4.583256e+01 -2.120440e+01 -4.000000e+00
      vertex   4.796114e+01 -2.135367e+01 -4.000000e+00
      vertex   4.546633e+01 -2.625000e+01 -4.000000e+00
    endloop
  endfacet
  facet normal  0.000000e+00  0.000000e+00 -1.000000e+00
    outer loop
      vertex   4.583256e+01 -2.120440e+01 -4.000000e+00
      vertex   4.546633e+01 -2.625000e+01 -4.000000e+00
      vertex   4.327129e+01 -2.603547e+01 -4.000000e+00
    endloop
  endfacet
  facet normal  0.000000e+00 -0.000000e+00 -1.000000e+00
    outer loop
      vertex   4.327129e+01 -2.603547e+01 -4.000000e+00
      vertex   4.546633e+01 -2.625000e+01 -4.000000e+00
      vertex   4.247339e+01 -3.085873e+01 -4.000000e+00
    endloop
  endfacet
  facet normal  0.000000e+00  0.000000e+00 -1.000000e+00
    outer loop
      vertex   4.327129e+01 -2.603547e+01 -4.000000e+00
      vertex   4.247339e+01 -3.085873e+01 -4.000000e+00
      vertex   4.020270e+01 -3.056130e+01 -4.000000e+00
    endloop
  endfacet
  facet normal  0.000000e+00 -0.000000e+00 -1.000000e+00
    outer loop
      vertex   4.020270e+01 -3.056130e+01 -4.000000e+00
      vertex   4.247339e+01 -3.085873e+01 -4.000000e+00
      vertex   3.901510e+01 -3.512936e+01 -4.000000e+00
    endloop
  endfacet
  facet normal  0.000000e+00  0.000000e+00 -1.000000e+00
    outer loop
      vertex   4.020270e+01 -3.056130e+01 -4.000000e+00
      vertex   3.901510e+01 -3.512936e+01 -4.000000e+00
      vertex   3.666277e+01 -3.472882e+01 -4.000000e+00
    endloop
  endfacet
  facet normal  0.000000e+00 -0.000000e+00 -1.000000e+00
    outer loop
      vertex   3.666277e+01 -3.472882e+01 -4.000000e+00
      vertex   3.901510e+01 -3.512936e+01 -4.000000e+00
      vertex   3.512936e+01 -3.901510e+01 -4.000000e+00
    endloop
  endfacet
  facet normal  0.000000e+00  0.000000e+00 -1.000000e+00
    outer loop
      vertex   3.666277e+01 -3.472882e+01 -4.000000e+00
      vertex   3.512936e+01 -3.901510e+01 -4.000000e+00
      vertex   3.269301e+01 -3.848919e+01 -4.000000e+00
    endloop
  endfacet
  facet normal  0.000000e+00 -0.000000e+00 -1.000000e+00
    outer loop
      vertex   3.269301e+01 -3.848919e+01 -4.000000e+00
      vertex   3.512936e+01 -3.901510e+01 -4.000000e+00
      vertex   3.085873e+01 -4.247339e+01 -4.000000e+00
    endloop
  endfacet
  facet normal  0.000000e+00  0.000000e+00 -1.000000e+00
    outer loop
      vertex   3.269301e+01 -3.848919e+01 -4.000000e+00
      vertex   3.085873e+01 -4.247339e+01 -4.000000e+00
      vertex   2.833995e+01 -4.179829e+01 -4.000000e+00
    endloop
  endfacet
  facet normal  0.000000e+00 -0.000000e+00 -1.000000e+00
    outer loop
      vertex   2.833995e+01 -4.179829e+01 -4.000000e+00
      vertex   3.085873e+01 -4.247339e+01 -4.000000e+00
      vertex   2.625000e+01 -4.546633e+01 -4.000000e+00
    endloop
  endfacet
  facet normal  0.000000e+00  0.000000e+00 -1.000000e+00
    outer loop
      vertex   2.833995e+01 -4.179829e+01 -4.000000e+00
      vertex   2.625000e+01 -4.546633e+01 -4.000000e+00
      vertex   2.365462e+01 -4.461736e+01 -4.000000e+00
    endloop
  endfacet
  facet normal  0.000000e+00 -0.000000e+00 -1.000000e+00
    outer loop
      vertex   2.365462e+01 -4.461736e+01 -4.000000e+00
      vertex   2.625000e+01 -4.546633e+01 -4.000000e+00
      vertex   2.135367e+01 -4.796114e+01 -4.000000e+00
    endloop
  endfacet
  facet normal  0.000000e+00  0.000000e+00 -1.000000e+00
    outer loop
      vertex   2.365462e+01 -4.461736e+01 -4.000000e+00
      vertex   2.135367e+01 -4.796114e+01 -4.000000e+00
      vertex   1.869198e+01 -4.691332e+01 -4.000000e+00
    endloop
  endfacet
  facet normal  0.000000e+00 -0.000000e+00 -1.000000e+00
    outer loop
      vertex   1.869198e+01 -4.691332e+01 -4.000000e+00
      vertex   2.135367e+01 -4.796114e+01 -4.000000e+00
      vertex   1.622339e+01 -4.993047e+01 -4.000000e+00
    endloop
  endfacet
  facet normal  0.000000e+00  0.000000e+00 -1.000000e+00
    outer loop
      vertex   1.869198e+01 -4.691332e+01 -4.000000e+00
      vertex   1.622339e+01 -4.993047e+01 -4.000000e+00
      vertex   1.351018e+01 -4.865928e+01 -4.000000e+00
    endloop
  endfacet
  facet normal  0.000000e+00 -0.000000e+00 -1.000000e+00
    outer loop
      vertex   1.351018e+01 -4.865928e+01 -4.000000e+00
      vertex   1.622339e+01 -4.993047e+01 -4.000000e+00
      vertex   1.091536e+01 -5.135275e+01 -4.000000e+00
    endloop
  endfacet
  facet normal  0.000000e+00  0.000000e+00 -1.000000e+00
    outer loop
      vertex   1.351018e+01 -4.865928e+01 -4.000000e+00
      vertex   1.091536e+01 -5.135275e+01 -4.000000e+00
      vertex   8.169991e+00 -4.983474e+01 -4.000000e+00
    endloop
  endfacet
  facet normal  0.000000e+00 -0.000000e+00 -1.000000e+00
    outer loop
      vertex   8.169991e+00 -4.983474e+01 -4.000000e+00
      vertex   1.091536e+01 -5.135275e+01 -4.000000e+00
      vertex   5.487744e+00 -5.221240e+01 -4.000000e+00
    endloop
  endfacet
  facet normal  0.000000e+00  0.000000e+00 -1.000000e+00
    outer loop
      vertex   8.169991e+00 -4.983474e+01 -4.000000e+00
      vertex   5.487744e+00 -5.221240e+01 -4.000000e+00
      vertex   2.734015e+00 -5.042594e+01 -4.000000e+00
    endloop
  endfacet
  facet normal  0.000000e+00 -0.000000e+00 -1.000000e+00
    outer loop
      vertex   2.734015e+00 -5.042594e+01 -4.000000e+00
      vertex   5.487744e+00 -5.221240e+01 -4.000000e+00
      vertex   0.000000e+00 -5.250000e+01 -4.000000e+00
    endloop
  endfacet
  facet normal -0.000000e+00  0.000000e+00 -1.000000e+00
    outer loop
      vertex   2.734015e+00 -5.042594e+01 -4.000000e+00
      vertex   0.000000e+00 -5.250000e+01 -4.000000e+00
      vertex  -2.734015e+00 -5.042594e+01 -4.000000e+00
    endloop
  endfacet
  facet normal  0.000000e+00 -0.000000e+00 -1.000000e+00
    outer loop
      vertex  -2.734015e+00 -5.042594e+01 -4.000000e+00
      vertex   0.000000e+00 -5.250000e+01 -4.000000e+00
      vertex  -5.487744e+00 -5.221240e+01 -4.000000e+00
    endloop
  endfacet
  facet normal -0.000000e+00  0.000000e+00 -1.000000e+00
    outer loop
      vertex  -2.734015e+00 -5.042594e+01 -4.000000e+00
      vertex  -5.487744e+00 -5.221240e+01 -4.000000e+00
      vertex  -8.169991e+00 -4.983474e+01 -4.000000e+00
    endloop
  endfacet
  facet normal  0.000000e+00 -0.000000e+00 -1.000000e+00
    outer loop
      vertex  -8.169991e+00 -4.983474e+01 -4.000000e+00
      vertex  -5.487744e+00 -5.221240e+01 -4.000000e+00
      vertex  -1.091536e+01 -5.135275e+01 -4.000000e+00
    endloop
  endfacet
  facet normal -0.000000e+00  0.000000e+00 -1.000000e+00
    outer loop
      vertex  -8.169991e+00 -4.983474e+01 -4.000000e+00
      vertex  -1.091536e+01 -5.135275e+01 -4.000000e+00
      vertex  -1.351018e+01 -4.865928e+01 -4.000000e+00
    endloop
  endfacet
  facet normal  0.000000e+00 -0.000000e+00 -1.000000e+00
    outer loop
      vertex  -1.351018e+01 -4.865928e+01 -4.000000e+00
      vertex  -1.091536e+01 -5.135275e+01 -4.000000e+00
      vertex  -1.622339e+01 -4.993047e+01 -4.000000e+00
    endloop
  endfacet
  facet normal -0.000000e+00  0.000000e+00 -1.000000e+00
    outer loop
      vertex  -1.351018e+01 -4.865928e+01 -4.000000e+00
      vertex  -1.622339e+01 -4.993047e+01 -4.000000e+00
      vertex  -1.869198e+01 -4.691332e+01 -4.000000e+00
    endloop
  endfacet
  facet normal  0.000000e+00 -0.000000e+00 -1.000000e+00
    outer loop
      vertex  -1.869198e+01 -4.691332e+01 -4.000000e+00
      vertex  -1.622339e+01 -4.993047e+01 -4.000000e+00
      vertex  -2.135367e+01 -4.796114e+01 -4.000000e+00
    endloop
  endfacet
  facet normal -0.000000e+00  0.000000e+00 -1.000000e+00
    outer loop
      vertex  -1.869198e+01 -4.691332e+01 -4.000000e+00
      vertex  -2.135367e+01 -4.796114e+01 -4.000000e+00
      vertex  -2.365462e+01 -4.461736e+01 -4.000000e+00
    endloop
  endfacet
  facet normal  0.000000e+00 -0.000000e+00 -1.000000e+00
    outer loop
      vertex  -2.365462e+01 -4.461736e+01 -4.000000e+00
      vertex  -2.135367e+01 -4.796114e+01 -4.000000e+00
      vertex  -2.625000e+01 -4.546633e+01 -4.000000e+00
    endloop
  endfacet
  facet normal -0.000000e+00  0.000000e+00 -1.000000e+00
    outer loop
      vertex  -2.365462e+01 -4.461736e+01 -4.000000e+00
      vertex  -2.625000e+01 -4.546633e+01 -4.000000e+00
      vertex  -2.833995e+01 -4.179829e+01 -4.000000e+00
    endloop
  endfacet
  facet normal  0.000000e+00 -0.000000e+00 -1.000000e+00
    outer loop
      vertex  -2.833995e+01 -4.179829e+01 -4.000000e+00
      vertex  -2.625000e+01 -4.546633e+01 -4.000000e+00
      vertex  -3.085873e+01 -4.247339e+01 -4.000000e+00
    endloop
  endfacet
  facet normal -0.000000e+00  0.000000e+00 -1.000000e+00
    outer loop
      vertex  -2.833995e+01 -4.179829e+01 -4.000000e+00
      vertex  -3.085873e+01 -4.247339e+01 -4.000000e+00
      vertex  -3.269301e+01 -3.848919e+01 -4.000000e+00
    endloop
  endfacet
  facet normal  0.000000e+00 -0.000000e+00 -1.000000e+00
    outer loop
      vertex  -3.269301e+01 -3.848919e+01 -4.000000e+00
      vertex  -3.085873e+01 -4.247339e+01 -4.000000e+00
      vertex  -3.512936e+01 -3.901510e+01 -4.000000e+00
    endloop
  endfacet
  facet normal -0.000000e+00  0.000000e+00 -1.000000e+00
    outer loop
      vertex  -3.269301e+01 -3.848919e+01 -4.000000e+00
      vertex  -3.512936e+01 -3.901510e+01 -4.000000e+00
      vertex  -3.666277e+01 -3.472882e+01 -4.000000e+00
    endloop
  endfacet
  facet normal  0.000000e+00 -0.000000e+00 -1.000000e+00
    outer loop
      vertex  -3.666277e+01 -3.472882e+01 -4.000000e+00
      vertex  -3.512936e+01 -3.901510e+01 -4.000000e+00
      vertex  -3.901510e+01 -3.512936e+01 -4.000000e+00
    endloop
  endfacet
  facet normal -0.000000e+00  0.000000e+00 -1.000000e+00
    outer loop
      vertex  -3.666277e+01 -3.472882e+01 -4.000000e+00
      vertex  -3.901510e+01 -3.512936e+01 -4.000000e+00
      vertex  -4.020270e+01 -3.056130e+01 -4.000000e+00
    endloop
  endfacet
  facet normal  0.000000e+00 -0.000000e+00 -1.000000e+00
    outer loop
      vertex  -4.020270e+01 -3.056130e+01 -4.000000e+00
      vertex  -3.901510e+01 -3.512936e+01 -4.000000e+00
      vertex  -4.247339e+01 -3.085873e+01 -4.000000e+00
    endloop
  endfacet
  facet normal -0.000000e+00  0.000000e+00 -1.000000e+00
    outer loop
      vertex  -4.020270e+01 -3.056130e+01 -4.000000e+00
      vertex  -4.247339e+01 -3.085873e+01 -4.000000e+00
      vertex  -4.327129e+01 -2.603547e+01 -4.000000e+00
    endloop
  endfacet
  facet normal  0.000000e+00 -0.000000e+00 -1.000000e+00
    outer loop
      vertex  -4.327129e+01 -2.603547e+01 -4.000000e+00
      vertex  -4.247339e+01 -3.085873e+01 -4.000000e+00
      vertex  -4.546633e+01 -2.625000e+01 -4.000000e+00
    endloop
  endfacet
  facet normal -0.000000e+00  0.000000e+00 -1.000000e+00
    outer loop
      vertex  -4.327129e+01 -2.603547e+01 -4.000000e+00
      vertex  -4.546633e+01 -2.625000e+01 -4.000000e+00
      vertex  -4.583256e+01 -2.120440e+01 -4.000000e+00
    endloop
  endfacet
  facet normal  0.000000e+00 -0.000000e+00 -1.000000e+00
    outer loop
      vertex  -4.583256e+01 -2.120440e+01 -4.000000e+00
      vertex  -4.546633e+01 -2.625000e+01 -4.000000e+00
      vertex  -4.796114e+01 -2.135367e+01 -4.000000e+00
    endloop
  endfacet
  facet normal -0.000000e+00  0.000000e+00 -1.000000e+00
    outer loop
      vertex  -4.583256e+01 -2.120440e+01 -4.000000e+00
      vertex  -4.796114e+01 -2.135367e+01 -4.000000e+00
      vertex  -4.785648e+01 -1.612473e+01 -4.000000e+00
    endloop
  endfacet
  facet normal  0.000000e+00  0.000000e+00 -1.000000e+00
    outer loop
      vertex  -4.785648e+01 -1.612473e+01 -4.000000e+00
      vertex  -4.796114e+01 -2.135367e+01 -4.000000e+00
      vertex  -4.993047e+01 -1.622339e+01 -4.000000e+00
    endloop
  endfacet
  facet normal -0.000000e+00  0.000000e+00 -1.000000e+00
    outer loop
      vertex  -4.785648e+01 -1.612473e+01 -4.000000e+00
      vertex  -4.993047e+01 -1.622339e+01 -4.000000e+00
      vertex  -4.931934e+01 -1.085601e+01 -4.000000e+00
    endloop
  endfacet
  facet normal  0.000000e+00  0.000000e+00 -1.000000e+00
    outer loop
      vertex  -4.931934e+01 -1.085601e+01 -4.000000e+00
      vertex  -4.993047e+01 -1.622339e+01 -4.000000e+00
      vertex  -5.135275e+01 -1.091536e+01 -4.000000e+00
    endloop
  endfacet
  facet normal -0.000000e+00  0.000000e+00 -1.000000e+00
    outer loop
      vertex  -4.931934e+01 -1.085601e+01 -4.000000e+00
      vertex  -5.135275e+01 -1.091536e+01 -4.000000e+00
      vertex  -5.020397e+01 -5.460010e+00 -4.000000e+00
    endloop
  endfacet
  facet normal  0.000000e+00  0.000000e+00 -1.000000e+00
    outer loop
      vertex  -5.020397e+01 -5.460010e+00 -4.000000e+00
      vertex  -5.135275e+01 -1.091536e+01 -4.000000e+00
      vertex  -5.221240e+01 -5.487744e+00 -4.000000e+00
    endloop
  endfacet
  facet normal -0.000000e+00  0.000000e+00 -1.000000e+00
    outer loop
      vertex  -5.020397e+01 -5.460010e+00 -4.000000e+00
      vertex  -5.221240e+01 -5.487744e+00 -4.000000e+00
      vertex  -5.050000e+01  0.000000e+00 -4.000000e+00
    endloop
  endfacet
  facet normal -0.000000e+00  0.000000e+00 -1.000000e+00
    outer loop
      vertex  -5.050000e+01  0.000000e+00 -4.000000e+00
      vertex  -5.221240e+01 -5.487744e+00 -4.000000e+00
      vertex  -5.250000e+01  0.000000e+00 -4.000000e+00
    endloop
  endfacet
  facet normal  0.000000e+00  0.000000e+00 -1.000000e+00
    outer loop
      vertex  -5.050000e+01  0.000000e+00 -4.000000e+00
      vertex  -5.250000e+01  0.000000e+00 -4.000000e+00
      vertex  -5.221240e+01  5.487744e+00 -4.000000e+00
    endloop
  endfacet
  facet normal  0.000000e+00  0.000000e+00 -1.000000e+00
    outer loop
      vertex  -5.050000e+01  0.000000e+00 -4.000000e+00
      vertex  -5.221240e+01  5.487744e+00 -4.000000e+00
      vertex  -5.020397e+01  5.460010e+00 -4.000000e+00
    endloop
  endfacet
  facet normal  0.000000e+00  0.000000e+00 -1.000000e+00
    outer loop
      vertex  -5.020397e+01  5.460010e+00 -4.000000e+00
      vertex  -5.221240e+01  5.487744e+00 -4.000000e+00
      vertex  -5.135275e+01  1.091536e+01 -4.000000e+00
    endloop
  endfacet
  facet normal  0.000000e+00  0.000000e+00 -1.000000e+00
    outer loop
      vertex  -5.020397e+01  5.460010e+00 -4.000000e+00
      vertex  -5.135275e+01  1.091536e+01 -4.000000e+00
      vertex  -4.931934e+01  1.085601e+01 -4.000000e+00
    endloop
  endfacet
  facet normal  0.000000e+00  0.000000e+00 -1.000000e+00
    outer loop
      vertex  -4.931934e+01  1.085601e+01 -4.000000e+00
      vertex  -5.135275e+01  1.091536e+01 -4.000000e+00
      vertex  -4.993047e+01  1.622339e+01 -4.000000e+00
    endloop
  endfacet
  facet normal  0.000000e+00  0.000000e+00 -1.000000e+00
    outer loop
      vertex  -4.931934e+01  1.085601e+01 -4.000000e+00
      vertex  -4.993047e+01  1.622339e+01 -4.000000e+00
      vertex  -4.785648e+01  1.612473e+01 -4.000000e+00
    endloop
  endfacet
  facet normal  0.000000e+00  0.000000e+00 -1.000000e+00
    outer loop
      vertex  -4.785648e+01  1.612473e+01 -4.000000e+00
      vertex  -4.993047e+01  1.622339e+01 -4.000000e+00
      vertex  -4.796114e+01  2.135367e+01 -4.000000e+00
    endloop
  endfacet
  facet normal  0.000000e+00  0.000000e+00 -1.000000e+00
    outer loop
      vertex  -4.785648e+01  1.612473e+01 -4.000000e+00
      vertex  -4.796114e+01  2.135367e+01 -4.000000e+00
      vertex  -4.583256e+01  2.120440e+01 -4.000000e+00
    endloop
  endfacet
  facet normal  0.000000e+00  0.000000e+00 -1.000000e+00
    outer loop
      vertex  -4.583256e+01  2.120440e+01 -4.000000e+00
      vertex  -4.796114e+01  2.135367e+01 -4.000000e+00
      vertex  -4.546633e+01  2.625000e+01 -4.000000e+00
    endloop
  endfacet
  facet normal  0.000000e+00  0.000000e+00 -1.000000e+00
    outer loop
      vertex  -4.583256e+01  2.120440e+01 -4.000000e+00
      vertex  -4.546633e+01  2.625000e+01 -4.000000e+00
      vertex  -4.327129e+01  2.603547e+01 -4.000000e+00
    endloop
  endfacet
  facet normal  0.000000e+00  0.000000e+00 -1.000000e+00
    outer loop
      vertex  -4.327129e+01  2.603547e+01 -4.000000e+00
      vertex  -4.546633e+01  2.625000e+01 -4.000000e+00
      vertex  -4.247339e+01  3.085873e+01 -4.000000e+00
    endloop
  endfacet
  facet normal  0.000000e+00  0.000000e+00 -1.000000e+00
    outer loop
      vertex  -4.327129e+01  2.603547e+01 -4.000000e+00
      vertex  -4.247339e+01  3.085873e+01 -4.000000e+00
      vertex  -4.020270e+01  3.056130e+01 -4.000000e+00
    endloop
  endfacet
  facet normal  0.000000e+00  0.000000e+00 -1.000000e+00
    outer loop
      vertex  -4.020270e+01  3.056130e+01 -4.000000e+00
      vertex  -4.247339e+01  3.085873e+01 -4.000000e+00
      vertex  -3.901510e+01  3.512936e+01 -4.000000e+00
    endloop
  endfacet
  facet normal  0.000000e+00  0.000000e+00 -1.000000e+00
    outer loop
      vertex  -4.020270e+01  3.056130e+01 -4.000000e+00
      vertex  -3.901510e+01  3.512936e+01 -4.000000e+00
      vertex  -3.666277e+01  3.472882e+01 -4.000000e+00
    endloop
  endfacet
  facet normal  0.000000e+00  0.000000e+00 -1.000000e+00
    outer loop
      vertex  -3.666277e+01  3.472882e+01 -4.000000e+00
      vertex  -3.901510e+01  3.512936e+01 -4.000000e+00
      vertex  -3.512936e+01  3.901510e+01 -4.000000e+00
    endloop
  endfacet
  facet normal  0.000000e+00  0.000000e+00 -1.000000e+00
    outer loop
      vertex  -3.666277e+01  3.472882e+01 -4.000000e+00
      vertex  -3.512936e+01  3.901510e+01 -4.000000e+00
      vertex  -3.269301e+01  3.848919e+01 -4.000000e+00
    endloop
  endfacet
  facet normal  0.000000e+00  0.000000e+00 -1.000000e+00
    outer loop
      vertex  -3.269301e+01  3.848919e+01 -4.000000e+00
      vertex  -3.512936e+01  3.901510e+01 -4.000000e+00
      vertex  -3.085873e+01  4.247339e+01 -4.000000e+00
    endloop
  endfacet
  facet normal  0.000000e+00  0.000000e+00 -1.000000e+00
    outer loop
      vertex  -3.269301e+01  3.848919e+01 -4.000000e+00
      vertex  -3.085873e+01  4.247339e+01 -4.000000e+00
      vertex  -2.833995e+01  4.179829e+01 -4.000000e+00
    endloop
  endfacet
  facet normal  0.000000e+00  0.000000e+00 -1.000000e+00
    outer loop
      vertex  -2.833995e+01  4.179829e+01 -4.000000e+00
      vertex  -3.085873e+01  4.247339e+01 -4.000000e+00
      vertex  -2.625000e+01  4.546633e+01 -4.000000e+00
    endloop
  endfacet
  facet normal  0.000000e+00  0.000000e+00 -1.000000e+00
    outer loop
      vertex  -2.833995e+01  4.179829e+01 -4.000000e+00
      vertex  -2.625000e+01  4.546633e+01 -4.000000e+00
      vertex  -2.365462e+01  4.461736e+01 -4.000000e+00
    endloop
  endfacet
  facet normal  0.000000e+00  0.000000e+00 -1.000000e+00
    outer loop
      vertex  -2.365462e+01  4.461736e+01 -4.000000e+00
      vertex  -2.625000e+01  4.546633e+01 -4.000000e+00
      vertex  -2.135367e+01  4.796114e+01 -4.000000e+00
    endloop
  endfacet
  facet normal  0.000000e+00  0.000000e+00 -1.000000e+00
    outer loop
      vertex  -2.365462e+01  4.461736e+01 -4.000000e+00
      vertex  -2.135367e+01  4.796114e+01 -4.000000e+00
      vertex  -1.869198e+01  4.691332e+01 -4.000000e+00
    endloop
  endfacet
  facet normal  0.000000e+00  0.000000e+00 -1.000000e+00
    outer loop
      vertex  -1.869198e+01  4.691332e+01 -4.000000e+00
      vertex  -2.135367e+01  4.796114e+01 -4.000000e+00
      vertex  -1.622339e+01  4.993047e+01 -4.000000e+00
    endloop
  endfacet
  facet normal  0.000000e+00  0.000000e+00 -1.000000e+00
    outer loop
      vertex  -1.869198e+01  4.691332e+01 -4.000000e+00
      vertex  -1.622339e+01  4.993047e+01 -4.000000e+00
      vertex  -1.351018e+01  4.865928e+01 -4.000000e+00
    endloop
  endfacet
  facet normal  0.000000e+00  0.000000e+00 -1.000000e+00
    outer loop
      vertex  -1.351018e+01  4.865928e+01 -4.000000e+00
      vertex  -1.622339e+01  4.993047e+01 -4.000000e+00
      vertex  -1.091536e+01  5.135275e+01 -4.000000e+00
    endloop
  endfacet
  facet normal  0.000000e+00  0.000000e+00 -1.000000e+00
    outer loop
      vertex  -1.351018e+01  4.865928e+01 -4.000000e+00
      vertex  -1.091536e+01  5.135275e+01 -4.000000e+00
      vertex  -8.169991e+00  4.983474e+01 -4.000000e+00
    endloop
  endfacet
  facet normal  0.000000e+00  0.000000e+00 -1.000000e+00
    outer loop
      vertex  -8.169991e+00  4.983474e+01 -4.000000e+00
      vertex  -1.091536e+01  5.135275e+01 -4.000000e+00
      vertex  -5.487744e+00  5.221240e+01 -4.000000e+00
    endloop
  endfacet
  facet normal  0.000000e+00  0.000000e+00 -1.000000e+00
    outer loop
      vertex  -8.169991e+00  4.983474e+01 -4.000000e+00
      vertex  -5.487744e+00  5.221240e+01 -4.000000e+00
      vertex  -2.734015e+00  5.042594e+01 -4.000000e+00
    endloop
  endfacet
  facet normal  0.000000e+00  0.000000e+00 -1.000000e+00
    outer loop
      vertex  -2.734015e+00  5.042594e+01 -4.000000e+00
      vertex  -5.487744e+00  5.221240e+01 -4.000000e+00
      vertex   0.000000e+00  5.250000e+01 -4.000000e+00
    endloop
  endfacet
  facet normal  0.000000e+00  0.000000e+00 -1.000000e+00
    outer loop
      vertex  -2.734015e+00  5.042594e+01 -4.000000e+00
      vertex   0.000000e+00  5.250000e+01 -4.000000e+00
      vertex   2.734015e+00  5.042594e+01 -4.000000e+00
    endloop
  endfacet
  facet normal  0.000000e+00  0.000000e+00 -1.000000e+00
    outer loop
      vertex   2.734015e+00  5.042594e+01 -4.000000e+00
      vertex   0.000000e+00  5.250000e+01 -4.000000e+00
      vertex   5.487744e+00  5.221240e+01 -4.000000e+00
    endloop
  endfacet
  facet normal  0.000000e+00  0.000000e+00 -1.000000e+00
    outer loop
      vertex   2.734015e+00  5.042594e+01 -4.000000e+00
      vertex   5.487744e+00  5.221240e+01 -4.000000e+00
      vertex   8.169991e+00  4.983474e+01 -4.000000e+00
    endloop
  endfacet
  facet normal  0.000000e+00  0.000000e+00 -1.000000e+00
    outer loop
      vertex   8.169991e+00  4.983474e+01 -4.000000e+00
      vertex   5.487744e+00  5.221240e+01 -4.000000e+00
      vertex   1.091536e+01  5.135275e+01 -4.000000e+00
    endloop
  endfacet
  facet normal  0.000000e+00  0.000000e+00 -1.000000e+00
    outer loop
      vertex   8.169991e+00  4.983474e+01 -4.000000e+00
      vertex   1.091536e+01  5.135275e+01 -4.000000e+00
      vertex   1.351018e+01  4.865928e+01 -4.000000e+00
    endloop
  endfacet
  facet normal  0.000000e+00  0.000000e+00 -1.000000e+00
    outer loop
      vertex   1.351018e+01  4.865928e+01 -4.000000e+00
      vertex   1.091536e+01  5.135275e+01 -4.000000e+00
      vertex   1.622339e+01  4.993047e+01 -4.000000e+00
    endloop
  endfacet
  facet normal  0.000000e+00  0.000000e+00 -1.000000e+00
    outer loop
      vertex   1.351018e+01  4.865928e+01 -4.000000e+00
      vertex   1.622339e+01  4.993047e+01 -4.000000e+00
      vertex   1.869198e+01  4.691332e+01 -4.000000e+00
    endloop
  endfacet
  facet normal  0.000000e+00  0.000000e+00 -1.000000e+00
    outer loop
      vertex   1.869198e+01  4.691332e+01 -4.000000e+00
      vertex   1.622339e+01  4.993047e+01 -4.000000e+00
      vertex   2.135367e+01  4.796114e+01 -4.000000e+00
    endloop
  endfacet
  facet normal  0.000000e+00  0.000000e+00 -1.000000e+00
    outer loop
      vertex   1.869198e+01  4.691332e+01 -4.000000e+00
      vertex   2.135367e+01  4.796114e+01 -4.000000e+00
      vertex   2.365462e+01  4.461736e+01 -4.000000e+00
    endloop
  endfacet
  facet normal  0.000000e+00  0.000000e+00 -1.000000e+00
    outer loop
      vertex   2.365462e+01  4.461736e+01 -4.000000e+00
      vertex   2.135367e+01  4.796114e+01 -4.000000e+00
      vertex   2.625000e+01  4.546633e+01 -4.000000e+00
    endloop
  endfacet
  facet normal  0.000000e+00  0.000000e+00 -1.000000e+00
    outer loop
      vertex   2.365462e+01  4.461736e+01 -4.000000e+00
      vertex   2.625000e+01  4.546633e+01 -4.000000e+00
      vertex   2.833995e+01  4.179829e+01 -4.000000e+00
    endloop
  endfacet
  facet normal  0.000000e+00  0.000000e+00 -1.000000e+00
    outer loop
      vertex   2.833995e+01  4.179829e+01 -4.000000e+00
      vertex   2.625000e+01  4.546633e+01 -4.000000e+00
      vertex   3.085873e+01  4.247339e+01 -4.000000e+00
    endloop
  endfacet
  facet normal  0.000000e+00  0.000000e+00 -1.000000e+00
    outer loop
      vertex   2.833995e+01  4.179829e+01 -4.000000e+00
      vertex   3.085873e+01  4.247339e+01 -4.000000e+00
      vertex   3.269301e+01  3.848919e+01 -4.000000e+00
    endloop
  endfacet
  facet normal  0.000000e+00  0.000000e+00 -1.000000e+00
    outer loop
      vertex   3.269301e+01  3.848919e+01 -4.000000e+00
      vertex   3.085873e+01  4.247339e+01 -4.000000e+00
      vertex   3.512936e+01  3.901510e+01 -4.000000e+00
    endloop
  endfacet
  facet normal  0.000000e+00  0.000000e+00 -1.000000e+00
    outer loop
      vertex   3.269301e+01  3.848919e+01 -4.000000e+00
      vertex   3.512936e+01  3.901510e+01 -4.000000e+00
      vertex   3.666277e+01  3.472882e+01 -4.000000e+00
    endloop
  endfacet
  facet normal  0.000000e+00  0.000000e+00 -1.000000e+00
    outer loop
      vertex   3.666277e+01  3.472882e+01 -4.000000e+00
      vertex   3.512936e+01  3.901510e+01 -4.000000e+00
      vertex   3.901510e+01  3.512936e+01 -4.000000e+00
    endloop
  endfacet
  facet normal  0.000000e+00  0.000000e+00 -1.000000e+00
    outer loop
      vertex   3.666277e+01  3.472882e+01 -4.000000e+00
      vertex   3.901510e+01  3.512936e+01 -4.000000e+00
      vertex   4.020270e+01  3.056130e+01 -4.000000e+00
    endloop
  endfacet
  facet normal  0.000000e+00  0.000000e+00 -1.000000e+00
    outer loop
      vertex   4.020270e+01  3.056130e+01 -4.000000e+00
      vertex   3.901510e+01  3.512936e+01 -4.000000e+00
      vertex   4.247339e+01  3.085873e+01 -4.000000e+00
    endloop
  endfacet
  facet normal  0.000000e+00  0.000000e+00 -1.000000e+00
    outer loop
      vertex   4.020270e+01  3.056130e+01 -4.000000e+00
      vertex   4.247339e+01  3.085873e+01 -4.000000e+00
      vertex   4.327129e+01  2.603547e+01 -4.000000e+00
    endloop
  endfacet
  facet normal  0.000000e+00  0.000000e+00 -1.000000e+00
    outer loop
      vertex   4.327129e+01  2.603547e+01 -4.000000e+00
      vertex   4.247339e+01  3.085873e+01 -4.000000e+00
      vertex   4.546633e+01  2.625000e+01 -4.000000e+00
    endloop
  endfacet
  facet normal  0.000000e+00  0.000000e+00 -1.000000e+00
    outer loop
      vertex   4.327129e+01  2.603547e+01 -4.000000e+00
      vertex   4.546633e+01  2.625000e+01 -4.000000e+00
      vertex   4.583256e+01  2.120440e+01 -4.000000e+00
    endloop
  endfacet
  facet normal  0.000000e+00  0.000000e+00 -1.000000e+00
    outer loop
      vertex   4.583256e+01  2.120440e+01 -4.000000e+00
      vertex   4.546633e+01  2.625000e+01 -4.000000e+00
      vertex   4.796114e+01  2.135367e+01 -4.000000e+00
    endloop
  endfacet
  facet normal  0.000000e+00  0.000000e+00 -1.000000e+00
    outer loop
      vertex   4.583256e+01  2.120440e+01 -4.000000e+00
      vertex   4.796114e+01  2.135367e+01 -4.000000e+00
      vertex   4.785648e+01  1.612473e+01 -4.000000e+00
    endloop
  endfacet
  facet normal  0.000000e+00  0.000000e+00 -1.000000e+00
    outer loop
      vertex   4.785648e+01  1.612473e+01 -4.000000e+00
      vertex   4.796114e+01  2.135367e+01 -4.000000e+00
      vertex   4.993047e+01  1.622339e+01 -4.000000e+00
    endloop
  endfacet
  facet normal  0.000000e+00  0.000000e+00 -1.000000e+00
    outer loop
      vertex   4.785648e+01  1.612473e+01 -4.000000e+00
      vertex   4.993047e+01  1.622339e+01 -4.000000e+00
      vertex   4.931934e+01  1.085601e+01 -4.000000e+00
    endloop
  endfacet
  facet normal  0.000000e+00  0.000000e+00 -1.000000e+00
    outer loop
      vertex   4.931934e+01  1.085601e+01 -4.000000e+00
      vertex   4.993047e+01  1.622339e+01 -4.000000e+00
      vertex   5.135275e+01  1.091536e+01 -4.000000e+00
    endloop
  endfacet
  facet normal  0.000000e+00  0.000000e+00 -1.000000e+00
    outer loop
      vertex   4.931934e+01  1.085601e+01 -4.000000e+00
      vertex   5.135275e+01  1.091536e+01 -4.000000e+00
      vertex   5.020397e+01  5.460010e+00 -4.000000e+00
    endloop
  endfacet
  facet normal  0.000000e+00  0.000000e+00 -1.000000e+00
    outer loop
      vertex   5.020397e+01  5.460010e+00 -4.000000e+00
      vertex   5.135275e+01  1.091536e+01 -4.000000e+00
      vertex   5.221240e+01  5.487744e+00 -4.000000e+00
    endloop
  endfacet
  facet normal  0.000000e+00  0.000000e+00 -1.000000e+00
    outer loop
      vertex   5.020397e+01  5.460010e+00 -4.000000e+00
      vertex   5.221240e+01  5.487744e+00 -4.000000e+00
      vertex   5.050000e+01  0.000000e+00 -4.000000e+00
    endloop
  endfacet
  facet normal  9.986296e-01  5.233544e-02  0.000000e+00
    outer loop
      vertex   5.221240e+01  5.487744e+00 -1.000000e+01
      vertex   5.250000e+01  0.000000e+00 -6.000000e+00
      vertex   5.250000e+01  0.000000e+00 -1.000000e+01
    endloop
  endfacet
  facet normal  9.986296e-01 -5.233544e-02  0.000000e+00
    outer loop
      vertex   5.250000e+01  0.000000e+00 -1.000000e+01
      vertex   5.250000e+01  0.000000e+00 -6.000000e+00
      vertex   5.221240e+01 -5.487744e+00 -6.000000e+00
    endloop
  endfacet
  facet normal  9.986296e-01 -5.233544e-02  0.000000e+00
    outer loop
      vertex   5.250000e+01  0.000000e+00 -1.000000e+01
      vertex   5.221240e+01 -5.487744e+00 -6.000000e+00
      vertex   5.221240e+01 -5.487744e+00 -1.000000e+01
    endloop
  endfacet
  facet normal  9.876882e-01 -1.564350e-01  0.000000e+00
    outer loop
      vertex   5.221240e+01 -5.487744e+00 -1.000000e+01
      vertex   5.221240e+01 -5.487744e+00 -6.000000e+00
      vertex   5.135275e+01 -1.091536e+01 -6.000000e+00
    endloop
  endfacet
  facet normal  9.876882e-01 -1.564350e-01  0.000000e+00
    outer loop
      vertex   5.221240e+01 -5.487744e+00 -1.000000e+01
      vertex   5.135275e+01 -1.091536e+01 -6.000000e+00
      vertex   5.135275e+01 -1.091536e+01 -1.000000e+01
    endloop
  endfacet
  facet normal  9.659258e-01 -2.588193e-01  0.000000e+00
    outer loop
      vertex   5.135275e+01 -1.091536e+01 -1.000000e+01
      vertex   5.135275e+01 -1.091536e+01 -6.000000e+00
      vertex   4.993047e+01 -1.622339e+01 -6.000000e+00
    endloop
  endfacet
  facet normal  9.659258e-01 -2.588193e-01  0.000000e+00
    outer loop
      vertex   5.135275e+01 -1.091536e+01 -1.000000e+01
      vertex   4.993047e+01 -1.622339e+01 -6.000000e+00
      vertex   4.993047e+01 -1.622339e+01 -1.000000e+01
    endloop
  endfacet
  facet normal  9.335805e-01 -3.583678e-01  0.000000e+00
    outer loop
      vertex   4.993047e+01 -1.622339e+01 -1.000000e+01
      vertex   4.993047e+01 -1.622339e+01 -6.000000e+00
      vertex   4.796114e+01 -2.135367e+01 -6.000000e+00
    endloop
  endfacet
  facet normal  9.335805e-01 -3.583678e-01  0.000000e+00
    outer loop
      vertex   4.993047e+01 -1.622339e+01 -1.000000e+01
      vertex   4.796114e+01 -2.135367e+01 -6.000000e+00
      vertex   4.796114e+01 -2.135367e+01 -1.000000e+01
    endloop
  endfacet
  facet normal  8.910064e-01 -4.539907e-01  0.000000e+00
    outer loop
      vertex   4.796114e+01 -2.135367e+01 -1.000000e+01
      vertex   4.796114e+01 -2.135367e+01 -6.000000e+00
      vertex   4.546633e+01 -2.625000e+01 -6.000000e+00
    endloop
  endfacet
  facet normal  8.910064e-01 -4.539907e-01  0.000000e+00
    outer loop
      vertex   4.796114e+01 -2.135367e+01 -1.000000e+01
      vertex   4.546633e+01 -2.625000e+01 -6.000000e+00
      vertex   4.546633e+01 -2.625000e+01 -1.000000e+01
    endloop
  endfacet
  facet normal  8.386708e-01 -5.446387e-01  0.000000e+00
    outer loop
      vertex   4.546633e+01 -2.625000e+01 -1.000000e+01
      vertex   4.546633e+01 -2.625000e+01 -6.000000e+00
      vertex   4.247339e+01 -3.085873e+01 -6.000000e+00
    endloop
  endfacet
  facet normal  8.386708e-01 -5.446387e-01  0.000000e+00
    outer loop
      vertex   4.546633e+01 -2.625000e+01 -1.000000e+01
      vertex   4.247339e+01 -3.085873e+01 -6.000000e+00
      vertex   4.247339e+01 -3.085873e+01 -1.000000e+01
    endloop
  endfacet
  facet normal  7.771458e-01 -6.293207e-01  0.000000e+00
    outer loop
      vertex   4.247339e+01 -3.085873e+01 -1.000000e+01
      vertex   4.247339e+01 -3.085873e+01 -6.000000e+00
      vertex   3.901510e+01 -3.512936e+01 -6.000000e+00
    endloop
  endfacet
  facet normal  7.771458e-01 -6.293207e-01  0.000000e+00
    outer loop
      vertex   4.247339e+01 -3.085873e+01 -1.000000e+01
      vertex   3.901510e+01 -3.512936e+01 -6.000000e+00
      vertex   3.901510e+01 -3.512936e+01 -1.000000e+01
    endloop
  endfacet
  facet normal  7.071068e-01 -7.071068e-01  0.000000e+00
    outer loop
      vertex   3.901510e+01 -3.512936e+01 -1.000000e+01
      vertex   3.901510e+01 -3.512936e+01 -6.000000e+00
      vertex   3.512936e+01 -3.901510e+01 -6.000000e+00
    endloop
  endfacet
  facet normal  7.071068e-01 -7.071068e-01  0.000000e+00
    outer loop
      vertex   3.901510e+01 -3.512936e+01 -1.000000e+01
      vertex   3.512936e+01 -3.901510e+01 -6.000000e+00
      vertex   3.512936e+01 -3.901510e+01 -1.000000e+01
    endloop
  endfacet
  facet normal  6.293207e-01 -7.771458e-01  0.000000e+00
    outer loop
      vertex   3.512936e+01 -3.901510e+01 -1.000000e+01
      vertex   3.512936e+01 -3.901510e+01 -6.000000e+00
      vertex   3.085873e+01 -4.247339e+01 -6.000000e+00
    endloop
  endfacet
  facet normal  6.293207e-01 -7.771458e-01  0.000000e+00
    outer loop
      vertex   3.512936e+01 -3.901510e+01 -1.000000e+01
      vertex   3.085873e+01 -4.247339e+01 -6.000000e+00
      vertex   3.085873e+01 -4.247339e+01 -1.000000e+01
    endloop
  endfacet
  facet normal  5.446387e-01 -8.386708e-01  0.000000e+00
    outer loop
      vertex   3.085873e+01 -4.247339e+01 -1.000000e+01
      vertex   3.085873e+01 -4.247339e+01 -6.000000e+00
      vertex   2.625000e+01 -4.546633e+01 -6.000000e+00
    endloop
  endfacet
  facet normal  5.446387e-01 -8.386708e-01  0.000000e+00
    outer loop
      vertex   3.085873e+01 -4.247339e+01 -1.000000e+01
      vertex   2.625000e+01 -4.546633e+01 -6.000000e+00
      vertex   2.625000e+01 -4.546633e+01 -1.000000e+01
    endloop
  endfacet
  facet normal  4.539907e-01 -8.910064e-01  0.000000e+00
    outer loop
      vertex   2.625000e+01 -4.546633e+01 -1.000000e+01
      vertex   2.625000e+01 -4.546633e+01 -6.000000e+00
      vertex   2.135367e+01 -4.796114e+01 -6.000000e+00
    endloop
  endfacet
  facet normal  4.539907e-01 -8.910064e-01  0.000000e+00
    outer loop
      vertex   2.625000e+01 -4.546633e+01 -1.000000e+01
      vertex   2.135367e+01 -4.796114e+01 -6.000000e+00
      vertex   2.135367e+01 -4.796114e+01 -1.000000e+01
    endloop
  endfacet
  facet normal  3.583678e-01 -9.335805e-01  0.000000e+00
    outer loop
      vertex   2.135367e+01 -4.796114e+01 -1.000000e+01
      vertex   2.135367e+01 -4.796114e+01 -6.000000e+00
      vertex   1.622339e+01 -4.993047e+01 -6.000000e+00
    endloop
  endfacet
  facet normal  3.583678e-01 -9.335805e-01  0.000000e+00
    outer loop
      vertex   2.135367e+01 -4.796114e+01 -1.000000e+01
      vertex   1.622339e+01 -4.993047e+01 -6.000000e+00
      vertex   1.622339e+01 -4.993047e+01 -1.000000e+01
    endloop
  endfacet
  facet normal  2.588193e-01 -9.659258e-01  0.000000e+00
    outer loop
      vertex   1.622339e+01 -4.993047e+01 -1.000000e+01
      vertex   1.622339e+01 -4.993047e+01 -6.000000e+00
      vertex   1.091536e+01 -5.135275e+01 -6.000000e+00
    endloop
  endfacet
  facet normal  2.588193e-01 -9.659258e-01  0.000000e+00
    outer loop
      vertex   1.622339e+01 -4.993047e+01 -1.000000e+01
      vertex   1.091536e+01 -5.135275e+01 -6.000000e+00
      vertex   1.091536e+01 -5.135275e+01 -1.000000e+01
    endloop
  endfacet
  facet normal  1.564350e-01 -9.876882e-01  0.000000e+00
    outer loop
      vertex   1.091536e+01 -5.135275e+01 -1.000000e+01
      vertex   1.091536e+01 -5.135275e+01 -6.000000e+00
      vertex   5.487744e+00 -5.221240e+01 -6.000000e+00
    endloop
  endfacet
  facet normal  1.564350e-01 -9.876882e-01  0.000000e+00
    outer loop
      vertex   1.091536e+01 -5.135275e+01 -1.000000e+01
      vertex   5.487744e+00 -5.221240e+01 -6.000000e+00
      vertex   5.487744e+00 -5.221240e+01 -1.000000e+01
    endloop
  endfacet
  facet normal  5.233544e-02 -9.986296e-01  0.000000e+00
    outer loop
      vertex   5.487744e+00 -5.221240e+01 -1.000000e+01
      vertex   5.487744e+00 -5.221240e+01 -6.000000e+00
      vertex   0.000000e+00 -5.250000e+01 -6.000000e+00
    endloop
  endfacet
  facet normal  5.233544e-02 -9.986296e-01  0.000000e+00
    outer loop
      vertex   5.487744e+00 -5.221240e+01 -1.000000e+01
      vertex   0.000000e+00 -5.250000e+01 -6.000000e+00
      vertex   0.000000e+00 -5.250000e+01 -1.000000e+01
    endloop
  endfacet
  facet normal -5.233544e-02 -9.986296e-01  0.000000e+00
    outer loop
      vertex   0.000000e+00 -5.250000e+01 -1.000000e+01
      vertex   0.000000e+00 -5.250000e+01 -6.000000e+00
      vertex  -5.487744e+00 -5.221240e+01 -6.000000e+00
    endloop
  endfacet
  facet normal -5.233544e-02 -9.986296e-01  0.000000e+00
    outer loop
      vertex   0.000000e+00 -5.250000e+01 -1.000000e+01
      vertex  -5.487744e+00 -5.221240e+01 -6.000000e+00
      vertex  -5.487744e+00 -5.221240e+01 -1.000000e+01
    endloop
  endfacet
  facet normal -1.564350e-01 -9.876882e-01  0.000000e+00
    outer loop
      vertex  -5.487744e+00 -5.221240e+01 -1.000000e+01
      vertex  -5.487744e+00 -5.221240e+01 -6.000000e+00
      vertex  -1.091536e+01 -5.135275e+01 -6.000000e+00
    endloop
  endfacet
  facet normal -1.564350e-01 -9.876882e-01  0.000000e+00
    outer loop
      vertex  -5.487744e+00 -5.221240e+01 -1.000000e+01
      vertex  -1.091536e+01 -5.135275e+01 -6.000000e+00
      vertex  -1.091536e+01 -5.135275e+01 -1.000000e+01
    endloop
  endfacet
  facet normal -2.588193e-01 -9.659258e-01  0.000000e+00
    outer loop
      vertex  -1.091536e+01 -5.135275e+01 -1.000000e+01
      vertex  -1.091536e+01 -5.135275e+01 -6.000000e+00
      vertex  -1.622339e+01 -4.993047e+01 -6.000000e+00
    endloop
  endfacet
  facet normal -2.588193e-01 -9.659258e-01  0.000000e+00
    outer loop
      vertex  -1.091536e+01 -5.135275e+01 -1.000000e+01
      vertex  -1.622339e+01 -4.993047e+01 -6.000000e+00
      vertex  -1.622339e+01 -4.993047e+01 -1.000000e+01
    endloop
  endfacet
  facet normal -3.583678e-01 -9.335805e-01  0.000000e+00
    outer loop
      vertex  -1.622339e+01 -4.993047e+01 -1.000000e+01
      vertex  -1.622339e+01 -4.993047e+01 -6.000000e+00
      vertex  -2.135367e+01 -4.796114e+01 -6.000000e+00
    endloop
  endfacet
  facet normal -3.583678e-01 -9.335805e-01  0.000000e+00
    outer loop
      vertex  -1.622339e+01 -4.993047e+01 -1.000000e+01
      vertex  -2.135367e+01 -4.796114e+01 -6.000000e+00
      vertex  -2.135367e+01 -4.796114e+01 -1.000000e+01
    endloop
  endfacet
  facet normal -4.539907e-01 -8.910064e-01  0.000000e+00
    outer loop
      vertex  -2.135367e+01 -4.796114e+01 -1.000000e+01
      vertex  -2.135367e+01 -4.796114e+01 -6.000000e+00
      vertex  -2.625000e+01 -4.546633e+01 -6.000000e+00
    endloop
  endfacet
  facet normal -4.539907e-01 -8.910064e-01  0.000000e+00
    outer loop
      vertex  -2.135367e+01 -4.796114e+01 -1.000000e+01
      vertex  -2.625000e+01 -4.546633e+01 -6.000000e+00
      vertex  -2.625000e+01 -4.546633e+01 -1.000000e+01
    endloop
  endfacet
  facet normal -5.446387e-01 -8.386708e-01  0.000000e+00
    outer loop
      vertex  -2.625000e+01 -4.546633e+01 -1.000000e+01
      vertex  -2.625000e+01 -4.546633e+01 -6.000000e+00
      vertex  -3.085873e+01 -4.247339e+01 -6.000000e+00
    endloop
  endfacet
  facet normal -5.446387e-01 -8.386708e-01  0.000000e+00
    outer loop
      vertex  -2.625000e+01 -4.546633e+01 -1.000000e+01
      vertex  -3.085873e+01 -4.247339e+01 -6.000000e+00
      vertex  -3.085873e+01 -4.247339e+01 -1.000000e+01
    endloop
  endfacet
  facet normal -6.293207e-01 -7.771458e-01  0.000000e+00
    outer loop
      vertex  -3.085873e+01 -4.247339e+01 -1.000000e+01
      vertex  -3.085873e+01 -4.247339e+01 -6.000000e+00
      vertex  -3.512936e+01 -3.901510e+01 -6.000000e+00
    endloop
  endfacet
  facet normal -6.293207e-01 -7.771458e-01  0.000000e+00
    outer loop
      vertex  -3.085873e+01 -4.247339e+01 -1.000000e+01
      vertex  -3.512936e+01 -3.901510e+01 -6.000000e+00
      vertex  -3.512936e+01 -3.901510e+01 -1.000000e+01
    endloop
  endfacet
  facet normal -7.071068e-01 -7.071068e-01  0.000000e+00
    outer loop
      vertex  -3.512936e+01 -3.901510e+01 -1.000000e+01
      vertex  -3.512936e+01 -3.901510e+01 -6.000000e+00
      vertex  -3.901510e+01 -3.512936e+01 -6.000000e+00
    endloop
  endfacet
  facet normal -7.071068e-01 -7.071068e-01  0.000000e+00
    outer loop
      vertex  -3.512936e+01 -3.901510e+01 -1.000000e+01
      vertex  -3.901510e+01 -3.512936e+01 -6.000000e+00
      vertex  -3.901510e+01 -3.512936e+01 -1.000000e+01
    endloop
  endfacet
  facet normal -7.771458e-01 -6.293207e-01  0.000000e+00
    outer loop
      vertex  -3.901510e+01 -3.512936e+01 -1.000000e+01
      vertex  -3.901510e+01 -3.512936e+01 -6.000000e+00
      vertex  -4.247339e+01 -3.085873e+01 -6.000000e+00
    endloop
  endfacet
  facet normal -7.771458e-01 -6.293207e-01  0.000000e+00
    outer loop
      vertex  -3.901510e+01 -3.512936e+01 -1.000000e+01
      vertex  -4.247339e+01 -3.085873e+01 -6.000000e+00
      vertex  -4.247339e+01 -3.085873e+01 -1.000000e+01
    endloop
  endfacet
  facet normal -8.386708e-01 -5.446387e-01  0.000000e+00
    outer loop
      vertex  -4.247339e+01 -3.085873e+01 -1.000000e+01
      vertex  -4.247339e+01 -3.085873e+01 -6.000000e+00
      vertex  -4.546633e+01 -2.625000e+01 -6.000000e+00
    endloop
  endfacet
  facet normal -8.386708e-01 -5.446387e-01  0.000000e+00
    outer loop
      vertex  -4.247339e+01 -3.085873e+01 -1.000000e+01
      vertex  -4.546633e+01 -2.625000e+01 -6.000000e+00
      vertex  -4.546633e+01 -2.625000e+01 -1.000000e+01
    endloop
  endfacet
  facet normal -8.910064e-01 -4.539907e-01  0.000000e+00
    outer loop
      vertex  -4.546633e+01 -2.625000e+01 -1.000000e+01
      vertex  -4.546633e+01 -2.625000e+01 -6.000000e+00
      vertex  -4.796114e+01 -2.135367e+01 -6.000000e+00
    endloop
  endfacet
  facet normal -8.910064e-01 -4.539907e-01  0.000000e+00
    outer loop
      vertex  -4.546633e+01 -2.625000e+01 -1.000000e+01
      vertex  -4.796114e+01 -2.135367e+01 -6.000000e+00
      vertex  -4.796114e+01 -2.135367e+01 -1.000000e+01
    endloop
  endfacet
  facet normal -9.335805e-01 -3.583678e-01  0.000000e+00
    outer loop
      vertex  -4.796114e+01 -2.135367e+01 -1.000000e+01
      vertex  -4.796114e+01 -2.135367e+01 -6.000000e+00
      vertex  -4.993047e+01 -1.622339e+01 -6.000000e+00
    endloop
  endfacet
  facet normal -9.335805e-01 -3.583678e-01  0.000000e+00
    outer loop
      vertex  -4.796114e+01 -2.135367e+01 -1.000000e+01
      vertex  -4.993047e+01 -1.622339e+01 -6.000000e+00
      vertex  -4.993047e+01 -1.622339e+01 -1.000000e+01
    endloop
  endfacet
  facet normal -9.659258e-01 -2.588193e-01  0.000000e+00
    outer loop
      vertex  -4.993047e+01 -1.622339e+01 -1.000000e+01
      vertex  -4.993047e+01 -1.622339e+01 -6.000000e+00
      vertex  -5.135275e+01 -1.091536e+01 -6.000000e+00
    endloop
  endfacet
  facet normal -9.659258e-01 -2.588193e-01  0.000000e+00
    outer loop
      vertex  -4.993047e+01 -1.622339e+01 -1.000000e+01
      vertex  -5.135275e+01 -1.091536e+01 -6.000000e+00
      vertex  -5.135275e+01 -1.091536e+01 -1.000000e+01
    endloop
  endfacet
  facet normal -9.876882e-01 -1.564350e-01  0.000000e+00
    outer loop
      vertex  -5.135275e+01 -1.091536e+01 -1.000000e+01
      vertex  -5.135275e+01 -1.091536e+01 -6.000000e+00
      vertex  -5.221240e+01 -5.487744e+00 -6.000000e+00
    endloop
  endfacet
  facet normal -9.876882e-01 -1.564350e-01  0.000000e+00
    outer loop
      vertex  -5.135275e+01 -1.091536e+01 -1.000000e+01
      vertex  -5.221240e+01 -5.487744e+00 -6.000000e+00
      vertex  -5.221240e+01 -5.487744e+00 -1.000000e+01
    endloop
  endfacet
  facet normal -9.986296e-01 -5.233544e-02  0.000000e+00
    outer loop
      vertex  -5.221240e+01 -5.487744e+00 -1.000000e+01
      vertex  -5.221240e+01 -5.487744e+00 -6.000000e+00
      vertex  -5.250000e+01  0.000000e+00 -1.000000e+01
    endloop
  endfacet
  facet normal -9.986296e-01 -5.233544e-02  0.000000e+00
    outer loop
      vertex  -5.250000e+01  0.000000e+00 -1.000000e+01
      vertex  -5.221240e+01 -5.487744e+00 -6.000000e+00
      vertex  -5.250000e+01  0.000000e+00 -6.000000e+00
    endloop
  endfacet
  facet normal -9.986296e-01  5.233544e-02  0.000000e+00
    outer loop
      vertex  -5.250000e+01  0.000000e+00 -1.000000e+01
      vertex  -5.250000e+01  0.000000e+00 -6.000000e+00
      vertex  -5.221240e+01  5.487744e+00 -1.000000e+01
    endloop
  endfacet
  facet normal -9.986296e-01  5.233544e-02  0.000000e+00
    outer loop
      vertex  -5.221240e+01  5.487744e+00 -1.000000e+01
      vertex  -5.250000e+01  0.000000e+00 -6.000000e+00
      vertex  -5.221240e+01  5.487744e+00 -6.000000e+00
    endloop
  endfacet
  facet normal -9.876882e-01  1.564350e-01  0.000000e+00
    outer loop
      vertex  -5.221240e+01  5.487744e+00 -1.000000e+01
      vertex  -5.221240e+01  5.487744e+00 -6.000000e+00
      vertex  -5.135275e+01  1.091536e+01 -6.000000e+00
    endloop
  endfacet
  facet normal  9.986296e-01  5.233544e-02  0.000000e+00
    outer loop
      vertex   5.250000e+01  0.000000e+00 -6.000000e+00
      vertex   5.221240e+01  5.487744e+00 -1.000000e+01
      vertex   5.221240e+01  5.487744e+00 -6.000000e+00
    endloop
  endfacet
  facet normal  9.876882e-01  1.564350e-01  0.000000e+00
    outer loop
      vertex   5.221240e+01  5.487744e+00 -6.000000e+00
      vertex   5.221240e+01  5.487744e+00 -1.000000e+01
      vertex   5.135275e+01  1.091536e+01 -1.000000e+01
    endloop
  endfacet
  facet normal  9.876882e-01  1.564350e-01  0.000000e+00
    outer loop
      vertex   5.221240e+01  5.487744e+00 -6.000000e+00
      vertex   5.135275e+01  1.091536e+01 -1.000000e+01
      vertex   5.135275e+01  1.091536e+01 -6.000000e+00
    endloop
  endfacet
  facet normal  9.659258e-01  2.588193e-01  0.000000e+00
    outer loop
      vertex   5.135275e+01  1.091536e+01 -6.000000e+00
      vertex   5.135275e+01  1.091536e+01 -1.000000e+01
      vertex   4.993047e+01  1.622339e+01 -1.000000e+01
    endloop
  endfacet
  facet normal  9.659258e-01  2.588193e-01  0.000000e+00
    outer loop
      vertex   5.135275e+01  1.091536e+01 -6.000000e+00
      vertex   4.993047e+01  1.622339e+01 -1.000000e+01
      vertex   4.993047e+01  1.622339e+01 -6.000000e+00
    endloop
  endfacet
  facet normal  9.335805e-01  3.583678e-01  0.000000e+00
    outer loop
      vertex   4.993047e+01  1.622339e+01 -6.000000e+00
      vertex   4.993047e+01  1.622339e+01 -1.000000e+01
      vertex   4.796114e+01  2.135367e+01 -1.000000e+01
    endloop
  endfacet
  facet normal  9.335805e-01  3.583678e-01  0.000000e+00
    outer loop
      vertex   4.993047e+01  1.622339e+01 -6.000000e+00
      vertex   4.796114e+01  2.135367e+01 -1.000000e+01
      vertex   4.796114e+01  2.135367e+01 -6.000000e+00
    endloop
  endfacet
  facet normal  8.910064e-01  4.539907e-01  0.000000e+00
    outer loop
      vertex   4.796114e+01  2.135367e+01 -6.000000e+00
      vertex   4.796114e+01  2.135367e+01 -1.000000e+01
      vertex   4.546633e+01  2.625000e+01 -1.000000e+01
    endloop
  endfacet
  facet normal  8.910064e-01  4.539907e-01  0.000000e+00
    outer loop
      vertex   4.796114e+01  2.135367e+01 -6.000000e+00
      vertex   4.546633e+01  2.625000e+01 -1.000000e+01
      vertex   4.546633e+01  2.625000e+01 -6.000000e+00
    endloop
  endfacet
  facet normal  8.386708e-01  5.446387e-01  0.000000e+00
    outer loop
      vertex   4.546633e+01  2.625000e+01 -6.000000e+00
      vertex   4.546633e+01  2.625000e+01 -1.000000e+01
      vertex   4.247339e+01  3.085873e+01 -1.000000e+01
    endloop
  endfacet
  facet normal  8.386708e-01  5.446387e-01  0.000000e+00
    outer loop
      vertex   4.546633e+01  2.625000e+01 -6.000000e+00
      vertex   4.247339e+01  3.085873e+01 -1.000000e+01
      vertex   4.247339e+01  3.085873e+01 -6.000000e+00
    endloop
  endfacet
  facet normal  7.771458e-01  6.293207e-01  0.000000e+00
    outer loop
      vertex   4.247339e+01  3.085873e+01 -6.000000e+00
      vertex   4.247339e+01  3.085873e+01 -1.000000e+01
      vertex   3.901510e+01  3.512936e+01 -1.000000e+01
    endloop
  endfacet
  facet normal  7.771458e-01  6.293207e-01  0.000000e+00
    outer loop
      vertex   4.247339e+01  3.085873e+01 -6.000000e+00
      vertex   3.901510e+01  3.512936e+01 -1.000000e+01
      vertex   3.901510e+01  3.512936e+01 -6.000000e+00
    endloop
  endfacet
  facet normal  7.071068e-01  7.071068e-01  0.000000e+00
    outer loop
      vertex   3.901510e+01  3.512936e+01 -6.000000e+00
      vertex   3.901510e+01  3.512936e+01 -1.000000e+01
      vertex   3.512936e+01  3.901510e+01 -1.000000e+01
    endloop
  endfacet
  facet normal  7.071068e-01  7.071068e-01  0.000000e+00
    outer loop
      vertex   3.901510e+01  3.512936e+01 -6.000000e+00
      vertex   3.512936e+01  3.901510e+01 -1.000000e+01
      vertex   3.512936e+01  3.901510e+01 -6.000000e+00
    endloop
  endfacet
  facet normal  6.293207e-01  7.771458e-01  0.000000e+00
    outer loop
      vertex   3.512936e+01  3.901510e+01 -6.000000e+00
      vertex   3.512936e+01  3.901510e+01 -1.000000e+01
      vertex   3.085873e+01  4.247339e+01 -1.000000e+01
    endloop
  endfacet
  facet normal  6.293207e-01  7.771458e-01  0.000000e+00
    outer loop
      vertex   3.512936e+01  3.901510e+01 -6.000000e+00
      vertex   3.085873e+01  4.247339e+01 -1.000000e+01
      vertex   3.085873e+01  4.247339e+01 -6.000000e+00
    endloop
  endfacet
  facet normal  5.446387e-01  8.386708e-01  0.000000e+00
    outer loop
      vertex   3.085873e+01  4.247339e+01 -6.000000e+00
      vertex   3.085873e+01  4.247339e+01 -1.000000e+01
      vertex   2.625000e+01  4.546633e+01 -1.000000e+01
    endloop
  endfacet
  facet normal  5.446387e-01  8.386708e-01  0.000000e+00
    outer loop
      vertex   3.085873e+01  4.247339e+01 -6.000000e+00
      vertex   2.625000e+01  4.546633e+01 -1.000000e+01
      vertex   2.625000e+01  4.546633e+01 -6.000000e+00
    endloop
  endfacet
  facet normal  4.539907e-01  8.910064e-01  0.000000e+00
    outer loop
      vertex   2.625000e+01  4.546633e+01 -6.000000e+00
      vertex   2.625000e+01  4.546633e+01 -1.000000e+01
      vertex   2.135367e+01  4.796114e+01 -1.000000e+01
    endloop
  endfacet
  facet normal  4.539907e-01  8.910064e-01  0.000000e+00
    outer loop
      vertex   2.625000e+01  4.546633e+01 -6.000000e+00
      vertex   2.135367e+01  4.796114e+01 -1.000000e+01
      vertex   2.135367e+01  4.796114e+01 -6.000000e+00
    endloop
  endfacet
  facet normal  3.583678e-01  9.335805e-01  0.000000e+00
    outer loop
      vertex   2.135367e+01  4.796114e+01 -6.000000e+00
      vertex   2.135367e+01  4.796114e+01 -1.000000e+01
      vertex   1.622339e+01  4.993047e+01 -1.000000e+01
    endloop
  endfacet
  facet normal  3.583678e-01  9.335805e-01  0.000000e+00
    outer loop
      vertex   2.135367e+01  4.796114e+01 -6.000000e+00
      vertex   1.622339e+01  4.993047e+01 -1.000000e+01
      vertex   1.622339e+01  4.993047e+01 -6.000000e+00
    endloop
  endfacet
  facet normal  2.588193e-01  9.659258e-01  0.000000e+00
    outer loop
      vertex   1.622339e+01  4.993047e+01 -6.000000e+00
      vertex   1.622339e+01  4.993047e+01 -1.000000e+01
      vertex   1.091536e+01  5.135275e+01 -1.000000e+01
    endloop
  endfacet
  facet normal  2.588193e-01  9.659258e-01  0.000000e+00
    outer loop
      vertex   1.622339e+01  4.993047e+01 -6.000000e+00
      vertex   1.091536e+01  5.135275e+01 -1.000000e+01
      vertex   1.091536e+01  5.135275e+01 -6.000000e+00
    endloop
  endfacet
  facet normal  1.564350e-01  9.876882e-01  0.000000e+00
    outer loop
      vertex   1.091536e+01  5.135275e+01 -6.000000e+00
      vertex   1.091536e+01  5.135275e+01 -1.000000e+01
      vertex   5.487744e+00  5.221240e+01 -1.000000e+01
    endloop
  endfacet
  facet normal  1.564350e-01  9.876882e-01  0.000000e+00
    outer loop
      vertex   1.091536e+01  5.135275e+01 -6.000000e+00
      vertex   5.487744e+00  5.221240e+01 -1.000000e+01
      vertex   5.487744e+00  5.221240e+01 -6.000000e+00
    endloop
  endfacet
  facet normal  5.233544e-02  9.986296e-01  0.000000e+00
    outer loop
      vertex   5.487744e+00  5.221240e+01 -6.000000e+00
      vertex   5.487744e+00  5.221240e+01 -1.000000e+01
      vertex   0.000000e+00  5.250000e+01 -1.000000e+01
    endloop
  endfacet
  facet normal  5.233544e-02  9.986296e-01  0.000000e+00
    outer loop
      vertex   5.487744e+00  5.221240e+01 -6.000000e+00
      vertex   0.000000e+00  5.250000e+01 -1.000000e+01
      vertex   0.000000e+00  5.250000e+01 -6.000000e+00
    endloop
  endfacet
  facet normal -5.233544e-02  9.986296e-01  0.000000e+00
    outer loop
      vertex   0.000000e+00  5.250000e+01 -6.000000e+00
      vertex   0.000000e+00  5.250000e+01 -1.000000e+01
      vertex  -5.487744e+00  5.221240e+01 -1.000000e+01
    endloop
  endfacet
  facet normal -5.233544e-02  9.986296e-01  0.000000e+00
    outer loop
      vertex   0.000000e+00  5.250000e+01 -6.000000e+00
      vertex  -5.487744e+00  5.221240e+01 -1.000000e+01
      vertex  -5.487744e+00  5.221240e+01 -6.000000e+00
    endloop
  endfacet
  facet normal -1.564350e-01  9.876882e-01  0.000000e+00
    outer loop
      vertex  -5.487744e+00  5.221240e+01 -6.000000e+00
      vertex  -5.487744e+00  5.221240e+01 -1.000000e+01
      vertex  -1.091536e+01  5.135275e+01 -1.000000e+01
    endloop
  endfacet
  facet normal -1.564350e-01  9.876882e-01  0.000000e+00
    outer loop
      vertex  -5.487744e+00  5.221240e+01 -6.000000e+00
      vertex  -1.091536e+01  5.135275e+01 -1.000000e+01
      vertex  -1.091536e+01  5.135275e+01 -6.000000e+00
    endloop
  endfacet
  facet normal -2.588193e-01  9.659258e-01  0.000000e+00
    outer loop
      vertex  -1.091536e+01  5.135275e+01 -6.000000e+00
      vertex  -1.091536e+01  5.135275e+01 -1.000000e+01
      vertex  -1.622339e+01  4.993047e+01 -1.000000e+01
    endloop
  endfacet
  facet normal -2.588193e-01  9.659258e-01  0.000000e+00
    outer loop
      vertex  -1.091536e+01  5.135275e+01 -6.000000e+00
      vertex  -1.622339e+01  4.993047e+01 -1.000000e+01
      vertex  -1.622339e+01  4.993047e+01 -6.000000e+00
    endloop
  endfacet
  facet normal -3.583678e-01  9.335805e-01  0.000000e+00
    outer loop
      vertex  -1.622339e+01  4.993047e+01 -6.000000e+00
      vertex  -1.622339e+01  4.993047e+01 -1.000000e+01
      vertex  -2.135367e+01  4.796114e+01 -1.000000e+01
    endloop
  endfacet
  facet normal -3.583678e-01  9.335805e-01  0.000000e+00
    outer loop
      vertex  -1.622339e+01  4.993047e+01 -6.000000e+00
      vertex  -2.135367e+01  4.796114e+01 -1.000000e+01
      vertex  -2.135367e+01  4.796114e+01 -6.000000e+00
    endloop
  endfacet
  facet normal -4.539907e-01  8.910064e-01  0.000000e+00
    outer loop
      vertex  -2.135367e+01  4.796114e+01 -6.000000e+00
      vertex  -2.135367e+01  4.796114e+01 -1.000000e+01
      vertex  -2.625000e+01  4.546633e+01 -1.000000e+01
    endloop
  endfacet
  facet normal -4.539907e-01  8.910064e-01  0.000000e+00
    outer loop
      vertex  -2.135367e+01  4.796114e+01 -6.000000e+00
      vertex  -2.625000e+01  4.546633e+01 -1.000000e+01
      vertex  -2.625000e+01  4.546633e+01 -6.000000e+00
    endloop
  endfacet
  facet normal -5.446387e-01  8.386708e-01  0.000000e+00
    outer loop
      vertex  -2.625000e+01  4.546633e+01 -6.000000e+00
      vertex  -2.625000e+01  4.546633e+01 -1.000000e+01
      vertex  -3.085873e+01  4.247339e+01 -1.000000e+01
    endloop
  endfacet
  facet normal -5.446387e-01  8.386708e-01  0.000000e+00
    outer loop
      vertex  -2.625000e+01  4.546633e+01 -6.000000e+00
      vertex  -3.085873e+01  4.247339e+01 -1.000000e+01
      vertex  -3.085873e+01  4.247339e+01 -6.000000e+00
    endloop
  endfacet
  facet normal -6.293207e-01  7.771458e-01  0.000000e+00
    outer loop
      vertex  -3.085873e+01  4.247339e+01 -6.000000e+00
      vertex  -3.085873e+01  4.247339e+01 -1.000000e+01
      vertex  -3.512936e+01  3.901510e+01 -1.000000e+01
    endloop
  endfacet
  facet normal -6.293207e-01  7.771458e-01  0.000000e+00
    outer loop
      vertex  -3.085873e+01  4.247339e+01 -6.000000e+00
      vertex  -3.512936e+01  3.901510e+01 -1.000000e+01
      vertex  -3.512936e+01  3.901510e+01 -6.000000e+00
    endloop
  endfacet
  facet normal -7.071068e-01  7.071068e-01  0.000000e+00
    outer loop
      vertex  -3.512936e+01  3.901510e+01 -6.000000e+00
      vertex  -3.512936e+01  3.901510e+01 -1.000000e+01
      vertex  -3.901510e+01  3.512936e+01 -1.000000e+01
    endloop
  endfacet
  facet normal -7.071068e-01  7.071068e-01  0.000000e+00
    outer loop
      vertex  -3.512936e+01  3.901510e+01 -6.000000e+00
      vertex  -3.901510e+01  3.512936e+01 -1.000000e+01
      vertex  -3.901510e+01  3.512936e+01 -6.000000e+00
    endloop
  endfacet
  facet normal -7.771458e-01  6.293207e-01  0.000000e+00
    outer loop
      vertex  -3.901510e+01  3.512936e+01 -6.000000e+00
      vertex  -3.901510e+01  3.512936e+01 -1.000000e+01
      vertex  -4.247339e+01  3.085873e+01 -1.000000e+01
    endloop
  endfacet
  facet normal -7.771458e-01  6.293207e-01  0.000000e+00
    outer loop
      vertex  -3.901510e+01  3.512936e+01 -6.000000e+00
      vertex  -4.247339e+01  3.085873e+01 -1.000000e+01
      vertex  -4.247339e+01  3.085873e+01 -6.000000e+00
    endloop
  endfacet
  facet normal -8.386708e-01  5.446387e-01  0.000000e+00
    outer loop
      vertex  -4.247339e+01  3.085873e+01 -6.000000e+00
      vertex  -4.247339e+01  3.085873e+01 -1.000000e+01
      vertex  -4.546633e+01  2.625000e+01 -1.000000e+01
    endloop
  endfacet
  facet normal -8.386708e-01  5.446387e-01  0.000000e+00
    outer loop
      vertex  -4.247339e+01  3.085873e+01 -6.000000e+00
      vertex  -4.546633e+01  2.625000e+01 -1.000000e+01
      vertex  -4.546633e+01  2.625000e+01 -6.000000e+00
    endloop
  endfacet
  facet normal -8.910064e-01  4.539907e-01  0.000000e+00
    outer loop
      vertex  -4.546633e+01  2.625000e+01 -6.000000e+00
      vertex  -4.546633e+01  2.625000e+01 -1.000000e+01
      vertex  -4.796114e+01  2.135367e+01 -1.000000e+01
    endloop
  endfacet
  facet normal -8.910064e-01  4.539907e-01  0.000000e+00
    outer loop
      vertex  -4.546633e+01  2.625000e+01 -6.000000e+00
      vertex  -4.796114e+01  2.135367e+01 -1.000000e+01
      vertex  -4.796114e+01  2.135367e+01 -6.000000e+00
    endloop
  endfacet
  facet normal -9.335805e-01  3.583678e-01  0.000000e+00
    outer loop
      vertex  -4.796114e+01  2.135367e+01 -6.000000e+00
      vertex  -4.796114e+01  2.135367e+01 -1.000000e+01
      vertex  -4.993047e+01  1.622339e+01 -1.000000e+01
    endloop
  endfacet
  facet normal -9.335805e-01  3.583678e-01  0.000000e+00
    outer loop
      vertex  -4.796114e+01  2.135367e+01 -6.000000e+00
      vertex  -4.993047e+01  1.622339e+01 -1.000000e+01
      vertex  -4.993047e+01  1.622339e+01 -6.000000e+00
    endloop
  endfacet
  facet normal -9.659258e-01  2.588193e-01  0.000000e+00
    outer loop
      vertex  -4.993047e+01  1.622339e+01 -6.000000e+00
      vertex  -4.993047e+01  1.622339e+01 -1.000000e+01
      vertex  -5.135275e+01  1.091536e+01 -1.000000e+01
    endloop
  endfacet
  facet normal -9.659258e-01  2.588193e-01  0.000000e+00
    outer loop
      vertex  -4.993047e+01  1.622339e+01 -6.000000e+00
      vertex  -5.135275e+01  1.091536e+01 -1.000000e+01
      vertex  -5.135275e+01  1.091536e+01 -6.000000e+00
    endloop
  endfacet
  facet normal -9.876882e-01  1.564350e-01  0.000000e+00
    outer loop
      vertex  -5.135275e+01  1.091536e+01 -6.000000e+00
      vertex  -5.135275e+01  1.091536e+01 -1.000000e+01
      vertex  -5.221240e+01  5.487744e+00 -1.000000e+01
    endloop
  endfacet
  facet normal -9.985334e-01  5.413869e-02  0.000000e+00
    outer loop
      vertex   5.020397e+01 -5.460010e+00 -1.000000e+01
      vertex   5.020397e+01 -5.460010e+00 -6.000000e+00
      vertex   5.050000e+01  0.000000e+00 -1.000000e+01
    endloop
  endfacet
  facet normal -9.985334e-01  5.413869e-02  0.000000e+00
    outer loop
      vertex   5.050000e+01  0.000000e+00 -1.000000e+01
      vertex   5.020397e+01 -5.460010e+00 -6.000000e+00
      vertex   5.050000e+01  0.000000e+00 -6.000000e+00
    endloop
  endfacet
  facet normal -9.985334e-01 -5.413869e-02  0.000000e+00
    outer loop
      vertex   5.050000e+01  0.000000e+00 -1.000000e+01
      vertex   5.050000e+01  0.000000e+00 -6.000000e+00
      vertex   5.020397e+01  5.460010e+00 -1.000000e+01
    endloop
  endfacet
  facet normal -9.985334e-01 -5.413869e-02  0.000000e+00
    outer loop
      vertex   5.020397e+01  5.460010e+00 -1.000000e+01
      vertex   5.050000e+01  0.000000e+00 -6.000000e+00
      vertex   5.020397e+01  5.460010e+00 -6.000000e+00
    endloop
  endfacet
  facet normal -9.868265e-01 -1.617819e-01  0.000000e+00
    outer loop
      vertex   5.020397e+01  5.460010e+00 -1.000000e+01
      vertex   5.020397e+01  5.460010e+00 -6.000000e+00
      vertex   4.931934e+01  1.085601e+01 -1.000000e+01
    endloop
  endfacet
  facet normal -9.868265e-01 -1.617819e-01  0.000000e+00
    outer loop
      vertex   4.931934e+01  1.085601e+01 -1.000000e+01
      vertex   5.020397e+01  5.460010e+00 -6.000000e+00
      vertex   4.931934e+01  1.085601e+01 -6.000000e+00
    endloop
  endfacet
  facet normal -9.635498e-01 -2.675289e-01  0.000000e+00
    outer loop
      vertex   4.931934e+01  1.085601e+01 -1.000000e+01
      vertex   4.931934e+01  1.085601e+01 -6.000000e+00
      vertex   4.785648e+01  1.612473e+01 -1.000000e+01
    endloop
  endfacet
  facet normal -9.635498e-01 -2.675289e-01  0.000000e+00
    outer loop
      vertex   4.785648e+01  1.612473e+01 -1.000000e+01
      vertex   4.931934e+01  1.085601e+01 -6.000000e+00
      vertex   4.785648e+01  1.612473e+01 -6.000000e+00
    endloop
  endfacet
  facet normal -9.289768e-01 -3.701381e-01  0.000000e+00
    outer loop
      vertex   4.785648e+01  1.612473e+01 -1.000000e+01
      vertex   4.785648e+01  1.612473e+01 -6.000000e+00
      vertex   4.583256e+01  2.120440e+01 -1.000000e+01
    endloop
  endfacet
  facet normal -9.289768e-01 -3.701381e-01  0.000000e+00
    outer loop
      vertex   4.583256e+01  2.120440e+01 -1.000000e+01
      vertex   4.785648e+01  1.612473e+01 -6.000000e+00
      vertex   4.583256e+01  2.120440e+01 -6.000000e+00
    endloop
  endfacet
  facet normal -8.835124e-01 -4.684078e-01  0.000000e+00
    outer loop
      vertex   4.583256e+01  2.120440e+01 -1.000000e+01
      vertex   4.583256e+01  2.120440e+01 -6.000000e+00
      vertex   4.327129e+01  2.603547e+01 -1.000000e+01
    endloop
  endfacet
  facet normal -8.835124e-01 -4.684078e-01  0.000000e+00
    outer loop
      vertex   4.327129e+01  2.603547e+01 -1.000000e+01
      vertex   4.583256e+01  2.120440e+01 -6.000000e+00
      vertex   4.327129e+01  2.603547e+01 -6.000000e+00
    endloop
  endfacet
  facet normal -8.276885e-01 -5.611879e-01  0.000000e+00
    outer loop
      vertex   4.327129e+01  2.603547e+01 -1.000000e+01
      vertex   4.327129e+01  2.603547e+01 -6.000000e+00
      vertex   4.020270e+01  3.056130e+01 -1.000000e+01
    endloop
  endfacet
  facet normal -8.276885e-01 -5.611879e-01  0.000000e+00
    outer loop
      vertex   4.020270e+01  3.056130e+01 -1.000000e+01
      vertex   4.327129e+01  2.603547e+01 -6.000000e+00
      vertex   4.020270e+01  3.056130e+01 -6.000000e+00
    endloop
  endfacet
  facet normal -7.621623e-01 -6.473860e-01  0.000000e+00
    outer loop
      vertex   4.020270e+01  3.056130e+01 -1.000000e+01
      vertex   4.020270e+01  3.056130e+01 -6.000000e+00
      vertex   3.666277e+01  3.472882e+01 -1.000000e+01
    endloop
  endfacet
  facet normal -7.621623e-01 -6.473860e-01  0.000000e+00
    outer loop
      vertex   3.666277e+01  3.472882e+01 -1.000000e+01
      vertex   4.020270e+01  3.056130e+01 -6.000000e+00
      vertex   3.666277e+01  3.472882e+01 -6.000000e+00
    endloop
  endfacet
  facet normal -6.876998e-01 -7.259952e-01  0.000000e+00
    outer loop
      vertex   3.666277e+01  3.472882e+01 -1.000000e+01
      vertex   3.666277e+01  3.472882e+01 -6.000000e+00
      vertex   3.269301e+01  3.848919e+01 -1.000000e+01
    endloop
  endfacet
  facet normal -6.876998e-01 -7.259952e-01  0.000000e+00
    outer loop
      vertex   3.269301e+01  3.848919e+01 -1.000000e+01
      vertex   3.666277e+01  3.472882e+01 -6.000000e+00
      vertex   3.269301e+01  3.848919e+01 -6.000000e+00
    endloop
  endfacet
  facet normal -6.051739e-01 -7.960933e-01  0.000000e+00
    outer loop
      vertex   3.269301e+01  3.848919e+01 -1.000000e+01
      vertex   3.269301e+01  3.848919e+01 -6.000000e+00
      vertex   2.833995e+01  4.179829e+01 -1.000000e+01
    endloop
  endfacet
  facet normal -6.051739e-01 -7.960933e-01  0.000000e+00
    outer loop
      vertex   2.833995e+01  4.179829e+01 -1.000000e+01
      vertex   3.269301e+01  3.848919e+01 -6.000000e+00
      vertex   2.833995e+01  4.179829e+01 -6.000000e+00
    endloop
  endfacet
  facet normal -5.155534e-01 -8.568575e-01  0.000000e+00
    outer loop
      vertex   2.833995e+01  4.179829e+01 -1.000000e+01
      vertex   2.833995e+01  4.179829e+01 -6.000000e+00
      vertex   2.365462e+01  4.461736e+01 -1.000000e+01
    endloop
  endfacet
  facet normal -5.155534e-01 -8.568575e-01  0.000000e+00
    outer loop
      vertex   2.365462e+01  4.461736e+01 -1.000000e+01
      vertex   2.833995e+01  4.179829e+01 -6.000000e+00
      vertex   2.365462e+01  4.461736e+01 -6.000000e+00
    endloop
  endfacet
  facet normal -4.198893e-01 -9.075754e-01  0.000000e+00
    outer loop
      vertex   2.365462e+01  4.461736e+01 -1.000000e+01
      vertex   2.365462e+01  4.461736e+01 -6.000000e+00
      vertex   1.869198e+01  4.691332e+01 -1.000000e+01
    endloop
  endfacet
  facet normal -4.198893e-01 -9.075754e-01  0.000000e+00
    outer loop
      vertex   1.869198e+01  4.691332e+01 -1.000000e+01
      vertex   2.365462e+01  4.461736e+01 -6.000000e+00
      vertex   1.869198e+01  4.691332e+01 -6.000000e+00
    endloop
  endfacet
  facet normal -3.193025e-01 -9.476528e-01  0.000000e+00
    outer loop
      vertex   1.869198e+01  4.691332e+01 -1.000000e+01
      vertex   1.869198e+01  4.691332e+01 -6.000000e+00
      vertex   1.351018e+01  4.865928e+01 -1.000000e+01
    endloop
  endfacet
  facet normal -3.193025e-01 -9.476528e-01  0.000000e+00
    outer loop
      vertex   1.351018e+01  4.865928e+01 -1.000000e+01
      vertex   1.869198e+01  4.691332e+01 -6.000000e+00
      vertex   1.351018e+01  4.865928e+01 -6.000000e+00
    endloop
  endfacet
  facet normal -2.149698e-01 -9.766207e-01  0.000000e+00
    outer loop
      vertex   1.351018e+01  4.865928e+01 -1.000000e+01
      vertex   1.351018e+01  4.865928e+01 -6.000000e+00
      vertex   8.169991e+00  4.983474e+01 -1.000000e+01
    endloop
  endfacet
  facet normal -2.149698e-01 -9.766207e-01  0.000000e+00
    outer loop
      vertex   8.169991e+00  4.983474e+01 -1.000000e+01
      vertex   1.351018e+01  4.865928e+01 -6.000000e+00
      vertex   8.169991e+00  4.983474e+01 -6.000000e+00
    endloop
  endfacet
  facet normal -1.081197e-01 -9.941378e-01  0.000000e+00
    outer loop
      vertex   8.169991e+00  4.983474e+01 -1.000000e+01
      vertex   8.169991e+00  4.983474e+01 -6.000000e+00
      vertex   2.734015e+00  5.042594e+01 -1.000000e+01
    endloop
  endfacet
  facet normal -1.081197e-01 -9.941378e-01  0.000000e+00
    outer loop
      vertex   2.734015e+00  5.042594e+01 -1.000000e+01
      vertex   8.169991e+00  4.983474e+01 -6.000000e+00
      vertex   2.734015e+00  5.042594e+01 -6.000000e+00
    endloop
  endfacet
  facet normal  0.000000e+00 -1.000000e+00  0.000000e+00
    outer loop
      vertex   2.734015e+00  5.042594e+01 -1.000000e+01
      vertex   2.734015e+00  5.042594e+01 -6.000000e+00
      vertex  -2.734015e+00  5.042594e+01 -1.000000e+01
    endloop
  endfacet
  facet normal  0.000000e+00 -1.000000e+00  0.000000e+00
    outer loop
      vertex  -2.734015e+00  5.042594e+01 -1.000000e+01
      vertex   2.734015e+00  5.042594e+01 -6.000000e+00
      vertex  -2.734015e+00  5.042594e+01 -6.000000e+00
    endloop
  endfacet
  facet normal  1.081197e-01 -9.941378e-01  0.000000e+00
    outer loop
      vertex  -2.734015e+00  5.042594e+01 -1.000000e+01
      vertex  -2.734015e+00  5.042594e+01 -6.000000e+00
      vertex  -8.169991e+00  4.983474e+01 -1.000000e+01
    endloop
  endfacet
  facet normal  1.081197e-01 -9.941378e-01  0.000000e+00
    outer loop
      vertex  -8.169991e+00  4.983474e+01 -1.000000e+01
      vertex  -2.734015e+00  5.042594e+01 -6.000000e+00
      vertex  -8.169991e+00  4.983474e+01 -6.000000e+00
    endloop
  endfacet
  facet normal  2.149698e-01 -9.766207e-01  0.000000e+00
    outer loop
      vertex  -8.169991e+00  4.983474e+01 -1.000000e+01
      vertex  -8.169991e+00  4.983474e+01 -6.000000e+00
      vertex  -1.351018e+01  4.865928e+01 -1.000000e+01
    endloop
  endfacet
  facet normal  2.149698e-01 -9.766207e-01  0.000000e+00
    outer loop
      vertex  -1.351018e+01  4.865928e+01 -1.000000e+01
      vertex  -8.169991e+00  4.983474e+01 -6.000000e+00
      vertex  -1.351018e+01  4.865928e+01 -6.000000e+00
    endloop
  endfacet
  facet normal  3.193025e-01 -9.476528e-01  0.000000e+00
    outer loop
      vertex  -1.351018e+01  4.865928e+01 -1.000000e+01
      vertex  -1.351018e+01  4.865928e+01 -6.000000e+00
      vertex  -1.869198e+01  4.691332e+01 -1.000000e+01
    endloop
  endfacet
  facet normal  3.193025e-01 -9.476528e-01  0.000000e+00
    outer loop
      vertex  -1.869198e+01  4.691332e+01 -1.000000e+01
      vertex  -1.351018e+01  4.865928e+01 -6.000000e+00
      vertex  -1.869198e+01  4.691332e+01 -6.000000e+00
    endloop
  endfacet
  facet normal  4.198893e-01 -9.075754e-01  0.000000e+00
    outer loop
      vertex  -1.869198e+01  4.691332e+01 -1.000000e+01
      vertex  -1.869198e+01  4.691332e+01 -6.000000e+00
      vertex  -2.365462e+01  4.461736e+01 -1.000000e+01
    endloop
  endfacet
  facet normal  4.198893e-01 -9.075754e-01  0.000000e+00
    outer loop
      vertex  -2.365462e+01  4.461736e+01 -1.000000e+01
      vertex  -1.869198e+01  4.691332e+01 -6.000000e+00
      vertex  -2.365462e+01  4.461736e+01 -6.000000e+00
    endloop
  endfacet
  facet normal  5.155534e-01 -8.568575e-01  0.000000e+00
    outer loop
      vertex  -2.365462e+01  4.461736e+01 -1.000000e+01
      vertex  -2.365462e+01  4.461736e+01 -6.000000e+00
      vertex  -2.833995e+01  4.179829e+01 -1.000000e+01
    endloop
  endfacet
  facet normal  5.155534e-01 -8.568575e-01  0.000000e+00
    outer loop
      vertex  -2.833995e+01  4.179829e+01 -1.000000e+01
      vertex  -2.365462e+01  4.461736e+01 -6.000000e+00
      vertex  -2.833995e+01  4.179829e+01 -6.000000e+00
    endloop
  endfacet
  facet normal  6.051739e-01 -7.960933e-01  0.000000e+00
    outer loop
      vertex  -2.833995e+01  4.179829e+01 -1.000000e+01
      vertex  -2.833995e+01  4.179829e+01 -6.000000e+00
      vertex  -3.269301e+01  3.848919e+01 -1.000000e+01
    endloop
  endfacet
  facet normal  6.051739e-01 -7.960933e-01  0.000000e+00
    outer loop
      vertex  -3.269301e+01  3.848919e+01 -1.000000e+01
      vertex  -2.833995e+01  4.179829e+01 -6.000000e+00
      vertex  -3.269301e+01  3.848919e+01 -6.000000e+00
    endloop
  endfacet
  facet normal  6.876998e-01 -7.259952e-01  0.000000e+00
    outer loop
      vertex  -3.269301e+01  3.848919e+01 -1.000000e+01
      vertex  -3.269301e+01  3.848919e+01 -6.000000e+00
      vertex  -3.666277e+01  3.472882e+01 -1.000000e+01
    endloop
  endfacet
  facet normal  6.876998e-01 -7.259952e-01  0.000000e+00
    outer loop
      vertex  -3.666277e+01  3.472882e+01 -1.000000e+01
      vertex  -3.269301e+01  3.848919e+01 -6.000000e+00
      vertex  -3.666277e+01  3.472882e+01 -6.000000e+00
    endloop
  endfacet
  facet normal  7.621623e-01 -6.473860e-01  0.000000e+00
    outer loop
      vertex  -3.666277e+01  3.472882e+01 -1.000000e+01
      vertex  -3.666277e+01  3.472882e+01 -6.000000e+00
      vertex  -4.020270e+01  3.056130e+01 -1.000000e+01
    endloop
  endfacet
  facet normal  7.621623e-01 -6.473860e-01  0.000000e+00
    outer loop
      vertex  -4.020270e+01  3.056130e+01 -1.000000e+01
      vertex  -3.666277e+01  3.472882e+01 -6.000000e+00
      vertex  -4.020270e+01  3.056130e+01 -6.000000e+00
    endloop
  endfacet
  facet normal  8.276885e-01 -5.611879e-01  0.000000e+00
    outer loop
      vertex  -4.020270e+01  3.056130e+01 -1.000000e+01
      vertex  -4.020270e+01  3.056130e+01 -6.000000e+00
      vertex  -4.327129e+01  2.603547e+01 -1.000000e+01
    endloop
  endfacet
  facet normal  8.276885e-01 -5.611879e-01  0.000000e+00
    outer loop
      vertex  -4.327129e+01  2.603547e+01 -1.000000e+01
      vertex  -4.020270e+01  3.056130e+01 -6.000000e+00
      vertex  -4.327129e+01  2.603547e+01 -6.000000e+00
    endloop
  endfacet
  facet normal  8.835124e-01 -4.684078e-01  0.000000e+00
    outer loop
      vertex  -4.327129e+01  2.603547e+01 -1.000000e+01
      vertex  -4.327129e+01  2.603547e+01 -6.000000e+00
      vertex  -4.583256e+01  2.120440e+01 -1.000000e+01
    endloop
  endfacet
  facet normal  8.835124e-01 -4.684078e-01  0.000000e+00
    outer loop
      vertex  -4.583256e+01  2.120440e+01 -1.000000e+01
      vertex  -4.327129e+01  2.603547e+01 -6.000000e+00
      vertex  -4.583256e+01  2.120440e+01 -6.000000e+00
    endloop
  endfacet
  facet normal  9.289768e-01 -3.701381e-01  0.000000e+00
    outer loop
      vertex  -4.583256e+01  2.120440e+01 -1.000000e+01
      vertex  -4.583256e+01  2.120440e+01 -6.000000e+00
      vertex  -4.785648e+01  1.612473e+01 -1.000000e+01
    endloop
  endfacet
  facet normal  9.289768e-01 -3.701381e-01  0.000000e+00
    outer loop
      vertex  -4.785648e+01  1.612473e+01 -1.000000e+01
      vertex  -4.583256e+01  2.120440e+01 -6.000000e+00
      vertex  -4.785648e+01  1.612473e+01 -6.000000e+00
    endloop
  endfacet
  facet normal  9.635498e-01 -2.675289e-01  0.000000e+00
    outer loop
      vertex  -4.785648e+01  1.612473e+01 -1.000000e+01
      vertex  -4.785648e+01  1.612473e+01 -6.000000e+00
      vertex  -4.931934e+01  1.085601e+01 -1.000000e+01
    endloop
  endfacet
  facet normal  9.635498e-01 -2.675289e-01  0.000000e+00
    outer loop
      vertex  -4.931934e+01  1.085601e+01 -1.000000e+01
      vertex  -4.785648e+01  1.612473e+01 -6.000000e+00
      vertex  -4.931934e+01  1.085601e+01 -6.000000e+00
    endloop
  endfacet
  facet normal  9.868265e-01 -1.617819e-01  0.000000e+00
    outer loop
      vertex  -4.931934e+01  1.085601e+01 -1.000000e+01
      vertex  -4.931934e+01  1.085601e+01 -6.000000e+00
      vertex  -5.020397e+01  5.460010e+00 -1.000000e+01
    endloop
  endfacet
  facet normal  9.868265e-01 -1.617819e-01  0.000000e+00
    outer loop
      vertex  -5.020397e+01  5.460010e+00 -1.000000e+01
      vertex  -4.931934e+01  1.085601e+01 -6.000000e+00
      vertex  -5.020397e+01  5.460010e+00 -6.000000e+00
    endloop
  endfacet
  facet normal  9.985334e-01 -5.413869e-02  0.000000e+00
    outer loop
      vertex  -5.020397e+01  5.460010e+00 -1.000000e+01
      vertex  -5.020397e+01  5.460010e+00 -6.000000e+00
      vertex  -5.050000e+01  0.000000e+00 -1.000000e+01
    endloop
  endfacet
  facet normal  9.985334e-01 -5.413869e-02  0.000000e+00
    outer loop
      vertex  -5.050000e+01  0.000000e+00 -1.000000e+01
      vertex  -5.020397e+01  5.460010e+00 -6.000000e+00
      vertex  -5.050000e+01  0.000000e+00 -6.000000e+00
    endloop
  endfacet
  facet normal  9.985334e-01  5.413869e-02 -0.000000e+00
    outer loop
      vertex  -5.050000e+01  0.000000e+00 -1.000000e+01
      vertex  -5.050000e+01  0.000000e+00 -6.000000e+00
      vertex  -5.020397e+01 -5.460010e+00 -1.000000e+01
    endloop
  endfacet
  facet normal  9.985334e-01  5.413869e-02 -0.000000e+00
    outer loop
      vertex  -5.020397e+01 -5.460010e+00 -1.000000e+01
      vertex  -5.050000e+01  0.000000e+00 -6.000000e+00
      vertex  -5.020397e+01 -5.460010e+00 -6.000000e+00
    endloop
  endfacet
  facet normal  9.868265e-01  1.617819e-01 -0.000000e+00
    outer loop
      vertex  -5.020397e+01 -5.460010e+00 -1.000000e+01
      vertex  -5.020397e+01 -5.460010e+00 -6.000000e+00
      vertex  -4.931934e+01 -1.085601e+01 -1.000000e+01
    endloop
  endfacet
  facet normal  9.868265e-01  1.617819e-01 -0.000000e+00
    outer loop
      vertex  -4.931934e+01 -1.085601e+01 -1.000000e+01
      vertex  -5.020397e+01 -5.460010e+00 -6.000000e+00
      vertex  -4.931934e+01 -1.085601e+01 -6.000000e+00
    endloop
  endfacet
  facet normal  9.635498e-01  2.675289e-01 -0.000000e+00
    outer loop
      vertex  -4.931934e+01 -1.085601e+01 -1.000000e+01
      vertex  -4.931934e+01 -1.085601e+01 -6.000000e+00
      vertex  -4.785648e+01 -1.612473e+01 -1.000000e+01
    endloop
  endfacet
  facet normal  9.635498e-01  2.675289e-01 -0.000000e+00
    outer loop
      vertex  -4.785648e+01 -1.612473e+01 -1.000000e+01
      vertex  -4.931934e+01 -1.085601e+01 -6.000000e+00
      vertex  -4.785648e+01 -1.612473e+01 -6.000000e+00
    endloop
  endfacet
  facet normal  9.289768e-01  3.701381e-01 -0.000000e+00
    outer loop
      vertex  -4.785648e+01 -1.612473e+01 -1.000000e+01
      vertex  -4.785648e+01 -1.612473e+01 -6.000000e+00
      vertex  -4.583256e+01 -2.120440e+01 -1.000000e+01
    endloop
  endfacet
  facet normal  9.289768e-01  3.701381e-01 -0.000000e+00
    outer loop
      vertex  -4.583256e+01 -2.120440e+01 -1.000000e+01
      vertex  -4.785648e+01 -1.612473e+01 -6.000000e+00
      vertex  -4.583256e+01 -2.120440e+01 -6.000000e+00
    endloop
  endfacet
  facet normal  8.835124e-01  4.684078e-01 -0.000000e+00
    outer loop
      vertex  -4.583256e+01 -2.120440e+01 -1.000000e+01
      vertex  -4.583256e+01 -2.120440e+01 -6.000000e+00
      vertex  -4.327129e+01 -2.603547e+01 -1.000000e+01
    endloop
  endfacet
  facet normal  8.835124e-01  4.684078e-01 -0.000000e+00
    outer loop
      vertex  -4.327129e+01 -2.603547e+01 -1.000000e+01
      vertex  -4.583256e+01 -2.120440e+01 -6.000000e+00
      vertex  -4.327129e+01 -2.603547e+01 -6.000000e+00
    endloop
  endfacet
  facet normal  8.276885e-01  5.611879e-01 -0.000000e+00
    outer loop
      vertex  -4.327129e+01 -2.603547e+01 -1.000000e+01
      vertex  -4.327129e+01 -2.603547e+01 -6.000000e+00
      vertex  -4.020270e+01 -3.056130e+01 -1.000000e+01
    endloop
  endfacet
  facet normal  8.276885e-01  5.611879e-01 -0.000000e+00
    outer loop
      vertex  -4.020270e+01 -3.056130e+01 -1.000000e+01
      vertex  -4.327129e+01 -2.603547e+01 -6.000000e+00
      vertex  -4.020270e+01 -3.056130e+01 -6.000000e+00
    endloop
  endfacet
  facet normal  7.621623e-01  6.473860e-01 -0.000000e+00
    outer loop
      vertex  -4.020270e+01 -3.056130e+01 -1.000000e+01
      vertex  -4.020270e+01 -3.056130e+01 -6.000000e+00
      vertex  -3.666277e+01 -3.472882e+01 -1.000000e+01
    endloop
  endfacet
  facet normal  7.621623e-01  6.473860e-01 -0.000000e+00
    outer loop
      vertex  -3.666277e+01 -3.472882e+01 -1.000000e+01
      vertex  -4.020270e+01 -3.056130e+01 -6.000000e+00
      vertex  -3.666277e+01 -3.472882e+01 -6.000000e+00
    endloop
  endfacet
  facet normal  6.876998e-01  7.259952e-01 -0.000000e+00
    outer loop
      vertex  -3.666277e+01 -3.472882e+01 -1.000000e+01
      vertex  -3.666277e+01 -3.472882e+01 -6.000000e+00
      vertex  -3.269301e+01 -3.848919e+01 -1.000000e+01
    endloop
  endfacet
  facet normal  6.876998e-01  7.259952e-01 -0.000000e+00
    outer loop
      vertex  -3.269301e+01 -3.848919e+01 -1.000000e+01
      vertex  -3.666277e+01 -3.472882e+01 -6.000000e+00
      vertex  -3.269301e+01 -3.848919e+01 -6.000000e+00
    endloop
  endfacet
  facet normal  6.051739e-01  7.960933e-01 -0.000000e+00
    outer loop
      vertex  -3.269301e+01 -3.848919e+01 -1.000000e+01
      vertex  -3.269301e+01 -3.848919e+01 -6.000000e+00
      vertex  -2.833995e+01 -4.179829e+01 -1.000000e+01
    endloop
  endfacet
  facet normal  6.051739e-01  7.960933e-01 -0.000000e+00
    outer loop
      vertex  -2.833995e+01 -4.179829e+01 -1.000000e+01
      vertex  -3.269301e+01 -3.848919e+01 -6.000000e+00
      vertex  -2.833995e+01 -4.179829e+01 -6.000000e+00
    endloop
  endfacet
  facet normal  5.155534e-01  8.568575e-01 -0.000000e+00
    outer loop
      vertex  -2.833995e+01 -4.179829e+01 -1.000000e+01
      vertex  -2.833995e+01 -4.179829e+01 -6.000000e+00
      vertex  -2.365462e+01 -4.461736e+01 -1.000000e+01
    endloop
  endfacet
  facet normal  5.155534e-01  8.568575e-01 -0.000000e+00
    outer loop
      vertex  -2.365462e+01 -4.461736e+01 -1.000000e+01
      vertex  -2.833995e+01 -4.179829e+01 -6.000000e+00
      vertex  -2.365462e+01 -4.461736e+01 -6.000000e+00
    endloop
  endfacet
  facet normal  4.198893e-01  9.075754e-01 -0.000000e+00
    outer loop
      vertex  -2.365462e+01 -4.461736e+01 -1.000000e+01
      vertex  -2.365462e+01 -4.461736e+01 -6.000000e+00
      vertex  -1.869198e+01 -4.691332e+01 -1.000000e+01
    endloop
  endfacet
  facet normal  4.198893e-01  9.075754e-01 -0.000000e+00
    outer loop
      vertex  -1.869198e+01 -4.691332e+01 -1.000000e+01
      vertex  -2.365462e+01 -4.461736e+01 -6.000000e+00
      vertex  -1.869198e+01 -4.691332e+01 -6.000000e+00
    endloop
  endfacet
  facet normal  3.193025e-01  9.476528e-01 -0.000000e+00
    outer loop
      vertex  -1.869198e+01 -4.691332e+01 -1.000000e+01
      vertex  -1.869198e+01 -4.691332e+01 -6.000000e+00
      vertex  -1.351018e+01 -4.865928e+01 -1.000000e+01
    endloop
  endfacet
  facet normal  3.193025e-01  9.476528e-01 -0.000000e+00
    outer loop
      vertex  -1.351018e+01 -4.865928e+01 -1.000000e+01
      vertex  -1.869198e+01 -4.691332e+01 -6.000000e+00
      vertex  -1.351018e+01 -4.865928e+01 -6.000000e+00
    endloop
  endfacet
  facet normal  2.149698e-01  9.766207e-01 -0.000000e+00
    outer loop
      vertex  -1.351018e+01 -4.865928e+01 -1.000000e+01
      vertex  -1.351018e+01 -4.865928e+01 -6.000000e+00
      vertex  -8.169991e+00 -4.983474e+01 -1.000000e+01
    endloop
  endfacet
  facet normal  2.149698e-01  9.766207e-01 -0.000000e+00
    outer loop
      vertex  -8.169991e+00 -4.983474e+01 -1.000000e+01
      vertex  -1.351018e+01 -4.865928e+01 -6.000000e+00
      vertex  -8.169991e+00 -4.983474e+01 -6.000000e+00
    endloop
  endfacet
  facet normal  1.081197e-01  9.941378e-01 -0.000000e+00
    outer loop
      vertex  -8.169991e+00 -4.983474e+01 -1.000000e+01
      vertex  -8.169991e+00 -4.983474e+01 -6.000000e+00
      vertex  -2.734015e+00 -5.042594e+01 -1.000000e+01
    endloop
  endfacet
  facet normal  1.081197e-01  9.941378e-01 -0.000000e+00
    outer loop
      vertex  -2.734015e+00 -5.042594e+01 -1.000000e+01
      vertex  -8.169991e+00 -4.983474e+01 -6.000000e+00
      vertex  -2.734015e+00 -5.042594e+01 -6.000000e+00
    endloop
  endfacet
  facet normal  0.000000e+00  1.000000e+00  0.000000e+00
    outer loop
      vertex  -2.734015e+00 -5.042594e+01 -1.000000e+01
      vertex  -2.734015e+00 -5.042594e+01 -6.000000e+00
      vertex   2.734015e+00 -5.042594e+01 -1.000000e+01
    endloop
  endfacet
  facet normal  0.000000e+00  1.000000e+00 -0.000000e+00
    outer loop
      vertex   2.734015e+00 -5.042594e+01 -1.000000e+01
      vertex  -2.734015e+00 -5.042594e+01 -6.000000e+00
      vertex   2.734015e+00 -5.042594e+01 -6.000000e+00
    endloop
  endfacet
  facet normal -1.081197e-01  9.941378e-01  0.000000e+00
    outer loop
      vertex   2.734015e+00 -5.042594e+01 -1.000000e+01
      vertex   2.734015e+00 -5.042594e+01 -6.000000e+00
      vertex   8.169991e+00 -4.983474e+01 -1.000000e+01
    endloop
  endfacet
  facet normal -1.081197e-01  9.941378e-01  0.000000e+00
    outer loop
      vertex   8.169991e+00 -4.983474e+01 -1.000000e+01
      vertex   2.734015e+00 -5.042594e+01 -6.000000e+00
      vertex   8.169991e+00 -4.983474e+01 -6.000000e+00
    endloop
  endfacet
  facet normal -2.149698e-01  9.766207e-01  0.000000e+00
    outer loop
      vertex   8.169991e+00 -4.983474e+01 -1.000000e+01
      vertex   8.169991e+00 -4.983474e+01 -6.000000e+00
      vertex   1.351018e+01 -4.865928e+01 -1.000000e+01
    endloop
  endfacet
  facet normal -2.149698e-01  9.766207e-01  0.000000e+00
    outer loop
      vertex   1.351018e+01 -4.865928e+01 -1.000000e+01
      vertex   8.169991e+00 -4.983474e+01 -6.000000e+00
      vertex   1.351018e+01 -4.865928e+01 -6.000000e+00
    endloop
  endfacet
  facet normal -3.193025e-01  9.476528e-01  0.000000e+00
    outer loop
      vertex   1.351018e+01 -4.865928e+01 -1.000000e+01
      vertex   1.351018e+01 -4.865928e+01 -6.000000e+00
      vertex   1.869198e+01 -4.691332e+01 -1.000000e+01
    endloop
  endfacet
  facet normal -3.193025e-01  9.476528e-01  0.000000e+00
    outer loop
      vertex   1.869198e+01 -4.691332e+01 -1.000000e+01
      vertex   1.351018e+01 -4.865928e+01 -6.000000e+00
      vertex   1.869198e+01 -4.691332e+01 -6.000000e+00
    endloop
  endfacet
  facet normal -4.198893e-01  9.075754e-01  0.000000e+00
    outer loop
      vertex   1.869198e+01 -4.691332e+01 -1.000000e+01
      vertex   1.869198e+01 -4.691332e+01 -6.000000e+00
      vertex   2.365462e+01 -4.461736e+01 -1.000000e+01
    endloop
  endfacet
  facet normal -4.198893e-01  9.075754e-01  0.000000e+00
    outer loop
      vertex   2.365462e+01 -4.461736e+01 -1.000000e+01
      vertex   1.869198e+01 -4.691332e+01 -6.000000e+00
      vertex   2.365462e+01 -4.461736e+01 -6.000000e+00
    endloop
  endfacet
  facet normal -5.155534e-01  8.568575e-01  0.000000e+00
    outer loop
      vertex   2.365462e+01 -4.461736e+01 -1.000000e+01
      vertex   2.365462e+01 -4.461736e+01 -6.000000e+00
      vertex   2.833995e+01 -4.179829e+01 -1.000000e+01
    endloop
  endfacet
  facet normal -5.155534e-01  8.568575e-01  0.000000e+00
    outer loop
      vertex   2.833995e+01 -4.179829e+01 -1.000000e+01
      vertex   2.365462e+01 -4.461736e+01 -6.000000e+00
      vertex   2.833995e+01 -4.179829e+01 -6.000000e+00
    endloop
  endfacet
  facet normal -6.051739e-01  7.960933e-01  0.000000e+00
    outer loop
      vertex   2.833995e+01 -4.179829e+01 -1.000000e+01
      vertex   2.833995e+01 -4.179829e+01 -6.000000e+00
      vertex   3.269301e+01 -3.848919e+01 -1.000000e+01
    endloop
  endfacet
  facet normal -6.051739e-01  7.960933e-01  0.000000e+00
    outer loop
      vertex   3.269301e+01 -3.848919e+01 -1.000000e+01
      vertex   2.833995e+01 -4.179829e+01 -6.000000e+00
      vertex   3.269301e+01 -3.848919e+01 -6.000000e+00
    endloop
  endfacet
  facet normal -6.876998e-01  7.259952e-01  0.000000e+00
    outer loop
      vertex   3.269301e+01 -3.848919e+01 -1.000000e+01
      vertex   3.269301e+01 -3.848919e+01 -6.000000e+00
      vertex   3.666277e+01 -3.472882e+01 -1.000000e+01
    endloop
  endfacet
  facet normal -6.876998e-01  7.259952e-01  0.000000e+00
    outer loop
      vertex   3.666277e+01 -3.472882e+01 -1.000000e+01
      vertex   3.269301e+01 -3.848919e+01 -6.000000e+00
      vertex   3.666277e+01 -3.472882e+01 -6.000000e+00
    endloop
  endfacet
  facet normal -7.621623e-01  6.473860e-01  0.000000e+00
    outer loop
      vertex   3.666277e+01 -3.472882e+01 -1.000000e+01
      vertex   3.666277e+01 -3.472882e+01 -6.000000e+00
      vertex   4.020270e+01 -3.056130e+01 -1.000000e+01
    endloop
  endfacet
  facet normal -7.621623e-01  6.473860e-01  0.000000e+00
    outer loop
      vertex   4.020270e+01 -3.056130e+01 -1.000000e+01
      vertex   3.666277e+01 -3.472882e+01 -6.000000e+00
      vertex   4.020270e+01 -3.056130e+01 -6.000000e+00
    endloop
  endfacet
  facet normal -8.276885e-01  5.611879e-01  0.000000e+00
    outer loop
      vertex   4.020270e+01 -3.056130e+01 -1.000000e+01
      vertex   4.020270e+01 -3.056130e+01 -6.000000e+00
      vertex   4.327129e+01 -2.603547e+01 -1.000000e+01
    endloop
  endfacet
  facet normal -8.276885e-01  5.611879e-01  0.000000e+00
    outer loop
      vertex   4.327129e+01 -2.603547e+01 -1.000000e+01
      vertex   4.020270e+01 -3.056130e+01 -6.000000e+00
      vertex   4.327129e+01 -2.603547e+01 -6.000000e+00
    endloop
  endfacet
  facet normal -8.835124e-01  4.684078e-01  0.000000e+00
    outer loop
      vertex   4.327129e+01 -2.603547e+01 -1.000000e+01
      vertex   4.327129e+01 -2.603547e+01 -6.000000e+00
      vertex   4.583256e+01 -2.120440e+01 -1.000000e+01
    endloop
  endfacet
  facet normal -8.835124e-01  4.684078e-01  0.000000e+00
    outer loop
      vertex   4.583256e+01 -2.120440e+01 -1.000000e+01
      vertex   4.327129e+01 -2.603547e+01 -6.000000e+00
      vertex   4.583256e+01 -2.120440e+01 -6.000000e+00
    endloop
  endfacet
  facet normal -9.289768e-01  3.701381e-01  0.000000e+00
    outer loop
      vertex   4.583256e+01 -2.120440e+01 -1.000000e+01
      vertex   4.583256e+01 -2.120440e+01 -6.000000e+00
      vertex   4.785648e+01 -1.612473e+01 -1.000000e+01
    endloop
  endfacet
  facet normal -9.289768e-01  3.701381e-01  0.000000e+00
    outer loop
      vertex   4.785648e+01 -1.612473e+01 -1.000000e+01
      vertex   4.583256e+01 -2.120440e+01 -6.000000e+00
      vertex   4.785648e+01 -1.612473e+01 -6.000000e+00
    endloop
  endfacet
  facet normal -9.635498e-01  2.675289e-01  0.000000e+00
    outer loop
      vertex   4.785648e+01 -1.612473e+01 -1.000000e+01
      vertex   4.785648e+01 -1.612473e+01 -6.000000e+00
      vertex   4.931934e+01 -1.085601e+01 -1.000000e+01
    endloop
  endfacet
  facet normal -9.635498e-01  2.675289e-01  0.000000e+00
    outer loop
      vertex   4.931934e+01 -1.085601e+01 -1.000000e+01
      vertex   4.785648e+01 -1.612473e+01 -6.000000e+00
      vertex   4.931934e+01 -1.085601e+01 -6.000000e+00
    endloop
  endfacet
  facet normal -9.868265e-01  1.617819e-01  0.000000e+00
    outer loop
      vertex   4.931934e+01 -1.085601e+01 -1.000000e+01
      vertex   4.931934e+01 -1.085601e+01 -6.000000e+00
      vertex   5.020397e+01 -5.460010e+00 -1.000000e+01
    endloop
  endfacet
  facet normal -9.868265e-01  1.617819e-01  0.000000e+00
    outer loop
      vertex   5.020397e+01 -5.460010e+00 -1.000000e+01
      vertex   4.931934e+01 -1.085601e+01 -6.000000e+00
      vertex   5.020397e+01 -5.460010e+00 -6.000000e+00
    endloop
  endfacet
  facet normal  0.000000e+00 -0.000000e+00  1.000000e+00
    outer loop
      vertex   5.221240e+01 -5.487744e+00 -6.000000e+00
      vertex   5.250000e+01  0.000000e+00 -6.000000e+00
      vertex   5.050000e+01  0.000000e+00 -6.000000e+00
    endloop
  endfacet
  facet normal  0.000000e+00  0.000000e+00  1.000000e+00
    outer loop
      vertex   5.050000e+01  0.000000e+00 -6.000000e+00
      vertex   5.250000e+01  0.000000e+00 -6.000000e+00
      vertex   5.221240e+01  5.487744e+00 -6.000000e+00
    endloop
  endfacet
  facet normal  0.000000e+00 -0.000000e+00  1.000000e+00
    outer loop
      vertex   5.050000e+01  0.000000e+00 -6.000000e+00
      vertex   5.221240e+01  5.487744e+00 -6.000000e+00
      vertex   5.020397e+01  5.460010e+00 -6.000000e+00
    endloop
  endfacet
  facet normal  0.000000e+00  0.000000e+00  1.000000e+00
    outer loop
      vertex   5.020397e+01  5.460010e+00 -6.000000e+00
      vertex   5.221240e+01  5.487744e+00 -6.000000e+00
      vertex   5.135275e+01  1.091536e+01 -6.000000e+00
    endloop
  endfacet
  facet normal  0.000000e+00 -0.000000e+00  1.000000e+00
    outer loop
      vertex   5.020397e+01  5.460010e+00 -6.000000e+00
      vertex   5.135275e+01  1.091536e+01 -6.000000e+00
      vertex   4.931934e+01  1.085601e+01 -6.000000e+00
    endloop
  endfacet
  facet normal  0.000000e+00  0.000000e+00  1.000000e+00
    outer loop
      vertex   4.931934e+01  1.085601e+01 -6.000000e+00
      vertex   5.135275e+01  1.091536e+01 -6.000000e+00
      vertex   4.993047e+01  1.622339e+01 -6.000000e+00
    endloop
  endfacet
  facet normal  0.000000e+00 -0.000000e+00  1.000000e+00
    outer loop
      vertex   4.931934e+01  1.085601e+01 -6.000000e+00
      vertex   4.993047e+01  1.622339e+01 -6.000000e+00
      vertex   4.785648e+01  1.612473e+01 -6.000000e+00
    endloop
  endfacet
  facet normal  0.000000e+00  0.000000e+00  1.000000e+00
    outer loop
      vertex   4.785648e+01  1.612473e+01 -6.000000e+00
      vertex   4.993047e+01  1.622339e+01 -6.000000e+00
      vertex   4.796114e+01  2.135367e+01 -6.000000e+00
    endloop
  endfacet
  facet normal  0.000000e+00 -0.000000e+00  1.000000e+00
    outer loop
      vertex   4.785648e+01  1.612473e+01 -6.000000e+00
      vertex   4.796114e+01  2.135367e+01 -6.000000e+00
      vertex   4.583256e+01  2.120440e+01 -6.000000e+00
    endloop
  endfacet
  facet normal  0.000000e+00 -0.000000e+00  1.000000e+00
    outer loop
      vertex   4.583256e+01  2.120440e+01 -6.000000e+00
      vertex   4.796114e+01  2.135367e+01 -6.000000e+00
      vertex   4.546633e+01  2.625000e+01 -6.000000e+00
    endloop
  endfacet
  facet normal  0.000000e+00  0.000000e+00  1.000000e+00
    outer loop
      vertex   4.583256e+01  2.120440e+01 -6.000000e+00
      vertex   4.546633e+01  2.625000e+01 -6.000000e+00
      vertex   4.327129e+01  2.603547e+01 -6.000000e+00
    endloop
  endfacet
  facet normal  0.000000e+00 -0.000000e+00  1.000000e+00
    outer loop
      vertex   4.327129e+01  2.603547e+01 -6.000000e+00
      vertex   4.546633e+01  2.625000e+01 -6.000000e+00
      vertex   4.247339e+01  3.085873e+01 -6.000000e+00
    endloop
  endfacet
  facet normal  0.000000e+00  0.000000e+00  1.000000e+00
    outer loop
      vertex   4.327129e+01  2.603547e+01 -6.000000e+00
      vertex   4.247339e+01  3.085873e+01 -6.000000e+00
      vertex   4.020270e+01  3.056130e+01 -6.000000e+00
    endloop
  endfacet
  facet normal  0.000000e+00 -0.000000e+00  1.000000e+00
    outer loop
      vertex   4.020270e+01  3.056130e+01 -6.000000e+00
      vertex   4.247339e+01  3.085873e+01 -6.000000e+00
      vertex   3.901510e+01  3.512936e+01 -6.000000e+00
    endloop
  endfacet
  facet normal  0.000000e+00  0.000000e+00  1.000000e+00
    outer loop
      vertex   4.020270e+01  3.056130e+01 -6.000000e+00
      vertex   3.901510e+01  3.512936e+01 -6.000000e+00
      vertex   3.666277e+01  3.472882e+01 -6.000000e+00
    endloop
  endfacet
  facet normal  0.000000e+00 -0.000000e+00  1.000000e+00
    outer loop
      vertex   3.666277e+01  3.472882e+01 -6.000000e+00
      vertex   3.901510e+01  3.512936e+01 -6.000000e+00
      vertex   3.512936e+01  3.901510e+01 -6.000000e+00
    endloop
  endfacet
  facet normal  0.000000e+00  0.000000e+00  1.000000e+00
    outer loop
      vertex   3.666277e+01  3.472882e+01 -6.000000e+00
      vertex   3.512936e+01  3.901510e+01 -6.000000e+00
      vertex   3.269301e+01  3.848919e+01 -6.000000e+00
    endloop
  endfacet
  facet normal  0.000000e+00 -0.000000e+00  1.000000e+00
    outer loop
      vertex   3.269301e+01  3.848919e+01 -6.000000e+00
      vertex   3.512936e+01  3.901510e+01 -6.000000e+00
      vertex   3.085873e+01  4.247339e+01 -6.000000e+00
    endloop
  endfacet
  facet normal  0.000000e+00  0.000000e+00  1.000000e+00
    outer loop
      vertex   3.269301e+01  3.848919e+01 -6.000000e+00
      vertex   3.085873e+01  4.247339e+01 -6.000000e+00
      vertex   2.833995e+01  4.179829e+01 -6.000000e+00
    endloop
  endfacet
  facet normal  0.000000e+00 -0.000000e+00  1.000000e+00
    outer loop
      vertex   2.833995e+01  4.179829e+01 -6.000000e+00
      vertex   3.085873e+01  4.247339e+01 -6.000000e+00
      vertex   2.625000e+01  4.546633e+01 -6.000000e+00
    endloop
  endfacet
  facet normal  0.000000e+00  0.000000e+00  1.000000e+00
    outer loop
      vertex   2.833995e+01  4.179829e+01 -6.000000e+00
      vertex   2.625000e+01  4.546633e+01 -6.000000e+00
      vertex   2.365462e+01  4.461736e+01 -6.000000e+00
    endloop
  endfacet
  facet normal  0.000000e+00 -0.000000e+00  1.000000e+00
    outer loop
      vertex   2.365462e+01  4.461736e+01 -6.000000e+00
      vertex   2.625000e+01  4.546633e+01 -6.000000e+00
      vertex   2.135367e+01  4.796114e+01 -6.000000e+00
    endloop
  endfacet
  facet normal  0.000000e+00  0.000000e+00  1.000000e+00
    outer loop
      vertex   2.365462e+01  4.461736e+01 -6.000000e+00
      vertex   2.135367e+01  4.796114e+01 -6.000000e+00
      vertex   1.869198e+01  4.691332e+01 -6.000000e+00
    endloop
  endfacet
  facet normal  0.000000e+00 -0.000000e+00  1.000000e+00
    outer loop
      vertex   1.869198e+01  4.691332e+01 -6.000000e+00
      vertex   2.135367e+01  4.796114e+01 -6.000000e+00
      vertex   1.622339e+01  4.993047e+01 -6.000000e+00
    endloop
  endfacet
  facet normal  0.000000e+00  0.000000e+00  1.000000e+00
    outer loop
      vertex   1.869198e+01  4.691332e+01 -6.000000e+00
      vertex   1.622339e+01  4.993047e+01 -6.000000e+00
      vertex   1.351018e+01  4.865928e+01 -6.000000e+00
    endloop
  endfacet
  facet normal  0.000000e+00 -0.000000e+00  1.000000e+00
    outer loop
      vertex   1.351018e+01  4.865928e+01 -6.000000e+00
      vertex   1.622339e+01  4.993047e+01 -6.000000e+00
      vertex   1.091536e+01  5.135275e+01 -6.000000e+00
    endloop
  endfacet
  facet normal  0.000000e+00  0.000000e+00  1.000000e+00
    outer loop
      vertex   1.351018e+01  4.865928e+01 -6.000000e+00
      vertex   1.091536e+01  5.135275e+01 -6.000000e+00
      vertex   8.169991e+00  4.983474e+01 -6.000000e+00
    endloop
  endfacet
  facet normal  0.000000e+00 -0.000000e+00  1.000000e+00
    outer loop
      vertex   8.169991e+00  4.983474e+01 -6.000000e+00
      vertex   1.091536e+01  5.135275e+01 -6.000000e+00
      vertex   5.487744e+00  5.221240e+01 -6.000000e+00
    endloop
  endfacet
  facet normal  0.000000e+00  0.000000e+00  1.000000e+00
    outer loop
      vertex   8.169991e+00  4.983474e+01 -6.000000e+00
      vertex   5.487744e+00  5.221240e+01 -6.000000e+00
      vertex   2.734015e+00  5.042594e+01 -6.000000e+00
    endloop
  endfacet
  facet normal  0.000000e+00 -0.000000e+00  1.000000e+00
    outer loop
      vertex   2.734015e+00  5.042594e+01 -6.000000e+00
      vertex   5.487744e+00  5.221240e+01 -6.000000e+00
      vertex   0.000000e+00  5.250000e+01 -6.000000e+00
    endloop
  endfacet
  facet normal  0.000000e+00  0.000000e+00  1.000000e+00
    outer loop
      vertex   2.734015e+00  5.042594e+01 -6.000000e+00
      vertex   0.000000e+00  5.250000e+01 -6.000000e+00
      vertex  -2.734015e+00  5.042594e+01 -6.000000e+00
    endloop
  endfacet
  facet normal  0.000000e+00 -0.000000e+00  1.000000e+00
    outer loop
      vertex  -2.734015e+00  5.042594e+01 -6.000000e+00
      vertex   0.000000e+00  5.250000e+01 -6.000000e+00
      vertex  -5.487744e+00  5.221240e+01 -6.000000e+00
    endloop
  endfacet
  facet normal  0.000000e+00  0.000000e+00  1.000000e+00
    outer loop
      vertex  -2.734015e+00  5.042594e+01 -6.000000e+00
      vertex  -5.487744e+00  5.221240e+01 -6.000000e+00
      vertex  -8.169991e+00  4.983474e+01 -6.000000e+00
    endloop
  endfacet
  facet normal  0.000000e+00 -0.000000e+00  1.000000e+00
    outer loop
      vertex  -8.169991e+00  4.983474e+01 -6.000000e+00
      vertex  -5.487744e+00  5.221240e+01 -6.000000e+00
      vertex  -1.091536e+01  5.135275e+01 -6.000000e+00
    endloop
  endfacet
  facet normal  0.000000e+00  0.000000e+00  1.000000e+00
    outer loop
      vertex  -8.169991e+00  4.983474e+01 -6.000000e+00
      vertex  -1.091536e+01  5.135275e+01 -6.000000e+00
      vertex  -1.351018e+01  4.865928e+01 -6.000000e+00
    endloop
  endfacet
  facet normal  0.000000e+00 -0.000000e+00  1.000000e+00
    outer loop
      vertex  -1.351018e+01  4.865928e+01 -6.000000e+00
      vertex  -1.091536e+01  5.135275e+01 -6.000000e+00
      vertex  -1.622339e+01  4.993047e+01 -6.000000e+00
    endloop
  endfacet
  facet normal  0.000000e+00  0.000000e+00  1.000000e+00
    outer loop
      vertex  -1.351018e+01  4.865928e+01 -6.000000e+00
      vertex  -1.622339e+01  4.993047e+01 -6.000000e+00
      vertex  -1.869198e+01  4.691332e+01 -6.000000e+00
    endloop
  endfacet
  facet normal  0.000000e+00 -0.000000e+00  1.000000e+00
    outer loop
      vertex  -1.869198e+01  4.691332e+01 -6.000000e+00
      vertex  -1.622339e+01  4.993047e+01 -6.000000e+00
      vertex  -2.135367e+01  4.796114e+01 -6.000000e+00
    endloop
  endfacet
  facet normal  0.000000e+00  0.000000e+00  1.000000e+00
    outer loop
      vertex  -1.869198e+01  4.691332e+01 -6.000000e+00
      vertex  -2.135367e+01  4.796114e+01 -6.000000e+00
      vertex  -2.365462e+01  4.461736e+01 -6.000000e+00
    endloop
  endfacet
  facet normal  0.000000e+00 -0.000000e+00  1.000000e+00
    outer loop
      vertex  -2.365462e+01  4.461736e+01 -6.000000e+00
      vertex  -2.135367e+01  4.796114e+01 -6.000000e+00
      vertex  -2.625000e+01  4.546633e+01 -6.000000e+00
    endloop
  endfacet
  facet normal  0.000000e+00  0.000000e+00  1.000000e+00
    outer loop
      vertex  -2.365462e+01  4.461736e+01 -6.000000e+00
      vertex  -2.625000e+01  4.546633e+01 -6.000000e+00
      vertex  -2.833995e+01  4.179829e+01 -6.000000e+00
    endloop
  endfacet
  facet normal  0.000000e+00 -0.000000e+00  1.000000e+00
    outer loop
      vertex  -2.833995e+01  4.179829e+01 -6.000000e+00
      vertex  -2.625000e+01  4.546633e+01 -6.000000e+00
      vertex  -3.085873e+01  4.247339e+01 -6.000000e+00
    endloop
  endfacet
  facet normal  0.000000e+00  0.000000e+00  1.000000e+00
    outer loop
      vertex  -2.833995e+01  4.179829e+01 -6.000000e+00
      vertex  -3.085873e+01  4.247339e+01 -6.000000e+00
      vertex  -3.269301e+01  3.848919e+01 -6.000000e+00
    endloop
  endfacet
  facet normal  0.000000e+00 -0.000000e+00  1.000000e+00
    outer loop
      vertex  -3.269301e+01  3.848919e+01 -6.000000e+00
      vertex  -3.085873e+01  4.247339e+01 -6.000000e+00
      vertex  -3.512936e+01  3.901510e+01 -6.000000e+00
    endloop
  endfacet
  facet normal  0.000000e+00  0.000000e+00  1.000000e+00
    outer loop
      vertex  -3.269301e+01  3.848919e+01 -6.000000e+00
      vertex  -3.512936e+01  3.901510e+01 -6.000000e+00
      vertex  -3.666277e+01  3.472882e+01 -6.000000e+00
    endloop
  endfacet
  facet normal  0.000000e+00 -0.000000e+00  1.000000e+00
    outer loop
      vertex  -3.666277e+01  3.472882e+01 -6.000000e+00
      vertex  -3.512936e+01  3.901510e+01 -6.000000e+00
      vertex  -3.901510e+01  3.512936e+01 -6.000000e+00
    endloop
  endfacet
  facet normal  0.000000e+00  0.000000e+00  1.000000e+00
    outer loop
      vertex  -3.666277e+01  3.472882e+01 -6.000000e+00
      vertex  -3.901510e+01  3.512936e+01 -6.000000e+00
      vertex  -4.020270e+01  3.056130e+01 -6.000000e+00
    endloop
  endfacet
  facet normal  0.000000e+00 -0.000000e+00  1.000000e+00
    outer loop
      vertex  -4.020270e+01  3.056130e+01 -6.000000e+00
      vertex  -3.901510e+01  3.512936e+01 -6.000000e+00
      vertex  -4.247339e+01  3.085873e+01 -6.000000e+00
    endloop
  endfacet
  facet normal  0.000000e+00  0.000000e+00  1.000000e+00
    outer loop
      vertex  -4.020270e+01  3.056130e+01 -6.000000e+00
      vertex  -4.247339e+01  3.085873e+01 -6.000000e+00
      vertex  -4.327129e+01  2.603547e+01 -6.000000e+00
    endloop
  endfacet
  facet normal  0.000000e+00 -0.000000e+00  1.000000e+00
    outer loop
      vertex  -4.327129e+01  2.603547e+01 -6.000000e+00
      vertex  -4.247339e+01  3.085873e+01 -6.000000e+00
      vertex  -4.546633e+01  2.625000e+01 -6.000000e+00
    endloop
  endfacet
  facet normal  0.000000e+00  0.000000e+00  1.000000e+00
    outer loop
      vertex  -4.327129e+01  2.603547e+01 -6.000000e+00
      vertex  -4.546633e+01  2.625000e+01 -6.000000e+00
      vertex  -4.583256e+01  2.120440e+01 -6.000000e+00
    endloop
  endfacet
  facet normal  0.000000e+00 -0.000000e+00  1.000000e+00
    outer loop
      vertex  -4.583256e+01  2.120440e+01 -6.000000e+00
      vertex  -4.546633e+01  2.625000e+01 -6.000000e+00
      vertex  -4.796114e+01  2.135367e+01 -6.000000e+00
    endloop
  endfacet
  facet normal  0.000000e+00  0.000000e+00  1.000000e+00
    outer loop
      vertex  -4.583256e+01  2.120440e+01 -6.000000e+00
      vertex  -4.796114e+01  2.135367e+01 -6.000000e+00
      vertex  -4.785648e+01  1.612473e+01 -6.000000e+00
    endloop
  endfacet
  facet normal  0.000000e+00  0.000000e+00  1.000000e+00
    outer loop
      vertex  -4.785648e+01  1.612473e+01 -6.000000e+00
      vertex  -4.796114e+01  2.135367e+01 -6.000000e+00
      vertex  -4.993047e+01  1.622339e+01 -6.000000e+00
    endloop
  endfacet
  facet normal  0.000000e+00  0.000000e+00  1.000000e+00
    outer loop
      vertex  -4.785648e+01  1.612473e+01 -6.000000e+00
      vertex  -4.993047e+01  1.622339e+01 -6.000000e+00
      vertex  -4.931934e+01  1.085601e+01 -6.000000e+00
    endloop
  endfacet
  facet normal  0.000000e+00  0.000000e+00  1.000000e+00
    outer loop
      vertex  -4.931934e+01  1.085601e+01 -6.000000e+00
      vertex  -4.993047e+01  1.622339e+01 -6.000000e+00
      vertex  -5.135275e+01  1.091536e+01 -6.000000e+00
    endloop
  endfacet
  facet normal  0.000000e+00  0.000000e+00  1.000000e+00
    outer loop
      vertex  -4.931934e+01  1.085601e+01 -6.000000e+00
      vertex  -5.135275e+01  1.091536e+01 -6.000000e+00
      vertex  -5.020397e+01  5.460010e+00 -6.000000e+00
    endloop
  endfacet
  facet normal  0.000000e+00  0.000000e+00  1.000000e+00
    outer loop
      vertex  -5.020397e+01  5.460010e+00 -6.000000e+00
      vertex  -5.135275e+01  1.091536e+01 -6.000000e+00
      vertex  -5.221240e+01  5.487744e+00 -6.000000e+00
    endloop
  endfacet
  facet normal  0.000000e+00  0.000000e+00  1.000000e+00
    outer loop
      vertex  -5.020397e+01  5.460010e+00 -6.000000e+00
      vertex  -5.221240e+01  5.487744e+00 -6.000000e+00
      vertex  -5.050000e+01  0.000000e+00 -6.000000e+00
    endloop
  endfacet
  facet normal  0.000000e+00  0.000000e+00  1.000000e+00
    outer loop
      vertex  -5.050000e+01  0.000000e+00 -6.000000e+00
      vertex  -5.221240e+01  5.487744e+00 -6.000000e+00
      vertex  -5.250000e+01  0.000000e+00 -6.000000e+00
    endloop
  endfacet
  facet normal  0.000000e+00  0.000000e+00  1.000000e+00
    outer loop
      vertex  -5.050000e+01  0.000000e+00 -6.000000e+00
      vertex  -5.250000e+01  0.000000e+00 -6.000000e+00
      vertex  -5.221240e+01 -5.487744e+00 -6.000000e+00
    endloop
  endfacet
  facet normal  0.000000e+00  0.000000e+00  1.000000e+00
    outer loop
      vertex  -5.050000e+01  0.000000e+00 -6.000000e+00
      vertex  -5.221240e+01 -5.487744e+00 -6.000000e+00
      vertex  -5.020397e+01 -5.460010e+00 -6.000000e+00
    endloop
  endfacet
  facet normal  0.000000e+00  0.000000e+00  1.000000e+00
    outer loop
      vertex  -5.020397e+01 -5.460010e+00 -6.000000e+00
      vertex  -5.221240e+01 -5.487744e+00 -6.000000e+00
      vertex  -5.135275e+01 -1.091536e+01 -6.000000e+00
    endloop
  endfacet
  facet normal  0.000000e+00  0.000000e+00  1.000000e+00
    outer loop
      vertex  -5.020397e+01 -5.460010e+00 -6.000000e+00
      vertex  -5.135275e+01 -1.091536e+01 -6.000000e+00
      vertex  -4.931934e+01 -1.085601e+01 -6.000000e+00
    endloop
  endfacet
  facet normal  0.000000e+00  0.000000e+00  1.000000e+00
    outer loop
      vertex  -4.931934e+01 -1.085601e+01 -6.000000e+00
      vertex  -5.135275e+01 -1.091536e+01 -6.000000e+00
      vertex  -4.993047e+01 -1.622339e+01 -6.000000e+00
    endloop
  endfacet
  facet normal  0.000000e+00  0.000000e+00  1.000000e+00
    outer loop
      vertex  -4.931934e+01 -1.085601e+01 -6.000000e+00
      vertex  -4.993047e+01 -1.622339e+01 -6.000000e+00
      vertex  -4.785648e+01 -1.612473e+01 -6.000000e+00
    endloop
  endfacet
  facet normal  0.000000e+00  0.000000e+00  1.000000e+00
    outer loop
      vertex  -4.785648e+01 -1.612473e+01 -6.000000e+00
      vertex  -4.993047e+01 -1.622339e+01 -6.000000e+00
      vertex  -4.796114e+01 -2.135367e+01 -6.000000e+00
    endloop
  endfacet
  facet normal  0.000000e+00  0.000000e+00  1.000000e+00
    outer loop
      vertex  -4.785648e+01 -1.612473e+01 -6.000000e+00
      vertex  -4.796114e+01 -2.135367e+01 -6.000000e+00
      vertex  -4.583256e+01 -2.120440e+01 -6.000000e+00
    endloop
  endfacet
  facet normal  0.000000e+00  0.000000e+00  1.000000e+00
    outer loop
      vertex  -4.583256e+01 -2.120440e+01 -6.000000e+00
      vertex  -4.796114e+01 -2.135367e+01 -6.000000e+00
      vertex  -4.546633e+01 -2.625000e+01 -6.000000e+00
    endloop
  endfacet
  facet normal  0.000000e+00  0.000000e+00  1.000000e+00
    outer loop
      vertex  -4.583256e+01 -2.120440e+01 -6.000000e+00
      vertex  -4.546633e+01 -2.625000e+01 -6.000000e+00
      vertex  -4.327129e+01 -2.603547e+01 -6.000000e+00
    endloop
  endfacet
  facet normal  0.000000e+00  0.000000e+00  1.000000e+00
    outer loop
      vertex  -4.327129e+01 -2.603547e+01 -6.000000e+00
      vertex  -4.546633e+01 -2.625000e+01 -6.000000e+00
      vertex  -4.247339e+01 -3.085873e+01 -6.000000e+00
    endloop
  endfacet
  facet normal  0.000000e+00  0.000000e+00  1.000000e+00
    outer loop
      vertex  -4.327129e+01 -2.603547e+01 -6.000000e+00
      vertex  -4.247339e+01 -3.085873e+01 -6.000000e+00
      vertex  -4.020270e+01 -3.056130e+01 -6.000000e+00
    endloop
  endfacet
  facet normal  0.000000e+00  0.000000e+00  1.000000e+00
    outer loop
      vertex  -4.020270e+01 -3.056130e+01 -6.000000e+00
      vertex  -4.247339e+01 -3.085873e+01 -6.000000e+00
      vertex  -3.901510e+01 -3.512936e+01 -6.000000e+00
    endloop
  endfacet
  facet normal  0.000000e+00  0.000000e+00  1.000000e+00
    outer loop
      vertex  -4.020270e+01 -3.056130e+01 -6.000000e+00
      vertex  -3.901510e+01 -3.512936e+01 -6.000000e+00
      vertex  -3.666277e+01 -3.472882e+01 -6.000000e+00
    endloop
  endfacet
  facet normal  0.000000e+00  0.000000e+00  1.000000e+00
    outer loop
      vertex  -3.666277e+01 -3.472882e+01 -6.000000e+00
      vertex  -3.901510e+01 -3.512936e+01 -6.000000e+00
      vertex  -3.512936e+01 -3.901510e+01 -6.000000e+00
    endloop
  endfacet
  facet normal  0.000000e+00  0.000000e+00  1.000000e+00
    outer loop
      vertex  -3.666277e+01 -3.472882e+01 -6.000000e+00
      vertex  -3.512936e+01 -3.901510e+01 -6.000000e+00
      vertex  -3.269301e+01 -3.848919e+01 -6.000000e+00
    endloop
  endfacet
  facet normal  0.000000e+00  0.000000e+00  1.000000e+00
    outer loop
      vertex  -3.269301e+01 -3.848919e+01 -6.000000e+00
      vertex  -3.512936e+01 -3.901510e+01 -6.000000e+00
      vertex  -3.085873e+01 -4.247339e+01 -6.000000e+00
    endloop
  endfacet
  facet normal  0.000000e+00  0.000000e+00  1.000000e+00
    outer loop
      vertex  -3.269301e+01 -3.848919e+01 -6.000000e+00
      vertex  -3.085873e+01 -4.247339e+01 -6.000000e+00
      vertex  -2.833995e+01 -4.179829e+01 -6.000000e+00
    endloop
  endfacet
  facet normal  0.000000e+00  0.000000e+00  1.000000e+00
    outer loop
      vertex  -2.833995e+01 -4.179829e+01 -6.000000e+00
      vertex  -3.085873e+01 -4.247339e+01 -6.000000e+00
      vertex  -2.625000e+01 -4.546633e+01 -6.000000e+00
    endloop
  endfacet
  facet normal  0.000000e+00  0.000000e+00  1.000000e+00
    outer loop
      vertex  -2.833995e+01 -4.179829e+01 -6.000000e+00
      vertex  -2.625000e+01 -4.546633e+01 -6.000000e+00
      vertex  -2.365462e+01 -4.461736e+01 -6.000000e+00
    endloop
  endfacet
  facet normal  0.000000e+00  0.000000e+00  1.000000e+00
    outer loop
      vertex  -2.365462e+01 -4.461736e+01 -6.000000e+00
      vertex  -2.625000e+01 -4.546633e+01 -6.000000e+00
      vertex  -2.135367e+01 -4.796114e+01 -6.000000e+00
    endloop
  endfacet
  facet normal  0.000000e+00  0.000000e+00  1.000000e+00
    outer loop
      vertex  -2.365462e+01 -4.461736e+01 -6.000000e+00
      vertex  -2.135367e+01 -4.796114e+01 -6.000000e+00
      vertex  -1.869198e+01 -4.691332e+01 -6.000000e+00
    endloop
  endfacet
  facet normal  0.000000e+00  0.000000e+00  1.000000e+00
    outer loop
      vertex  -1.869198e+01 -4.691332e+01 -6.000000e+00
      vertex  -2.135367e+01 -4.796114e+01 -6.000000e+00
      vertex  -1.622339e+01 -4.993047e+01 -6.000000e+00
    endloop
  endfacet
  facet normal  0.000000e+00  0.000000e+00  1.000000e+00
    outer loop
      vertex  -1.869198e+01 -4.691332e+01 -6.000000e+00
      vertex  -1.622339e+01 -4.993047e+01 -6.000000e+00
      vertex  -1.351018e+01 -4.865928e+01 -6.000000e+00
    endloop
  endfacet
  facet normal  0.000000e+00  0.000000e+00  1.000000e+00
    outer loop
      vertex  -1.351018e+01 -4.865928e+01 -6.000000e+00
      vertex  -1.622339e+01 -4.993047e+01 -6.000000e+00
      vertex  -1.091536e+01 -5.135275e+01 -6.000000e+00
    endloop
  endfacet
  facet normal  0.000000e+00  0.000000e+00  1.000000e+00
    outer loop
      vertex  -1.351018e+01 -4.865928e+01 -6.000000e+00
      vertex  -1.091536e+01 -5.135275e+01 -6.000000e+00
      vertex  -8.169991e+00 -4.983474e+01 -6.000000e+00
    endloop
  endfacet
  facet normal  0.000000e+00  0.000000e+00  1.000000e+00
    outer loop
      vertex  -8.169991e+00 -4.983474e+01 -6.000000e+00
      vertex  -1.091536e+01 -5.135275e+01 -6.000000e+00
      vertex  -5.487744e+00 -5.221240e+01 -6.000000e+00
    endloop
  endfacet
  facet normal  0.000000e+00  0.000000e+00  1.000000e+00
    outer loop
      vertex  -8.169991e+00 -4.983474e+01 -6.000000e+00
      vertex  -5.487744e+00 -5.221240e+01 -6.000000e+00
      vertex  -2.734015e+00 -5.042594e+01 -6.000000e+00
    endloop
  endfacet
  facet normal  0.000000e+00  0.000000e+00  1.000000e+00
    outer loop
      vertex  -2.734015e+00 -5.042594e+01 -6.000000e+00
      vertex  -5.487744e+00 -5.221240e+01 -6.000000e+00
      vertex   0.000000e+00 -5.250000e+01 -6.000000e+00
    endloop
  endfacet
  facet normal -0.000000e+00  0.000000e+00  1.000000e+00
    outer loop
      vertex  -2.734015e+00 -5.042594e+01 -6.000000e+00
      vertex   0.000000e+00 -5.250000e+01 -6.000000e+00
      vertex   2.734015e+00 -5.042594e+01 -6.000000e+00
    endloop
  endfacet
  facet normal  0.000000e+00  0.000000e+00  1.000000e+00
    outer loop
      vertex   2.734015e+00 -5.042594e+01 -6.000000e+00
      vertex   0.000000e+00 -5.250000e+01 -6.000000e+00
      vertex   5.487744e+00 -5.221240e+01 -6.000000e+00
    endloop
  endfacet
  facet normal -0.000000e+00  0.000000e+00  1.000000e+00
    outer loop
      vertex   2.734015e+00 -5.042594e+01 -6.000000e+00
      vertex   5.487744e+00 -5.221240e+01 -6.000000e+00
      vertex   8.169991e+00 -4.983474e+01 -6.000000e+00
    endloop
  endfacet
  facet normal  0.000000e+00  0.000000e+00  1.000000e+00
    outer loop
      vertex   8.169991e+00 -4.983474e+01 -6.000000e+00
      vertex   5.487744e+00 -5.221240e+01 -6.000000e+00
      vertex   1.091536e+01 -5.135275e+01 -6.000000e+00
    endloop
  endfacet
  facet normal -0.000000e+00  0.000000e+00  1.000000e+00
    outer loop
      vertex   8.169991e+00 -4.983474e+01 -6.000000e+00
      vertex   1.091536e+01 -5.135275e+01 -6.000000e+00
      vertex   1.351018e+01 -4.865928e+01 -6.000000e+00
    endloop
  endfacet
  facet normal  0.000000e+00  0.000000e+00  1.000000e+00
    outer loop
      vertex   1.351018e+01 -4.865928e+01 -6.000000e+00
      vertex   1.091536e+01 -5.135275e+01 -6.000000e+00
      vertex   1.622339e+01 -4.993047e+01 -6.000000e+00
    endloop
  endfacet
  facet normal -0.000000e+00  0.000000e+00  1.000000e+00
    outer loop
      vertex   1.351018e+01 -4.865928e+01 -6.000000e+00
      vertex   1.622339e+01 -4.993047e+01 -6.000000e+00
      vertex   1.869198e+01 -4.691332e+01 -6.000000e+00
    endloop
  endfacet
  facet normal  0.000000e+00  0.000000e+00  1.000000e+00
    outer loop
      vertex   1.869198e+01 -4.691332e+01 -6.000000e+00
      vertex   1.622339e+01 -4.993047e+01 -6.000000e+00
      vertex   2.135367e+01 -4.796114e+01 -6.000000e+00
    endloop
  endfacet
  facet normal -0.000000e+00  0.000000e+00  1.000000e+00
    outer loop
      vertex   1.869198e+01 -4.691332e+01 -6.000000e+00
      vertex   2.135367e+01 -4.796114e+01 -6.000000e+00
      vertex   2.365462e+01 -4.461736e+01 -6.000000e+00
    endloop
  endfacet
  facet normal  0.000000e+00  0.000000e+00  1.000000e+00
    outer loop
      vertex   2.365462e+01 -4.461736e+01 -6.000000e+00
      vertex   2.135367e+01 -4.796114e+01 -6.000000e+00
      vertex   2.625000e+01 -4.546633e+01 -6.000000e+00
    endloop
  endfacet
  facet normal -0.000000e+00  0.000000e+00  1.000000e+00
    outer loop
      vertex   2.365462e+01 -4.461736e+01 -6.000000e+00
      vertex   2.625000e+01 -4.546633e+01 -6.000000e+00
      vertex   2.833995e+01 -4.179829e+01 -6.000000e+00
    endloop
  endfacet
  facet normal  0.000000e+00  0.000000e+00  1.000000e+00
    outer loop
      vertex   2.833995e+01 -4.179829e+01 -6.000000e+00
      vertex   2.625000e+01 -4.546633e+01 -6.000000e+00
      vertex   3.085873e+01 -4.247339e+01 -6.000000e+00
    endloop
  endfacet
  facet normal -0.000000e+00  0.000000e+00  1.000000e+00
    outer loop
      vertex   2.833995e+01 -4.179829e+01 -6.000000e+00
      vertex   3.085873e+01 -4.247339e+01 -6.000000e+00
      vertex   3.269301e+01 -3.848919e+01 -6.000000e+00
    endloop
  endfacet
  facet normal  0.000000e+00  0.000000e+00  1.000000e+00
    outer loop
      vertex   3.269301e+01 -3.848919e+01 -6.000000e+00
      vertex   3.085873e+01 -4.247339e+01 -6.000000e+00
      vertex   3.512936e+01 -3.901510e+01 -6.000000e+00
    endloop
  endfacet
  facet normal -0.000000e+00  0.000000e+00  1.000000e+00
    outer loop
      vertex   3.269301e+01 -3.848919e+01 -6.000000e+00
      vertex   3.512936e+01 -3.901510e+01 -6.000000e+00
      vertex   3.666277e+01 -3.472882e+01 -6.000000e+00
    endloop
  endfacet
  facet normal  0.000000e+00  0.000000e+00  1.000000e+00
    outer loop
      vertex   3.666277e+01 -3.472882e+01 -6.000000e+00
      vertex   3.512936e+01 -3.901510e+01 -6.000000e+00
      vertex   3.901510e+01 -3.512936e+01 -6.000000e+00
    endloop
  endfacet
  facet normal -0.000000e+00  0.000000e+00  1.000000e+00
    outer loop
      vertex   3.666277e+01 -3.472882e+01 -6.000000e+00
      vertex   3.901510e+01 -3.512936e+01 -6.000000e+00
      vertex   4.020270e+01 -3.056130e+01 -6.000000e+00
    endloop
  endfacet
  facet normal  0.000000e+00  0.000000e+00  1.000000e+00
    outer loop
      vertex   4.020270e+01 -3.056130e+01 -6.000000e+00
      vertex   3.901510e+01 -3.512936e+01 -6.000000e+00
      vertex   4.247339e+01 -3.085873e+01 -6.000000e+00
    endloop
  endfacet
  facet normal -0.000000e+00  0.000000e+00  1.000000e+00
    outer loop
      vertex   4.020270e+01 -3.056130e+01 -6.000000e+00
      vertex   4.247339e+01 -3.085873e+01 -6.000000e+00
      vertex   4.327129e+01 -2.603547e+01 -6.000000e+00
    endloop
  endfacet
  facet normal  0.000000e+00  0.000000e+00  1.000000e+00
    outer loop
      vertex   4.327129e+01 -2.603547e+01 -6.000000e+00
      vertex   4.247339e+01 -3.085873e+01 -6.000000e+00
      vertex   4.546633e+01 -2.625000e+01 -6.000000e+00
    endloop
  endfacet
  facet normal -0.000000e+00  0.000000e+00  1.000000e+00
    outer loop
      vertex   4.327129e+01 -2.603547e+01 -6.000000e+00
      vertex   4.546633e+01 -2.625000e+01 -6.000000e+00
      vertex   4.583256e+01 -2.120440e+01 -6.000000e+00
    endloop
  endfacet
  facet normal  0.000000e+00  0.000000e+00  1.000000e+00
    outer loop
      vertex   4.583256e+01 -2.120440e+01 -6.000000e+00
      vertex   4.546633e+01 -2.625000e+01 -6.000000e+00
      vertex   4.796114e+01 -2.135367e+01 -6.000000e+00
    endloop
  endfacet
  facet normal -0.000000e+00  0.000000e+00  1.000000e+00
    outer loop
      vertex   4.583256e+01 -2.120440e+01 -6.000000e+00
      vertex   4.796114e+01 -2.135367e+01 -6.000000e+00
      vertex   4.785648e+01 -1.612473e+01 -6.000000e+00
    endloop
  endfacet
  facet normal  0.000000e+00  0.000000e+00  1.000000e+00
    outer loop
      vertex   4.785648e+01 -1.612473e+01 -6.000000e+00
      vertex   4.796114e+01 -2.135367e+01 -6.000000e+00
      vertex   4.993047e+01 -1.622339e+01 -6.000000e+00
    endloop
  endfacet
  facet normal -0.000000e+00  0.000000e+00  1.000000e+00
    outer loop
      vertex   4.785648e+01 -1.612473e+01 -6.000000e+00
      vertex   4.993047e+01 -1.622339e+01 -6.000000e+00
      vertex   4.931934e+01 -1.085601e+01 -6.000000e+00
    endloop
  endfacet
  facet normal  0.000000e+00  0.000000e+00  1.000000e+00
    outer loop
      vertex   4.931934e+01 -1.085601e+01 -6.000000e+00
      vertex   4.993047e+01 -1.622339e+01 -6.000000e+00
      vertex   5.135275e+01 -1.091536e+01 -6.000000e+00
    endloop
  endfacet
  facet normal -0.000000e+00  0.000000e+00  1.000000e+00
    outer loop
      vertex   4.931934e+01 -1.085601e+01 -6.000000e+00
      vertex   5.135275e+01 -1.091536e+01 -6.000000e+00
      vertex   5.020397e+01 -5.460010e+00 -6.000000e+00
    endloop
  endfacet
  facet normal  0.000000e+00  0.000000e+00  1.000000e+00
    outer loop
      vertex   5.020397e+01 -5.460010e+00 -6.000000e+00
      vertex   5.135275e+01 -1.091536e+01 -6.000000e+00
      vertex   5.221240e+01 -5.487744e+00 -6.000000e+00
    endloop
  endfacet
  facet normal -0.000000e+00  0.000000e+00  1.000000e+00
    outer loop
      vertex   5.020397e+01 -5.460010e+00 -6.000000e+00
      vertex   5.221240e+01 -5.487744e+00 -6.000000e+00
      vertex   5.050000e+01  0.000000e+00 -6.000000e+00
    endloop
  endfacet
  facet normal  0.000000e+00 -0.000000e+00 -1.000000e+00
    outer loop
      vertex   5.221240e+01  5.487744e+00 -1.000000e+01
      vertex   5.250000e+01  0.000000e+00 -1.000000e+01
      vertex   5.050000e+01  0.000000e+00 -1.000000e+01
    endloop
  endfacet
  facet normal  0.000000e+00  0.000000e+00 -1.000000e+00
    outer loop
      vertex   5.050000e+01  0.000000e+00 -1.000000e+01
      vertex   5.250000e+01  0.000000e+00 -1.000000e+01
      vertex   5.221240e+01 -5.487744e+00 -1.000000e+01
    endloop
  endfacet
  facet normal  0.000000e+00 -0.000000e+00 -1.000000e+00
    outer loop
      vertex   5.050000e+01  0.000000e+00 -1.000000e+01
      vertex   5.221240e+01 -5.487744e+00 -1.000000e+01
      vertex   5.020397e+01 -5.460010e+00 -1.000000e+01
    endloop
  endfacet
  facet normal  0.000000e+00  0.000000e+00 -1.000000e+00
    outer loop
      vertex   5.020397e+01 -5.460010e+00 -1.000000e+01
      vertex   5.221240e+01 -5.487744e+00 -1.000000e+01
      vertex   5.135275e+01 -1.091536e+01 -1.000000e+01
    endloop
  endfacet
  facet normal  0.000000e+00 -0.000000e+00 -1.000000e+00
    outer loop
      vertex   5.020397e+01 -5.460010e+00 -1.000000e+01
      vertex   5.135275e+01 -1.091536e+01 -1.000000e+01
      vertex   4.931934e+01 -1.085601e+01 -1.000000e+01
    endloop
  endfacet
  facet normal  0.000000e+00  0.000000e+00 -1.000000e+00
    outer loop
      vertex   4.931934e+01 -1.085601e+01 -1.000000e+01
      vertex   5.135275e+01 -1.091536e+01 -1.000000e+01
      vertex   4.993047e+01 -1.622339e+01 -1.000000e+01
    endloop
  endfacet
  facet normal  0.000000e+00 -0.000000e+00 -1.000000e+00
    outer loop
      vertex   4.931934e+01 -1.085601e+01 -1.000000e+01
      vertex   4.993047e+01 -1.622339e+01 -1.000000e+01
      vertex   4.785648e+01 -1.612473e+01 -1.000000e+01
    endloop
  endfacet
  facet normal  0.000000e+00  0.000000e+00 -1.000000e+00
    outer loop
      vertex   4.785648e+01 -1.612473e+01 -1.000000e+01
      vertex   4.993047e+01 -1.622339e+01 -1.000000e+01
      vertex   4.796114e+01 -2.135367e+01 -1.000000e+01
    endloop
  endfacet
  facet normal  0.000000e+00 -0.000000e+00 -1.000000e+00
    outer loop
      vertex   4.785648e+01 -1.612473e+01 -1.000000e+01
      vertex   4.796114e+01 -2.135367e+01 -1.000000e+01
      vertex   4.583256e+01 -2.120440e+01 -1.000000e+01
    endloop
  endfacet
  facet normal  0.000000e+00 -0.000000e+00 -1.000000e+00
    outer loop
      vertex   4.583256e+01 -2.120440e+01 -1.000000e+01
      vertex   4.796114e+01 -2.135367e+01 -1.000000e+01
      vertex   4.546633e+01 -2.625000e+01 -1.000000e+01
    endloop
  endfacet
  facet normal  0.000000e+00  0.000000e+00 -1.000000e+00
    outer loop
      vertex   4.583256e+01 -2.120440e+01 -1.000000e+01
      vertex   4.546633e+01 -2.625000e+01 -1.000000e+01
      vertex   4.327129e+01 -2.603547e+01 -1.000000e+01
    endloop
  endfacet
  facet normal  0.000000e+00 -0.000000e+00 -1.000000e+00
    outer loop
      vertex   4.327129e+01 -2.603547e+01 -1.000000e+01
      vertex   4.546633e+01 -2.625000e+01 -1.000000e+01
      vertex   4.247339e+01 -3.085873e+01 -1.000000e+01
    endloop
  endfacet
  facet normal  0.000000e+00  0.000000e+00 -1.000000e+00
    outer loop
      vertex   4.327129e+01 -2.603547e+01 -1.000000e+01
      vertex   4.247339e+01 -3.085873e+01 -1.000000e+01
      vertex   4.020270e+01 -3.056130e+01 -1.000000e+01
    endloop
  endfacet
  facet normal  0.000000e+00 -0.000000e+00 -1.000000e+00
    outer loop
      vertex   4.020270e+01 -3.056130e+01 -1.000000e+01
      vertex   4.247339e+01 -3.085873e+01 -1.000000e+01
      vertex   3.901510e+01 -3.512936e+01 -1.000000e+01
    endloop
  endfacet
  facet normal  0.000000e+00  0.000000e+00 -1.000000e+00
    outer loop
      vertex   4.020270e+01 -3.056130e+01 -1.000000e+01
      vertex   3.901510e+01 -3.512936e+01 -1.000000e+01
      vertex   3.666277e+01 -3.472882e+01 -1.000000e+01
    endloop
  endfacet
  facet normal  0.000000e+00 -0.000000e+00 -1.000000e+00
    outer loop
      vertex   3.666277e+01 -3.472882e+01 -1.000000e+01
      vertex   3.901510e+01 -3.512936e+01 -1.000000e+01
      vertex   3.512936e+01 -3.901510e+01 -1.000000e+01
    endloop
  endfacet
  facet normal  0.000000e+00  0.000000e+00 -1.000000e+00
    outer loop
      vertex   3.666277e+01 -3.472882e+01 -1.000000e+01
      vertex   3.512936e+01 -3.901510e+01 -1.000000e+01
      vertex   3.269301e+01 -3.848919e+01 -1.000000e+01
    endloop
  endfacet
  facet normal  0.000000e+00 -0.000000e+00 -1.000000e+00
    outer loop
      vertex   3.269301e+01 -3.848919e+01 -1.000000e+01
      vertex   3.512936e+01 -3.901510e+01 -1.000000e+01
      vertex   3.085873e+01 -4.247339e+01 -1.000000e+01
    endloop
  endfacet
  facet normal  0.000000e+00  0.000000e+00 -1.000000e+00
    outer loop
      vertex   3.269301e+01 -3.848919e+01 -1.000000e+01
      vertex   3.085873e+01 -4.247339e+01 -1.000000e+01
      vertex   2.833995e+01 -4.179829e+01 -1.000000e+01
    endloop
  endfacet
  facet normal  0.000000e+00 -0.000000e+00 -1.000000e+00
    outer loop
      vertex   2.833995e+01 -4.179829e+01 -1.000000e+01
      vertex   3.085873e+01 -4.247339e+01 -1.000000e+01
      vertex   2.625000e+01 -4.546633e+01 -1.000000e+01
    endloop
  endfacet
  facet normal  0.000000e+00  0.000000e+00 -1.000000e+00
    outer loop
      vertex   2.833995e+01 -4.179829e+01 -1.000000e+01
      vertex   2.625000e+01 -4.546633e+01 -1.000000e+01
      vertex   2.365462e+01 -4.461736e+01 -1.000000e+01
    endloop
  endfacet
  facet normal  0.000000e+00 -0.000000e+00 -1.000000e+00
    outer loop
      vertex   2.365462e+01 -4.461736e+01 -1.000000e+01
      vertex   2.625000e+01 -4.546633e+01 -1.000000e+01
      vertex   2.135367e+01 -4.796114e+01 -1.000000e+01
    endloop
  endfacet
  facet normal  0.000000e+00  0.000000e+00 -1.000000e+00
    outer loop
      vertex   2.365462e+01 -4.461736e+01 -1.000000e+01
      vertex   2.135367e+01 -4.796114e+01 -1.000000e+01
      vertex   1.869198e+01 -4.691332e+01 -1.000000e+01
    endloop
  endfacet
  facet normal  0.000000e+00 -0.000000e+00 -1.000000e+00
    outer loop
      vertex   1.869198e+01 -4.691332e+01 -1.000000e+01
      vertex   2.135367e+01 -4.796114e+01 -1.000000e+01
      vertex   1.622339e+01 -4.993047e+01 -1.000000e+01
    endloop
  endfacet
  facet normal  0.000000e+00  0.000000e+00 -1.000000e+00
    outer loop
      vertex   1.869198e+01 -4.691332e+01 -1.000000e+01
      vertex   1.622339e+01 -4.993047e+01 -1.000000e+01
      vertex   1.351018e+01 -4.865928e+01 -1.000000e+01
    endloop
  endfacet
  facet normal  0.000000e+00 -0.000000e+00 -1.000000e+00
    outer loop
      vertex   1.351018e+01 -4.865928e+01 -1.000000e+01
      vertex   1.622339e+01 -4.993047e+01 -1.000000e+01
      vertex   1.091536e+01 -5.135275e+01 -1.000000e+01
    endloop
  endfacet
  facet normal  0.000000e+00  0.000000e+00 -1.000000e+00
    outer loop
      vertex   1.351018e+01 -4.865928e+01 -1.000000e+01
      vertex   1.091536e+01 -5.135275e+01 -1.000000e+01
      vertex   8.169991e+00 -4.983474e+01 -1.000000e+01
    endloop
  endfacet
  facet normal  0.000000e+00 -0.000000e+00 -1.000000e+00
    outer loop
      vertex   8.169991e+00 -4.983474e+01 -1.000000e+01
      vertex   1.091536e+01 -5.135275e+01 -1.000000e+01
      vertex   5.487744e+00 -5.221240e+01 -1.000000e+01
    endloop
  endfacet
  facet normal  0.000000e+00  0.000000e+00 -1.000000e+00
    outer loop
      vertex   8.169991e+00 -4.983474e+01 -1.000000e+01
      vertex   5.487744e+00 -5.221240e+01 -1.000000e+01
      vertex   2.734015e+00 -5.042594e+01 -1.000000e+01
    endloop
  endfacet
  facet normal  0.000000e+00 -0.000000e+00 -1.000000e+00
    outer loop
      vertex   2.734015e+00 -5.042594e+01 -1.000000e+01
      vertex   5.487744e+00 -5.221240e+01 -1.000000e+01
      vertex   0.000000e+00 -5.250000e+01 -1.000000e+01
    endloop
  endfacet
  facet normal -0.000000e+00  0.000000e+00 -1.000000e+00
    outer loop
      vertex   2.734015e+00 -5.042594e+01 -1.000000e+01
      vertex   0.000000e+00 -5.250000e+01 -1.000000e+01
      vertex  -2.734015e+00 -5.042594e+01 -1.000000e+01
    endloop
  endfacet
  facet normal  0.000000e+00 -0.000000e+00 -1.000000e+00
    outer loop
      vertex  -2.734015e+00 -5.042594e+01 -1.000000e+01
      vertex   0.000000e+00 -5.250000e+01 -1.000000e+01
      vertex  -5.487744e+00 -5.221240e+01 -1.000000e+01
    endloop
  endfacet
  facet normal -0.000000e+00  0.000000e+00 -1.000000e+00
    outer loop
      vertex  -2.734015e+00 -5.042594e+01 -1.000000e+01
      vertex  -5.487744e+00 -5.221240e+01 -1.000000e+01
      vertex  -8.169991e+00 -4.983474e+01 -1.000000e+01
    endloop
  endfacet
  facet normal  0.000000e+00 -0.000000e+00 -1.000000e+00
    outer loop
      vertex  -8.169991e+00 -4.983474e+01 -1.000000e+01
      vertex  -5.487744e+00 -5.221240e+01 -1.000000e+01
      vertex  -1.091536e+01 -5.135275e+01 -1.000000e+01
    endloop
  endfacet
  facet normal -0.000000e+00  0.000000e+00 -1.000000e+00
    outer loop
      vertex  -8.169991e+00 -4.983474e+01 -1.000000e+01
      vertex  -1.091536e+01 -5.135275e+01 -1.000000e+01
      vertex  -1.351018e+01 -4.865928e+01 -1.000000e+01
    endloop
  endfacet
  facet normal  0.000000e+00 -0.000000e+00 -1.000000e+00
    outer loop
      vertex  -1.351018e+01 -4.865928e+01 -1.000000e+01
      vertex  -1.091536e+01 -5.135275e+01 -1.000000e+01
      vertex  -1.622339e+01 -4.993047e+01 -1.000000e+01
    endloop
  endfacet
  facet normal -0.000000e+00  0.000000e+00 -1.000000e+00
    outer loop
      vertex  -1.351018e+01 -4.865928e+01 -1.000000e+01
      vertex  -1.622339e+01 -4.993047e+01 -1.000000e+01
      vertex  -1.869198e+01 -4.691332e+01 -1.000000e+01
    endloop
  endfacet
  facet normal  0.000000e+00 -0.000000e+00 -1.000000e+00
    outer loop
      vertex  -1.869198e+01 -4.691332e+01 -1.000000e+01
      vertex  -1.622339e+01 -4.993047e+01 -1.000000e+01
      vertex  -2.135367e+01 -4.796114e+01 -1.000000e+01
    endloop
  endfacet
  facet normal -0.000000e+00  0.000000e+00 -1.000000e+00
    outer loop
      vertex  -1.869198e+01 -4.691332e+01 -1.000000e+01
      vertex  -2.135367e+01 -4.796114e+01 -1.000000e+01
      vertex  -2.365462e+01 -4.461736e+01 -1.000000e+01
    endloop
  endfacet
  facet normal  0.000000e+00 -0.000000e+00 -1.000000e+00
    outer loop
      vertex  -2.365462e+01 -4.461736e+01 -1.000000e+01
      vertex  -2.135367e+01 -4.796114e+01 -1.000000e+01
      vertex  -2.625000e+01 -4.546633e+01 -1.000000e+01
    endloop
  endfacet
  facet normal -0.000000e+00  0.000000e+00 -1.000000e+00
    outer loop
      vertex  -2.365462e+01 -4.461736e+01 -1.000000e+01
      vertex  -2.625000e+01 -4.546633e+01 -1.000000e+01
      vertex  -2.833995e+01 -4.179829e+01 -1.000000e+01
    endloop
  endfacet
  facet normal  0.000000e+00 -0.000000e+00 -1.000000e+00
    outer loop
      vertex  -2.833995e+01 -4.179829e+01 -1.000000e+01
      vertex  -2.625000e+01 -4.546633e+01 -1.000000e+01
      vertex  -3.085873e+01 -4.247339e+01 -1.000000e+01
    endloop
  endfacet
  facet normal -0.000000e+00  0.000000e+00 -1.000000e+00
    outer loop
      vertex  -2.833995e+01 -4.179829e+01 -1.000000e+01
      vertex  -3.085873e+01 -4.247339e+01 -1.000000e+01
      vertex  -3.269301e+01 -3.848919e+01 -1.000000e+01
    endloop
  endfacet
  facet normal  0.000000e+00 -0.000000e+00 -1.000000e+00
    outer loop
      vertex  -3.269301e+01 -3.848919e+01 -1.000000e+01
      vertex  -3.085873e+01 -4.247339e+01 -1.000000e+01
      vertex  -3.512936e+01 -3.901510e+01 -1.000000e+01
    endloop
  endfacet
  facet normal -0.000000e+00  0.000000e+00 -1.000000e+00
    outer loop
      vertex  -3.269301e+01 -3.848919e+01 -1.000000e+01
      vertex  -3.512936e+01 -3.901510e+01 -1.000000e+01
      vertex  -3.666277e+01 -3.472882e+01 -1.000000e+01
    endloop
  endfacet
  facet normal  0.000000e+00 -0.000000e+00 -1.000000e+00
    outer loop
      vertex  -3.666277e+01 -3.472882e+01 -1.000000e+01
      vertex  -3.512936e+01 -3.901510e+01 -1.000000e+01
      vertex  -3.901510e+01 -3.512936e+01 -1.000000e+01
    endloop
  endfacet
  facet normal -0.000000e+00  0.000000e+00 -1.000000e+00
    outer loop
      vertex  -3.666277e+01 -3.472882e+01 -1.000000e+01
      vertex  -3.901510e+01 -3.512936e+01 -1.000000e+01
      vertex  -4.020270e+01 -3.056130e+01 -1.000000e+01
    endloop
  endfacet
  facet normal  0.000000e+00 -0.000000e+00 -1.000000e+00
    outer loop
      vertex  -4.020270e+01 -3.056130e+01 -1.000000e+01
      vertex  -3.901510e+01 -3.512936e+01 -1.000000e+01
      vertex  -4.247339e+01 -3.085873e+01 -1.000000e+01
    endloop
  endfacet
  facet normal -0.000000e+00  0.000000e+00 -1.000000e+00
    outer loop
      vertex  -4.020270e+01 -3.056130e+01 -1.000000e+01
      vertex  -4.247339e+01 -3.085873e+01 -1.000000e+01
      vertex  -4.327129e+01 -2.603547e+01 -1.000000e+01
    endloop
  endfacet
  facet normal  0.000000e+00 -0.000000e+00 -1.000000e+00
    outer loop
      vertex  -4.327129e+01 -2.603547e+01 -1.000000e+01
      vertex  -4.247339e+01 -3.085873e+01 -1.000000e+01
      vertex  -4.546633e+01 -2.625000e+01 -1.000000e+01
    endloop
  endfacet
  facet normal -0.000000e+00  0.000000e+00 -1.000000e+00
    outer loop
      vertex  -4.327129e+01 -2.603547e+01 -1.000000e+01
      vertex  -4.546633e+01 -2.625000e+01 -1.000000e+01
      vertex  -4.583256e+01 -2.120440e+01 -1.000000e+01
    endloop
  endfacet
  facet normal  0.000000e+00 -0.000000e+00 -1.000000e+00
    outer loop
      vertex  -4.583256e+01 -2.120440e+01 -1.000000e+01
      vertex  -4.546633e+01 -2.625000e+01 -1.000000e+01
      vertex  -4.796114e+01 -2.135367e+01 -1.000000e+01
    endloop
  endfacet
  facet normal -0.000000e+00  0.000000e+00 -1.000000e+00
    outer loop
      vertex  -4.583256e+01 -2.120440e+01 -1.000000e+01
      vertex  -4.796114e+01 -2.135367e+01 -1.000000e+01
      vertex  -4.785648e+01 -1.612473e+01 -1.000000e+01
    endloop
  endfacet
  facet normal  0.000000e+00  0.000000e+00 -1.000000e+00
    outer loop
      vertex  -4.785648e+01 -1.612473e+01 -1.000000e+01
      vertex  -4.796114e+01 -2.135367e+01 -1.000000e+01
      vertex  -4.993047e+01 -1.622339e+01 -1.000000e+01
    endloop
  endfacet
  facet normal -0.000000e+00  0.000000e+00 -1.000000e+00
    outer loop
      vertex  -4.785648e+01 -1.612473e+01 -1.000000e+01
      vertex  -4.993047e+01 -1.622339e+01 -1.000000e+01
      vertex  -4.931934e+01 -1.085601e+01 -1.000000e+01
    endloop
  endfacet
  facet normal  0.000000e+00  0.000000e+00 -1.000000e+00
    outer loop
      vertex  -4.931934e+01 -1.085601e+01 -1.000000e+01
      vertex  -4.993047e+01 -1.622339e+01 -1.000000e+01
      vertex  -5.135275e+01 -1.091536e+01 -1.000000e+01
    endloop
  endfacet
  facet normal -0.000000e+00  0.000000e+00 -1.000000e+00
    outer loop
      vertex  -4.931934e+01 -1.085601e+01 -1.000000e+01
      vertex  -5.135275e+01 -1.091536e+01 -1.000000e+01
      vertex  -5.020397e+01 -5.460010e+00 -1.000000e+01
    endloop
  endfacet
  facet normal  0.000000e+00  0.000000e+00 -1.000000e+00
    outer loop
      vertex  -5.020397e+01 -5.460010e+00 -1.000000e+01
      vertex  -5.135275e+01 -1.091536e+01 -1.000000e+01
      vertex  -5.221240e+01 -5.487744e+00 -1.000000e+01
    endloop
  endfacet
  facet normal -0.000000e+00  0.000000e+00 -1.000000e+00
    outer loop
      vertex  -5.020397e+01 -5.460010e+00 -1.000000e+01
      vertex  -5.221240e+01 -5.487744e+00 -1.000000e+01
      vertex  -5.050000e+01  0.000000e+00 -1.000000e+01
    endloop
  endfacet
  facet normal -0.000000e+00  0.000000e+00 -1.000000e+00
    outer loop
      vertex  -5.050000e+01  0.000000e+00 -1.000000e+01
      vertex  -5.221240e+01 -5.487744e+00 -1.000000e+01
      vertex  -5.250000e+01  0.000000e+00 -1.000000e+01
    endloop
  endfacet
  facet normal  0.000000e+00  0.000000e+00 -1.000000e+00
    outer loop
      vertex  -5.050000e+01  0.000000e+00 -1.000000e+01
      vertex  -5.250000e+01  0.000000e+00 -1.000000e+01
      vertex  -5.221240e+01  5.487744e+00 -1.000000e+01
    endloop
  endfacet
  facet normal  0.000000e+00  0.000000e+00 -1.000000e+00
    outer loop
      vertex  -5.050000e+01  0.000000e+00 -1.000000e+01
      vertex  -5.221240e+01  5.487744e+00 -1.000000e+01
      vertex  -5.020397e+01  5.460010e+00 -1.000000e+01
    endloop
  endfacet
  facet normal  0.000000e+00  0.000000e+00 -1.000000e+00
    outer loop
      vertex  -5.020397e+01  5.460010e+00 -1.000000e+01
      vertex  -5.221240e+01  5.487744e+00 -1.000000e+01
      vertex  -5.135275e+01  1.091536e+01 -1.000000e+01
    endloop
  endfacet
  facet normal  0.000000e+00  0.000000e+00 -1.000000e+00
    outer loop
      vertex  -5.020397e+01  5.460010e+00 -1.000000e+01
      vertex  -5.135275e+01  1.091536e+01 -1.000000e+01
      vertex  -4.931934e+01  1.085601e+01 -1.000000e+01
    endloop
  endfacet
  facet normal  0.000000e+00  0.000000e+00 -1.000000e+00
    outer loop
      vertex  -4.931934e+01  1.085601e+01 -1.000000e+01
      vertex  -5.135275e+01  1.091536e+01 -1.000000e+01
      vertex  -4.993047e+01  1.622339e+01 -1.000000e+01
    endloop
  endfacet
  facet normal  0.000000e+00  0.000000e+00 -1.000000e+00
    outer loop
      vertex  -4.931934e+01  1.085601e+01 -1.000000e+01
      vertex  -4.993047e+01  1.622339e+01 -1.000000e+01
      vertex  -4.785648e+01  1.612473e+01 -1.000000e+01
    endloop
  endfacet
  facet normal  0.000000e+00  0.000000e+00 -1.000000e+00
    outer loop
      vertex  -4.785648e+01  1.612473e+01 -1.000000e+01
      vertex  -4.993047e+01  1.622339e+01 -1.000000e+01
      vertex  -4.796114e+01  2.135367e+01 -1.000000e+01
    endloop
  endfacet
  facet normal  0.000000e+00  0.000000e+00 -1.000000e+00
    outer loop
      vertex  -4.785648e+01  1.612473e+01 -1.000000e+01
      vertex  -4.796114e+01  2.135367e+01 -1.000000e+01
      vertex  -4.583256e+01  2.120440e+01 -1.000000e+01
    endloop
  endfacet
  facet normal  0.000000e+00  0.000000e+00 -1.000000e+00
    outer loop
      vertex  -4.583256e+01  2.120440e+01 -1.000000e+01
      vertex  -4.796114e+01  2.135367e+01 -1.000000e+01
      vertex  -4.546633e+01  2.625000e+01 -1.000000e+01
    endloop
  endfacet
  facet normal  0.000000e+00  0.000000e+00 -1.000000e+00
    outer loop
      vertex  -4.583256e+01  2.120440e+01 -1.000000e+01
      vertex  -4.546633e+01  2.625000e+01 -1.000000e+01
      vertex  -4.327129e+01  2.603547e+01 -1.000000e+01
    endloop
  endfacet
  facet normal  0.000000e+00  0.000000e+00 -1.000000e+00
    outer loop
      vertex  -4.327129e+01  2.603547e+01 -1.000000e+01
      vertex  -4.546633e+01  2.625000e+01 -1.000000e+01
      vertex  -4.247339e+01  3.085873e+01 -1.000000e+01
    endloop
  endfacet
  facet normal  0.000000e+00  0.000000e+00 -1.000000e+00
    outer loop
      vertex  -4.327129e+01  2.603547e+01 -1.000000e+01
      vertex  -4.247339e+01  3.085873e+01 -1.000000e+01
      vertex  -4.020270e+01  3.056130e+01 -1.000000e+01
    endloop
  endfacet
  facet normal  0.000000e+00  0.000000e+00 -1.000000e+00
    outer loop
      vertex  -4.020270e+01  3.056130e+01 -1.000000e+01
      vertex  -4.247339e+01  3.085873e+01 -1.000000e+01
      vertex  -3.901510e+01  3.512936e+01 -1.000000e+01
    endloop
  endfacet
  facet normal  0.000000e+00  0.000000e+00 -1.000000e+00
    outer loop
      vertex  -4.020270e+01  3.056130e+01 -1.000000e+01
      vertex  -3.901510e+01  3.512936e+01 -1.000000e+01
      vertex  -3.666277e+01  3.472882e+01 -1.000000e+01
    endloop
  endfacet
  facet normal  0.000000e+00  0.000000e+00 -1.000000e+00
    outer loop
      vertex  -3.666277e+01  3.472882e+01 -1.000000e+01
      vertex  -3.901510e+01  3.512936e+01 -1.000000e+01
      vertex  -3.512936e+01  3.901510e+01 -1.000000e+01
    endloop
  endfacet
  facet normal  0.000000e+00  0.000000e+00 -1.000000e+00
    outer loop
      vertex  -3.666277e+01  3.472882e+01 -1.000000e+01
      vertex  -3.512936e+01  3.901510e+01 -1.000000e+01
      vertex  -3.269301e+01  3.848919e+01 -1.000000e+01
    endloop
  endfacet
  facet normal  0.000000e+00  0.000000e+00 -1.000000e+00
    outer loop
      vertex  -3.269301e+01  3.848919e+01 -1.000000e+01
      vertex  -3.512936e+01  3.901510e+01 -1.000000e+01
      vertex  -3.085873e+01  4.247339e+01 -1.000000e+01
    endloop
  endfacet
  facet normal  0.000000e+00  0.000000e+00 -1.000000e+00
    outer loop
      vertex  -3.269301e+01  3.848919e+01 -1.000000e+01
      vertex  -3.085873e+01  4.247339e+01 -1.000000e+01
      vertex  -2.833995e+01  4.179829e+01 -1.000000e+01
    endloop
  endfacet
  facet normal  0.000000e+00  0.000000e+00 -1.000000e+00
    outer loop
      vertex  -2.833995e+01  4.179829e+01 -1.000000e+01
      vertex  -3.085873e+01  4.247339e+01 -1.000000e+01
      vertex  -2.625000e+01  4.546633e+01 -1.000000e+01
    endloop
  endfacet
  facet normal  0.000000e+00  0.000000e+00 -1.000000e+00
    outer loop
      vertex  -2.833995e+01  4.179829e+01 -1.000000e+01
      vertex  -2.625000e+01  4.546633e+01 -1.000000e+01
      vertex  -2.365462e+01  4.461736e+01 -1.000000e+01
    endloop
  endfacet
  facet normal  0.000000e+00  0.000000e+00 -1.000000e+00
    outer loop
      vertex  -2.365462e+01  4.461736e+01 -1.000000e+01
      vertex  -2.625000e+01  4.546633e+01 -1.000000e+01
      vertex  -2.135367e+01  4.796114e+01 -1.000000e+01
    endloop
  endfacet
  facet normal  0.000000e+00  0.000000e+00 -1.000000e+00
    outer loop
      vertex  -2.365462e+01  4.461736e+01 -1.000000e+01
      vertex  -2.135367e+01  4.796114e+01 -1.000000e+01
      vertex  -1.869198e+01  4.691332e+01 -1.000000e+01
    endloop
  endfacet
  facet normal  0.000000e+00  0.000000e+00 -1.000000e+00
    outer loop
      vertex  -1.869198e+01  4.691332e+01 -1.000000e+01
      vertex  -2.135367e+01  4.796114e+01 -1.000000e+01
      vertex  -1.622339e+01  4.993047e+01 -1.000000e+01
    endloop
  endfacet
  facet normal  0.000000e+00  0.000000e+00 -1.000000e+00
    outer loop
      vertex  -1.869198e+01  4.691332e+01 -1.000000e+01
      vertex  -1.622339e+01  4.993047e+01 -1.000000e+01
      vertex  -1.351018e+01  4.865928e+01 -1.000000e+01
    endloop
  endfacet
  facet normal  0.000000e+00  0.000000e+00 -1.000000e+00
    outer loop
      vertex  -1.351018e+01  4.865928e+01 -1.000000e+01
      vertex  -1.622339e+01  4.993047e+01 -1.000000e+01
      vertex  -1.091536e+01  5.135275e+01 -1.000000e+01
    endloop
  endfacet
  facet normal  0.000000e+00  0.000000e+00 -1.000000e+00
    outer loop
      vertex  -1.351018e+01  4.865928e+01 -1.000000e+01
      vertex  -1.091536e+01  5.135275e+01 -1.000000e+01
      vertex  -8.169991e+00  4.983474e+01 -1.000000e+01
    endloop
  endfacet
  facet normal  0.000000e+00  0.000000e+00 -1.000000e+00
    outer loop
      vertex  -8.169991e+00  4.983474e+01 -1.000000e+01
      vertex  -1.091536e+01  5.135275e+01 -1.000000e+01
      vertex  -5.487744e+00  5.221240e+01 -1.000000e+01
    endloop
  endfacet
  facet normal  0.000000e+00  0.000000e+00 -1.000000e+00
    outer loop
      vertex  -8.169991e+00  4.983474e+01 -1.000000e+01
      vertex  -5.487744e+00  5.221240e+01 -1.000000e+01
      vertex  -2.734015e+00  5.042594e+01 -1.000000e+01
    endloop
  endfacet
  facet normal  0.000000e+00  0.000000e+00 -1.000000e+00
    outer loop
      vertex  -2.734015e+00  5.042594e+01 -1.000000e+01
      vertex  -5.487744e+00  5.221240e+01 -1.000000e+01
      vertex   0.000000e+00  5.250000e+01 -1.000000e+01
    endloop
  endfacet
  facet normal  0.000000e+00  0.000000e+00 -1.000000e+00
    outer loop
      vertex  -2.734015e+00  5.042594e+01 -1.000000e+01
      vertex   0.000000e+00  5.250000e+01 -1.000000e+01
      vertex   2.734015e+00  5.042594e+01 -1.000000e+01
    endloop
  endfacet
  facet normal  0.000000e+00  0.000000e+00 -1.000000e+00
    outer loop
      vertex   2.734015e+00  5.042594e+01 -1.000000e+01
      vertex   0.000000e+00  5.250000e+01 -1.000000e+01
      vertex   5.487744e+00  5.221240e+01 -1.000000e+01
    endloop
  endfacet
  facet normal  0.000000e+00  0.000000e+00 -1.000000e+00
    outer loop
      vertex   2.734015e+00  5.042594e+01 -1.000000e+01
      vertex   5.487744e+00  5.221240e+01 -1.000000e+01
      vertex   8.169991e+00  4.983474e+01 -1.000000e+01
    endloop
  endfacet
  facet normal  0.000000e+00  0.000000e+00 -1.000000e+00
    outer loop
      vertex   8.169991e+00  4.983474e+01 -1.000000e+01
      vertex   5.487744e+00  5.221240e+01 -1.000000e+01
      vertex   1.091536e+01  5.135275e+01 -1.000000e+01
    endloop
  endfacet
  facet normal  0.000000e+00  0.000000e+00 -1.000000e+00
    outer loop
      vertex   8.169991e+00  4.983474e+01 -1.000000e+01
      vertex   1.091536e+01  5.135275e+01 -1.000000e+01
      vertex   1.351018e+01  4.865928e+01 -1.000000e+01
    endloop
  endfacet
  facet normal  0.000000e+00  0.000000e+00 -1.000000e+00
    outer loop
      vertex   1.351018e+01  4.865928e+01 -1.000000e+01
      vertex   1.091536e+01  5.135275e+01 -1.000000e+01
      vertex   1.622339e+01  4.993047e+01 -1.000000e+01
    endloop
  endfacet
  facet normal  0.000000e+00  0.000000e+00 -1.000000e+00
    outer loop
      vertex   1.351018e+01  4.865928e+01 -1.000000e+01
      vertex   1.622339e+01  4.993047e+01 -1.000000e+01
      vertex   1.869198e+01  4.691332e+01 -1.000000e+01
    endloop
  endfacet
  facet normal  0.000000e+00  0.000000e+00 -1.000000e+00
    outer loop
      vertex   1.869198e+01  4.691332e+01 -1.000000e+01
      vertex   1.622339e+01  4.993047e+01 -1.000000e+01
      vertex   2.135367e+01  4.796114e+01 -1.000000e+01
    endloop
  endfacet
  facet normal  0.000000e+00  0.000000e+00 -1.000000e+00
    outer loop
      vertex   1.869198e+01  4.691332e+01 -1.000000e+01
      vertex   2.135367e+01  4.796114e+01 -1.000000e+01
      vertex   2.365462e+01  4.461736e+01 -1.000000e+01
    endloop
  endfacet
  facet normal  0.000000e+00  0.000000e+00 -1.000000e+00
    outer loop
      vertex   2.365462e+01  4.461736e+01 -1.000000e+01
      vertex   2.135367e+01  4.796114e+01 -1.000000e+01
      vertex   2.625000e+01  4.546633e+01 -1.000000e+01
    endloop
  endfacet
  facet normal  0.000000e+00  0.000000e+00 -1.000000e+00
    outer loop
      vertex   2.365462e+01  4.461736e+01 -1.000000e+01
      vertex   2.625000e+01  4.546633e+01 -1.000000e+01
      vertex   2.833995e+01  4.179829e+01 -1.000000e+01
    endloop
  endfacet
  facet normal  0.000000e+00  0.000000e+00 -1.000000e+00
    outer loop
      vertex   2.833995e+01  4.179829e+01 -1.000000e+01
      vertex   2.625000e+01  4.546633e+01 -1.000000e+01
      vertex   3.085873e+01  4.247339e+01 -1.000000e+01
    endloop
  endfacet
  facet normal  0.000000e+00  0.000000e+00 -1.000000e+00
    outer loop
      vertex   2.833995e+01  4.179829e+01 -1.000000e+01
      vertex   3.085873e+01  4.247339e+01 -1.000000e+01
      vertex   3.269301e+01  3.848919e+01 -1.000000e+01
    endloop
  endfacet
  facet normal  0.000000e+00  0.000000e+00 -1.000000e+00
    outer loop
      vertex   3.269301e+01  3.848919e+01 -1.000000e+01
      vertex   3.085873e+01  4.247339e+01 -1.000000e+01
      vertex   3.512936e+01  3.901510e+01 -1.000000e+01
    endloop
  endfacet
  facet normal  0.000000e+00  0.000000e+00 -1.000000e+00
    outer loop
      vertex   3.269301e+01  3.848919e+01 -1.000000e+01
      vertex   3.512936e+01  3.901510e+01 -1.000000e+01
      vertex   3.666277e+01  3.472882e+01 -1.000000e+01
    endloop
  endfacet
  facet normal  0.000000e+00  0.000000e+00 -1.000000e+00
    outer loop
      vertex   3.666277e+01  3.472882e+01 -1.000000e+01
      vertex   3.512936e+01  3.901510e+01 -1.000000e+01
      vertex   3.901510e+01  3.512936e+01 -1.000000e+01
    endloop
  endfacet
  facet normal  0.000000e+00  0.000000e+00 -1.000000e+00
    outer loop
      vertex   3.666277e+01  3.472882e+01 -1.000000e+01
      vertex   3.901510e+01  3.512936e+01 -1.000000e+01
      vertex   4.020270e+01  3.056130e+01 -1.000000e+01
    endloop
  endfacet
  facet normal  0.000000e+00  0.000000e+00 -1.000000e+00
    outer loop
      vertex   4.020270e+01  3.056130e+01 -1.000000e+01
      vertex   3.901510e+01  3.512936e+01 -1.000000e+01
      vertex   4.247339e+01  3.085873e+01 -1.000000e+01
    endloop
  endfacet
  facet normal  0.000000e+00  0.000000e+00 -1.000000e+00
    outer loop
      vertex   4.020270e+01  3.056130e+01 -1.000000e+01
      vertex   4.247339e+01  3.085873e+01 -1.000000e+01
      vertex   4.327129e+01  2.603547e+01 -1.000000e+01
    endloop
  endfacet
  facet normal  0.000000e+00  0.000000e+00 -1.000000e+00
    outer loop
      vertex   4.327129e+01  2.603547e+01 -1.000000e+01
      vertex   4.247339e+01  3.085873e+01 -1.000000e+01
      vertex   4.546633e+01  2.625000e+01 -1.000000e+01
    endloop
  endfacet
  facet normal  0.000000e+00  0.000000e+00 -1.000000e+00
    outer loop
      vertex   4.327129e+01  2.603547e+01 -1.000000e+01
      vertex   4.546633e+01  2.625000e+01 -1.000000e+01
      vertex   4.583256e+01  2.120440e+01 -1.000000e+01
    endloop
  endfacet
  facet normal  0.000000e+00  0.000000e+00 -1.000000e+00
    outer loop
      vertex   4.583256e+01  2.120440e+01 -1.000000e+01
      vertex   4.546633e+01  2.625000e+01 -1.000000e+01
      vertex   4.796114e+01  2.135367e+01 -1.000000e+01
    endloop
  endfacet
  facet normal  0.000000e+00  0.000000e+00 -1.000000e+00
    outer loop
      vertex   4.583256e+01  2.120440e+01 -1.000000e+01
      vertex   4.796114e+01  2.135367e+01 -1.000000e+01
      vertex   4.785648e+01  1.612473e+01 -1.000000e+01
    endloop
  endfacet
  facet normal  0.000000e+00  0.000000e+00 -1.000000e+00
    outer loop
      vertex   4.785648e+01  1.612473e+01 -1.000000e+01
      vertex   4.796114e+01  2.135367e+01 -1.000000e+01
      vertex   4.993047e+01  1.622339e+01 -1.000000e+01
    endloop
  endfacet
  facet normal  0.000000e+00  0.000000e+00 -1.000000e+00
    outer loop
      vertex   4.785648e+01  1.612473e+01 -1.000000e+01
      vertex   4.993047e+01  1.622339e+01 -1.000000e+01
      vertex   4.931934e+01  1.085601e+01 -1.000000e+01
    endloop
  endfacet
  facet normal  0.000000e+00  0.000000e+00 -1.000000e+00
    outer loop
      vertex   4.931934e+01  1.085601e+01 -1.000000e+01
      vertex   4.993047e+01  1.622339e+01 -1.000000e+01
      vertex   5.135275e+01  1.091536e+01 -1.000000e+01
    endloop
  endfacet
  facet normal  0.000000e+00  0.000000e+00 -1.000000e+00
    outer loop
      vertex   4.931934e+01  1.085601e+01 -1.000000e+01
      vertex   5.135275e+01  1.091536e+01 -1.000000e+01
      vertex   5.020397e+01  5.460010e+00 -1.000000e+01
    endloop
  endfacet
  facet normal  0.000000e+00  0.000000e+00 -1.000000e+00
    outer loop
      vertex   5.020397e+01  5.460010e+00 -1.000000e+01
      vertex   5.135275e+01  1.091536e+01 -1.000000e+01
      vertex   5.221240e+01  5.487744e+00 -1.000000e+01
    endloop
  endfacet
  facet normal  0.000000e+00  0.000000e+00 -1.000000e+00
    outer loop
      vertex   5.020397e+01  5.460010e+00 -1.000000e+01
      vertex   5.221240e+01  5.487744e+00 -1.000000e+01
      vertex   5.050000e+01  0.000000e+00 -1.000000e+01
    endloop
  endfacet
  facet normal  9.986296e-01  5.233544e-02  0.000000e+00
    outer loop
      vertex   5.221240e+01  5.487744e+00 -1.600000e+01
      vertex   5.250000e+01  0.000000e+00 -1.200000e+01
      vertex   5.250000e+01  0.000000e+00 -1.600000e+01
    endloop
  endfacet
  facet normal  9.986296e-01 -5.233544e-02  0.000000e+00
    outer loop
      vertex   5.250000e+01  0.000000e+00 -1.600000e+01
      vertex   5.250000e+01  0.000000e+00 -1.200000e+01
      vertex   5.221240e+01 -5.487744e+00 -1.200000e+01
    endloop
  endfacet
  facet normal  9.986296e-01 -5.233544e-02  0.000000e+00
    outer loop
      vertex   5.250000e+01  0.000000e+00 -1.600000e+01
      vertex   5.221240e+01 -5.487744e+00 -1.200000e+01
      vertex   5.221240e+01 -5.487744e+00 -1.600000e+01
    endloop
  endfacet
  facet normal  9.876882e-01 -1.564350e-01  0.000000e+00
    outer loop
      vertex   5.221240e+01 -5.487744e+00 -1.600000e+01
      vertex   5.221240e+01 -5.487744e+00 -1.200000e+01
      vertex   5.135275e+01 -1.091536e+01 -1.200000e+01
    endloop
  endfacet
  facet normal  9.876882e-01 -1.564350e-01  0.000000e+00
    outer loop
      vertex   5.221240e+01 -5.487744e+00 -1.600000e+01
      vertex   5.135275e+01 -1.091536e+01 -1.200000e+01
      vertex   5.135275e+01 -1.091536e+01 -1.600000e+01
    endloop
  endfacet
  facet normal  9.659258e-01 -2.588193e-01  0.000000e+00
    outer loop
      vertex   5.135275e+01 -1.091536e+01 -1.600000e+01
      vertex   5.135275e+01 -1.091536e+01 -1.200000e+01
      vertex   4.993047e+01 -1.622339e+01 -1.200000e+01
    endloop
  endfacet
  facet normal  9.659258e-01 -2.588193e-01  0.000000e+00
    outer loop
      vertex   5.135275e+01 -1.091536e+01 -1.600000e+01
      vertex   4.993047e+01 -1.622339e+01 -1.200000e+01
      vertex   4.993047e+01 -1.622339e+01 -1.600000e+01
    endloop
  endfacet
  facet normal  9.335805e-01 -3.583678e-01  0.000000e+00
    outer loop
      vertex   4.993047e+01 -1.622339e+01 -1.600000e+01
      vertex   4.993047e+01 -1.622339e+01 -1.200000e+01
      vertex   4.796114e+01 -2.135367e+01 -1.200000e+01
    endloop
  endfacet
  facet normal  9.335805e-01 -3.583678e-01  0.000000e+00
    outer loop
      vertex   4.993047e+01 -1.622339e+01 -1.600000e+01
      vertex   4.796114e+01 -2.135367e+01 -1.200000e+01
      vertex   4.796114e+01 -2.135367e+01 -1.600000e+01
    endloop
  endfacet
  facet normal  8.910064e-01 -4.539907e-01  0.000000e+00
    outer loop
      vertex   4.796114e+01 -2.135367e+01 -1.600000e+01
      vertex   4.796114e+01 -2.135367e+01 -1.200000e+01
      vertex   4.546633e+01 -2.625000e+01 -1.200000e+01
    endloop
  endfacet
  facet normal  8.910064e-01 -4.539907e-01  0.000000e+00
    outer loop
      vertex   4.796114e+01 -2.135367e+01 -1.600000e+01
      vertex   4.546633e+01 -2.625000e+01 -1.200000e+01
      vertex   4.546633e+01 -2.625000e+01 -1.600000e+01
    endloop
  endfacet
  facet normal  8.386708e-01 -5.446387e-01  0.000000e+00
    outer loop
      vertex   4.546633e+01 -2.625000e+01 -1.600000e+01
      vertex   4.546633e+01 -2.625000e+01 -1.200000e+01
      vertex   4.247339e+01 -3.085873e+01 -1.200000e+01
    endloop
  endfacet
  facet normal  8.386708e-01 -5.446387e-01  0.000000e+00
    outer loop
      vertex   4.546633e+01 -2.625000e+01 -1.600000e+01
      vertex   4.247339e+01 -3.085873e+01 -1.200000e+01
      vertex   4.247339e+01 -3.085873e+01 -1.600000e+01
    endloop
  endfacet
  facet normal  7.771458e-01 -6.293207e-01  0.000000e+00
    outer loop
      vertex   4.247339e+01 -3.085873e+01 -1.600000e+01
      vertex   4.247339e+01 -3.085873e+01 -1.200000e+01
      vertex   3.901510e+01 -3.512936e+01 -1.200000e+01
    endloop
  endfacet
  facet normal  7.771458e-01 -6.293207e-01  0.000000e+00
    outer loop
      vertex   4.247339e+01 -3.085873e+01 -1.600000e+01
      vertex   3.901510e+01 -3.512936e+01 -1.200000e+01
      vertex   3.901510e+01 -3.512936e+01 -1.600000e+01
    endloop
  endfacet
  facet normal  7.071068e-01 -7.071068e-01  0.000000e+00
    outer loop
      vertex   3.901510e+01 -3.512936e+01 -1.600000e+01
      vertex   3.901510e+01 -3.512936e+01 -1.200000e+01
      vertex   3.512936e+01 -3.901510e+01 -1.200000e+01
    endloop
  endfacet
  facet normal  7.071068e-01 -7.071068e-01  0.000000e+00
    outer loop
      vertex   3.901510e+01 -3.512936e+01 -1.600000e+01
      vertex   3.512936e+01 -3.901510e+01 -1.200000e+01
      vertex   3.512936e+01 -3.901510e+01 -1.600000e+01
    endloop
  endfacet
  facet normal  6.293207e-01 -7.771458e-01  0.000000e+00
    outer loop
      vertex   3.512936e+01 -3.901510e+01 -1.600000e+01
      vertex   3.512936e+01 -3.901510e+01 -1.200000e+01
      vertex   3.085873e+01 -4.247339e+01 -1.200000e+01
    endloop
  endfacet
  facet normal  6.293207e-01 -7.771458e-01  0.000000e+00
    outer loop
      vertex   3.512936e+01 -3.901510e+01 -1.600000e+01
      vertex   3.085873e+01 -4.247339e+01 -1.200000e+01
      vertex   3.085873e+01 -4.247339e+01 -1.600000e+01
    endloop
  endfacet
  facet normal  5.446387e-01 -8.386708e-01  0.000000e+00
    outer loop
      vertex   3.085873e+01 -4.247339e+01 -1.600000e+01
      vertex   3.085873e+01 -4.247339e+01 -1.200000e+01
      vertex   2.625000e+01 -4.546633e+01 -1.200000e+01
    endloop
  endfacet
  facet normal  5.446387e-01 -8.386708e-01  0.000000e+00
    outer loop
      vertex   3.085873e+01 -4.247339e+01 -1.600000e+01
      vertex   2.625000e+01 -4.546633e+01 -1.200000e+01
      vertex   2.625000e+01 -4.546633e+01 -1.600000e+01
    endloop
  endfacet
  facet normal  4.539907e-01 -8.910064e-01  0.000000e+00
    outer loop
      vertex   2.625000e+01 -4.546633e+01 -1.600000e+01
      vertex   2.625000e+01 -4.546633e+01 -1.200000e+01
      vertex   2.135367e+01 -4.796114e+01 -1.200000e+01
    endloop
  endfacet
  facet normal  4.539907e-01 -8.910064e-01  0.000000e+00
    outer loop
      vertex   2.625000e+01 -4.546633e+01 -1.600000e+01
      vertex   2.135367e+01 -4.796114e+01 -1.200000e+01
      vertex   2.135367e+01 -4.796114e+01 -1.600000e+01
    endloop
  endfacet
  facet normal  3.583678e-01 -9.335805e-01  0.000000e+00
    outer loop
      vertex   2.135367e+01 -4.796114e+01 -1.600000e+01
      vertex   2.135367e+01 -4.796114e+01 -1.200000e+01
      vertex   1.622339e+01 -4.993047e+01 -1.200000e+01
    endloop
  endfacet
  facet normal  3.583678e-01 -9.335805e-01  0.000000e+00
    outer loop
      vertex   2.135367e+01 -4.796114e+01 -1.600000e+01
      vertex   1.622339e+01 -4.993047e+01 -1.200000e+01
      vertex   1.622339e+01 -4.993047e+01 -1.600000e+01
    endloop
  endfacet
  facet normal  2.588193e-01 -9.659258e-01  0.000000e+00
    outer loop
      vertex   1.622339e+01 -4.993047e+01 -1.600000e+01
      vertex   1.622339e+01 -4.993047e+01 -1.200000e+01
      vertex   1.091536e+01 -5.135275e+01 -1.200000e+01
    endloop
  endfacet
  facet normal  2.588193e-01 -9.659258e-01  0.000000e+00
    outer loop
      vertex   1.622339e+01 -4.993047e+01 -1.600000e+01
      vertex   1.091536e+01 -5.135275e+01 -1.200000e+01
      vertex   1.091536e+01 -5.135275e+01 -1.600000e+01
    endloop
  endfacet
  facet normal  1.564350e-01 -9.876882e-01  0.000000e+00
    outer loop
      vertex   1.091536e+01 -5.135275e+01 -1.600000e+01
      vertex   1.091536e+01 -5.135275e+01 -1.200000e+01
      vertex   5.487744e+00 -5.221240e+01 -1.200000e+01
    endloop
  endfacet
  facet normal  1.564350e-01 -9.876882e-01  0.000000e+00
    outer loop
      vertex   1.091536e+01 -5.135275e+01 -1.600000e+01
      vertex   5.487744e+00 -5.221240e+01 -1.200000e+01
      vertex   5.487744e+00 -5.221240e+01 -1.600000e+01
    endloop
  endfacet
  facet normal  5.233544e-02 -9.986296e-01  0.000000e+00
    outer loop
      vertex   5.487744e+00 -5.221240e+01 -1.600000e+01
      vertex   5.487744e+00 -5.221240e+01 -1.200000e+01
      vertex   0.000000e+00 -5.250000e+01 -1.200000e+01
    endloop
  endfacet
  facet normal  5.233544e-02 -9.986296e-01  0.000000e+00
    outer loop
      vertex   5.487744e+00 -5.221240e+01 -1.600000e+01
      vertex   0.000000e+00 -5.250000e+01 -1.200000e+01
      vertex   0.000000e+00 -5.250000e+01 -1.600000e+01
    endloop
  endfacet
  facet normal -5.233544e-02 -9.986296e-01  0.000000e+00
    outer loop
      vertex   0.000000e+00 -5.250000e+01 -1.600000e+01
      vertex   0.000000e+00 -5.250000e+01 -1.200000e+01
      vertex  -5.487744e+00 -5.221240e+01 -1.200000e+01
    endloop
  endfacet
  facet normal -5.233544e-02 -9.986296e-01  0.000000e+00
    outer loop
      vertex   0.000000e+00 -5.250000e+01 -1.600000e+01
      vertex  -5.487744e+00 -5.221240e+01 -1.200000e+01
      vertex  -5.487744e+00 -5.221240e+01 -1.600000e+01
    endloop
  endfacet
  facet normal -1.564350e-01 -9.876882e-01  0.000000e+00
    outer loop
      vertex  -5.487744e+00 -5.221240e+01 -1.600000e+01
      vertex  -5.487744e+00 -5.221240e+01 -1.200000e+01
      vertex  -1.091536e+01 -5.135275e+01 -1.200000e+01
    endloop
  endfacet
  facet normal -1.564350e-01 -9.876882e-01  0.000000e+00
    outer loop
      vertex  -5.487744e+00 -5.221240e+01 -1.600000e+01
      vertex  -1.091536e+01 -5.135275e+01 -1.200000e+01
      vertex  -1.091536e+01 -5.135275e+01 -1.600000e+01
    endloop
  endfacet
  facet normal -2.588193e-01 -9.659258e-01  0.000000e+00
    outer loop
      vertex  -1.091536e+01 -5.135275e+01 -1.600000e+01
      vertex  -1.091536e+01 -5.135275e+01 -1.200000e+01
      vertex  -1.622339e+01 -4.993047e+01 -1.200000e+01
    endloop
  endfacet
  facet normal -2.588193e-01 -9.659258e-01  0.000000e+00
    outer loop
      vertex  -1.091536e+01 -5.135275e+01 -1.600000e+01
      vertex  -1.622339e+01 -4.993047e+01 -1.200000e+01
      vertex  -1.622339e+01 -4.993047e+01 -1.600000e+01
    endloop
  endfacet
  facet normal -3.583678e-01 -9.335805e-01  0.000000e+00
    outer loop
      vertex  -1.622339e+01 -4.993047e+01 -1.600000e+01
      vertex  -1.622339e+01 -4.993047e+01 -1.200000e+01
      vertex  -2.135367e+01 -4.796114e+01 -1.200000e+01
    endloop
  endfacet
  facet normal -3.583678e-01 -9.335805e-01  0.000000e+00
    outer loop
      vertex  -1.622339e+01 -4.993047e+01 -1.600000e+01
      vertex  -2.135367e+01 -4.796114e+01 -1.200000e+01
      vertex  -2.135367e+01 -4.796114e+01 -1.600000e+01
    endloop
  endfacet
  facet normal -4.539907e-01 -8.910064e-01  0.000000e+00
    outer loop
      vertex  -2.135367e+01 -4.796114e+01 -1.600000e+01
      vertex  -2.135367e+01 -4.796114e+01 -1.200000e+01
      vertex  -2.625000e+01 -4.546633e+01 -1.200000e+01
    endloop
  endfacet
  facet normal -4.539907e-01 -8.910064e-01  0.000000e+00
    outer loop
      vertex  -2.135367e+01 -4.796114e+01 -1.600000e+01
      vertex  -2.625000e+01 -4.546633e+01 -1.200000e+01
      vertex  -2.625000e+01 -4.546633e+01 -1.600000e+01
    endloop
  endfacet
  facet normal -5.446387e-01 -8.386708e-01  0.000000e+00
    outer loop
      vertex  -2.625000e+01 -4.546633e+01 -1.600000e+01
      vertex  -2.625000e+01 -4.546633e+01 -1.200000e+01
      vertex  -3.085873e+01 -4.247339e+01 -1.200000e+01
    endloop
  endfacet
  facet normal -5.446387e-01 -8.386708e-01  0.000000e+00
    outer loop
      vertex  -2.625000e+01 -4.546633e+01 -1.600000e+01
      vertex  -3.085873e+01 -4.247339e+01 -1.200000e+01
      vertex  -3.085873e+01 -4.247339e+01 -1.600000e+01
    endloop
  endfacet
  facet normal -6.293207e-01 -7.771458e-01  0.000000e+00
    outer loop
      vertex  -3.085873e+01 -4.247339e+01 -1.600000e+01
      vertex  -3.085873e+01 -4.247339e+01 -1.200000e+01
      vertex  -3.512936e+01 -3.901510e+01 -1.200000e+01
    endloop
  endfacet
  facet normal -6.293207e-01 -7.771458e-01  0.000000e+00
    outer loop
      vertex  -3.085873e+01 -4.247339e+01 -1.600000e+01
      vertex  -3.512936e+01 -3.901510e+01 -1.200000e+01
      vertex  -3.512936e+01 -3.901510e+01 -1.600000e+01
    endloop
  endfacet
  facet normal -7.071068e-01 -7.071068e-01  0.000000e+00
    outer loop
      vertex  -3.512936e+01 -3.901510e+01 -1.600000e+01
      vertex  -3.512936e+01 -3.901510e+01 -1.200000e+01
      vertex  -3.901510e+01 -3.512936e+01 -1.200000e+01
    endloop
  endfacet
  facet normal -7.071068e-01 -7.071068e-01  0.000000e+00
    outer loop
      vertex  -3.512936e+01 -3.901510e+01 -1.600000e+01
      vertex  -3.901510e+01 -3.512936e+01 -1.200000e+01
      vertex  -3.901510e+01 -3.512936e+01 -1.600000e+01
    endloop
  endfacet
  facet normal -7.771458e-01 -6.293207e-01  0.000000e+00
    outer loop
      vertex  -3.901510e+01 -3.512936e+01 -1.600000e+01
      vertex  -3.901510e+01 -3.512936e+01 -1.200000e+01
      vertex  -4.247339e+01 -3.085873e+01 -1.200000e+01
    endloop
  endfacet
  facet normal -7.771458e-01 -6.293207e-01  0.000000e+00
    outer loop
      vertex  -3.901510e+01 -3.512936e+01 -1.600000e+01
      vertex  -4.247339e+01 -3.085873e+01 -1.200000e+01
      vertex  -4.247339e+01 -3.085873e+01 -1.600000e+01
    endloop
  endfacet
  facet normal -8.386708e-01 -5.446387e-01  0.000000e+00
    outer loop
      vertex  -4.247339e+01 -3.085873e+01 -1.600000e+01
      vertex  -4.247339e+01 -3.085873e+01 -1.200000e+01
      vertex  -4.546633e+01 -2.625000e+01 -1.200000e+01
    endloop
  endfacet
  facet normal -8.386708e-01 -5.446387e-01  0.000000e+00
    outer loop
      vertex  -4.247339e+01 -3.085873e+01 -1.600000e+01
      vertex  -4.546633e+01 -2.625000e+01 -1.200000e+01
      vertex  -4.546633e+01 -2.625000e+01 -1.600000e+01
    endloop
  endfacet
  facet normal -8.910064e-01 -4.539907e-01  0.000000e+00
    outer loop
      vertex  -4.546633e+01 -2.625000e+01 -1.600000e+01
      vertex  -4.546633e+01 -2.625000e+01 -1.200000e+01
      vertex  -4.796114e+01 -2.135367e+01 -1.200000e+01
    endloop
  endfacet
  facet normal -8.910064e-01 -4.539907e-01  0.000000e+00
    outer loop
      vertex  -4.546633e+01 -2.625000e+01 -1.600000e+01
      vertex  -4.796114e+01 -2.135367e+01 -1.200000e+01
      vertex  -4.796114e+01 -2.135367e+01 -1.600000e+01
    endloop
  endfacet
  facet normal -9.335805e-01 -3.583678e-01  0.000000e+00
    outer loop
      vertex  -4.796114e+01 -2.135367e+01 -1.600000e+01
      vertex  -4.796114e+01 -2.135367e+01 -1.200000e+01
      vertex  -4.993047e+01 -1.622339e+01 -1.200000e+01
    endloop
  endfacet
  facet normal -9.335805e-01 -3.583678e-01  0.000000e+00
    outer loop
      vertex  -4.796114e+01 -2.135367e+01 -1.600000e+01
      vertex  -4.993047e+01 -1.622339e+01 -1.200000e+01
      vertex  -4.993047e+01 -1.622339e+01 -1.600000e+01
    endloop
  endfacet
  facet normal -9.659258e-01 -2.588193e-01  0.000000e+00
    outer loop
      vertex  -4.993047e+01 -1.622339e+01 -1.600000e+01
      vertex  -4.993047e+01 -1.622339e+01 -1.200000e+01
      vertex  -5.135275e+01 -1.091536e+01 -1.200000e+01
    endloop
  endfacet
  facet normal -9.659258e-01 -2.588193e-01  0.000000e+00
    outer loop
      vertex  -4.993047e+01 -1.622339e+01 -1.600000e+01
      vertex  -5.135275e+01 -1.091536e+01 -1.200000e+01
      vertex  -5.135275e+01 -1.091536e+01 -1.600000e+01
    endloop
  endfacet
  facet normal -9.876882e-01 -1.564350e-01  0.000000e+00
    outer loop
      vertex  -5.135275e+01 -1.091536e+01 -1.600000e+01
      vertex  -5.135275e+01 -1.091536e+01 -1.200000e+01
      vertex  -5.221240e+01 -5.487744e+00 -1.200000e+01
    endloop
  endfacet
  facet normal -9.876882e-01 -1.564350e-01  0.000000e+00
    outer loop
      vertex  -5.135275e+01 -1.091536e+01 -1.600000e+01
      vertex  -5.221240e+01 -5.487744e+00 -1.200000e+01
      vertex  -5.221240e+01 -5.487744e+00 -1.600000e+01
    endloop
  endfacet
  facet normal -9.986296e-01 -5.233544e-02  0.000000e+00
    outer loop
      vertex  -5.221240e+01 -5.487744e+00 -1.600000e+01
      vertex  -5.221240e+01 -5.487744e+00 -1.200000e+01
      vertex  -5.250000e+01  0.000000e+00 -1.600000e+01
    endloop
  endfacet
  facet normal -9.986296e-01 -5.233544e-02  0.000000e+00
    outer loop
      vertex  -5.250000e+01  0.000000e+00 -1.600000e+01
      vertex  -5.221240e+01 -5.487744e+00 -1.200000e+01
      vertex  -5.250000e+01  0.000000e+00 -1.200000e+01
    endloop
  endfacet
  facet normal -9.986296e-01  5.233544e-02  0.000000e+00
    outer loop
      vertex  -5.250000e+01  0.000000e+00 -1.600000e+01
      vertex  -5.250000e+01  0.000000e+00 -1.200000e+01
      vertex  -5.221240e+01  5.487744e+00 -1.600000e+01
    endloop
  endfacet
  facet normal -9.986296e-01  5.233544e-02  0.000000e+00
    outer loop
      vertex  -5.221240e+01  5.487744e+00 -1.600000e+01
      vertex  -5.250000e+01  0.000000e+00 -1.200000e+01
      vertex  -5.221240e+01  5.487744e+00 -1.200000e+01
    endloop
  endfacet
  facet normal -9.876882e-01  1.564350e-01  0.000000e+00
    outer loop
      vertex  -5.221240e+01  5.487744e+00 -1.600000e+01
      vertex  -5.221240e+01  5.487744e+00 -1.200000e+01
      vertex  -5.135275e+01  1.091536e+01 -1.200000e+01
    endloop
  endfacet
  facet normal  9.986296e-01  5.233544e-02  0.000000e+00
    outer loop
      vertex   5.250000e+01  0.000000e+00 -1.200000e+01
      vertex   5.221240e+01  5.487744e+00 -1.600000e+01
      vertex   5.221240e+01  5.487744e+00 -1.200000e+01
    endloop
  endfacet
  facet normal  9.876882e-01  1.564350e-01  0.000000e+00
    outer loop
      vertex   5.221240e+01  5.487744e+00 -1.200000e+01
      vertex   5.221240e+01  5.487744e+00 -1.600000e+01
      vertex   5.135275e+01  1.091536e+01 -1.600000e+01
    endloop
  endfacet
  facet normal  9.876882e-01  1.564350e-01  0.000000e+00
    outer loop
      vertex   5.221240e+01  5.487744e+00 -1.200000e+01
      vertex   5.135275e+01  1.091536e+01 -1.600000e+01
      vertex   5.135275e+01  1.091536e+01 -1.200000e+01
    endloop
  endfacet
  facet normal  9.659258e-01  2.588193e-01  0.000000e+00
    outer loop
      vertex   5.135275e+01  1.091536e+01 -1.200000e+01
      vertex   5.135275e+01  1.091536e+01 -1.600000e+01
      vertex   4.993047e+01  1.622339e+01 -1.600000e+01
    endloop
  endfacet
  facet normal  9.659258e-01  2.588193e-01  0.000000e+00
    outer loop
      vertex   5.135275e+01  1.091536e+01 -1.200000e+01
      vertex   4.993047e+01  1.622339e+01 -1.600000e+01
      vertex   4.993047e+01  1.622339e+01 -1.200000e+01
    endloop
  endfacet
  facet normal  9.335805e-01  3.583678e-01  0.000000e+00
    outer loop
      vertex   4.993047e+01  1.622339e+01 -1.200000e+01
      vertex   4.993047e+01  1.622339e+01 -1.600000e+01
      vertex   4.796114e+01  2.135367e+01 -1.600000e+01
    endloop
  endfacet
  facet normal  9.335805e-01  3.583678e-01  0.000000e+00
    outer loop
      vertex   4.993047e+01  1.622339e+01 -1.200000e+01
      vertex   4.796114e+01  2.135367e+01 -1.600000e+01
      vertex   4.796114e+01  2.135367e+01 -1.200000e+01
    endloop
  endfacet
  facet normal  8.910064e-01  4.539907e-01  0.000000e+00
    outer loop
      vertex   4.796114e+01  2.135367e+01 -1.200000e+01
      vertex   4.796114e+01  2.135367e+01 -1.600000e+01
      vertex   4.546633e+01  2.625000e+01 -1.600000e+01
    endloop
  endfacet
  facet normal  8.910064e-01  4.539907e-01  0.000000e+00
    outer loop
      vertex   4.796114e+01  2.135367e+01 -1.200000e+01
      vertex   4.546633e+01  2.625000e+01 -1.600000e+01
      vertex   4.546633e+01  2.625000e+01 -1.200000e+01
    endloop
  endfacet
  facet normal  8.386708e-01  5.446387e-01  0.000000e+00
    outer loop
      vertex   4.546633e+01  2.625000e+01 -1.200000e+01
      vertex   4.546633e+01  2.625000e+01 -1.600000e+01
      vertex   4.247339e+01  3.085873e+01 -1.600000e+01
    endloop
  endfacet
  facet normal  8.386708e-01  5.446387e-01  0.000000e+00
    outer loop
      vertex   4.546633e+01  2.625000e+01 -1.200000e+01
      vertex   4.247339e+01  3.085873e+01 -1.600000e+01
      vertex   4.247339e+01  3.085873e+01 -1.200000e+01
    endloop
  endfacet
  facet normal  7.771458e-01  6.293207e-01  0.000000e+00
    outer loop
      vertex   4.247339e+01  3.085873e+01 -1.200000e+01
      vertex   4.247339e+01  3.085873e+01 -1.600000e+01
      vertex   3.901510e+01  3.512936e+01 -1.600000e+01
    endloop
  endfacet
  facet normal  7.771458e-01  6.293207e-01  0.000000e+00
    outer loop
      vertex   4.247339e+01  3.085873e+01 -1.200000e+01
      vertex   3.901510e+01  3.512936e+01 -1.600000e+01
      vertex   3.901510e+01  3.512936e+01 -1.200000e+01
    endloop
  endfacet
  facet normal  7.071068e-01  7.071068e-01  0.000000e+00
    outer loop
      vertex   3.901510e+01  3.512936e+01 -1.200000e+01
      vertex   3.901510e+01  3.512936e+01 -1.600000e+01
      vertex   3.512936e+01  3.901510e+01 -1.600000e+01
    endloop
  endfacet
  facet normal  7.071068e-01  7.071068e-01  0.000000e+00
    outer loop
      vertex   3.901510e+01  3.512936e+01 -1.200000e+01
      vertex   3.512936e+01  3.901510e+01 -1.600000e+01
      vertex   3.512936e+01  3.901510e+01 -1.200000e+01
    endloop
  endfacet
  facet normal  6.293207e-01  7.771458e-01  0.000000e+00
    outer loop
      vertex   3.512936e+01  3.901510e+01 -1.200000e+01
      vertex   3.512936e+01  3.901510e+01 -1.600000e+01
      vertex   3.085873e+01  4.247339e+01 -1.600000e+01
    endloop
  endfacet
  facet normal  6.293207e-01  7.771458e-01  0.000000e+00
    outer loop
      vertex   3.512936e+01  3.901510e+01 -1.200000e+01
      vertex   3.085873e+01  4.247339e+01 -1.600000e+01
      vertex   3.085873e+01  4.247339e+01 -1.200000e+01
    endloop
  endfacet
  facet normal  5.446387e-01  8.386708e-01  0.000000e+00
    outer loop
      vertex   3.085873e+01  4.247339e+01 -1.200000e+01
      vertex   3.085873e+01  4.247339e+01 -1.600000e+01
      vertex   2.625000e+01  4.546633e+01 -1.600000e+01
    endloop
  endfacet
  facet normal  5.446387e-01  8.386708e-01  0.000000e+00
    outer loop
      vertex   3.085873e+01  4.247339e+01 -1.200000e+01
      vertex   2.625000e+01  4.546633e+01 -1.600000e+01
      vertex   2.625000e+01  4.546633e+01 -1.200000e+01
    endloop
  endfacet
  facet normal  4.539907e-01  8.910064e-01  0.000000e+00
    outer loop
      vertex   2.625000e+01  4.546633e+01 -1.200000e+01
      vertex   2.625000e+01  4.546633e+01 -1.600000e+01
      vertex   2.135367e+01  4.796114e+01 -1.600000e+01
    endloop
  endfacet
  facet normal  4.539907e-01  8.910064e-01  0.000000e+00
    outer loop
      vertex   2.625000e+01  4.546633e+01 -1.200000e+01
      vertex   2.135367e+01  4.796114e+01 -1.600000e+01
      vertex   2.135367e+01  4.796114e+01 -1.200000e+01
    endloop
  endfacet
  facet normal  3.583678e-01  9.335805e-01  0.000000e+00
    outer loop
      vertex   2.135367e+01  4.796114e+01 -1.200000e+01
      vertex   2.135367e+01  4.796114e+01 -1.600000e+01
      vertex   1.622339e+01  4.993047e+01 -1.600000e+01
    endloop
  endfacet
  facet normal  3.583678e-01  9.335805e-01  0.000000e+00
    outer loop
      vertex   2.135367e+01  4.796114e+01 -1.200000e+01
      vertex   1.622339e+01  4.993047e+01 -1.600000e+01
      vertex   1.622339e+01  4.993047e+01 -1.200000e+01
    endloop
  endfacet
  facet normal  2.588193e-01  9.659258e-01  0.000000e+00
    outer loop
      vertex   1.622339e+01  4.993047e+01 -1.200000e+01
      vertex   1.622339e+01  4.993047e+01 -1.600000e+01
      vertex   1.091536e+01  5.135275e+01 -1.600000e+01
    endloop
  endfacet
  facet normal  2.588193e-01  9.659258e-01  0.000000e+00
    outer loop
      vertex   1.622339e+01  4.993047e+01 -1.200000e+01
      vertex   1.091536e+01  5.135275e+01 -1.600000e+01
      vertex   1.091536e+01  5.135275e+01 -1.200000e+01
    endloop
  endfacet
  facet normal  1.564350e-01  9.876882e-01  0.000000e+00
    outer loop
      vertex   1.091536e+01  5.135275e+01 -1.200000e+01
      vertex   1.091536e+01  5.135275e+01 -1.600000e+01
      vertex   5.487744e+00  5.221240e+01 -1.600000e+01
    endloop
  endfacet
  facet normal  1.564350e-01  9.876882e-01  0.000000e+00
    outer loop
      vertex   1.091536e+01  5.135275e+01 -1.200000e+01
      vertex   5.487744e+00  5.221240e+01 -1.600000e+01
      vertex   5.487744e+00  5.221240e+01 -1.200000e+01
    endloop
  endfacet
  facet normal  5.233544e-02  9.986296e-01  0.000000e+00
    outer loop
      vertex   5.487744e+00  5.221240e+01 -1.200000e+01
      vertex   5.487744e+00  5.221240e+01 -1.600000e+01
      vertex   0.000000e+00  5.250000e+01 -1.600000e+01
    endloop
  endfacet
  facet normal  5.233544e-02  9.986296e-01  0.000000e+00
    outer loop
      vertex   5.487744e+00  5.221240e+01 -1.200000e+01
      vertex   0.000000e+00  5.250000e+01 -1.600000e+01
      vertex   0.000000e+00  5.250000e+01 -1.200000e+01
    endloop
  endfacet
  facet normal -5.233544e-02  9.986296e-01  0.000000e+00
    outer loop
      vertex   0.000000e+00  5.250000e+01 -1.200000e+01
      vertex   0.000000e+00  5.250000e+01 -1.600000e+01
      vertex  -5.487744e+00  5.221240e+01 -1.600000e+01
    endloop
  endfacet
  facet normal -5.233544e-02  9.986296e-01  0.000000e+00
    outer loop
      vertex   0.000000e+00  5.250000e+01 -1.200000e+01
      vertex  -5.487744e+00  5.221240e+01 -1.600000e+01
      vertex  -5.487744e+00  5.221240e+01 -1.200000e+01
    endloop
  endfacet
  facet normal -1.564350e-01  9.876882e-01  0.000000e+00
    outer loop
      vertex  -5.487744e+00  5.221240e+01 -1.200000e+01
      vertex  -5.487744e+00  5.221240e+01 -1.600000e+01
      vertex  -1.091536e+01  5.135275e+01 -1.600000e+01
    endloop
  endfacet
  facet normal -1.564350e-01  9.876882e-01  0.000000e+00
    outer loop
      vertex  -5.487744e+00  5.221240e+01 -1.200000e+01
      vertex  -1.091536e+01  5.135275e+01 -1.600000e+01
      vertex  -1.091536e+01  5.135275e+01 -1.200000e+01
    endloop
  endfacet
  facet normal -2.588193e-01  9.659258e-01  0.000000e+00
    outer loop
      vertex  -1.091536e+01  5.135275e+01 -1.200000e+01
      vertex  -1.091536e+01  5.135275e+01 -1.600000e+01
      vertex  -1.622339e+01  4.993047e+01 -1.600000e+01
    endloop
  endfacet
  facet normal -2.588193e-01  9.659258e-01  0.000000e+00
    outer loop
      vertex  -1.091536e+01  5.135275e+01 -1.200000e+01
      vertex  -1.622339e+01  4.993047e+01 -1.600000e+01
      vertex  -1.622339e+01  4.993047e+01 -1.200000e+01
    endloop
  endfacet
  facet normal -3.583678e-01  9.335805e-01  0.000000e+00
    outer loop
      vertex  -1.622339e+01  4.993047e+01 -1.200000e+01
      vertex  -1.622339e+01  4.993047e+01 -1.600000e+01
      vertex  -2.135367e+01  4.796114e+01 -1.600000e+01
    endloop
  endfacet
  facet normal -3.583678e-01  9.335805e-01  0.000000e+00
    outer loop
      vertex  -1.622339e+01  4.993047e+01 -1.200000e+01
      vertex  -2.135367e+01  4.796114e+01 -1.600000e+01
      vertex  -2.135367e+01  4.796114e+01 -1.200000e+01
    endloop
  endfacet
  facet normal -4.539907e-01  8.910064e-01  0.000000e+00
    outer loop
      vertex  -2.135367e+01  4.796114e+01 -1.200000e+01
      vertex  -2.135367e+01  4.796114e+01 -1.600000e+01
      vertex  -2.625000e+01  4.546633e+01 -1.600000e+01
    endloop
  endfacet
  facet normal -4.539907e-01  8.910064e-01  0.000000e+00
    outer loop
      vertex  -2.135367e+01  4.796114e+01 -1.200000e+01
      vertex  -2.625000e+01  4.546633e+01 -1.600000e+01
      vertex  -2.625000e+01  4.546633e+01 -1.200000e+01
    endloop
  endfacet
  facet normal -5.446387e-01  8.386708e-01  0.000000e+00
    outer loop
      vertex  -2.625000e+01  4.546633e+01 -1.200000e+01
      vertex  -2.625000e+01  4.546633e+01 -1.600000e+01
      vertex  -3.085873e+01  4.247339e+01 -1.600000e+01
    endloop
  endfacet
  facet normal -5.446387e-01  8.386708e-01  0.000000e+00
    outer loop
      vertex  -2.625000e+01  4.546633e+01 -1.200000e+01
      vertex  -3.085873e+01  4.247339e+01 -1.600000e+01
      vertex  -3.085873e+01  4.247339e+01 -1.200000e+01
    endloop
  endfacet
  facet normal -6.293207e-01  7.771458e-01  0.000000e+00
    outer loop
      vertex  -3.085873e+01  4.247339e+01 -1.200000e+01
      vertex  -3.085873e+01  4.247339e+01 -1.600000e+01
      vertex  -3.512936e+01  3.901510e+01 -1.600000e+01
    endloop
  endfacet
  facet normal -6.293207e-01  7.771458e-01  0.000000e+00
    outer loop
      vertex  -3.085873e+01  4.247339e+01 -1.200000e+01
      vertex  -3.512936e+01  3.901510e+01 -1.600000e+01
      vertex  -3.512936e+01  3.901510e+01 -1.200000e+01
    endloop
  endfacet
  facet normal -7.071068e-01  7.071068e-01  0.000000e+00
    outer loop
      vertex  -3.512936e+01  3.901510e+01 -1.200000e+01
      vertex  -3.512936e+01  3.901510e+01 -1.600000e+01
      vertex  -3.901510e+01  3.512936e+01 -1.600000e+01
    endloop
  endfacet
  facet normal -7.071068e-01  7.071068e-01  0.000000e+00
    outer loop
      vertex  -3.512936e+01  3.901510e+01 -1.200000e+01
      vertex  -3.901510e+01  3.512936e+01 -1.600000e+01
      vertex  -3.901510e+01  3.512936e+01 -1.200000e+01
    endloop
  endfacet
  facet normal -7.771458e-01  6.293207e-01  0.000000e+00
    outer loop
      vertex  -3.901510e+01  3.512936e+01 -1.200000e+01
      vertex  -3.901510e+01  3.512936e+01 -1.600000e+01
      vertex  -4.247339e+01  3.085873e+01 -1.600000e+01
    endloop
  endfacet
  facet normal -7.771458e-01  6.293207e-01  0.000000e+00
    outer loop
      vertex  -3.901510e+01  3.512936e+01 -1.200000e+01
      vertex  -4.247339e+01  3.085873e+01 -1.600000e+01
      vertex  -4.247339e+01  3.085873e+01 -1.200000e+01
    endloop
  endfacet
  facet normal -8.386708e-01  5.446387e-01  0.000000e+00
    outer loop
      vertex  -4.247339e+01  3.085873e+01 -1.200000e+01
      vertex  -4.247339e+01  3.085873e+01 -1.600000e+01
      vertex  -4.546633e+01  2.625000e+01 -1.600000e+01
    endloop
  endfacet
  facet normal -8.386708e-01  5.446387e-01  0.000000e+00
    outer loop
      vertex  -4.247339e+01  3.085873e+01 -1.200000e+01
      vertex  -4.546633e+01  2.625000e+01 -1.600000e+01
      vertex  -4.546633e+01  2.625000e+01 -1.200000e+01
    endloop
  endfacet
  facet normal -8.910064e-01  4.539907e-01  0.000000e+00
    outer loop
      vertex  -4.546633e+01  2.625000e+01 -1.200000e+01
      vertex  -4.546633e+01  2.625000e+01 -1.600000e+01
      vertex  -4.796114e+01  2.135367e+01 -1.600000e+01
    endloop
  endfacet
  facet normal -8.910064e-01  4.539907e-01  0.000000e+00
    outer loop
      vertex  -4.546633e+01  2.625000e+01 -1.200000e+01
      vertex  -4.796114e+01  2.135367e+01 -1.600000e+01
      vertex  -4.796114e+01  2.135367e+01 -1.200000e+01
    endloop
  endfacet
  facet normal -9.335805e-01  3.583678e-01  0.000000e+00
    outer loop
      vertex  -4.796114e+01  2.135367e+01 -1.200000e+01
      vertex  -4.796114e+01  2.135367e+01 -1.600000e+01
      vertex  -4.993047e+01  1.622339e+01 -1.600000e+01
    endloop
  endfacet
  facet normal -9.335805e-01  3.583678e-01  0.000000e+00
    outer loop
      vertex  -4.796114e+01  2.135367e+01 -1.200000e+01
      vertex  -4.993047e+01  1.622339e+01 -1.600000e+01
      vertex  -4.993047e+01  1.622339e+01 -1.200000e+01
    endloop
  endfacet
  facet normal -9.659258e-01  2.588193e-01  0.000000e+00
    outer loop
      vertex  -4.993047e+01  1.622339e+01 -1.200000e+01
      vertex  -4.993047e+01  1.622339e+01 -1.600000e+01
      vertex  -5.135275e+01  1.091536e+01 -1.600000e+01
    endloop
  endfacet
  facet normal -9.659258e-01  2.588193e-01  0.000000e+00
    outer loop
      vertex  -4.993047e+01  1.622339e+01 -1.200000e+01
      vertex  -5.135275e+01  1.091536e+01 -1.600000e+01
      vertex  -5.135275e+01  1.091536e+01 -1.200000e+01
    endloop
  endfacet
  facet normal -9.876882e-01  1.564350e-01  0.000000e+00
    outer loop
      vertex  -5.135275e+01  1.091536e+01 -1.200000e+01
      vertex  -5.135275e+01  1.091536e+01 -1.600000e+01
      vertex  -5.221240e+01  5.487744e+00 -1.600000e+01
    endloop
  endfacet
  facet normal -9.985334e-01  5.413869e-02  0.000000e+00
    outer loop
      vertex   5.020397e+01 -5.460010e+00 -1.600000e+01
      vertex   5.020397e+01 -5.460010e+00 -1.200000e+01
      vertex   5.050000e+01  0.000000e+00 -1.600000e+01
    endloop
  endfacet
  facet normal -9.985334e-01  5.413869e-02  0.000000e+00
    outer loop
      vertex   5.050000e+01  0.000000e+00 -1.600000e+01
      vertex   5.020397e+01 -5.460010e+00 -1.200000e+01
      vertex   5.050000e+01  0.000000e+00 -1.200000e+01
    endloop
  endfacet
  facet normal -9.985334e-01 -5.413869e-02  0.000000e+00
    outer loop
      vertex   5.050000e+01  0.000000e+00 -1.600000e+01
      vertex   5.050000e+01  0.000000e+00 -1.200000e+01
      vertex   5.020397e+01  5.460010e+00 -1.600000e+01
    endloop
  endfacet
  facet normal -9.985334e-01 -5.413869e-02  0.000000e+00
    outer loop
      vertex   5.020397e+01  5.460010e+00 -1.600000e+01
      vertex   5.050000e+01  0.000000e+00 -1.200000e+01
      vertex   5.020397e+01  5.460010e+00 -1.200000e+01
    endloop
  endfacet
  facet normal -9.868265e-01 -1.617819e-01  0.000000e+00
    outer loop
      vertex   5.020397e+01  5.460010e+00 -1.600000e+01
      vertex   5.020397e+01  5.460010e+00 -1.200000e+01
      vertex   4.931934e+01  1.085601e+01 -1.600000e+01
    endloop
  endfacet
  facet normal -9.868265e-01 -1.617819e-01  0.000000e+00
    outer loop
      vertex   4.931934e+01  1.085601e+01 -1.600000e+01
      vertex   5.020397e+01  5.460010e+00 -1.200000e+01
      vertex   4.931934e+01  1.085601e+01 -1.200000e+01
    endloop
  endfacet
  facet normal -9.635498e-01 -2.675289e-01  0.000000e+00
    outer loop
      vertex   4.931934e+01  1.085601e+01 -1.600000e+01
      vertex   4.931934e+01  1.085601e+01 -1.200000e+01
      vertex   4.785648e+01  1.612473e+01 -1.600000e+01
    endloop
  endfacet
  facet normal -9.635498e-01 -2.675289e-01  0.000000e+00
    outer loop
      vertex   4.785648e+01  1.612473e+01 -1.600000e+01
      vertex   4.931934e+01  1.085601e+01 -1.200000e+01
      vertex   4.785648e+01  1.612473e+01 -1.200000e+01
    endloop
  endfacet
  facet normal -9.289768e-01 -3.701381e-01  0.000000e+00
    outer loop
      vertex   4.785648e+01  1.612473e+01 -1.600000e+01
      vertex   4.785648e+01  1.612473e+01 -1.200000e+01
      vertex   4.583256e+01  2.120440e+01 -1.600000e+01
    endloop
  endfacet
  facet normal -9.289768e-01 -3.701381e-01  0.000000e+00
    outer loop
      vertex   4.583256e+01  2.120440e+01 -1.600000e+01
      vertex   4.785648e+01  1.612473e+01 -1.200000e+01
      vertex   4.583256e+01  2.120440e+01 -1.200000e+01
    endloop
  endfacet
  facet normal -8.835124e-01 -4.684078e-01  0.000000e+00
    outer loop
      vertex   4.583256e+01  2.120440e+01 -1.600000e+01
      vertex   4.583256e+01  2.120440e+01 -1.200000e+01
      vertex   4.327129e+01  2.603547e+01 -1.600000e+01
    endloop
  endfacet
  facet normal -8.835124e-01 -4.684078e-01  0.000000e+00
    outer loop
      vertex   4.327129e+01  2.603547e+01 -1.600000e+01
      vertex   4.583256e+01  2.120440e+01 -1.200000e+01
      vertex   4.327129e+01  2.603547e+01 -1.200000e+01
    endloop
  endfacet
  facet normal -8.276885e-01 -5.611879e-01  0.000000e+00
    outer loop
      vertex   4.327129e+01  2.603547e+01 -1.600000e+01
      vertex   4.327129e+01  2.603547e+01 -1.200000e+01
      vertex   4.020270e+01  3.056130e+01 -1.600000e+01
    endloop
  endfacet
  facet normal -8.276885e-01 -5.611879e-01  0.000000e+00
    outer loop
      vertex   4.020270e+01  3.056130e+01 -1.600000e+01
      vertex   4.327129e+01  2.603547e+01 -1.200000e+01
      vertex   4.020270e+01  3.056130e+01 -1.200000e+01
    endloop
  endfacet
  facet normal -7.621623e-01 -6.473860e-01  0.000000e+00
    outer loop
      vertex   4.020270e+01  3.056130e+01 -1.600000e+01
      vertex   4.020270e+01  3.056130e+01 -1.200000e+01
      vertex   3.666277e+01  3.472882e+01 -1.600000e+01
    endloop
  endfacet
  facet normal -7.621623e-01 -6.473860e-01  0.000000e+00
    outer loop
      vertex   3.666277e+01  3.472882e+01 -1.600000e+01
      vertex   4.020270e+01  3.056130e+01 -1.200000e+01
      vertex   3.666277e+01  3.472882e+01 -1.200000e+01
    endloop
  endfacet
  facet normal -6.876998e-01 -7.259952e-01  0.000000e+00
    outer loop
      vertex   3.666277e+01  3.472882e+01 -1.600000e+01
      vertex   3.666277e+01  3.472882e+01 -1.200000e+01
      vertex   3.269301e+01  3.848919e+01 -1.600000e+01
    endloop
  endfacet
  facet normal -6.876998e-01 -7.259952e-01  0.000000e+00
    outer loop
      vertex   3.269301e+01  3.848919e+01 -1.600000e+01
      vertex   3.666277e+01  3.472882e+01 -1.200000e+01
      vertex   3.269301e+01  3.848919e+01 -1.200000e+01
    endloop
  endfacet
  facet normal -6.051739e-01 -7.960933e-01  0.000000e+00
    outer loop
      vertex   3.269301e+01  3.848919e+01 -1.600000e+01
      vertex   3.269301e+01  3.848919e+01 -1.200000e+01
      vertex   2.833995e+01  4.179829e+01 -1.600000e+01
    endloop
  endfacet
  facet normal -6.051739e-01 -7.960933e-01  0.000000e+00
    outer loop
      vertex   2.833995e+01  4.179829e+01 -1.600000e+01
      vertex   3.269301e+01  3.848919e+01 -1.200000e+01
      vertex   2.833995e+01  4.179829e+01 -1.200000e+01
    endloop
  endfacet
  facet normal -5.155534e-01 -8.568575e-01  0.000000e+00
    outer loop
      vertex   2.833995e+01  4.179829e+01 -1.600000e+01
      vertex   2.833995e+01  4.179829e+01 -1.200000e+01
      vertex   2.365462e+01  4.461736e+01 -1.600000e+01
    endloop
  endfacet
  facet normal -5.155534e-01 -8.568575e-01  0.000000e+00
    outer loop
      vertex   2.365462e+01  4.461736e+01 -1.600000e+01
      vertex   2.833995e+01  4.179829e+01 -1.200000e+01
      vertex   2.365462e+01  4.461736e+01 -1.200000e+01
    endloop
  endfacet
  facet normal -4.198893e-01 -9.075754e-01  0.000000e+00
    outer loop
      vertex   2.365462e+01  4.461736e+01 -1.600000e+01
      vertex   2.365462e+01  4.461736e+01 -1.200000e+01
      vertex   1.869198e+01  4.691332e+01 -1.600000e+01
    endloop
  endfacet
  facet normal -4.198893e-01 -9.075754e-01  0.000000e+00
    outer loop
      vertex   1.869198e+01  4.691332e+01 -1.600000e+01
      vertex   2.365462e+01  4.461736e+01 -1.200000e+01
      vertex   1.869198e+01  4.691332e+01 -1.200000e+01
    endloop
  endfacet
  facet normal -3.193025e-01 -9.476528e-01  0.000000e+00
    outer loop
      vertex   1.869198e+01  4.691332e+01 -1.600000e+01
      vertex   1.869198e+01  4.691332e+01 -1.200000e+01
      vertex   1.351018e+01  4.865928e+01 -1.600000e+01
    endloop
  endfacet
  facet normal -3.193025e-01 -9.476528e-01  0.000000e+00
    outer loop
      vertex   1.351018e+01  4.865928e+01 -1.600000e+01
      vertex   1.869198e+01  4.691332e+01 -1.200000e+01
      vertex   1.351018e+01  4.865928e+01 -1.200000e+01
    endloop
  endfacet
  facet normal -2.149698e-01 -9.766207e-01  0.000000e+00
    outer loop
      vertex   1.351018e+01  4.865928e+01 -1.600000e+01
      vertex   1.351018e+01  4.865928e+01 -1.200000e+01
      vertex   8.169991e+00  4.983474e+01 -1.600000e+01
    endloop
  endfacet
  facet normal -2.149698e-01 -9.766207e-01  0.000000e+00
    outer loop
      vertex   8.169991e+00  4.983474e+01 -1.600000e+01
      vertex   1.351018e+01  4.865928e+01 -1.200000e+01
      vertex   8.169991e+00  4.983474e+01 -1.200000e+01
    endloop
  endfacet
  facet normal -1.081197e-01 -9.941378e-01  0.000000e+00
    outer loop
      vertex   8.169991e+00  4.983474e+01 -1.600000e+01
      vertex   8.169991e+00  4.983474e+01 -1.200000e+01
      vertex   2.734015e+00  5.042594e+01 -1.600000e+01
    endloop
  endfacet
  facet normal -1.081197e-01 -9.941378e-01  0.000000e+00
    outer loop
      vertex   2.734015e+00  5.042594e+01 -1.600000e+01
      vertex   8.169991e+00  4.983474e+01 -1.200000e+01
      vertex   2.734015e+00  5.042594e+01 -1.200000e+01
    endloop
  endfacet
  facet normal  0.000000e+00 -1.000000e+00  0.000000e+00
    outer loop
      vertex   2.734015e+00  5.042594e+01 -1.600000e+01
      vertex   2.734015e+00  5.042594e+01 -1.200000e+01
      vertex  -2.734015e+00  5.042594e+01 -1.600000e+01
    endloop
  endfacet
  facet normal  0.000000e+00 -1.000000e+00  0.000000e+00
    outer loop
      vertex  -2.734015e+00  5.042594e+01 -1.600000e+01
      vertex   2.734015e+00  5.042594e+01 -1.200000e+01
      vertex  -2.734015e+00  5.042594e+01 -1.200000e+01
    endloop
  endfacet
  facet normal  1.081197e-01 -9.941378e-01  0.000000e+00
    outer loop
      vertex  -2.734015e+00  5.042594e+01 -1.600000e+01
      vertex  -2.734015e+00  5.042594e+01 -1.200000e+01
      vertex  -8.169991e+00  4.983474e+01 -1.600000e+01
    endloop
  endfacet
  facet normal  1.081197e-01 -9.941378e-01  0.000000e+00
    outer loop
      vertex  -8.169991e+00  4.983474e+01 -1.600000e+01
      vertex  -2.734015e+00  5.042594e+01 -1.200000e+01
      vertex  -8.169991e+00  4.983474e+01 -1.200000e+01
    endloop
  endfacet
  facet normal  2.149698e-01 -9.766207e-01  0.000000e+00
    outer loop
      vertex  -8.169991e+00  4.983474e+01 -1.600000e+01
      vertex  -8.169991e+00  4.983474e+01 -1.200000e+01
      vertex  -1.351018e+01  4.865928e+01 -1.600000e+01
    endloop
  endfacet
  facet normal  2.149698e-01 -9.766207e-01  0.000000e+00
    outer loop
      vertex  -1.351018e+01  4.865928e+01 -1.600000e+01
      vertex  -8.169991e+00  4.983474e+01 -1.200000e+01
      vertex  -1.351018e+01  4.865928e+01 -1.200000e+01
    endloop
  endfacet
  facet normal  3.193025e-01 -9.476528e-01  0.000000e+00
    outer loop
      vertex  -1.351018e+01  4.865928e+01 -1.600000e+01
      vertex  -1.351018e+01  4.865928e+01 -1.200000e+01
      vertex  -1.869198e+01  4.691332e+01 -1.600000e+01
    endloop
  endfacet
  facet normal  3.193025e-01 -9.476528e-01  0.000000e+00
    outer loop
      vertex  -1.869198e+01  4.691332e+01 -1.600000e+01
      vertex  -1.351018e+01  4.865928e+01 -1.200000e+01
      vertex  -1.869198e+01  4.691332e+01 -1.200000e+01
    endloop
  endfacet
  facet normal  4.198893e-01 -9.075754e-01  0.000000e+00
    outer loop
      vertex  -1.869198e+01  4.691332e+01 -1.600000e+01
      vertex  -1.869198e+01  4.691332e+01 -1.200000e+01
      vertex  -2.365462e+01  4.461736e+01 -1.600000e+01
    endloop
  endfacet
  facet normal  4.198893e-01 -9.075754e-01  0.000000e+00
    outer loop
      vertex  -2.365462e+01  4.461736e+01 -1.600000e+01
      vertex  -1.869198e+01  4.691332e+01 -1.200000e+01
      vertex  -2.365462e+01  4.461736e+01 -1.200000e+01
    endloop
  endfacet
  facet normal  5.155534e-01 -8.568575e-01  0.000000e+00
    outer loop
      vertex  -2.365462e+01  4.461736e+01 -1.600000e+01
      vertex  -2.365462e+01  4.461736e+01 -1.200000e+01
      vertex  -2.833995e+01  4.179829e+01 -1.600000e+01
    endloop
  endfacet
  facet normal  5.155534e-01 -8.568575e-01  0.000000e+00
    outer loop
      vertex  -2.833995e+01  4.179829e+01 -1.600000e+01
      vertex  -2.365462e+01  4.461736e+01 -1.200000e+01
      vertex  -2.833995e+01  4.179829e+01 -1.200000e+01
    endloop
  endfacet
  facet normal  6.051739e-01 -7.960933e-01  0.000000e+00
    outer loop
      vertex  -2.833995e+01  4.179829e+01 -1.600000e+01
      vertex  -2.833995e+01  4.179829e+01 -1.200000e+01
      vertex  -3.269301e+01  3.848919e+01 -1.600000e+01
    endloop
  endfacet
  facet normal  6.051739e-01 -7.960933e-01  0.000000e+00
    outer loop
      vertex  -3.269301e+01  3.848919e+01 -1.600000e+01
      vertex  -2.833995e+01  4.179829e+01 -1.200000e+01
      vertex  -3.269301e+01  3.848919e+01 -1.200000e+01
    endloop
  endfacet
  facet normal  6.876998e-01 -7.259952e-01  0.000000e+00
    outer loop
      vertex  -3.269301e+01  3.848919e+01 -1.600000e+01
      vertex  -3.269301e+01  3.848919e+01 -1.200000e+01
      vertex  -3.666277e+01  3.472882e+01 -1.600000e+01
    endloop
  endfacet
  facet normal  6.876998e-01 -7.259952e-01  0.000000e+00
    outer loop
      vertex  -3.666277e+01  3.472882e+01 -1.600000e+01
      vertex  -3.269301e+01  3.848919e+01 -1.200000e+01
      vertex  -3.666277e+01  3.472882e+01 -1.200000e+01
    endloop
  endfacet
  facet normal  7.621623e-01 -6.473860e-01  0.000000e+00
    outer loop
      vertex  -3.666277e+01  3.472882e+01 -1.600000e+01
      vertex  -3.666277e+01  3.472882e+01 -1.200000e+01
      vertex  -4.020270e+01  3.056130e+01 -1.600000e+01
    endloop
  endfacet
  facet normal  7.621623e-01 -6.473860e-01  0.000000e+00
    outer loop
      vertex  -4.020270e+01  3.056130e+01 -1.600000e+01
      vertex  -3.666277e+01  3.472882e+01 -1.200000e+01
      vertex  -4.020270e+01  3.056130e+01 -1.200000e+01
    endloop
  endfacet
  facet normal  8.276885e-01 -5.611879e-01  0.000000e+00
    outer loop
      vertex  -4.020270e+01  3.056130e+01 -1.600000e+01
      vertex  -4.020270e+01  3.056130e+01 -1.200000e+01
      vertex  -4.327129e+01  2.603547e+01 -1.600000e+01
    endloop
  endfacet
  facet normal  8.276885e-01 -5.611879e-01  0.000000e+00
    outer loop
      vertex  -4.327129e+01  2.603547e+01 -1.600000e+01
      vertex  -4.020270e+01  3.056130e+01 -1.200000e+01
      vertex  -4.327129e+01  2.603547e+01 -1.200000e+01
    endloop
  endfacet
  facet normal  8.835124e-01 -4.684078e-01  0.000000e+00
    outer loop
      vertex  -4.327129e+01  2.603547e+01 -1.600000e+01
      vertex  -4.327129e+01  2.603547e+01 -1.200000e+01
      vertex  -4.583256e+01  2.120440e+01 -1.600000e+01
    endloop
  endfacet
  facet normal  8.835124e-01 -4.684078e-01  0.000000e+00
    outer loop
      vertex  -4.583256e+01  2.120440e+01 -1.600000e+01
      vertex  -4.327129e+01  2.603547e+01 -1.200000e+01
      vertex  -4.583256e+01  2.120440e+01 -1.200000e+01
    endloop
  endfacet
  facet normal  9.289768e-01 -3.701381e-01  0.000000e+00
    outer loop
      vertex  -4.583256e+01  2.120440e+01 -1.600000e+01
      vertex  -4.583256e+01  2.120440e+01 -1.200000e+01
      vertex  -4.785648e+01  1.612473e+01 -1.600000e+01
    endloop
  endfacet
  facet normal  9.289768e-01 -3.701381e-01  0.000000e+00
    outer loop
      vertex  -4.785648e+01  1.612473e+01 -1.600000e+01
      vertex  -4.583256e+01  2.120440e+01 -1.200000e+01
      vertex  -4.785648e+01  1.612473e+01 -1.200000e+01
    endloop
  endfacet
  facet normal  9.635498e-01 -2.675289e-01  0.000000e+00
    outer loop
      vertex  -4.785648e+01  1.612473e+01 -1.600000e+01
      vertex  -4.785648e+01  1.612473e+01 -1.200000e+01
      vertex  -4.931934e+01  1.085601e+01 -1.600000e+01
    endloop
  endfacet
  facet normal  9.635498e-01 -2.675289e-01  0.000000e+00
    outer loop
      vertex  -4.931934e+01  1.085601e+01 -1.600000e+01
      vertex  -4.785648e+01  1.612473e+01 -1.200000e+01
      vertex  -4.931934e+01  1.085601e+01 -1.200000e+01
    endloop
  endfacet
  facet normal  9.868265e-01 -1.617819e-01  0.000000e+00
    outer loop
      vertex  -4.931934e+01  1.085601e+01 -1.600000e+01
      vertex  -4.931934e+01  1.085601e+01 -1.200000e+01
      vertex  -5.020397e+01  5.460010e+00 -1.600000e+01
    endloop
  endfacet
  facet normal  9.868265e-01 -1.617819e-01  0.000000e+00
    outer loop
      vertex  -5.020397e+01  5.460010e+00 -1.600000e+01
      vertex  -4.931934e+01  1.085601e+01 -1.200000e+01
      vertex  -5.020397e+01  5.460010e+00 -1.200000e+01
    endloop
  endfacet
  facet normal  9.985334e-01 -5.413869e-02  0.000000e+00
    outer loop
      vertex  -5.020397e+01  5.460010e+00 -1.600000e+01
      vertex  -5.020397e+01  5.460010e+00 -1.200000e+01
      vertex  -5.050000e+01  0.000000e+00 -1.600000e+01
    endloop
  endfacet
  facet normal  9.985334e-01 -5.413869e-02  0.000000e+00
    outer loop
      vertex  -5.050000e+01  0.000000e+00 -1.600000e+01
      vertex  -5.020397e+01  5.460010e+00 -1.200000e+01
      vertex  -5.050000e+01  0.000000e+00 -1.200000e+01
    endloop
  endfacet
  facet normal  9.985334e-01  5.413869e-02 -0.000000e+00
    outer loop
      vertex  -5.050000e+01  0.000000e+00 -1.600000e+01
      vertex  -5.050000e+01  0.000000e+00 -1.200000e+01
      vertex  -5.020397e+01 -5.460010e+00 -1.600000e+01
    endloop
  endfacet
  facet normal  9.985334e-01  5.413869e-02 -0.000000e+00
    outer loop
      vertex  -5.020397e+01 -5.460010e+00 -1.600000e+01
      vertex  -5.050000e+01  0.000000e+00 -1.200000e+01
      vertex  -5.020397e+01 -5.460010e+00 -1.200000e+01
    endloop
  endfacet
  facet normal  9.868265e-01  1.617819e-01 -0.000000e+00
    outer loop
      vertex  -5.020397e+01 -5.460010e+00 -1.600000e+01
      vertex  -5.020397e+01 -5.460010e+00 -1.200000e+01
      vertex  -4.931934e+01 -1.085601e+01 -1.600000e+01
    endloop
  endfacet
  facet normal  9.868265e-01  1.617819e-01 -0.000000e+00
    outer loop
      vertex  -4.931934e+01 -1.085601e+01 -1.600000e+01
      vertex  -5.020397e+01 -5.460010e+00 -1.200000e+01
      vertex  -4.931934e+01 -1.085601e+01 -1.200000e+01
    endloop
  endfacet
  facet normal  9.635498e-01  2.675289e-01 -0.000000e+00
    outer loop
      vertex  -4.931934e+01 -1.085601e+01 -1.600000e+01
      vertex  -4.931934e+01 -1.085601e+01 -1.200000e+01
      vertex  -4.785648e+01 -1.612473e+01 -1.600000e+01
    endloop
  endfacet
  facet normal  9.635498e-01  2.675289e-01 -0.000000e+00
    outer loop
      vertex  -4.785648e+01 -1.612473e+01 -1.600000e+01
      vertex  -4.931934e+01 -1.085601e+01 -1.200000e+01
      vertex  -4.785648e+01 -1.612473e+01 -1.200000e+01
    endloop
  endfacet
  facet normal  9.289768e-01  3.701381e-01 -0.000000e+00
    outer loop
      vertex  -4.785648e+01 -1.612473e+01 -1.600000e+01
      vertex  -4.785648e+01 -1.612473e+01 -1.200000e+01
      vertex  -4.583256e+01 -2.120440e+01 -1.600000e+01
    endloop
  endfacet
  facet normal  9.289768e-01  3.701381e-01 -0.000000e+00
    outer loop
      vertex  -4.583256e+01 -2.120440e+01 -1.600000e+01
      vertex  -4.785648e+01 -1.612473e+01 -1.200000e+01
      vertex  -4.583256e+01 -2.120440e+01 -1.200000e+01
    endloop
  endfacet
  facet normal  8.835124e-01  4.684078e-01 -0.000000e+00
    outer loop
      vertex  -4.583256e+01 -2.120440e+01 -1.600000e+01
      vertex  -4.583256e+01 -2.120440e+01 -1.200000e+01
      vertex  -4.327129e+01 -2.603547e+01 -1.600000e+01
    endloop
  endfacet
  facet normal  8.835124e-01  4.684078e-01 -0.000000e+00
    outer loop
      vertex  -4.327129e+01 -2.603547e+01 -1.600000e+01
      vertex  -4.583256e+01 -2.120440e+01 -1.200000e+01
      vertex  -4.327129e+01 -2.603547e+01 -1.200000e+01
    endloop
  endfacet
  facet normal  8.276885e-01  5.611879e-01 -0.000000e+00
    outer loop
      vertex  -4.327129e+01 -2.603547e+01 -1.600000e+01
      vertex  -4.327129e+01 -2.603547e+01 -1.200000e+01
      vertex  -4.020270e+01 -3.056130e+01 -1.600000e+01
    endloop
  endfacet
  facet normal  8.276885e-01  5.611879e-01 -0.000000e+00
    outer loop
      vertex  -4.020270e+01 -3.056130e+01 -1.600000e+01
      vertex  -4.327129e+01 -2.603547e+01 -1.200000e+01
      vertex  -4.020270e+01 -3.056130e+01 -1.200000e+01
    endloop
  endfacet
  facet normal  7.621623e-01  6.473860e-01 -0.000000e+00
    outer loop
      vertex  -4.020270e+01 -3.056130e+01 -1.600000e+01
      vertex  -4.020270e+01 -3.056130e+01 -1.200000e+01
      vertex  -3.666277e+01 -3.472882e+01 -1.600000e+01
    endloop
  endfacet
  facet normal  7.621623e-01  6.473860e-01 -0.000000e+00
    outer loop
      vertex  -3.666277e+01 -3.472882e+01 -1.600000e+01
      vertex  -4.020270e+01 -3.056130e+01 -1.200000e+01
      vertex  -3.666277e+01 -3.472882e+01 -1.200000e+01
    endloop
  endfacet
  facet normal  6.876998e-01  7.259952e-01 -0.000000e+00
    outer loop
      vertex  -3.666277e+01 -3.472882e+01 -1.600000e+01
      vertex  -3.666277e+01 -3.472882e+01 -1.200000e+01
      vertex  -3.269301e+01 -3.848919e+01 -1.600000e+01
    endloop
  endfacet
  facet normal  6.876998e-01  7.259952e-01 -0.000000e+00
    outer loop
      vertex  -3.269301e+01 -3.848919e+01 -1.600000e+01
      vertex  -3.666277e+01 -3.472882e+01 -1.200000e+01
      vertex  -3.269301e+01 -3.848919e+01 -1.200000e+01
    endloop
  endfacet
  facet normal  6.051739e-01  7.960933e-01 -0.000000e+00
    outer loop
      vertex  -3.269301e+01 -3.848919e+01 -1.600000e+01
      vertex  -3.269301e+01 -3.848919e+01 -1.200000e+01
      vertex  -2.833995e+01 -4.179829e+01 -1.600000e+01
    endloop
  endfacet
  facet normal  6.051739e-01  7.960933e-01 -0.000000e+00
    outer loop
      vertex  -2.833995e+01 -4.179829e+01 -1.600000e+01
      vertex  -3.269301e+01 -3.848919e+01 -1.200000e+01
      vertex  -2.833995e+01 -4.179829e+01 -1.200000e+01
    endloop
  endfacet
  facet normal  5.155534e-01  8.568575e-01 -0.000000e+00
    outer loop
      vertex  -2.833995e+01 -4.179829e+01 -1.600000e+01
      vertex  -2.833995e+01 -4.179829e+01 -1.200000e+01
      vertex  -2.365462e+01 -4.461736e+01 -1.600000e+01
    endloop
  endfacet
  facet normal  5.155534e-01  8.568575e-01 -0.000000e+00
    outer loop
      vertex  -2.365462e+01 -4.461736e+01 -1.600000e+01
      vertex  -2.833995e+01 -4.179829e+01 -1.200000e+01
      vertex  -2.365462e+01 -4.461736e+01 -1.200000e+01
    endloop
  endfacet
  facet normal  4.198893e-01  9.075754e-01 -0.000000e+00
    outer loop
      vertex  -2.365462e+01 -4.461736e+01 -1.600000e+01
      vertex  -2.365462e+01 -4.461736e+01 -1.200000e+01
      vertex  -1.869198e+01 -4.691332e+01 -1.600000e+01
    endloop
  endfacet
  facet normal  4.198893e-01  9.075754e-01 -0.000000e+00
    outer loop
      vertex  -1.869198e+01 -4.691332e+01 -1.600000e+01
      vertex  -2.365462e+01 -4.461736e+01 -1.200000e+01
      vertex  -1.869198e+01 -4.691332e+01 -1.200000e+01
    endloop
  endfacet
  facet normal  3.193025e-01  9.476528e-01 -0.000000e+00
    outer loop
      vertex  -1.869198e+01 -4.691332e+01 -1.600000e+01
      vertex  -1.869198e+01 -4.691332e+01 -1.200000e+01
      vertex  -1.351018e+01 -4.865928e+01 -1.600000e+01
    endloop
  endfacet
  facet normal  3.193025e-01  9.476528e-01 -0.000000e+00
    outer loop
      vertex  -1.351018e+01 -4.865928e+01 -1.600000e+01
      vertex  -1.869198e+01 -4.691332e+01 -1.200000e+01
      vertex  -1.351018e+01 -4.865928e+01 -1.200000e+01
    endloop
  endfacet
  facet normal  2.149698e-01  9.766207e-01 -0.000000e+00
    outer loop
      vertex  -1.351018e+01 -4.865928e+01 -1.600000e+01
      vertex  -1.351018e+01 -4.865928e+01 -1.200000e+01
      vertex  -8.169991e+00 -4.983474e+01 -1.600000e+01
    endloop
  endfacet
  facet normal  2.149698e-01  9.766207e-01 -0.000000e+00
    outer loop
      vertex  -8.169991e+00 -4.983474e+01 -1.600000e+01
      vertex  -1.351018e+01 -4.865928e+01 -1.200000e+01
      vertex  -8.169991e+00 -4.983474e+01 -1.200000e+01
    endloop
  endfacet
  facet normal  1.081197e-01  9.941378e-01 -0.000000e+00
    outer loop
      vertex  -8.169991e+00 -4.983474e+01 -1.600000e+01
      vertex  -8.169991e+00 -4.983474e+01 -1.200000e+01
      vertex  -2.734015e+00 -5.042594e+01 -1.600000e+01
    endloop
  endfacet
  facet normal  1.081197e-01  9.941378e-01 -0.000000e+00
    outer loop
      vertex  -2.734015e+00 -5.042594e+01 -1.600000e+01
      vertex  -8.169991e+00 -4.983474e+01 -1.200000e+01
      vertex  -2.734015e+00 -5.042594e+01 -1.200000e+01
    endloop
  endfacet
  facet normal  0.000000e+00  1.000000e+00  0.000000e+00
    outer loop
      vertex  -2.734015e+00 -5.042594e+01 -1.600000e+01
      vertex  -2.734015e+00 -5.042594e+01 -1.200000e+01
      vertex   2.734015e+00 -5.042594e+01 -1.600000e+01
    endloop
  endfacet
  facet normal  0.000000e+00  1.000000e+00 -0.000000e+00
    outer loop
      vertex   2.734015e+00 -5.042594e+01 -1.600000e+01
      vertex  -2.734015e+00 -5.042594e+01 -1.200000e+01
      vertex   2.734015e+00 -5.042594e+01 -1.200000e+01
    endloop
  endfacet
  facet normal -1.081197e-01  9.941378e-01  0.000000e+00
    outer loop
      vertex   2.734015e+00 -5.042594e+01 -1.600000e+01
      vertex   2.734015e+00 -5.042594e+01 -1.200000e+01
      vertex   8.169991e+00 -4.983474e+01 -1.600000e+01
    endloop
  endfacet
  facet normal -1.081197e-01  9.941378e-01  0.000000e+00
    outer loop
      vertex   8.169991e+00 -4.983474e+01 -1.600000e+01
      vertex   2.734015e+00 -5.042594e+01 -1.200000e+01
      vertex   8.169991e+00 -4.983474e+01 -1.200000e+01
    endloop
  endfacet
  facet normal -2.149698e-01  9.766207e-01  0.000000e+00
    outer loop
      vertex   8.169991e+00 -4.983474e+01 -1.600000e+01
      vertex   8.169991e+00 -4.983474e+01 -1.200000e+01
      vertex   1.351018e+01 -4.865928e+01 -1.600000e+01
    endloop
  endfacet
  facet normal -2.149698e-01  9.766207e-01  0.000000e+00
    outer loop
      vertex   1.351018e+01 -4.865928e+01 -1.600000e+01
      vertex   8.169991e+00 -4.983474e+01 -1.200000e+01
      vertex   1.351018e+01 -4.865928e+01 -1.200000e+01
    endloop
  endfacet
  facet normal -3.193025e-01  9.476528e-01  0.000000e+00
    outer loop
      vertex   1.351018e+01 -4.865928e+01 -1.600000e+01
      vertex   1.351018e+01 -4.865928e+01 -1.200000e+01
      vertex   1.869198e+01 -4.691332e+01 -1.600000e+01
    endloop
  endfacet
  facet normal -3.193025e-01  9.476528e-01  0.000000e+00
    outer loop
      vertex   1.869198e+01 -4.691332e+01 -1.600000e+01
      vertex   1.351018e+01 -4.865928e+01 -1.200000e+01
      vertex   1.869198e+01 -4.691332e+01 -1.200000e+01
    endloop
  endfacet
  facet normal -4.198893e-01  9.075754e-01  0.000000e+00
    outer loop
      vertex   1.869198e+01 -4.691332e+01 -1.600000e+01
      vertex   1.869198e+01 -4.691332e+01 -1.200000e+01
      vertex   2.365462e+01 -4.461736e+01 -1.600000e+01
    endloop
  endfacet
  facet normal -4.198893e-01  9.075754e-01  0.000000e+00
    outer loop
      vertex   2.365462e+01 -4.461736e+01 -1.600000e+01
      vertex   1.869198e+01 -4.691332e+01 -1.200000e+01
      vertex   2.365462e+01 -4.461736e+01 -1.200000e+01
    endloop
  endfacet
  facet normal -5.155534e-01  8.568575e-01  0.000000e+00
    outer loop
      vertex   2.365462e+01 -4.461736e+01 -1.600000e+01
      vertex   2.365462e+01 -4.461736e+01 -1.200000e+01
      vertex   2.833995e+01 -4.179829e+01 -1.600000e+01
    endloop
  endfacet
  facet normal -5.155534e-01  8.568575e-01  0.000000e+00
    outer loop
      vertex   2.833995e+01 -4.179829e+01 -1.600000e+01
      vertex   2.365462e+01 -4.461736e+01 -1.200000e+01
      vertex   2.833995e+01 -4.179829e+01 -1.200000e+01
    endloop
  endfacet
  facet normal -6.051739e-01  7.960933e-01  0.000000e+00
    outer loop
      vertex   2.833995e+01 -4.179829e+01 -1.600000e+01
      vertex   2.833995e+01 -4.179829e+01 -1.200000e+01
      vertex   3.269301e+01 -3.848919e+01 -1.600000e+01
    endloop
  endfacet
  facet normal -6.051739e-01  7.960933e-01  0.000000e+00
    outer loop
      vertex   3.269301e+01 -3.848919e+01 -1.600000e+01
      vertex   2.833995e+01 -4.179829e+01 -1.200000e+01
      vertex   3.269301e+01 -3.848919e+01 -1.200000e+01
    endloop
  endfacet
  facet normal -6.876998e-01  7.259952e-01  0.000000e+00
    outer loop
      vertex   3.269301e+01 -3.848919e+01 -1.600000e+01
      vertex   3.269301e+01 -3.848919e+01 -1.200000e+01
      vertex   3.666277e+01 -3.472882e+01 -1.600000e+01
    endloop
  endfacet
  facet normal -6.876998e-01  7.259952e-01  0.000000e+00
    outer loop
      vertex   3.666277e+01 -3.472882e+01 -1.600000e+01
      vertex   3.269301e+01 -3.848919e+01 -1.200000e+01
      vertex   3.666277e+01 -3.472882e+01 -1.200000e+01
    endloop
  endfacet
  facet normal -7.621623e-01  6.473860e-01  0.000000e+00
    outer loop
      vertex   3.666277e+01 -3.472882e+01 -1.600000e+01
      vertex   3.666277e+01 -3.472882e+01 -1.200000e+01
      vertex   4.020270e+01 -3.056130e+01 -1.600000e+01
    endloop
  endfacet
  facet normal -7.621623e-01  6.473860e-01  0.000000e+00
    outer loop
      vertex   4.020270e+01 -3.056130e+01 -1.600000e+01
      vertex   3.666277e+01 -3.472882e+01 -1.200000e+01
      vertex   4.020270e+01 -3.056130e+01 -1.200000e+01
    endloop
  endfacet
  facet normal -8.276885e-01  5.611879e-01  0.000000e+00
    outer loop
      vertex   4.020270e+01 -3.056130e+01 -1.600000e+01
      vertex   4.020270e+01 -3.056130e+01 -1.200000e+01
      vertex   4.327129e+01 -2.603547e+01 -1.600000e+01
    endloop
  endfacet
  facet normal -8.276885e-01  5.611879e-01  0.000000e+00
    outer loop
      vertex   4.327129e+01 -2.603547e+01 -1.600000e+01
      vertex   4.020270e+01 -3.056130e+01 -1.200000e+01
      vertex   4.327129e+01 -2.603547e+01 -1.200000e+01
    endloop
  endfacet
  facet normal -8.835124e-01  4.684078e-01  0.000000e+00
    outer loop
      vertex   4.327129e+01 -2.603547e+01 -1.600000e+01
      vertex   4.327129e+01 -2.603547e+01 -1.200000e+01
      vertex   4.583256e+01 -2.120440e+01 -1.600000e+01
    endloop
  endfacet
  facet normal -8.835124e-01  4.684078e-01  0.000000e+00
    outer loop
      vertex   4.583256e+01 -2.120440e+01 -1.600000e+01
      vertex   4.327129e+01 -2.603547e+01 -1.200000e+01
      vertex   4.583256e+01 -2.120440e+01 -1.200000e+01
    endloop
  endfacet
  facet normal -9.289768e-01  3.701381e-01  0.000000e+00
    outer loop
      vertex   4.583256e+01 -2.120440e+01 -1.600000e+01
      vertex   4.583256e+01 -2.120440e+01 -1.200000e+01
      vertex   4.785648e+01 -1.612473e+01 -1.600000e+01
    endloop
  endfacet
  facet normal -9.289768e-01  3.701381e-01  0.000000e+00
    outer loop
      vertex   4.785648e+01 -1.612473e+01 -1.600000e+01
      vertex   4.583256e+01 -2.120440e+01 -1.200000e+01
      vertex   4.785648e+01 -1.612473e+01 -1.200000e+01
    endloop
  endfacet
  facet normal -9.635498e-01  2.675289e-01  0.000000e+00
    outer loop
      vertex   4.785648e+01 -1.612473e+01 -1.600000e+01
      vertex   4.785648e+01 -1.612473e+01 -1.200000e+01
      vertex   4.931934e+01 -1.085601e+01 -1.600000e+01
    endloop
  endfacet
  facet normal -9.635498e-01  2.675289e-01  0.000000e+00
    outer loop
      vertex   4.931934e+01 -1.085601e+01 -1.600000e+01
      vertex   4.785648e+01 -1.612473e+01 -1.200000e+01
      vertex   4.931934e+01 -1.085601e+01 -1.200000e+01
    endloop
  endfacet
  facet normal -9.868265e-01  1.617819e-01  0.000000e+00
    outer loop
      vertex   4.931934e+01 -1.085601e+01 -1.600000e+01
      vertex   4.931934e+01 -1.085601e+01 -1.200000e+01
      vertex   5.020397e+01 -5.460010e+00 -1.600000e+01
    endloop
  endfacet
  facet normal -9.868265e-01  1.617819e-01  0.000000e+00
    outer loop
      vertex   5.020397e+01 -5.460010e+00 -1.600000e+01
      vertex   4.931934e+01 -1.085601e+01 -1.200000e+01
      vertex   5.020397e+01 -5.460010e+00 -1.200000e+01
    endloop
  endfacet
  facet normal  0.000000e+00 -0.000000e+00  1.000000e+00
    outer loop
      vertex   5.221240e+01 -5.487744e+00 -1.200000e+01
      vertex   5.250000e+01  0.000000e+00 -1.200000e+01
      vertex   5.050000e+01  0.000000e+00 -1.200000e+01
    endloop
  endfacet
  facet normal  0.000000e+00  0.000000e+00  1.000000e+00
    outer loop
      vertex   5.050000e+01  0.000000e+00 -1.200000e+01
      vertex   5.250000e+01  0.000000e+00 -1.200000e+01
      vertex   5.221240e+01  5.487744e+00 -1.200000e+01
    endloop
  endfacet
  facet normal  0.000000e+00 -0.000000e+00  1.000000e+00
    outer loop
      vertex   5.050000e+01  0.000000e+00 -1.200000e+01
      vertex   5.221240e+01  5.487744e+00 -1.200000e+01
      vertex   5.020397e+01  5.460010e+00 -1.200000e+01
    endloop
  endfacet
  facet normal  0.000000e+00  0.000000e+00  1.000000e+00
    outer loop
      vertex   5.020397e+01  5.460010e+00 -1.200000e+01
      vertex   5.221240e+01  5.487744e+00 -1.200000e+01
      vertex   5.135275e+01  1.091536e+01 -1.200000e+01
    endloop
  endfacet
  facet normal  0.000000e+00 -0.000000e+00  1.000000e+00
    outer loop
      vertex   5.020397e+01  5.460010e+00 -1.200000e+01
      vertex   5.135275e+01  1.091536e+01 -1.200000e+01
      vertex   4.931934e+01  1.085601e+01 -1.200000e+01
    endloop
  endfacet
  facet normal  0.000000e+00  0.000000e+00  1.000000e+00
    outer loop
      vertex   4.931934e+01  1.085601e+01 -1.200000e+01
      vertex   5.135275e+01  1.091536e+01 -1.200000e+01
      vertex   4.993047e+01  1.622339e+01 -1.200000e+01
    endloop
  endfacet
  facet normal  0.000000e+00 -0.000000e+00  1.000000e+00
    outer loop
      vertex   4.931934e+01  1.085601e+01 -1.200000e+01
      vertex   4.993047e+01  1.622339e+01 -1.200000e+01
      vertex   4.785648e+01  1.612473e+01 -1.200000e+01
    endloop
  endfacet
  facet normal  0.000000e+00  0.000000e+00  1.000000e+00
    outer loop
      vertex   4.785648e+01  1.612473e+01 -1.200000e+01
      vertex   4.993047e+01  1.622339e+01 -1.200000e+01
      vertex   4.796114e+01  2.135367e+01 -1.200000e+01
    endloop
  endfacet
  facet normal  0.000000e+00 -0.000000e+00  1.000000e+00
    outer loop
      vertex   4.785648e+01  1.612473e+01 -1.200000e+01
      vertex   4.796114e+01  2.135367e+01 -1.200000e+01
      vertex   4.583256e+01  2.120440e+01 -1.200000e+01
    endloop
  endfacet
  facet normal  0.000000e+00 -0.000000e+00  1.000000e+00
    outer loop
      vertex   4.583256e+01  2.120440e+01 -1.200000e+01
      vertex   4.796114e+01  2.135367e+01 -1.200000e+01
      vertex   4.546633e+01  2.625000e+01 -1.200000e+01
    endloop
  endfacet
  facet normal  0.000000e+00  0.000000e+00  1.000000e+00
    outer loop
      vertex   4.583256e+01  2.120440e+01 -1.200000e+01
      vertex   4.546633e+01  2.625000e+01 -1.200000e+01
      vertex   4.327129e+01  2.603547e+01 -1.200000e+01
    endloop
  endfacet
  facet normal  0.000000e+00 -0.000000e+00  1.000000e+00
    outer loop
      vertex   4.327129e+01  2.603547e+01 -1.200000e+01
      vertex   4.546633e+01  2.625000e+01 -1.200000e+01
      vertex   4.247339e+01  3.085873e+01 -1.200000e+01
    endloop
  endfacet
  facet normal  0.000000e+00  0.000000e+00  1.000000e+00
    outer loop
      vertex   4.327129e+01  2.603547e+01 -1.200000e+01
      vertex   4.247339e+01  3.085873e+01 -1.200000e+01
      vertex   4.020270e+01  3.056130e+01 -1.200000e+01
    endloop
  endfacet
  facet normal  0.000000e+00 -0.000000e+00  1.000000e+00
    outer loop
      vertex   4.020270e+01  3.056130e+01 -1.200000e+01
      vertex   4.247339e+01  3.085873e+01 -1.200000e+01
      vertex   3.901510e+01  3.512936e+01 -1.200000e+01
    endloop
  endfacet
  facet normal  0.000000e+00  0.000000e+00  1.000000e+00
    outer loop
      vertex   4.020270e+01  3.056130e+01 -1.200000e+01
      vertex   3.901510e+01  3.512936e+01 -1.200000e+01
      vertex   3.666277e+01  3.472882e+01 -1.200000e+01
    endloop
  endfacet
  facet normal  0.000000e+00 -0.000000e+00  1.000000e+00
    outer loop
      vertex   3.666277e+01  3.472882e+01 -1.200000e+01
      vertex   3.901510e+01  3.512936e+01 -1.200000e+01
      vertex   3.512936e+01  3.901510e+01 -1.200000e+01
    endloop
  endfacet
  facet normal  0.000000e+00  0.000000e+00  1.000000e+00
    outer loop
      vertex   3.666277e+01  3.472882e+01 -1.200000e+01
      vertex   3.512936e+01  3.901510e+01 -1.200000e+01
      vertex   3.269301e+01  3.848919e+01 -1.200000e+01
    endloop
  endfacet
  facet normal  0.000000e+00 -0.000000e+00  1.000000e+00
    outer loop
      vertex   3.269301e+01  3.848919e+01 -1.200000e+01
      vertex   3.512936e+01  3.901510e+01 -1.200000e+01
      vertex   3.085873e+01  4.247339e+01 -1.200000e+01
    endloop
  endfacet
  facet normal  0.000000e+00  0.000000e+00  1.000000e+00
    outer loop
      vertex   3.269301e+01  3.848919e+01 -1.200000e+01
      vertex   3.085873e+01  4.247339e+01 -1.200000e+01
      vertex   2.833995e+01  4.179829e+01 -1.200000e+01
    endloop
  endfacet
  facet normal  0.000000e+00 -0.000000e+00  1.000000e+00
    outer loop
      vertex   2.833995e+01  4.179829e+01 -1.200000e+01
      vertex   3.085873e+01  4.247339e+01 -1.200000e+01
      vertex   2.625000e+01  4.546633e+01 -1.200000e+01
    endloop
  endfacet
  facet normal  0.000000e+00  0.000000e+00  1.000000e+00
    outer loop
      vertex   2.833995e+01  4.179829e+01 -1.200000e+01
      vertex   2.625000e+01  4.546633e+01 -1.200000e+01
      vertex   2.365462e+01  4.461736e+01 -1.200000e+01
    endloop
  endfacet
  facet normal  0.000000e+00 -0.000000e+00  1.000000e+00
    outer loop
      vertex   2.365462e+01  4.461736e+01 -1.200000e+01
      vertex   2.625000e+01  4.546633e+01 -1.200000e+01
      vertex   2.135367e+01  4.796114e+01 -1.200000e+01
    endloop
  endfacet
  facet normal  0.000000e+00  0.000000e+00  1.000000e+00
    outer loop
      vertex   2.365462e+01  4.461736e+01 -1.200000e+01
      vertex   2.135367e+01  4.796114e+01 -1.200000e+01
      vertex   1.869198e+01  4.691332e+01 -1.200000e+01
    endloop
  endfacet
  facet normal  0.000000e+00 -0.000000e+00  1.000000e+00
    outer loop
      vertex   1.869198e+01  4.691332e+01 -1.200000e+01
      vertex   2.135367e+01  4.796114e+01 -1.200000e+01
      vertex   1.622339e+01  4.993047e+01 -1.200000e+01
    endloop
  endfacet
  facet normal  0.000000e+00  0.000000e+00  1.000000e+00
    outer loop
      vertex   1.869198e+01  4.691332e+01 -1.200000e+01
      vertex   1.622339e+01  4.993047e+01 -1.200000e+01
      vertex   1.351018e+01  4.865928e+01 -1.200000e+01
    endloop
  endfacet
  facet normal  0.000000e+00 -0.000000e+00  1.000000e+00
    outer loop
      vertex   1.351018e+01  4.865928e+01 -1.200000e+01
      vertex   1.622339e+01  4.993047e+01 -1.200000e+01
      vertex   1.091536e+01  5.135275e+01 -1.200000e+01
    endloop
  endfacet
  facet normal  0.000000e+00  0.000000e+00  1.000000e+00
    outer loop
      vertex   1.351018e+01  4.865928e+01 -1.200000e+01
      vertex   1.091536e+01  5.135275e+01 -1.200000e+01
      vertex   8.169991e+00  4.983474e+01 -1.200000e+01
    endloop
  endfacet
  facet normal  0.000000e+00 -0.000000e+00  1.000000e+00
    outer loop
      vertex   8.169991e+00  4.983474e+01 -1.200000e+01
      vertex   1.091536e+01  5.135275e+01 -1.200000e+01
      vertex   5.487744e+00  5.221240e+01 -1.200000e+01
    endloop
  endfacet
  facet normal  0.000000e+00  0.000000e+00  1.000000e+00
    outer loop
      vertex   8.169991e+00  4.983474e+01 -1.200000e+01
      vertex   5.487744e+00  5.221240e+01 -1.200000e+01
      vertex   2.734015e+00  5.042594e+01 -1.200000e+01
    endloop
  endfacet
  facet normal  0.000000e+00 -0.000000e+00  1.000000e+00
    outer loop
      vertex   2.734015e+00  5.042594e+01 -1.200000e+01
      vertex   5.487744e+00  5.221240e+01 -1.200000e+01
      vertex   0.000000e+00  5.250000e+01 -1.200000e+01
    endloop
  endfacet
  facet normal  0.000000e+00  0.000000e+00  1.000000e+00
    outer loop
      vertex   2.734015e+00  5.042594e+01 -1.200000e+01
      vertex   0.000000e+00  5.250000e+01 -1.200000e+01
      vertex  -2.734015e+00  5.042594e+01 -1.200000e+01
    endloop
  endfacet
  facet normal  0.000000e+00 -0.000000e+00  1.000000e+00
    outer loop
      vertex  -2.734015e+00  5.042594e+01 -1.200000e+01
      vertex   0.000000e+00  5.250000e+01 -1.200000e+01
      vertex  -5.487744e+00  5.221240e+01 -1.200000e+01
    endloop
  endfacet
  facet normal  0.000000e+00  0.000000e+00  1.000000e+00
    outer loop
      vertex  -2.734015e+00  5.042594e+01 -1.200000e+01
      vertex  -5.487744e+00  5.221240e+01 -1.200000e+01
      vertex  -8.169991e+00  4.983474e+01 -1.200000e+01
    endloop
  endfacet
  facet normal  0.000000e+00 -0.000000e+00  1.000000e+00
    outer loop
      vertex  -8.169991e+00  4.983474e+01 -1.200000e+01
      vertex  -5.487744e+00  5.221240e+01 -1.200000e+01
      vertex  -1.091536e+01  5.135275e+01 -1.200000e+01
    endloop
  endfacet
  facet normal  0.000000e+00  0.000000e+00  1.000000e+00
    outer loop
      vertex  -8.169991e+00  4.983474e+01 -1.200000e+01
      vertex  -1.091536e+01  5.135275e+01 -1.200000e+01
      vertex  -1.351018e+01  4.865928e+01 -1.200000e+01
    endloop
  endfacet
  facet normal  0.000000e+00 -0.000000e+00  1.000000e+00
    outer loop
      vertex  -1.351018e+01  4.865928e+01 -1.200000e+01
      vertex  -1.091536e+01  5.135275e+01 -1.200000e+01
      vertex  -1.622339e+01  4.993047e+01 -1.200000e+01
    endloop
  endfacet
  facet normal  0.000000e+00  0.000000e+00  1.000000e+00
    outer loop
      vertex  -1.351018e+01  4.865928e+01 -1.200000e+01
      vertex  -1.622339e+01  4.993047e+01 -1.200000e+01
      vertex  -1.869198e+01  4.691332e+01 -1.200000e+01
    endloop
  endfacet
  facet normal  0.000000e+00 -0.000000e+00  1.000000e+00
    outer loop
      vertex  -1.869198e+01  4.691332e+01 -1.200000e+01
      vertex  -1.622339e+01  4.993047e+01 -1.200000e+01
      vertex  -2.135367e+01  4.796114e+01 -1.200000e+01
    endloop
  endfacet
  facet normal  0.000000e+00  0.000000e+00  1.000000e+00
    outer loop
      vertex  -1.869198e+01  4.691332e+01 -1.200000e+01
      vertex  -2.135367e+01  4.796114e+01 -1.200000e+01
      vertex  -2.365462e+01  4.461736e+01 -1.200000e+01
    endloop
  endfacet
  facet normal  0.000000e+00 -0.000000e+00  1.000000e+00
    outer loop
      vertex  -2.365462e+01  4.461736e+01 -1.200000e+01
      vertex  -2.135367e+01  4.796114e+01 -1.200000e+01
      vertex  -2.625000e+01  4.546633e+01 -1.200000e+01
    endloop
  endfacet
  facet normal  0.000000e+00  0.000000e+00  1.000000e+00
    outer loop
      vertex  -2.365462e+01  4.461736e+01 -1.200000e+01
      vertex  -2.625000e+01  4.546633e+01 -1.200000e+01
      vertex  -2.833995e+01  4.179829e+01 -1.200000e+01
    endloop
  endfacet
  facet normal  0.000000e+00 -0.000000e+00  1.000000e+00
    outer loop
      vertex  -2.833995e+01  4.179829e+01 -1.200000e+01
      vertex  -2.625000e+01  4.546633e+01 -1.200000e+01
      vertex  -3.085873e+01  4.247339e+01 -1.200000e+01
    endloop
  endfacet
  facet normal  0.000000e+00  0.000000e+00  1.000000e+00
    outer loop
      vertex  -2.833995e+01  4.179829e+01 -1.200000e+01
      vertex  -3.085873e+01  4.247339e+01 -1.200000e+01
      vertex  -3.269301e+01  3.848919e+01 -1.200000e+01
    endloop
  endfacet
  facet normal  0.000000e+00 -0.000000e+00  1.000000e+00
    outer loop
      vertex  -3.269301e+01  3.848919e+01 -1.200000e+01
      vertex  -3.085873e+01  4.247339e+01 -1.200000e+01
      vertex  -3.512936e+01  3.901510e+01 -1.200000e+01
    endloop
  endfacet
  facet normal  0.000000e+00  0.000000e+00  1.000000e+00
    outer loop
      vertex  -3.269301e+01  3.848919e+01 -1.200000e+01
      vertex  -3.512936e+01  3.901510e+01 -1.200000e+01
      vertex  -3.666277e+01  3.472882e+01 -1.200000e+01
    endloop
  endfacet
  facet normal  0.000000e+00 -0.000000e+00  1.000000e+00
    outer loop
      vertex  -3.666277e+01  3.472882e+01 -1.200000e+01
      vertex  -3.512936e+01  3.901510e+01 -1.200000e+01
      vertex  -3.901510e+01  3.512936e+01 -1.200000e+01
    endloop
  endfacet
  facet normal  0.000000e+00  0.000000e+00  1.000000e+00
    outer loop
      vertex  -3.666277e+01  3.472882e+01 -1.200000e+01
      vertex  -3.901510e+01  3.512936e+01 -1.200000e+01
      vertex  -4.020270e+01  3.056130e+01 -1.200000e+01
    endloop
  endfacet
  facet normal  0.000000e+00 -0.000000e+00  1.000000e+00
    outer loop
      vertex  -4.020270e+01  3.056130e+01 -1.200000e+01
      vertex  -3.901510e+01  3.512936e+01 -1.200000e+01
      vertex  -4.247339e+01  3.085873e+01 -1.200000e+01
    endloop
  endfacet
  facet normal  0.000000e+00  0.000000e+00  1.000000e+00
    outer loop
      vertex  -4.020270e+01  3.056130e+01 -1.200000e+01
      vertex  -4.247339e+01  3.085873e+01 -1.200000e+01
      vertex  -4.327129e+01  2.603547e+01 -1.200000e+01
    endloop
  endfacet
  facet normal  0.000000e+00 -0.000000e+00  1.000000e+00
    outer loop
      vertex  -4.327129e+01  2.603547e+01 -1.200000e+01
      vertex  -4.247339e+01  3.085873e+01 -1.200000e+01
      vertex  -4.546633e+01  2.625000e+01 -1.200000e+01
    endloop
  endfacet
  facet normal  0.000000e+00  0.000000e+00  1.000000e+00
    outer loop
      vertex  -4.327129e+01  2.603547e+01 -1.200000e+01
      vertex  -4.546633e+01  2.625000e+01 -1.200000e+01
      vertex  -4.583256e+01  2.120440e+01 -1.200000e+01
    endloop
  endfacet
  facet normal  0.000000e+00 -0.000000e+00  1.000000e+00
    outer loop
      vertex  -4.583256e+01  2.120440e+01 -1.200000e+01
      vertex  -4.546633e+01  2.625000e+01 -1.200000e+01
      vertex  -4.796114e+01  2.135367e+01 -1.200000e+01
    endloop
  endfacet
  facet normal  0.000000e+00  0.000000e+00  1.000000e+00
    outer loop
      vertex  -4.583256e+01  2.120440e+01 -1.200000e+01
      vertex  -4.796114e+01  2.135367e+01 -1.200000e+01
      vertex  -4.785648e+01  1.612473e+01 -1.200000e+01
    endloop
  endfacet
  facet normal  0.000000e+00  0.000000e+00  1.000000e+00
    outer loop
      vertex  -4.785648e+01  1.612473e+01 -1.200000e+01
      vertex  -4.796114e+01  2.135367e+01 -1.200000e+01
      vertex  -4.993047e+01  1.622339e+01 -1.200000e+01
    endloop
  endfacet
  facet normal  0.000000e+00  0.000000e+00  1.000000e+00
    outer loop
      vertex  -4.785648e+01  1.612473e+01 -1.200000e+01
      vertex  -4.993047e+01  1.622339e+01 -1.200000e+01
      vertex  -4.931934e+01  1.085601e+01 -1.200000e+01
    endloop
  endfacet
  facet normal  0.000000e+00  0.000000e+00  1.000000e+00
    outer loop
      vertex  -4.931934e+01  1.085601e+01 -1.200000e+01
      vertex  -4.993047e+01  1.622339e+01 -1.200000e+01
      vertex  -5.135275e+01  1.091536e+01 -1.200000e+01
    endloop
  endfacet
  facet normal  0.000000e+00  0.000000e+00  1.000000e+00
    outer loop
      vertex  -4.931934e+01  1.085601e+01 -1.200000e+01
      vertex  -5.135275e+01  1.091536e+01 -1.200000e+01
      vertex  -5.020397e+01  5.460010e+00 -1.200000e+01
    endloop
  endfacet
  facet normal  0.000000e+00  0.000000e+00  1.000000e+00
    outer loop
      vertex  -5.020397e+01  5.460010e+00 -1.200000e+01
      vertex  -5.135275e+01  1.091536e+01 -1.200000e+01
      vertex  -5.221240e+01  5.487744e+00 -1.200000e+01
    endloop
  endfacet
  facet normal  0.000000e+00  0.000000e+00  1.000000e+00
    outer loop
      vertex  -5.020397e+01  5.460010e+00 -1.200000e+01
      vertex  -5.221240e+01  5.487744e+00 -1.200000e+01
      vertex  -5.050000e+01  0.000000e+00 -1.200000e+01
    endloop
  endfacet
  facet normal  0.000000e+00  0.000000e+00  1.000000e+00
    outer loop
      vertex  -5.050000e+01  0.000000e+00 -1.200000e+01
      vertex  -5.221240e+01  5.487744e+00 -1.200000e+01
      vertex  -5.250000e+01  0.000000e+00 -1.200000e+01
    endloop
  endfacet
  facet normal  0.000000e+00  0.000000e+00  1.000000e+00
    outer loop
      vertex  -5.050000e+01  0.000000e+00 -1.200000e+01
      vertex  -5.250000e+01  0.000000e+00 -1.200000e+01
      vertex  -5.221240e+01 -5.487744e+00 -1.200000e+01
    endloop
  endfacet
  facet normal  0.000000e+00  0.000000e+00  1.000000e+00
    outer loop
      vertex  -5.050000e+01  0.000000e+00 -1.200000e+01
      vertex  -5.221240e+01 -5.487744e+00 -1.200000e+01
      vertex  -5.020397e+01 -5.460010e+00 -1.200000e+01
    endloop
  endfacet
  facet normal  0.000000e+00  0.000000e+00  1.000000e+00
    outer loop
      vertex  -5.020397e+01 -5.460010e+00 -1.200000e+01
      vertex  -5.221240e+01 -5.487744e+00 -1.200000e+01
      vertex  -5.135275e+01 -1.091536e+01 -1.200000e+01
    endloop
  endfacet
  facet normal  0.000000e+00  0.000000e+00  1.000000e+00
    outer loop
      vertex  -5.020397e+01 -5.460010e+00 -1.200000e+01
      vertex  -5.135275e+01 -1.091536e+01 -1.200000e+01
      vertex  -4.931934e+01 -1.085601e+01 -1.200000e+01
    endloop
  endfacet
  facet normal  0.000000e+00  0.000000e+00  1.000000e+00
    outer loop
      vertex  -4.931934e+01 -1.085601e+01 -1.200000e+01
      vertex  -5.135275e+01 -1.091536e+01 -1.200000e+01
      vertex  -4.993047e+01 -1.622339e+01 -1.200000e+01
    endloop
  endfacet
  facet normal  0.000000e+00  0.000000e+00  1.000000e+00
    outer loop
      vertex  -4.931934e+01 -1.085601e+01 -1.200000e+01
      vertex  -4.993047e+01 -1.622339e+01 -1.200000e+01
      vertex  -4.785648e+01 -1.612473e+01 -1.200000e+01
    endloop
  endfacet
  facet normal  0.000000e+00  0.000000e+00  1.000000e+00
    outer loop
      vertex  -4.785648e+01 -1.612473e+01 -1.200000e+01
      vertex  -4.993047e+01 -1.622339e+01 -1.200000e+01
      vertex  -4.796114e+01 -2.135367e+01 -1.200000e+01
    endloop
  endfacet
  facet normal  0.000000e+00  0.000000e+00  1.000000e+00
    outer loop
      vertex  -4.785648e+01 -1.612473e+01 -1.200000e+01
      vertex  -4.796114e+01 -2.135367e+01 -1.200000e+01
      vertex  -4.583256e+01 -2.120440e+01 -1.200000e+01
    endloop
  endfacet
  facet normal  0.000000e+00  0.000000e+00  1.000000e+00
    outer loop
      vertex  -4.583256e+01 -2.120440e+01 -1.200000e+01
      vertex  -4.796114e+01 -2.135367e+01 -1.200000e+01
      vertex  -4.546633e+01 -2.625000e+01 -1.200000e+01
    endloop
  endfacet
  facet normal  0.000000e+00  0.000000e+00  1.000000e+00
    outer loop
      vertex  -4.583256e+01 -2.120440e+01 -1.200000e+01
      vertex  -4.546633e+01 -2.625000e+01 -1.200000e+01
      vertex  -4.327129e+01 -2.603547e+01 -1.200000e+01
    endloop
  endfacet
  facet normal  0.000000e+00  0.000000e+00  1.000000e+00
    outer loop
      vertex  -4.327129e+01 -2.603547e+01 -1.200000e+01
      vertex  -4.546633e+01 -2.625000e+01 -1.200000e+01
      vertex  -4.247339e+01 -3.085873e+01 -1.200000e+01
    endloop
  endfacet
  facet normal  0.000000e+00  0.000000e+00  1.000000e+00
    outer loop
      vertex  -4.327129e+01 -2.603547e+01 -1.200000e+01
      vertex  -4.247339e+01 -3.085873e+01 -1.200000e+01
      vertex  -4.020270e+01 -3.056130e+01 -1.200000e+01
    endloop
  endfacet
  facet normal  0.000000e+00  0.000000e+00  1.000000e+00
    outer loop
      vertex  -4.020270e+01 -3.056130e+01 -1.200000e+01
      vertex  -4.247339e+01 -3.085873e+01 -1.200000e+01
      vertex  -3.901510e+01 -3.512936e+01 -1.200000e+01
    endloop
  endfacet
  facet normal  0.000000e+00  0.000000e+00  1.000000e+00
    outer loop
      vertex  -4.020270e+01 -3.056130e+01 -1.200000e+01
      vertex  -3.901510e+01 -3.512936e+01 -1.200000e+01
      vertex  -3.666277e+01 -3.472882e+01 -1.200000e+01
    endloop
  endfacet
  facet normal  0.000000e+00  0.000000e+00  1.000000e+00
    outer loop
      vertex  -3.666277e+01 -3.472882e+01 -1.200000e+01
      vertex  -3.901510e+01 -3.512936e+01 -1.200000e+01
      vertex  -3.512936e+01 -3.901510e+01 -1.200000e+01
    endloop
  endfacet
  facet normal  0.000000e+00  0.000000e+00  1.000000e+00
    outer loop
      vertex  -3.666277e+01 -3.472882e+01 -1.200000e+01
      vertex  -3.512936e+01 -3.901510e+01 -1.200000e+01
      vertex  -3.269301e+01 -3.848919e+01 -1.200000e+01
    endloop
  endfacet
  facet normal  0.000000e+00  0.000000e+00  1.000000e+00
    outer loop
      vertex  -3.269301e+01 -3.848919e+01 -1.200000e+01
      vertex  -3.512936e+01 -3.901510e+01 -1.200000e+01
      vertex  -3.085873e+01 -4.247339e+01 -1.200000e+01
    endloop
  endfacet
  facet normal  0.000000e+00  0.000000e+00  1.000000e+00
    outer loop
      vertex  -3.269301e+01 -3.848919e+01 -1.200000e+01
      vertex  -3.085873e+01 -4.247339e+01 -1.200000e+01
      vertex  -2.833995e+01 -4.179829e+01 -1.200000e+01
    endloop
  endfacet
  facet normal  0.000000e+00  0.000000e+00  1.000000e+00
    outer loop
      vertex  -2.833995e+01 -4.179829e+01 -1.200000e+01
      vertex  -3.085873e+01 -4.247339e+01 -1.200000e+01
      vertex  -2.625000e+01 -4.546633e+01 -1.200000e+01
    endloop
  endfacet
  facet normal  0.000000e+00  0.000000e+00  1.000000e+00
    outer loop
      vertex  -2.833995e+01 -4.179829e+01 -1.200000e+01
      vertex  -2.625000e+01 -4.546633e+01 -1.200000e+01
      vertex  -2.365462e+01 -4.461736e+01 -1.200000e+01
    endloop
  endfacet
  facet normal  0.000000e+00  0.000000e+00  1.000000e+00
    outer loop
      vertex  -2.365462e+01 -4.461736e+01 -1.200000e+01
      vertex  -2.625000e+01 -4.546633e+01 -1.200000e+01
      vertex  -2.135367e+01 -4.796114e+01 -1.200000e+01
    endloop
  endfacet
  facet normal  0.000000e+00  0.000000e+00  1.000000e+00
    outer loop
      vertex  -2.365462e+01 -4.461736e+01 -1.200000e+01
      vertex  -2.135367e+01 -4.796114e+01 -1.200000e+01
      vertex  -1.869198e+01 -4.691332e+01 -1.200000e+01
    endloop
  endfacet
  facet normal  0.000000e+00  0.000000e+00  1.000000e+00
    outer loop
      vertex  -1.869198e+01 -4.691332e+01 -1.200000e+01
      vertex  -2.135367e+01 -4.796114e+01 -1.200000e+01
      vertex  -1.622339e+01 -4.993047e+01 -1.200000e+01
    endloop
  endfacet
  facet normal  0.000000e+00  0.000000e+00  1.000000e+00
    outer loop
      vertex  -1.869198e+01 -4.691332e+01 -1.200000e+01
      vertex  -1.622339e+01 -4.993047e+01 -1.200000e+01
      vertex  -1.351018e+01 -4.865928e+01 -1.200000e+01
    endloop
  endfacet
  facet normal  0.000000e+00  0.000000e+00  1.000000e+00
    outer loop
      vertex  -1.351018e+01 -4.865928e+01 -1.200000e+01
      vertex  -1.622339e+01 -4.993047e+01 -1.200000e+01
      vertex  -1.091536e+01 -5.135275e+01 -1.200000e+01
    endloop
  endfacet
  facet normal  0.000000e+00  0.000000e+00  1.000000e+00
    outer loop
      vertex  -1.351018e+01 -4.865928e+01 -1.200000e+01
      vertex  -1.091536e+01 -5.135275e+01 -1.200000e+01
      vertex  -8.169991e+00 -4.983474e+01 -1.200000e+01
    endloop
  endfacet
  facet normal  0.000000e+00  0.000000e+00  1.000000e+00
    outer loop
      vertex  -8.169991e+00 -4.983474e+01 -1.200000e+01
      vertex  -1.091536e+01 -5.135275e+01 -1.200000e+01
      vertex  -5.487744e+00 -5.221240e+01 -1.200000e+01
    endloop
  endfacet
  facet normal  0.000000e+00  0.000000e+00  1.000000e+00
    outer loop
      vertex  -8.169991e+00 -4.983474e+01 -1.200000e+01
      vertex  -5.487744e+00 -5.221240e+01 -1.200000e+01
      vertex  -2.734015e+00 -5.042594e+01 -1.200000e+01
    endloop
  endfacet
  facet normal  0.000000e+00  0.000000e+00  1.000000e+00
    outer loop
      vertex  -2.734015e+00 -5.042594e+01 -1.200000e+01
      vertex  -5.487744e+00 -5.221240e+01 -1.200000e+01
      vertex   0.000000e+00 -5.250000e+01 -1.200000e+01
    endloop
  endfacet
  facet normal -0.000000e+00  0.000000e+00  1.000000e+00
    outer loop
      vertex  -2.734015e+00 -5.042594e+01 -1.200000e+01
      vertex   0.000000e+00 -5.250000e+01 -1.200000e+01
      vertex   2.734015e+00 -5.042594e+01 -1.200000e+01
    endloop
  endfacet
  facet normal  0.000000e+00  0.000000e+00  1.000000e+00
    outer loop
      vertex   2.734015e+00 -5.042594e+01 -1.200000e+01
      vertex   0.000000e+00 -5.250000e+01 -1.200000e+01
      vertex   5.487744e+00 -5.221240e+01 -1.200000e+01
    endloop
  endfacet
  facet normal -0.000000e+00  0.000000e+00  1.000000e+00
    outer loop
      vertex   2.734015e+00 -5.042594e+01 -1.200000e+01
      vertex   5.487744e+00 -5.221240e+01 -1.200000e+01
      vertex   8.169991e+00 -4.983474e+01 -1.200000e+01
    endloop
  endfacet
  facet normal  0.000000e+00  0.000000e+00  1.000000e+00
    outer loop
      vertex   8.169991e+00 -4.983474e+01 -1.200000e+01
      vertex   5.487744e+00 -5.221240e+01 -1.200000e+01
      vertex   1.091536e+01 -5.135275e+01 -1.200000e+01
    endloop
  endfacet
  facet normal -0.000000e+00  0.000000e+00  1.000000e+00
    outer loop
      vertex   8.169991e+00 -4.983474e+01 -1.200000e+01
      vertex   1.091536e+01 -5.135275e+01 -1.200000e+01
      vertex   1.351018e+01 -4.865928e+01 -1.200000e+01
    endloop
  endfacet
  facet normal  0.000000e+00  0.000000e+00  1.000000e+00
    outer loop
      vertex   1.351018e+01 -4.865928e+01 -1.200000e+01
      vertex   1.091536e+01 -5.135275e+01 -1.200000e+01
      vertex   1.622339e+01 -4.993047e+01 -1.200000e+01
    endloop
  endfacet
  facet normal -0.000000e+00  0.000000e+00  1.000000e+00
    outer loop
      vertex   1.351018e+01 -4.865928e+01 -1.200000e+01
      vertex   1.622339e+01 -4.993047e+01 -1.200000e+01
      vertex   1.869198e+01 -4.691332e+01 -1.200000e+01
    endloop
  endfacet
  facet normal  0.000000e+00  0.000000e+00  1.000000e+00
    outer loop
      vertex   1.869198e+01 -4.691332e+01 -1.200000e+01
      vertex   1.622339e+01 -4.993047e+01 -1.200000e+01
      vertex   2.135367e+01 -4.796114e+01 -1.200000e+01
    endloop
  endfacet
  facet normal -0.000000e+00  0.000000e+00  1.000000e+00
    outer loop
      vertex   1.869198e+01 -4.691332e+01 -1.200000e+01
      vertex   2.135367e+01 -4.796114e+01 -1.200000e+01
      vertex   2.365462e+01 -4.461736e+01 -1.200000e+01
    endloop
  endfacet
  facet normal  0.000000e+00  0.000000e+00  1.000000e+00
    outer loop
      vertex   2.365462e+01 -4.461736e+01 -1.200000e+01
      vertex   2.135367e+01 -4.796114e+01 -1.200000e+01
      vertex   2.625000e+01 -4.546633e+01 -1.200000e+01
    endloop
  endfacet
  facet normal -0.000000e+00  0.000000e+00  1.000000e+00
    outer loop
      vertex   2.365462e+01 -4.461736e+01 -1.200000e+01
      vertex   2.625000e+01 -4.546633e+01 -1.200000e+01
      vertex   2.833995e+01 -4.179829e+01 -1.200000e+01
    endloop
  endfacet
  facet normal  0.000000e+00  0.000000e+00  1.000000e+00
    outer loop
      vertex   2.833995e+01 -4.179829e+01 -1.200000e+01
      vertex   2.625000e+01 -4.546633e+01 -1.200000e+01
      vertex   3.085873e+01 -4.247339e+01 -1.200000e+01
    endloop
  endfacet
  facet normal -0.000000e+00  0.000000e+00  1.000000e+00
    outer loop
      vertex   2.833995e+01 -4.179829e+01 -1.200000e+01
      vertex   3.085873e+01 -4.247339e+01 -1.200000e+01
      vertex   3.269301e+01 -3.848919e+01 -1.200000e+01
    endloop
  endfacet
  facet normal  0.000000e+00  0.000000e+00  1.000000e+00
    outer loop
      vertex   3.269301e+01 -3.848919e+01 -1.200000e+01
      vertex   3.085873e+01 -4.247339e+01 -1.200000e+01
      vertex   3.512936e+01 -3.901510e+01 -1.200000e+01
    endloop
  endfacet
  facet normal -0.000000e+00  0.000000e+00  1.000000e+00
    outer loop
      vertex   3.269301e+01 -3.848919e+01 -1.200000e+01
      vertex   3.512936e+01 -3.901510e+01 -1.200000e+01
      vertex   3.666277e+01 -3.472882e+01 -1.200000e+01
    endloop
  endfacet
  facet normal  0.000000e+00  0.000000e+00  1.000000e+00
    outer loop
      vertex   3.666277e+01 -3.472882e+01 -1.200000e+01
      vertex   3.512936e+01 -3.901510e+01 -1.200000e+01
      vertex   3.901510e+01 -3.512936e+01 -1.200000e+01
    endloop
  endfacet
  facet normal -0.000000e+00  0.000000e+00  1.000000e+00
    outer loop
      vertex   3.666277e+01 -3.472882e+01 -1.200000e+01
      vertex   3.901510e+01 -3.512936e+01 -1.200000e+01
      vertex   4.020270e+01 -3.056130e+01 -1.200000e+01
    endloop
  endfacet
  facet normal  0.000000e+00  0.000000e+00  1.000000e+00
    outer loop
      vertex   4.020270e+01 -3.056130e+01 -1.200000e+01
      vertex   3.901510e+01 -3.512936e+01 -1.200000e+01
      vertex   4.247339e+01 -3.085873e+01 -1.200000e+01
    endloop
  endfacet
  facet normal -0.000000e+00  0.000000e+00  1.000000e+00
    outer loop
      vertex   4.020270e+01 -3.056130e+01 -1.200000e+01
      vertex   4.247339e+01 -3.085873e+01 -1.200000e+01
      vertex   4.327129e+01 -2.603547e+01 -1.200000e+01
    endloop
  endfacet
  facet normal  0.000000e+00  0.000000e+00  1.000000e+00
    outer loop
      vertex   4.327129e+01 -2.603547e+01 -1.200000e+01
      vertex   4.247339e+01 -3.085873e+01 -1.200000e+01
      vertex   4.546633e+01 -2.625000e+01 -1.200000e+01
    endloop
  endfacet
  facet normal -0.000000e+00  0.000000e+00  1.000000e+00
    outer loop
      vertex   4.327129e+01 -2.603547e+01 -1.200000e+01
      vertex   4.546633e+01 -2.625000e+01 -1.200000e+01
      vertex   4.583256e+01 -2.120440e+01 -1.200000e+01
    endloop
  endfacet
  facet normal  0.000000e+00  0.000000e+00  1.000000e+00
    outer loop
      vertex   4.583256e+01 -2.120440e+01 -1.200000e+01
      vertex   4.546633e+01 -2.625000e+01 -1.200000e+01
      vertex   4.796114e+01 -2.135367e+01 -1.200000e+01
    endloop
  endfacet
  facet normal -0.000000e+00  0.000000e+00  1.000000e+00
    outer loop
      vertex   4.583256e+01 -2.120440e+01 -1.200000e+01
      vertex   4.796114e+01 -2.135367e+01 -1.200000e+01
      vertex   4.785648e+01 -1.612473e+01 -1.200000e+01
    endloop
  endfacet
  facet normal  0.000000e+00  0.000000e+00  1.000000e+00
    outer loop
      vertex   4.785648e+01 -1.612473e+01 -1.200000e+01
      vertex   4.796114e+01 -2.135367e+01 -1.200000e+01
      vertex   4.993047e+01 -1.622339e+01 -1.200000e+01
    endloop
  endfacet
  facet normal -0.000000e+00  0.000000e+00  1.000000e+00
    outer loop
      vertex   4.785648e+01 -1.612473e+01 -1.200000e+01
      vertex   4.993047e+01 -1.622339e+01 -1.200000e+01
      vertex   4.931934e+01 -1.085601e+01 -1.200000e+01
    endloop
  endfacet
  facet normal  0.000000e+00  0.000000e+00  1.000000e+00
    outer loop
      vertex   4.931934e+01 -1.085601e+01 -1.200000e+01
      vertex   4.993047e+01 -1.622339e+01 -1.200000e+01
      vertex   5.135275e+01 -1.091536e+01 -1.200000e+01
    endloop
  endfacet
  facet normal -0.000000e+00  0.000000e+00  1.000000e+00
    outer loop
      vertex   4.931934e+01 -1.085601e+01 -1.200000e+01
      vertex   5.135275e+01 -1.091536e+01 -1.200000e+01
      vertex   5.020397e+01 -5.460010e+00 -1.200000e+01
    endloop
  endfacet
  facet normal  0.000000e+00  0.000000e+00  1.000000e+00
    outer loop
      vertex   5.020397e+01 -5.460010e+00 -1.200000e+01
      vertex   5.135275e+01 -1.091536e+01 -1.200000e+01
      vertex   5.221240e+01 -5.487744e+00 -1.200000e+01
    endloop
  endfacet
  facet normal -0.000000e+00  0.000000e+00  1.000000e+00
    outer loop
      vertex   5.020397e+01 -5.460010e+00 -1.200000e+01
      vertex   5.221240e+01 -5.487744e+00 -1.200000e+01
      vertex   5.050000e+01  0.000000e+00 -1.200000e+01
    endloop
  endfacet
  facet normal  0.000000e+00 -0.000000e+00 -1.000000e+00
    outer loop
      vertex   5.221240e+01  5.487744e+00 -1.600000e+01
      vertex   5.250000e+01  0.000000e+00 -1.600000e+01
      vertex   5.050000e+01  0.000000e+00 -1.600000e+01
    endloop
  endfacet
  facet normal  0.000000e+00  0.000000e+00 -1.000000e+00
    outer loop
      vertex   5.050000e+01  0.000000e+00 -1.600000e+01
      vertex   5.250000e+01  0.000000e+00 -1.600000e+01
      vertex   5.221240e+01 -5.487744e+00 -1.600000e+01
    endloop
  endfacet
  facet normal  0.000000e+00 -0.000000e+00 -1.000000e+00
    outer loop
      vertex   5.050000e+01  0.000000e+00 -1.600000e+01
      vertex   5.221240e+01 -5.487744e+00 -1.600000e+01
      vertex   5.020397e+01 -5.460010e+00 -1.600000e+01
    endloop
  endfacet
  facet normal  0.000000e+00  0.000000e+00 -1.000000e+00
    outer loop
      vertex   5.020397e+01 -5.460010e+00 -1.600000e+01
      vertex   5.221240e+01 -5.487744e+00 -1.600000e+01
      vertex   5.135275e+01 -1.091536e+01 -1.600000e+01
    endloop
  endfacet
  facet normal  0.000000e+00 -0.000000e+00 -1.000000e+00
    outer loop
      vertex   5.020397e+01 -5.460010e+00 -1.600000e+01
      vertex   5.135275e+01 -1.091536e+01 -1.600000e+01
      vertex   4.931934e+01 -1.085601e+01 -1.600000e+01
    endloop
  endfacet
  facet normal  0.000000e+00  0.000000e+00 -1.000000e+00
    outer loop
      vertex   4.931934e+01 -1.085601e+01 -1.600000e+01
      vertex   5.135275e+01 -1.091536e+01 -1.600000e+01
      vertex   4.993047e+01 -1.622339e+01 -1.600000e+01
    endloop
  endfacet
  facet normal  0.000000e+00 -0.000000e+00 -1.000000e+00
    outer loop
      vertex   4.931934e+01 -1.085601e+01 -1.600000e+01
      vertex   4.993047e+01 -1.622339e+01 -1.600000e+01
      vertex   4.785648e+01 -1.612473e+01 -1.600000e+01
    endloop
  endfacet
  facet normal  0.000000e+00  0.000000e+00 -1.000000e+00
    outer loop
      vertex   4.785648e+01 -1.612473e+01 -1.600000e+01
      vertex   4.993047e+01 -1.622339e+01 -1.600000e+01
      vertex   4.796114e+01 -2.135367e+01 -1.600000e+01
    endloop
  endfacet
  facet normal  0.000000e+00 -0.000000e+00 -1.000000e+00
    outer loop
      vertex   4.785648e+01 -1.612473e+01 -1.600000e+01
      vertex   4.796114e+01 -2.135367e+01 -1.600000e+01
      vertex   4.583256e+01 -2.120440e+01 -1.600000e+01
    endloop
  endfacet
  facet normal  0.000000e+00 -0.000000e+00 -1.000000e+00
    outer loop
      vertex   4.583256e+01 -2.120440e+01 -1.600000e+01
      vertex   4.796114e+01 -2.135367e+01 -1.600000e+01
      vertex   4.546633e+01 -2.625000e+01 -1.600000e+01
    endloop
  endfacet
  facet normal  0.000000e+00  0.000000e+00 -1.000000e+00
    outer loop
      vertex   4.583256e+01 -2.120440e+01 -1.600000e+01
      vertex   4.546633e+01 -2.625000e+01 -1.600000e+01
      vertex   4.327129e+01 -2.603547e+01 -1.600000e+01
    endloop
  endfacet
  facet normal  0.000000e+00 -0.000000e+00 -1.000000e+00
    outer loop
      vertex   4.327129e+01 -2.603547e+01 -1.600000e+01
      vertex   4.546633e+01 -2.625000e+01 -1.600000e+01
      vertex   4.247339e+01 -3.085873e+01 -1.600000e+01
    endloop
  endfacet
  facet normal  0.000000e+00  0.000000e+00 -1.000000e+00
    outer loop
      vertex   4.327129e+01 -2.603547e+01 -1.600000e+01
      vertex   4.247339e+01 -3.085873e+01 -1.600000e+01
      vertex   4.020270e+01 -3.056130e+01 -1.600000e+01
    endloop
  endfacet
  facet normal  0.000000e+00 -0.000000e+00 -1.000000e+00
    outer loop
      vertex   4.020270e+01 -3.056130e+01 -1.600000e+01
      vertex   4.247339e+01 -3.085873e+01 -1.600000e+01
      vertex   3.901510e+01 -3.512936e+01 -1.600000e+01
    endloop
  endfacet
  facet normal  0.000000e+00  0.000000e+00 -1.000000e+00
    outer loop
      vertex   4.020270e+01 -3.056130e+01 -1.600000e+01
      vertex   3.901510e+01 -3.512936e+01 -1.600000e+01
      vertex   3.666277e+01 -3.472882e+01 -1.600000e+01
    endloop
  endfacet
  facet normal  0.000000e+00 -0.000000e+00 -1.000000e+00
    outer loop
      vertex   3.666277e+01 -3.472882e+01 -1.600000e+01
      vertex   3.901510e+01 -3.512936e+01 -1.600000e+01
      vertex   3.512936e+01 -3.901510e+01 -1.600000e+01
    endloop
  endfacet
  facet normal  0.000000e+00  0.000000e+00 -1.000000e+00
    outer loop
      vertex   3.666277e+01 -3.472882e+01 -1.600000e+01
      vertex   3.512936e+01 -3.901510e+01 -1.600000e+01
      vertex   3.269301e+01 -3.848919e+01 -1.600000e+01
    endloop
  endfacet
  facet normal  0.000000e+00 -0.000000e+00 -1.000000e+00
    outer loop
      vertex   3.269301e+01 -3.848919e+01 -1.600000e+01
      vertex   3.512936e+01 -3.901510e+01 -1.600000e+01
      vertex   3.085873e+01 -4.247339e+01 -1.600000e+01
    endloop
  endfacet
  facet normal  0.000000e+00  0.000000e+00 -1.000000e+00
    outer loop
      vertex   3.269301e+01 -3.848919e+01 -1.600000e+01
      vertex   3.085873e+01 -4.247339e+01 -1.600000e+01
      vertex   2.833995e+01 -4.179829e+01 -1.600000e+01
    endloop
  endfacet
  facet normal  0.000000e+00 -0.000000e+00 -1.000000e+00
    outer loop
      vertex   2.833995e+01 -4.179829e+01 -1.600000e+01
      vertex   3.085873e+01 -4.247339e+01 -1.600000e+01
      vertex   2.625000e+01 -4.546633e+01 -1.600000e+01
    endloop
  endfacet
  facet normal  0.000000e+00  0.000000e+00 -1.000000e+00
    outer loop
      vertex   2.833995e+01 -4.179829e+01 -1.600000e+01
      vertex   2.625000e+01 -4.546633e+01 -1.600000e+01
      vertex   2.365462e+01 -4.461736e+01 -1.600000e+01
    endloop
  endfacet
  facet normal  0.000000e+00 -0.000000e+00 -1.000000e+00
    outer loop
      vertex   2.365462e+01 -4.461736e+01 -1.600000e+01
      vertex   2.625000e+01 -4.546633e+01 -1.600000e+01
      vertex   2.135367e+01 -4.796114e+01 -1.600000e+01
    endloop
  endfacet
  facet normal  0.000000e+00  0.000000e+00 -1.000000e+00
    outer loop
      vertex   2.365462e+01 -4.461736e+01 -1.600000e+01
      vertex   2.135367e+01 -4.796114e+01 -1.600000e+01
      vertex   1.869198e+01 -4.691332e+01 -1.600000e+01
    endloop
  endfacet
  facet normal  0.000000e+00 -0.000000e+00 -1.000000e+00
    outer loop
      vertex   1.869198e+01 -4.691332e+01 -1.600000e+01
      vertex   2.135367e+01 -4.796114e+01 -1.600000e+01
      vertex   1.622339e+01 -4.993047e+01 -1.600000e+01
    endloop
  endfacet
  facet normal  0.000000e+00  0.000000e+00 -1.000000e+00
    outer loop
      vertex   1.869198e+01 -4.691332e+01 -1.600000e+01
      vertex   1.622339e+01 -4.993047e+01 -1.600000e+01
      vertex   1.351018e+01 -4.865928e+01 -1.600000e+01
    endloop
  endfacet
  facet normal  0.000000e+00 -0.000000e+00 -1.000000e+00
    outer loop
      vertex   1.351018e+01 -4.865928e+01 -1.600000e+01
      vertex   1.622339e+01 -4.993047e+01 -1.600000e+01
      vertex   1.091536e+01 -5.135275e+01 -1.600000e+01
    endloop
  endfacet
  facet normal  0.000000e+00  0.000000e+00 -1.000000e+00
    outer loop
      vertex   1.351018e+01 -4.865928e+01 -1.600000e+01
      vertex   1.091536e+01 -5.135275e+01 -1.600000e+01
      vertex   8.169991e+00 -4.983474e+01 -1.600000e+01
    endloop
  endfacet
  facet normal  0.000000e+00 -0.000000e+00 -1.000000e+00
    outer loop
      vertex   8.169991e+00 -4.983474e+01 -1.600000e+01
      vertex   1.091536e+01 -5.135275e+01 -1.600000e+01
      vertex   5.487744e+00 -5.221240e+01 -1.600000e+01
    endloop
  endfacet
  facet normal  0.000000e+00  0.000000e+00 -1.000000e+00
    outer loop
      vertex   8.169991e+00 -4.983474e+01 -1.600000e+01
      vertex   5.487744e+00 -5.221240e+01 -1.600000e+01
      vertex   2.734015e+00 -5.042594e+01 -1.600000e+01
    endloop
  endfacet
  facet normal  0.000000e+00 -0.000000e+00 -1.000000e+00
    outer loop
      vertex   2.734015e+00 -5.042594e+01 -1.600000e+01
      vertex   5.487744e+00 -5.221240e+01 -1.600000e+01
      vertex   0.000000e+00 -5.250000e+01 -1.600000e+01
    endloop
  endfacet
  facet normal -0.000000e+00  0.000000e+00 -1.000000e+00
    outer loop
      vertex   2.734015e+00 -5.042594e+01 -1.600000e+01
      vertex   0.000000e+00 -5.250000e+01 -1.600000e+01
      vertex  -2.734015e+00 -5.042594e+01 -1.600000e+01
    endloop
  endfacet
  facet normal  0.000000e+00 -0.000000e+00 -1.000000e+00
    outer loop
      vertex  -2.734015e+00 -5.042594e+01 -1.600000e+01
      vertex   0.000000e+00 -5.250000e+01 -1.600000e+01
      vertex  -5.487744e+00 -5.221240e+01 -1.600000e+01
    endloop
  endfacet
  facet normal -0.000000e+00  0.000000e+00 -1.000000e+00
    outer loop
      vertex  -2.734015e+00 -5.042594e+01 -1.600000e+01
      vertex  -5.487744e+00 -5.221240e+01 -1.600000e+01
      vertex  -8.169991e+00 -4.983474e+01 -1.600000e+01
    endloop
  endfacet
  facet normal  0.000000e+00 -0.000000e+00 -1.000000e+00
    outer loop
      vertex  -8.169991e+00 -4.983474e+01 -1.600000e+01
      vertex  -5.487744e+00 -5.221240e+01 -1.600000e+01
      vertex  -1.091536e+01 -5.135275e+01 -1.600000e+01
    endloop
  endfacet
  facet normal -0.000000e+00  0.000000e+00 -1.000000e+00
    outer loop
      vertex  -8.169991e+00 -4.983474e+01 -1.600000e+01
      vertex  -1.091536e+01 -5.135275e+01 -1.600000e+01
      vertex  -1.351018e+01 -4.865928e+01 -1.600000e+01
    endloop
  endfacet
  facet normal  0.000000e+00 -0.000000e+00 -1.000000e+00
    outer loop
      vertex  -1.351018e+01 -4.865928e+01 -1.600000e+01
      vertex  -1.091536e+01 -5.135275e+01 -1.600000e+01
      vertex  -1.622339e+01 -4.993047e+01 -1.600000e+01
    endloop
  endfacet
  facet normal -0.000000e+00  0.000000e+00 -1.000000e+00
    outer loop
      vertex  -1.351018e+01 -4.865928e+01 -1.600000e+01
      vertex  -1.622339e+01 -4.993047e+01 -1.600000e+01
      vertex  -1.869198e+01 -4.691332e+01 -1.600000e+01
    endloop
  endfacet
  facet normal  0.000000e+00 -0.000000e+00 -1.000000e+00
    outer loop
      vertex  -1.869198e+01 -4.691332e+01 -1.600000e+01
      vertex  -1.622339e+01 -4.993047e+01 -1.600000e+01
      vertex  -2.135367e+01 -4.796114e+01 -1.600000e+01
    endloop
  endfacet
  facet normal -0.000000e+00  0.000000e+00 -1.000000e+00
    outer loop
      vertex  -1.869198e+01 -4.691332e+01 -1.600000e+01
      vertex  -2.135367e+01 -4.796114e+01 -1.600000e+01
      vertex  -2.365462e+01 -4.461736e+01 -1.600000e+01
    endloop
  endfacet
  facet normal  0.000000e+00 -0.000000e+00 -1.000000e+00
    outer loop
      vertex  -2.365462e+01 -4.461736e+01 -1.600000e+01
      vertex  -2.135367e+01 -4.796114e+01 -1.600000e+01
      vertex  -2.625000e+01 -4.546633e+01 -1.600000e+01
    endloop
  endfacet
  facet normal -0.000000e+00  0.000000e+00 -1.000000e+00
    outer loop
      vertex  -2.365462e+01 -4.461736e+01 -1.600000e+01
      vertex  -2.625000e+01 -4.546633e+01 -1.600000e+01
      vertex  -2.833995e+01 -4.179829e+01 -1.600000e+01
    endloop
  endfacet
  facet normal  0.000000e+00 -0.000000e+00 -1.000000e+00
    outer loop
      vertex  -2.833995e+01 -4.179829e+01 -1.600000e+01
      vertex  -2.625000e+01 -4.546633e+01 -1.600000e+01
      vertex  -3.085873e+01 -4.247339e+01 -1.600000e+01
    endloop
  endfacet
  facet normal -0.000000e+00  0.000000e+00 -1.000000e+00
    outer loop
      vertex  -2.833995e+01 -4.179829e+01 -1.600000e+01
      vertex  -3.085873e+01 -4.247339e+01 -1.600000e+01
      vertex  -3.269301e+01 -3.848919e+01 -1.600000e+01
    endloop
  endfacet
  facet normal  0.000000e+00 -0.000000e+00 -1.000000e+00
    outer loop
      vertex  -3.269301e+01 -3.848919e+01 -1.600000e+01
      vertex  -3.085873e+01 -4.247339e+01 -1.600000e+01
      vertex  -3.512936e+01 -3.901510e+01 -1.600000e+01
    endloop
  endfacet
  facet normal -0.000000e+00  0.000000e+00 -1.000000e+00
    outer loop
      vertex  -3.269301e+01 -3.848919e+01 -1.600000e+01
      vertex  -3.512936e+01 -3.901510e+01 -1.600000e+01
      vertex  -3.666277e+01 -3.472882e+01 -1.600000e+01
    endloop
  endfacet
  facet normal  0.000000e+00 -0.000000e+00 -1.000000e+00
    outer loop
      vertex  -3.666277e+01 -3.472882e+01 -1.600000e+01
      vertex  -3.512936e+01 -3.901510e+01 -1.600000e+01
      vertex  -3.901510e+01 -3.512936e+01 -1.600000e+01
    endloop
  endfacet
  facet normal -0.000000e+00  0.000000e+00 -1.000000e+00
    outer loop
      vertex  -3.666277e+01 -3.472882e+01 -1.600000e+01
      vertex  -3.901510e+01 -3.512936e+01 -1.600000e+01
      vertex  -4.020270e+01 -3.056130e+01 -1.600000e+01
    endloop
  endfacet
  facet normal  0.000000e+00 -0.000000e+00 -1.000000e+00
    outer loop
      vertex  -4.020270e+01 -3.056130e+01 -1.600000e+01
      vertex  -3.901510e+01 -3.512936e+01 -1.600000e+01
      vertex  -4.247339e+01 -3.085873e+01 -1.600000e+01
    endloop
  endfacet
  facet normal -0.000000e+00  0.000000e+00 -1.000000e+00
    outer loop
      vertex  -4.020270e+01 -3.056130e+01 -1.600000e+01
      vertex  -4.247339e+01 -3.085873e+01 -1.600000e+01
      vertex  -4.327129e+01 -2.603547e+01 -1.600000e+01
    endloop
  endfacet
  facet normal  0.000000e+00 -0.000000e+00 -1.000000e+00
    outer loop
      vertex  -4.327129e+01 -2.603547e+01 -1.600000e+01
      vertex  -4.247339e+01 -3.085873e+01 -1.600000e+01
      vertex  -4.546633e+01 -2.625000e+01 -1.600000e+01
    endloop
  endfacet
  facet normal -0.000000e+00  0.000000e+00 -1.000000e+00
    outer loop
      vertex  -4.327129e+01 -2.603547e+01 -1.600000e+01
      vertex  -4.546633e+01 -2.625000e+01 -1.600000e+01
      vertex  -4.583256e+01 -2.120440e+01 -1.600000e+01
    endloop
  endfacet
  facet normal  0.000000e+00 -0.000000e+00 -1.000000e+00
    outer loop
      vertex  -4.583256e+01 -2.120440e+01 -1.600000e+01
      vertex  -4.546633e+01 -2.625000e+01 -1.600000e+01
      vertex  -4.796114e+01 -2.135367e+01 -1.600000e+01
    endloop
  endfacet
  facet normal -0.000000e+00  0.000000e+00 -1.000000e+00
    outer loop
      vertex  -4.583256e+01 -2.120440e+01 -1.600000e+01
      vertex  -4.796114e+01 -2.135367e+01 -1.600000e+01
      vertex  -4.785648e+01 -1.612473e+01 -1.600000e+01
    endloop
  endfacet
  facet normal  0.000000e+00  0.000000e+00 -1.000000e+00
    outer loop
      vertex  -4.785648e+01 -1.612473e+01 -1.600000e+01
      vertex  -4.796114e+01 -2.135367e+01 -1.600000e+01
      vertex  -4.993047e+01 -1.622339e+01 -1.600000e+01
    endloop
  endfacet
  facet normal -0.000000e+00  0.000000e+00 -1.000000e+00
    outer loop
      vertex  -4.785648e+01 -1.612473e+01 -1.600000e+01
      vertex  -4.993047e+01 -1.622339e+01 -1.600000e+01
      vertex  -4.931934e+01 -1.085601e+01 -1.600000e+01
    endloop
  endfacet
  facet normal  0.000000e+00  0.000000e+00 -1.000000e+00
    outer loop
      vertex  -4.931934e+01 -1.085601e+01 -1.600000e+01
      vertex  -4.993047e+01 -1.622339e+01 -1.600000e+01
      vertex  -5.135275e+01 -1.091536e+01 -1.600000e+01
    endloop
  endfacet
  facet normal -0.000000e+00  0.000000e+00 -1.000000e+00
    outer loop
      vertex  -4.931934e+01 -1.085601e+01 -1.600000e+01
      vertex  -5.135275e+01 -1.091536e+01 -1.600000e+01
      vertex  -5.020397e+01 -5.460010e+00 -1.600000e+01
    endloop
  endfacet
  facet normal  0.000000e+00  0.000000e+00 -1.000000e+00
    outer loop
      vertex  -5.020397e+01 -5.460010e+00 -1.600000e+01
      vertex  -5.135275e+01 -1.091536e+01 -1.600000e+01
      vertex  -5.221240e+01 -5.487744e+00 -1.600000e+01
    endloop
  endfacet
  facet normal -0.000000e+00  0.000000e+00 -1.000000e+00
    outer loop
      vertex  -5.020397e+01 -5.460010e+00 -1.600000e+01
      vertex  -5.221240e+01 -5.487744e+00 -1.600000e+01
      vertex  -5.050000e+01  0.000000e+00 -1.600000e+01
    endloop
  endfacet
  facet normal -0.000000e+00  0.000000e+00 -1.000000e+00
    outer loop
      vertex  -5.050000e+01  0.000000e+00 -1.600000e+01
      vertex  -5.221240e+01 -5.487744e+00 -1.600000e+01
      vertex  -5.250000e+01  0.000000e+00 -1.600000e+01
    endloop
  endfacet
  facet normal  0.000000e+00  0.000000e+00 -1.000000e+00
    outer loop
      vertex  -5.050000e+01  0.000000e+00 -1.600000e+01
      vertex  -5.250000e+01  0.000000e+00 -1.600000e+01
      vertex  -5.221240e+01  5.487744e+00 -1.600000e+01
    endloop
  endfacet
  facet normal  0.000000e+00  0.000000e+00 -1.000000e+00
    outer loop
      vertex  -5.050000e+01  0.000000e+00 -1.600000e+01
      vertex  -5.221240e+01  5.487744e+00 -1.600000e+01
      vertex  -5.020397e+01  5.460010e+00 -1.600000e+01
    endloop
  endfacet
  facet normal  0.000000e+00  0.000000e+00 -1.000000e+00
    outer loop
      vertex  -5.020397e+01  5.460010e+00 -1.600000e+01
      vertex  -5.221240e+01  5.487744e+00 -1.600000e+01
      vertex  -5.135275e+01  1.091536e+01 -1.600000e+01
    endloop
  endfacet
  facet normal  0.000000e+00  0.000000e+00 -1.000000e+00
    outer loop
      vertex  -5.020397e+01  5.460010e+00 -1.600000e+01
      vertex  -5.135275e+01  1.091536e+01 -1.600000e+01
      vertex  -4.931934e+01  1.085601e+01 -1.600000e+01
    endloop
  endfacet
  facet normal  0.000000e+00  0.000000e+00 -1.000000e+00
    outer loop
      vertex  -4.931934e+01  1.085601e+01 -1.600000e+01
      vertex  -5.135275e+01  1.091536e+01 -1.600000e+01
      vertex  -4.993047e+01  1.622339e+01 -1.600000e+01
    endloop
  endfacet
  facet normal  0.000000e+00  0.000000e+00 -1.000000e+00
    outer loop
      vertex  -4.931934e+01  1.085601e+01 -1.600000e+01
      vertex  -4.993047e+01  1.622339e+01 -1.600000e+01
      vertex  -4.785648e+01  1.612473e+01 -1.600000e+01
    endloop
  endfacet
  facet normal  0.000000e+00  0.000000e+00 -1.000000e+00
    outer loop
      vertex  -4.785648e+01  1.612473e+01 -1.600000e+01
      vertex  -4.993047e+01  1.622339e+01 -1.600000e+01
      vertex  -4.796114e+01  2.135367e+01 -1.600000e+01
    endloop
  endfacet
  facet normal  0.000000e+00  0.000000e+00 -1.000000e+00
    outer loop
      vertex  -4.785648e+01  1.612473e+01 -1.600000e+01
      vertex  -4.796114e+01  2.135367e+01 -1.600000e+01
      vertex  -4.583256e+01  2.120440e+01 -1.600000e+01
    endloop
  endfacet
  facet normal  0.000000e+00  0.000000e+00 -1.000000e+00
    outer loop
      vertex  -4.583256e+01  2.120440e+01 -1.600000e+01
      vertex  -4.796114e+01  2.135367e+01 -1.600000e+01
      vertex  -4.546633e+01  2.625000e+01 -1.600000e+01
    endloop
  endfacet
  facet normal  0.000000e+00  0.000000e+00 -1.000000e+00
    outer loop
      vertex  -4.583256e+01  2.120440e+01 -1.600000e+01
      vertex  -4.546633e+01  2.625000e+01 -1.600000e+01
      vertex  -4.327129e+01  2.603547e+01 -1.600000e+01
    endloop
  endfacet
  facet normal  0.000000e+00  0.000000e+00 -1.000000e+00
    outer loop
      vertex  -4.327129e+01  2.603547e+01 -1.600000e+01
      vertex  -4.546633e+01  2.625000e+01 -1.600000e+01
      vertex  -4.247339e+01  3.085873e+01 -1.600000e+01
    endloop
  endfacet
  facet normal  0.000000e+00  0.000000e+00 -1.000000e+00
    outer loop
      vertex  -4.327129e+01  2.603547e+01 -1.600000e+01
      vertex  -4.247339e+01  3.085873e+01 -1.600000e+01
      vertex  -4.020270e+01  3.056130e+01 -1.600000e+01
    endloop
  endfacet
  facet normal  0.000000e+00  0.000000e+00 -1.000000e+00
    outer loop
      vertex  -4.020270e+01  3.056130e+01 -1.600000e+01
      vertex  -4.247339e+01  3.085873e+01 -1.600000e+01
      vertex  -3.901510e+01  3.512936e+01 -1.600000e+01
    endloop
  endfacet
  facet normal  0.000000e+00  0.000000e+00 -1.000000e+00
    outer loop
      vertex  -4.020270e+01  3.056130e+01 -1.600000e+01
      vertex  -3.901510e+01  3.512936e+01 -1.600000e+01
      vertex  -3.666277e+01  3.472882e+01 -1.600000e+01
    endloop
  endfacet
  facet normal  0.000000e+00  0.000000e+00 -1.000000e+00
    outer loop
      vertex  -3.666277e+01  3.472882e+01 -1.600000e+01
      vertex  -3.901510e+01  3.512936e+01 -1.600000e+01
      vertex  -3.512936e+01  3.901510e+01 -1.600000e+01
    endloop
  endfacet
  facet normal  0.000000e+00  0.000000e+00 -1.000000e+00
    outer loop
      vertex  -3.666277e+01  3.472882e+01 -1.600000e+01
      vertex  -3.512936e+01  3.901510e+01 -1.600000e+01
      vertex  -3.269301e+01  3.848919e+01 -1.600000e+01
    endloop
  endfacet
  facet normal  0.000000e+00  0.000000e+00 -1.000000e+00
    outer loop
      vertex  -3.269301e+01  3.848919e+01 -1.600000e+01
      vertex  -3.512936e+01  3.901510e+01 -1.600000e+01
      vertex  -3.085873e+01  4.247339e+01 -1.600000e+01
    endloop
  endfacet
  facet normal  0.000000e+00  0.000000e+00 -1.000000e+00
    outer loop
      vertex  -3.269301e+01  3.848919e+01 -1.600000e+01
      vertex  -3.085873e+01  4.247339e+01 -1.600000e+01
      vertex  -2.833995e+01  4.179829e+01 -1.600000e+01
    endloop
  endfacet
  facet normal  0.000000e+00  0.000000e+00 -1.000000e+00
    outer loop
      vertex  -2.833995e+01  4.179829e+01 -1.600000e+01
      vertex  -3.085873e+01  4.247339e+01 -1.600000e+01
      vertex  -2.625000e+01  4.546633e+01 -1.600000e+01
    endloop
  endfacet
  facet normal  0.000000e+00  0.000000e+00 -1.000000e+00
    outer loop
      vertex  -2.833995e+01  4.179829e+01 -1.600000e+01
      vertex  -2.625000e+01  4.546633e+01 -1.600000e+01
      vertex  -2.365462e+01  4.461736e+01 -1.600000e+01
    endloop
  endfacet
  facet normal  0.000000e+00  0.000000e+00 -1.000000e+00
    outer loop
      vertex  -2.365462e+01  4.461736e+01 -1.600000e+01
      vertex  -2.625000e+01  4.546633e+01 -1.600000e+01
      vertex  -2.135367e+01  4.796114e+01 -1.600000e+01
    endloop
  endfacet
  facet normal  0.000000e+00  0.000000e+00 -1.000000e+00
    outer loop
      vertex  -2.365462e+01  4.461736e+01 -1.600000e+01
      vertex  -2.135367e+01  4.796114e+01 -1.600000e+01
      vertex  -1.869198e+01  4.691332e+01 -1.600000e+01
    endloop
  endfacet
  facet normal  0.000000e+00  0.000000e+00 -1.000000e+00
    outer loop
      vertex  -1.869198e+01  4.691332e+01 -1.600000e+01
      vertex  -2.135367e+01  4.796114e+01 -1.600000e+01
      vertex  -1.622339e+01  4.993047e+01 -1.600000e+01
    endloop
  endfacet
  facet normal  0.000000e+00  0.000000e+00 -1.000000e+00
    outer loop
      vertex  -1.869198e+01  4.691332e+01 -1.600000e+01
      vertex  -1.622339e+01  4.993047e+01 -1.600000e+01
      vertex  -1.351018e+01  4.865928e+01 -1.600000e+01
    endloop
  endfacet
  facet normal  0.000000e+00  0.000000e+00 -1.000000e+00
    outer loop
      vertex  -1.351018e+01  4.865928e+01 -1.600000e+01
      vertex  -1.622339e+01  4.993047e+01 -1.600000e+01
      vertex  -1.091536e+01  5.135275e+01 -1.600000e+01
    endloop
  endfacet
  facet normal  0.000000e+00  0.000000e+00 -1.000000e+00
    outer loop
      vertex  -1.351018e+01  4.865928e+01 -1.600000e+01
      vertex  -1.091536e+01  5.135275e+01 -1.600000e+01
      vertex  -8.169991e+00  4.983474e+01 -1.600000e+01
    endloop
  endfacet
  facet normal  0.000000e+00  0.000000e+00 -1.000000e+00
    outer loop
      vertex  -8.169991e+00  4.983474e+01 -1.600000e+01
      vertex  -1.091536e+01  5.135275e+01 -1.600000e+01
      vertex  -5.487744e+00  5.221240e+01 -1.600000e+01
    endloop
  endfacet
  facet normal  0.000000e+00  0.000000e+00 -1.000000e+00
    outer loop
      vertex  -8.169991e+00  4.983474e+01 -1.600000e+01
      vertex  -5.487744e+00  5.221240e+01 -1.600000e+01
      vertex  -2.734015e+00  5.042594e+01 -1.600000e+01
    endloop
  endfacet
  facet normal  0.000000e+00  0.000000e+00 -1.000000e+00
    outer loop
      vertex  -2.734015e+00  5.042594e+01 -1.600000e+01
      vertex  -5.487744e+00  5.221240e+01 -1.600000e+01
      vertex   0.000000e+00  5.250000e+01 -1.600000e+01
    endloop
  endfacet
  facet normal  0.000000e+00  0.000000e+00 -1.000000e+00
    outer loop
      vertex  -2.734015e+00  5.042594e+01 -1.600000e+01
      vertex   0.000000e+00  5.250000e+01 -1.600000e+01
      vertex   2.734015e+00  5.042594e+01 -1.600000e+01
    endloop
  endfacet
  facet normal  0.000000e+00  0.000000e+00 -1.000000e+00
    outer loop
      vertex   2.734015e+00  5.042594e+01 -1.600000e+01
      vertex   0.000000e+00  5.250000e+01 -1.600000e+01
      vertex   5.487744e+00  5.221240e+01 -1.600000e+01
    endloop
  endfacet
  facet normal  0.000000e+00  0.000000e+00 -1.000000e+00
    outer loop
      vertex   2.734015e+00  5.042594e+01 -1.600000e+01
      vertex   5.487744e+00  5.221240e+01 -1.600000e+01
      vertex   8.169991e+00  4.983474e+01 -1.600000e+01
    endloop
  endfacet
  facet normal  0.000000e+00  0.000000e+00 -1.000000e+00
    outer loop
      vertex   8.169991e+00  4.983474e+01 -1.600000e+01
      vertex   5.487744e+00  5.221240e+01 -1.600000e+01
      vertex   1.091536e+01  5.135275e+01 -1.600000e+01
    endloop
  endfacet
  facet normal  0.000000e+00  0.000000e+00 -1.000000e+00
    outer loop
      vertex   8.169991e+00  4.983474e+01 -1.600000e+01
      vertex   1.091536e+01  5.135275e+01 -1.600000e+01
      vertex   1.351018e+01  4.865928e+01 -1.600000e+01
    endloop
  endfacet
  facet normal  0.000000e+00  0.000000e+00 -1.000000e+00
    outer loop
      vertex   1.351018e+01  4.865928e+01 -1.600000e+01
      vertex   1.091536e+01  5.135275e+01 -1.600000e+01
      vertex   1.622339e+01  4.993047e+01 -1.600000e+01
    endloop
  endfacet
  facet normal  0.000000e+00  0.000000e+00 -1.000000e+00
    outer loop
      vertex   1.351018e+01  4.865928e+01 -1.600000e+01
      vertex   1.622339e+01  4.993047e+01 -1.600000e+01
      vertex   1.869198e+01  4.691332e+01 -1.600000e+01
    endloop
  endfacet
  facet normal  0.000000e+00  0.000000e+00 -1.000000e+00
    outer loop
      vertex   1.869198e+01  4.691332e+01 -1.600000e+01
      vertex   1.622339e+01  4.993047e+01 -1.600000e+01
      vertex   2.135367e+01  4.796114e+01 -1.600000e+01
    endloop
  endfacet
  facet normal  0.000000e+00  0.000000e+00 -1.000000e+00
    outer loop
      vertex   1.869198e+01  4.691332e+01 -1.600000e+01
      vertex   2.135367e+01  4.796114e+01 -1.600000e+01
      vertex   2.365462e+01  4.461736e+01 -1.600000e+01
    endloop
  endfacet
  facet normal  0.000000e+00  0.000000e+00 -1.000000e+00
    outer loop
      vertex   2.365462e+01  4.461736e+01 -1.600000e+01
      vertex   2.135367e+01  4.796114e+01 -1.600000e+01
      vertex   2.625000e+01  4.546633e+01 -1.600000e+01
    endloop
  endfacet
  facet normal  0.000000e+00  0.000000e+00 -1.000000e+00
    outer loop
      vertex   2.365462e+01  4.461736e+01 -1.600000e+01
      vertex   2.625000e+01  4.546633e+01 -1.600000e+01
      vertex   2.833995e+01  4.179829e+01 -1.600000e+01
    endloop
  endfacet
  facet normal  0.000000e+00  0.000000e+00 -1.000000e+00
    outer loop
      vertex   2.833995e+01  4.179829e+01 -1.600000e+01
      vertex   2.625000e+01  4.546633e+01 -1.600000e+01
      vertex   3.085873e+01  4.247339e+01 -1.600000e+01
    endloop
  endfacet
  facet normal  0.000000e+00  0.000000e+00 -1.000000e+00
    outer loop
      vertex   2.833995e+01  4.179829e+01 -1.600000e+01
      vertex   3.085873e+01  4.247339e+01 -1.600000e+01
      vertex   3.269301e+01  3.848919e+01 -1.600000e+01
    endloop
  endfacet
  facet normal  0.000000e+00  0.000000e+00 -1.000000e+00
    outer loop
      vertex   3.269301e+01  3.848919e+01 -1.600000e+01
      vertex   3.085873e+01  4.247339e+01 -1.600000e+01
      vertex   3.512936e+01  3.901510e+01 -1.600000e+01
    endloop
  endfacet
  facet normal  0.000000e+00  0.000000e+00 -1.000000e+00
    outer loop
      vertex   3.269301e+01  3.848919e+01 -1.600000e+01
      vertex   3.512936e+01  3.901510e+01 -1.600000e+01
      vertex   3.666277e+01  3.472882e+01 -1.600000e+01
    endloop
  endfacet
  facet normal  0.000000e+00  0.000000e+00 -1.000000e+00
    outer loop
      vertex   3.666277e+01  3.472882e+01 -1.600000e+01
      vertex   3.512936e+01  3.901510e+01 -1.600000e+01
      vertex   3.901510e+01  3.512936e+01 -1.600000e+01
    endloop
  endfacet
  facet normal  0.000000e+00  0.000000e+00 -1.000000e+00
    outer loop
      vertex   3.666277e+01  3.472882e+01 -1.600000e+01
      vertex   3.901510e+01  3.512936e+01 -1.600000e+01
      vertex   4.020270e+01  3.056130e+01 -1.600000e+01
    endloop
  endfacet
  facet normal  0.000000e+00  0.000000e+00 -1.000000e+00
    outer loop
      vertex   4.020270e+01  3.056130e+01 -1.600000e+01
      vertex   3.901510e+01  3.512936e+01 -1.600000e+01
      vertex   4.247339e+01  3.085873e+01 -1.600000e+01
    endloop
  endfacet
  facet normal  0.000000e+00  0.000000e+00 -1.000000e+00
    outer loop
      vertex   4.020270e+01  3.056130e+01 -1.600000e+01
      vertex   4.247339e+01  3.085873e+01 -1.600000e+01
      vertex   4.327129e+01  2.603547e+01 -1.600000e+01
    endloop
  endfacet
  facet normal  0.000000e+00  0.000000e+00 -1.000000e+00
    outer loop
      vertex   4.327129e+01  2.603547e+01 -1.600000e+01
      vertex   4.247339e+01  3.085873e+01 -1.600000e+01
      vertex   4.546633e+01  2.625000e+01 -1.600000e+01
    endloop
  endfacet
  facet normal  0.000000e+00  0.000000e+00 -1.000000e+00
    outer loop
      vertex   4.327129e+01  2.603547e+01 -1.600000e+01
      vertex   4.546633e+01  2.625000e+01 -1.600000e+01
      vertex   4.583256e+01  2.120440e+01 -1.600000e+01
    endloop
  endfacet
  facet normal  0.000000e+00  0.000000e+00 -1.000000e+00
    outer loop
      vertex   4.583256e+01  2.120440e+01 -1.600000e+01
      vertex   4.546633e+01  2.625000e+01 -1.600000e+01
      vertex   4.796114e+01  2.135367e+01 -1.600000e+01
    endloop
  endfacet
  facet normal  0.000000e+00  0.000000e+00 -1.000000e+00
    outer loop
      vertex   4.583256e+01  2.120440e+01 -1.600000e+01
      vertex   4.796114e+01  2.135367e+01 -1.600000e+01
      vertex   4.785648e+01  1.612473e+01 -1.600000e+01
    endloop
  endfacet
  facet normal  0.000000e+00  0.000000e+00 -1.000000e+00
    outer loop
      vertex   4.785648e+01  1.612473e+01 -1.600000e+01
      vertex   4.796114e+01  2.135367e+01 -1.600000e+01
      vertex   4.993047e+01  1.622339e+01 -1.600000e+01
    endloop
  endfacet
  facet normal  0.000000e+00  0.000000e+00 -1.000000e+00
    outer loop
      vertex   4.785648e+01  1.612473e+01 -1.600000e+01
      vertex   4.993047e+01  1.622339e+01 -1.600000e+01
      vertex   4.931934e+01  1.085601e+01 -1.600000e+01
    endloop
  endfacet
  facet normal  0.000000e+00  0.000000e+00 -1.000000e+00
    outer loop
      vertex   4.931934e+01  1.085601e+01 -1.600000e+01
      vertex   4.993047e+01  1.622339e+01 -1.600000e+01
      vertex   5.135275e+01  1.091536e+01 -1.600000e+01
    endloop
  endfacet
  facet normal  0.000000e+00  0.000000e+00 -1.000000e+00
    outer loop
      vertex   4.931934e+01  1.085601e+01 -1.600000e+01
      vertex   5.135275e+01  1.091536e+01 -1.600000e+01
      vertex   5.020397e+01  5.460010e+00 -1.600000e+01
    endloop
  endfacet
  facet normal  0.000000e+00  0.000000e+00 -1.000000e+00
    outer loop
      vertex   5.020397e+01  5.460010e+00 -1.600000e+01
      vertex   5.135275e+01  1.091536e+01 -1.600000e+01
      vertex   5.221240e+01  5.487744e+00 -1.600000e+01
    endloop
  endfacet
  facet normal  0.000000e+00  0.000000e+00 -1.000000e+00
    outer loop
      vertex   5.020397e+01  5.460010e+00 -1.600000e+01
      vertex   5.221240e+01  5.487744e+00 -1.600000e+01
      vertex   5.050000e+01  0.000000e+00 -1.600000e+01
    endloop
  endfacet
  facet normal  9.986296e-01  5.233544e-02  0.000000e+00
    outer loop
      vertex   5.221240e+01  5.487744e+00 -2.200000e+01
      vertex   5.250000e+01  0.000000e+00 -1.800000e+01
      vertex   5.250000e+01  0.000000e+00 -2.200000e+01
    endloop
  endfacet
  facet normal  9.986296e-01 -5.233544e-02  0.000000e+00
    outer loop
      vertex   5.250000e+01  0.000000e+00 -2.200000e+01
      vertex   5.250000e+01  0.000000e+00 -1.800000e+01
      vertex   5.221240e+01 -5.487744e+00 -1.800000e+01
    endloop
  endfacet
  facet normal  9.986296e-01 -5.233544e-02  0.000000e+00
    outer loop
      vertex   5.250000e+01  0.000000e+00 -2.200000e+01
      vertex   5.221240e+01 -5.487744e+00 -1.800000e+01
      vertex   5.221240e+01 -5.487744e+00 -2.200000e+01
    endloop
  endfacet
  facet normal  9.876882e-01 -1.564350e-01  0.000000e+00
    outer loop
      vertex   5.221240e+01 -5.487744e+00 -2.200000e+01
      vertex   5.221240e+01 -5.487744e+00 -1.800000e+01
      vertex   5.135275e+01 -1.091536e+01 -1.800000e+01
    endloop
  endfacet
  facet normal  9.876882e-01 -1.564350e-01  0.000000e+00
    outer loop
      vertex   5.221240e+01 -5.487744e+00 -2.200000e+01
      vertex   5.135275e+01 -1.091536e+01 -1.800000e+01
      vertex   5.135275e+01 -1.091536e+01 -2.200000e+01
    endloop
  endfacet
  facet normal  9.659258e-01 -2.588193e-01  0.000000e+00
    outer loop
      vertex   5.135275e+01 -1.091536e+01 -2.200000e+01
      vertex   5.135275e+01 -1.091536e+01 -1.800000e+01
      vertex   4.993047e+01 -1.622339e+01 -1.800000e+01
    endloop
  endfacet
  facet normal  9.659258e-01 -2.588193e-01  0.000000e+00
    outer loop
      vertex   5.135275e+01 -1.091536e+01 -2.200000e+01
      vertex   4.993047e+01 -1.622339e+01 -1.800000e+01
      vertex   4.993047e+01 -1.622339e+01 -2.200000e+01
    endloop
  endfacet
  facet normal  9.335805e-01 -3.583678e-01  0.000000e+00
    outer loop
      vertex   4.993047e+01 -1.622339e+01 -2.200000e+01
      vertex   4.993047e+01 -1.622339e+01 -1.800000e+01
      vertex   4.796114e+01 -2.135367e+01 -1.800000e+01
    endloop
  endfacet
  facet normal  9.335805e-01 -3.583678e-01  0.000000e+00
    outer loop
      vertex   4.993047e+01 -1.622339e+01 -2.200000e+01
      vertex   4.796114e+01 -2.135367e+01 -1.800000e+01
      vertex   4.796114e+01 -2.135367e+01 -2.200000e+01
    endloop
  endfacet
  facet normal  8.910064e-01 -4.539907e-01  0.000000e+00
    outer loop
      vertex   4.796114e+01 -2.135367e+01 -2.200000e+01
      vertex   4.796114e+01 -2.135367e+01 -1.800000e+01
      vertex   4.546633e+01 -2.625000e+01 -1.800000e+01
    endloop
  endfacet
  facet normal  8.910064e-01 -4.539907e-01  0.000000e+00
    outer loop
      vertex   4.796114e+01 -2.135367e+01 -2.200000e+01
      vertex   4.546633e+01 -2.625000e+01 -1.800000e+01
      vertex   4.546633e+01 -2.625000e+01 -2.200000e+01
    endloop
  endfacet
  facet normal  8.386708e-01 -5.446387e-01  0.000000e+00
    outer loop
      vertex   4.546633e+01 -2.625000e+01 -2.200000e+01
      vertex   4.546633e+01 -2.625000e+01 -1.800000e+01
      vertex   4.247339e+01 -3.085873e+01 -1.800000e+01
    endloop
  endfacet
  facet normal  8.386708e-01 -5.446387e-01  0.000000e+00
    outer loop
      vertex   4.546633e+01 -2.625000e+01 -2.200000e+01
      vertex   4.247339e+01 -3.085873e+01 -1.800000e+01
      vertex   4.247339e+01 -3.085873e+01 -2.200000e+01
    endloop
  endfacet
  facet normal  7.771458e-01 -6.293207e-01  0.000000e+00
    outer loop
      vertex   4.247339e+01 -3.085873e+01 -2.200000e+01
      vertex   4.247339e+01 -3.085873e+01 -1.800000e+01
      vertex   3.901510e+01 -3.512936e+01 -1.800000e+01
    endloop
  endfacet
  facet normal  7.771458e-01 -6.293207e-01  0.000000e+00
    outer loop
      vertex   4.247339e+01 -3.085873e+01 -2.200000e+01
      vertex   3.901510e+01 -3.512936e+01 -1.800000e+01
      vertex   3.901510e+01 -3.512936e+01 -2.200000e+01
    endloop
  endfacet
  facet normal  7.071068e-01 -7.071068e-01  0.000000e+00
    outer loop
      vertex   3.901510e+01 -3.512936e+01 -2.200000e+01
      vertex   3.901510e+01 -3.512936e+01 -1.800000e+01
      vertex   3.512936e+01 -3.901510e+01 -1.800000e+01
    endloop
  endfacet
  facet normal  7.071068e-01 -7.071068e-01  0.000000e+00
    outer loop
      vertex   3.901510e+01 -3.512936e+01 -2.200000e+01
      vertex   3.512936e+01 -3.901510e+01 -1.800000e+01
      vertex   3.512936e+01 -3.901510e+01 -2.200000e+01
    endloop
  endfacet
  facet normal  6.293207e-01 -7.771458e-01  0.000000e+00
    outer loop
      vertex   3.512936e+01 -3.901510e+01 -2.200000e+01
      vertex   3.512936e+01 -3.901510e+01 -1.800000e+01
      vertex   3.085873e+01 -4.247339e+01 -1.800000e+01
    endloop
  endfacet
  facet normal  6.293207e-01 -7.771458e-01  0.000000e+00
    outer loop
      vertex   3.512936e+01 -3.901510e+01 -2.200000e+01
      vertex   3.085873e+01 -4.247339e+01 -1.800000e+01
      vertex   3.085873e+01 -4.247339e+01 -2.200000e+01
    endloop
  endfacet
  facet normal  5.446387e-01 -8.386708e-01  0.000000e+00
    outer loop
      vertex   3.085873e+01 -4.247339e+01 -2.200000e+01
      vertex   3.085873e+01 -4.247339e+01 -1.800000e+01
      vertex   2.625000e+01 -4.546633e+01 -1.800000e+01
    endloop
  endfacet
  facet normal  5.446387e-01 -8.386708e-01  0.000000e+00
    outer loop
      vertex   3.085873e+01 -4.247339e+01 -2.200000e+01
      vertex   2.625000e+01 -4.546633e+01 -1.800000e+01
      vertex   2.625000e+01 -4.546633e+01 -2.200000e+01
    endloop
  endfacet
  facet normal  4.539907e-01 -8.910064e-01  0.000000e+00
    outer loop
      vertex   2.625000e+01 -4.546633e+01 -2.200000e+01
      vertex   2.625000e+01 -4.546633e+01 -1.800000e+01
      vertex   2.135367e+01 -4.796114e+01 -1.800000e+01
    endloop
  endfacet
  facet normal  4.539907e-01 -8.910064e-01  0.000000e+00
    outer loop
      vertex   2.625000e+01 -4.546633e+01 -2.200000e+01
      vertex   2.135367e+01 -4.796114e+01 -1.800000e+01
      vertex   2.135367e+01 -4.796114e+01 -2.200000e+01
    endloop
  endfacet
  facet normal  3.583678e-01 -9.335805e-01  0.000000e+00
    outer loop
      vertex   2.135367e+01 -4.796114e+01 -2.200000e+01
      vertex   2.135367e+01 -4.796114e+01 -1.800000e+01
      vertex   1.622339e+01 -4.993047e+01 -1.800000e+01
    endloop
  endfacet
  facet normal  3.583678e-01 -9.335805e-01  0.000000e+00
    outer loop
      vertex   2.135367e+01 -4.796114e+01 -2.200000e+01
      vertex   1.622339e+01 -4.993047e+01 -1.800000e+01
      vertex   1.622339e+01 -4.993047e+01 -2.200000e+01
    endloop
  endfacet
  facet normal  2.588193e-01 -9.659258e-01  0.000000e+00
    outer loop
      vertex   1.622339e+01 -4.993047e+01 -2.200000e+01
      vertex   1.622339e+01 -4.993047e+01 -1.800000e+01
      vertex   1.091536e+01 -5.135275e+01 -1.800000e+01
    endloop
  endfacet
  facet normal  2.588193e-01 -9.659258e-01  0.000000e+00
    outer loop
      vertex   1.622339e+01 -4.993047e+01 -2.200000e+01
      vertex   1.091536e+01 -5.135275e+01 -1.800000e+01
      vertex   1.091536e+01 -5.135275e+01 -2.200000e+01
    endloop
  endfacet
  facet normal  1.564350e-01 -9.876882e-01  0.000000e+00
    outer loop
      vertex   1.091536e+01 -5.135275e+01 -2.200000e+01
      vertex   1.091536e+01 -5.135275e+01 -1.800000e+01
      vertex   5.487744e+00 -5.221240e+01 -1.800000e+01
    endloop
  endfacet
  facet normal  1.564350e-01 -9.876882e-01  0.000000e+00
    outer loop
      vertex   1.091536e+01 -5.135275e+01 -2.200000e+01
      vertex   5.487744e+00 -5.221240e+01 -1.800000e+01
      vertex   5.487744e+00 -5.221240e+01 -2.200000e+01
    endloop
  endfacet
  facet normal  5.233544e-02 -9.986296e-01  0.000000e+00
    outer loop
      vertex   5.487744e+00 -5.221240e+01 -2.200000e+01
      vertex   5.487744e+00 -5.221240e+01 -1.800000e+01
      vertex   0.000000e+00 -5.250000e+01 -1.800000e+01
    endloop
  endfacet
  facet normal  5.233544e-02 -9.986296e-01  0.000000e+00
    outer loop
      vertex   5.487744e+00 -5.221240e+01 -2.200000e+01
      vertex   0.000000e+00 -5.250000e+01 -1.800000e+01
      vertex   0.000000e+00 -5.250000e+01 -2.200000e+01
    endloop
  endfacet
  facet normal -5.233544e-02 -9.986296e-01  0.000000e+00
    outer loop
      vertex   0.000000e+00 -5.250000e+01 -2.200000e+01
      vertex   0.000000e+00 -5.250000e+01 -1.800000e+01
      vertex  -5.487744e+00 -5.221240e+01 -1.800000e+01
    endloop
  endfacet
  facet normal -5.233544e-02 -9.986296e-01  0.000000e+00
    outer loop
      vertex   0.000000e+00 -5.250000e+01 -2.200000e+01
      vertex  -5.487744e+00 -5.221240e+01 -1.800000e+01
      vertex  -5.487744e+00 -5.221240e+01 -2.200000e+01
    endloop
  endfacet
  facet normal -1.564350e-01 -9.876882e-01  0.000000e+00
    outer loop
      vertex  -5.487744e+00 -5.221240e+01 -2.200000e+01
      vertex  -5.487744e+00 -5.221240e+01 -1.800000e+01
      vertex  -1.091536e+01 -5.135275e+01 -1.800000e+01
    endloop
  endfacet
  facet normal -1.564350e-01 -9.876882e-01  0.000000e+00
    outer loop
      vertex  -5.487744e+00 -5.221240e+01 -2.200000e+01
      vertex  -1.091536e+01 -5.135275e+01 -1.800000e+01
      vertex  -1.091536e+01 -5.135275e+01 -2.200000e+01
    endloop
  endfacet
  facet normal -2.588193e-01 -9.659258e-01  0.000000e+00
    outer loop
      vertex  -1.091536e+01 -5.135275e+01 -2.200000e+01
      vertex  -1.091536e+01 -5.135275e+01 -1.800000e+01
      vertex  -1.622339e+01 -4.993047e+01 -1.800000e+01
    endloop
  endfacet
  facet normal -2.588193e-01 -9.659258e-01  0.000000e+00
    outer loop
      vertex  -1.091536e+01 -5.135275e+01 -2.200000e+01
      vertex  -1.622339e+01 -4.993047e+01 -1.800000e+01
      vertex  -1.622339e+01 -4.993047e+01 -2.200000e+01
    endloop
  endfacet
  facet normal -3.583678e-01 -9.335805e-01  0.000000e+00
    outer loop
      vertex  -1.622339e+01 -4.993047e+01 -2.200000e+01
      vertex  -1.622339e+01 -4.993047e+01 -1.800000e+01
      vertex  -2.135367e+01 -4.796114e+01 -1.800000e+01
    endloop
  endfacet
  facet normal -3.583678e-01 -9.335805e-01  0.000000e+00
    outer loop
      vertex  -1.622339e+01 -4.993047e+01 -2.200000e+01
      vertex  -2.135367e+01 -4.796114e+01 -1.800000e+01
      vertex  -2.135367e+01 -4.796114e+01 -2.200000e+01
    endloop
  endfacet
  facet normal -4.539907e-01 -8.910064e-01  0.000000e+00
    outer loop
      vertex  -2.135367e+01 -4.796114e+01 -2.200000e+01
      vertex  -2.135367e+01 -4.796114e+01 -1.800000e+01
      vertex  -2.625000e+01 -4.546633e+01 -1.800000e+01
    endloop
  endfacet
  facet normal -4.539907e-01 -8.910064e-01  0.000000e+00
    outer loop
      vertex  -2.135367e+01 -4.796114e+01 -2.200000e+01
      vertex  -2.625000e+01 -4.546633e+01 -1.800000e+01
      vertex  -2.625000e+01 -4.546633e+01 -2.200000e+01
    endloop
  endfacet
  facet normal -5.446387e-01 -8.386708e-01  0.000000e+00
    outer loop
      vertex  -2.625000e+01 -4.546633e+01 -2.200000e+01
      vertex  -2.625000e+01 -4.546633e+01 -1.800000e+01
      vertex  -3.085873e+01 -4.247339e+01 -1.800000e+01
    endloop
  endfacet
  facet normal -5.446387e-01 -8.386708e-01  0.000000e+00
    outer loop
      vertex  -2.625000e+01 -4.546633e+01 -2.200000e+01
      vertex  -3.085873e+01 -4.247339e+01 -1.800000e+01
      vertex  -3.085873e+01 -4.247339e+01 -2.200000e+01
    endloop
  endfacet
  facet normal -6.293207e-01 -7.771458e-01  0.000000e+00
    outer loop
      vertex  -3.085873e+01 -4.247339e+01 -2.200000e+01
      vertex  -3.085873e+01 -4.247339e+01 -1.800000e+01
      vertex  -3.512936e+01 -3.901510e+01 -1.800000e+01
    endloop
  endfacet
  facet normal -6.293207e-01 -7.771458e-01  0.000000e+00
    outer loop
      vertex  -3.085873e+01 -4.247339e+01 -2.200000e+01
      vertex  -3.512936e+01 -3.901510e+01 -1.800000e+01
      vertex  -3.512936e+01 -3.901510e+01 -2.200000e+01
    endloop
  endfacet
  facet normal -7.071068e-01 -7.071068e-01  0.000000e+00
    outer loop
      vertex  -3.512936e+01 -3.901510e+01 -2.200000e+01
      vertex  -3.512936e+01 -3.901510e+01 -1.800000e+01
      vertex  -3.901510e+01 -3.512936e+01 -1.800000e+01
    endloop
  endfacet
  facet normal -7.071068e-01 -7.071068e-01  0.000000e+00
    outer loop
      vertex  -3.512936e+01 -3.901510e+01 -2.200000e+01
      vertex  -3.901510e+01 -3.512936e+01 -1.800000e+01
      vertex  -3.901510e+01 -3.512936e+01 -2.200000e+01
    endloop
  endfacet
  facet normal -7.771458e-01 -6.293207e-01  0.000000e+00
    outer loop
      vertex  -3.901510e+01 -3.512936e+01 -2.200000e+01
      vertex  -3.901510e+01 -3.512936e+01 -1.800000e+01
      vertex  -4.247339e+01 -3.085873e+01 -1.800000e+01
    endloop
  endfacet
  facet normal -7.771458e-01 -6.293207e-01  0.000000e+00
    outer loop
      vertex  -3.901510e+01 -3.512936e+01 -2.200000e+01
      vertex  -4.247339e+01 -3.085873e+01 -1.800000e+01
      vertex  -4.247339e+01 -3.085873e+01 -2.200000e+01
    endloop
  endfacet
  facet normal -8.386708e-01 -5.446387e-01  0.000000e+00
    outer loop
      vertex  -4.247339e+01 -3.085873e+01 -2.200000e+01
      vertex  -4.247339e+01 -3.085873e+01 -1.800000e+01
      vertex  -4.546633e+01 -2.625000e+01 -1.800000e+01
    endloop
  endfacet
  facet normal -8.386708e-01 -5.446387e-01  0.000000e+00
    outer loop
      vertex  -4.247339e+01 -3.085873e+01 -2.200000e+01
      vertex  -4.546633e+01 -2.625000e+01 -1.800000e+01
      vertex  -4.546633e+01 -2.625000e+01 -2.200000e+01
    endloop
  endfacet
  facet normal -8.910064e-01 -4.539907e-01  0.000000e+00
    outer loop
      vertex  -4.546633e+01 -2.625000e+01 -2.200000e+01
      vertex  -4.546633e+01 -2.625000e+01 -1.800000e+01
      vertex  -4.796114e+01 -2.135367e+01 -1.800000e+01
    endloop
  endfacet
  facet normal -8.910064e-01 -4.539907e-01  0.000000e+00
    outer loop
      vertex  -4.546633e+01 -2.625000e+01 -2.200000e+01
      vertex  -4.796114e+01 -2.135367e+01 -1.800000e+01
      vertex  -4.796114e+01 -2.135367e+01 -2.200000e+01
    endloop
  endfacet
  facet normal -9.335805e-01 -3.583678e-01  0.000000e+00
    outer loop
      vertex  -4.796114e+01 -2.135367e+01 -2.200000e+01
      vertex  -4.796114e+01 -2.135367e+01 -1.800000e+01
      vertex  -4.993047e+01 -1.622339e+01 -1.800000e+01
    endloop
  endfacet
  facet normal -9.335805e-01 -3.583678e-01  0.000000e+00
    outer loop
      vertex  -4.796114e+01 -2.135367e+01 -2.200000e+01
      vertex  -4.993047e+01 -1.622339e+01 -1.800000e+01
      vertex  -4.993047e+01 -1.622339e+01 -2.200000e+01
    endloop
  endfacet
  facet normal -9.659258e-01 -2.588193e-01  0.000000e+00
    outer loop
      vertex  -4.993047e+01 -1.622339e+01 -2.200000e+01
      vertex  -4.993047e+01 -1.622339e+01 -1.800000e+01
      vertex  -5.135275e+01 -1.091536e+01 -1.800000e+01
    endloop
  endfacet
  facet normal -9.659258e-01 -2.588193e-01  0.000000e+00
    outer loop
      vertex  -4.993047e+01 -1.622339e+01 -2.200000e+01
      vertex  -5.135275e+01 -1.091536e+01 -1.800000e+01
      vertex  -5.135275e+01 -1.091536e+01 -2.200000e+01
    endloop
  endfacet
  facet normal -9.876882e-01 -1.564350e-01  0.000000e+00
    outer loop
      vertex  -5.135275e+01 -1.091536e+01 -2.200000e+01
      vertex  -5.135275e+01 -1.091536e+01 -1.800000e+01
      vertex  -5.221240e+01 -5.487744e+00 -1.800000e+01
    endloop
  endfacet
  facet normal -9.876882e-01 -1.564350e-01  0.000000e+00
    outer loop
      vertex  -5.135275e+01 -1.091536e+01 -2.200000e+01
      vertex  -5.221240e+01 -5.487744e+00 -1.800000e+01
      vertex  -5.221240e+01 -5.487744e+00 -2.200000e+01
    endloop
  endfacet
  facet normal -9.986296e-01 -5.233544e-02  0.000000e+00
    outer loop
      vertex  -5.221240e+01 -5.487744e+00 -2.200000e+01
      vertex  -5.221240e+01 -5.487744e+00 -1.800000e+01
      vertex  -5.250000e+01  0.000000e+00 -2.200000e+01
    endloop
  endfacet
  facet normal -9.986296e-01 -5.233544e-02  0.000000e+00
    outer loop
      vertex  -5.250000e+01  0.000000e+00 -2.200000e+01
      vertex  -5.221240e+01 -5.487744e+00 -1.800000e+01
      vertex  -5.250000e+01  0.000000e+00 -1.800000e+01
    endloop
  endfacet
  facet normal -9.986296e-01  5.233544e-02  0.000000e+00
    outer loop
      vertex  -5.250000e+01  0.000000e+00 -2.200000e+01
      vertex  -5.250000e+01  0.000000e+00 -1.800000e+01
      vertex  -5.221240e+01  5.487744e+00 -2.200000e+01
    endloop
  endfacet
  facet normal -9.986296e-01  5.233544e-02  0.000000e+00
    outer loop
      vertex  -5.221240e+01  5.487744e+00 -2.200000e+01
      vertex  -5.250000e+01  0.000000e+00 -1.800000e+01
      vertex  -5.221240e+01  5.487744e+00 -1.800000e+01
    endloop
  endfacet
  facet normal -9.876882e-01  1.564350e-01  0.000000e+00
    outer loop
      vertex  -5.221240e+01  5.487744e+00 -2.200000e+01
      vertex  -5.221240e+01  5.487744e+00 -1.800000e+01
      vertex  -5.135275e+01  1.091536e+01 -1.800000e+01
    endloop
  endfacet
  facet normal  9.986296e-01  5.233544e-02  0.000000e+00
    outer loop
      vertex   5.250000e+01  0.000000e+00 -1.800000e+01
      vertex   5.221240e+01  5.487744e+00 -2.200000e+01
      vertex   5.221240e+01  5.487744e+00 -1.800000e+01
    endloop
  endfacet
  facet normal  9.876882e-01  1.564350e-01  0.000000e+00
    outer loop
      vertex   5.221240e+01  5.487744e+00 -1.800000e+01
      vertex   5.221240e+01  5.487744e+00 -2.200000e+01
      vertex   5.135275e+01  1.091536e+01 -2.200000e+01
    endloop
  endfacet
  facet normal  9.876882e-01  1.564350e-01  0.000000e+00
    outer loop
      vertex   5.221240e+01  5.487744e+00 -1.800000e+01
      vertex   5.135275e+01  1.091536e+01 -2.200000e+01
      vertex   5.135275e+01  1.091536e+01 -1.800000e+01
    endloop
  endfacet
  facet normal  9.659258e-01  2.588193e-01  0.000000e+00
    outer loop
      vertex   5.135275e+01  1.091536e+01 -1.800000e+01
      vertex   5.135275e+01  1.091536e+01 -2.200000e+01
      vertex   4.993047e+01  1.622339e+01 -2.200000e+01
    endloop
  endfacet
  facet normal  9.659258e-01  2.588193e-01  0.000000e+00
    outer loop
      vertex   5.135275e+01  1.091536e+01 -1.800000e+01
      vertex   4.993047e+01  1.622339e+01 -2.200000e+01
      vertex   4.993047e+01  1.622339e+01 -1.800000e+01
    endloop
  endfacet
  facet normal  9.335805e-01  3.583678e-01  0.000000e+00
    outer loop
      vertex   4.993047e+01  1.622339e+01 -1.800000e+01
      vertex   4.993047e+01  1.622339e+01 -2.200000e+01
      vertex   4.796114e+01  2.135367e+01 -2.200000e+01
    endloop
  endfacet
  facet normal  9.335805e-01  3.583678e-01  0.000000e+00
    outer loop
      vertex   4.993047e+01  1.622339e+01 -1.800000e+01
      vertex   4.796114e+01  2.135367e+01 -2.200000e+01
      vertex   4.796114e+01  2.135367e+01 -1.800000e+01
    endloop
  endfacet
  facet normal  8.910064e-01  4.539907e-01  0.000000e+00
    outer loop
      vertex   4.796114e+01  2.135367e+01 -1.800000e+01
      vertex   4.796114e+01  2.135367e+01 -2.200000e+01
      vertex   4.546633e+01  2.625000e+01 -2.200000e+01
    endloop
  endfacet
  facet normal  8.910064e-01  4.539907e-01  0.000000e+00
    outer loop
      vertex   4.796114e+01  2.135367e+01 -1.800000e+01
      vertex   4.546633e+01  2.625000e+01 -2.200000e+01
      vertex   4.546633e+01  2.625000e+01 -1.800000e+01
    endloop
  endfacet
  facet normal  8.386708e-01  5.446387e-01  0.000000e+00
    outer loop
      vertex   4.546633e+01  2.625000e+01 -1.800000e+01
      vertex   4.546633e+01  2.625000e+01 -2.200000e+01
      vertex   4.247339e+01  3.085873e+01 -2.200000e+01
    endloop
  endfacet
  facet normal  8.386708e-01  5.446387e-01  0.000000e+00
    outer loop
      vertex   4.546633e+01  2.625000e+01 -1.800000e+01
      vertex   4.247339e+01  3.085873e+01 -2.200000e+01
      vertex   4.247339e+01  3.085873e+01 -1.800000e+01
    endloop
  endfacet
  facet normal  7.771458e-01  6.293207e-01  0.000000e+00
    outer loop
      vertex   4.247339e+01  3.085873e+01 -1.800000e+01
      vertex   4.247339e+01  3.085873e+01 -2.200000e+01
      vertex   3.901510e+01  3.512936e+01 -2.200000e+01
    endloop
  endfacet
  facet normal  7.771458e-01  6.293207e-01  0.000000e+00
    outer loop
      vertex   4.247339e+01  3.085873e+01 -1.800000e+01
      vertex   3.901510e+01  3.512936e+01 -2.200000e+01
      vertex   3.901510e+01  3.512936e+01 -1.800000e+01
    endloop
  endfacet
  facet normal  7.071068e-01  7.071068e-01  0.000000e+00
    outer loop
      vertex   3.901510e+01  3.512936e+01 -1.800000e+01
      vertex   3.901510e+01  3.512936e+01 -2.200000e+01
      vertex   3.512936e+01  3.901510e+01 -2.200000e+01
    endloop
  endfacet
  facet normal  7.071068e-01  7.071068e-01  0.000000e+00
    outer loop
      vertex   3.901510e+01  3.512936e+01 -1.800000e+01
      vertex   3.512936e+01  3.901510e+01 -2.200000e+01
      vertex   3.512936e+01  3.901510e+01 -1.800000e+01
    endloop
  endfacet
  facet normal  6.293207e-01  7.771458e-01  0.000000e+00
    outer loop
      vertex   3.512936e+01  3.901510e+01 -1.800000e+01
      vertex   3.512936e+01  3.901510e+01 -2.200000e+01
      vertex   3.085873e+01  4.247339e+01 -2.200000e+01
    endloop
  endfacet
  facet normal  6.293207e-01  7.771458e-01  0.000000e+00
    outer loop
      vertex   3.512936e+01  3.901510e+01 -1.800000e+01
      vertex   3.085873e+01  4.247339e+01 -2.200000e+01
      vertex   3.085873e+01  4.247339e+01 -1.800000e+01
    endloop
  endfacet
  facet normal  5.446387e-01  8.386708e-01  0.000000e+00
    outer loop
      vertex   3.085873e+01  4.247339e+01 -1.800000e+01
      vertex   3.085873e+01  4.247339e+01 -2.200000e+01
      vertex   2.625000e+01  4.546633e+01 -2.200000e+01
    endloop
  endfacet
  facet normal  5.446387e-01  8.386708e-01  0.000000e+00
    outer loop
      vertex   3.085873e+01  4.247339e+01 -1.800000e+01
      vertex   2.625000e+01  4.546633e+01 -2.200000e+01
      vertex   2.625000e+01  4.546633e+01 -1.800000e+01
    endloop
  endfacet
  facet normal  4.539907e-01  8.910064e-01  0.000000e+00
    outer loop
      vertex   2.625000e+01  4.546633e+01 -1.800000e+01
      vertex   2.625000e+01  4.546633e+01 -2.200000e+01
      vertex   2.135367e+01  4.796114e+01 -2.200000e+01
    endloop
  endfacet
  facet normal  4.539907e-01  8.910064e-01  0.000000e+00
    outer loop
      vertex   2.625000e+01  4.546633e+01 -1.800000e+01
      vertex   2.135367e+01  4.796114e+01 -2.200000e+01
      vertex   2.135367e+01  4.796114e+01 -1.800000e+01
    endloop
  endfacet
  facet normal  3.583678e-01  9.335805e-01  0.000000e+00
    outer loop
      vertex   2.135367e+01  4.796114e+01 -1.800000e+01
      vertex   2.135367e+01  4.796114e+01 -2.200000e+01
      vertex   1.622339e+01  4.993047e+01 -2.200000e+01
    endloop
  endfacet
  facet normal  3.583678e-01  9.335805e-01  0.000000e+00
    outer loop
      vertex   2.135367e+01  4.796114e+01 -1.800000e+01
      vertex   1.622339e+01  4.993047e+01 -2.200000e+01
      vertex   1.622339e+01  4.993047e+01 -1.800000e+01
    endloop
  endfacet
  facet normal  2.588193e-01  9.659258e-01  0.000000e+00
    outer loop
      vertex   1.622339e+01  4.993047e+01 -1.800000e+01
      vertex   1.622339e+01  4.993047e+01 -2.200000e+01
      vertex   1.091536e+01  5.135275e+01 -2.200000e+01
    endloop
  endfacet
  facet normal  2.588193e-01  9.659258e-01  0.000000e+00
    outer loop
      vertex   1.622339e+01  4.993047e+01 -1.800000e+01
      vertex   1.091536e+01  5.135275e+01 -2.200000e+01
      vertex   1.091536e+01  5.135275e+01 -1.800000e+01
    endloop
  endfacet
  facet normal  1.564350e-01  9.876882e-01  0.000000e+00
    outer loop
      vertex   1.091536e+01  5.135275e+01 -1.800000e+01
      vertex   1.091536e+01  5.135275e+01 -2.200000e+01
      vertex   5.487744e+00  5.221240e+01 -2.200000e+01
    endloop
  endfacet
  facet normal  1.564350e-01  9.876882e-01  0.000000e+00
    outer loop
      vertex   1.091536e+01  5.135275e+01 -1.800000e+01
      vertex   5.487744e+00  5.221240e+01 -2.200000e+01
      vertex   5.487744e+00  5.221240e+01 -1.800000e+01
    endloop
  endfacet
  facet normal  5.233544e-02  9.986296e-01  0.000000e+00
    outer loop
      vertex   5.487744e+00  5.221240e+01 -1.800000e+01
      vertex   5.487744e+00  5.221240e+01 -2.200000e+01
      vertex   0.000000e+00  5.250000e+01 -2.200000e+01
    endloop
  endfacet
  facet normal  5.233544e-02  9.986296e-01  0.000000e+00
    outer loop
      vertex   5.487744e+00  5.221240e+01 -1.800000e+01
      vertex   0.000000e+00  5.250000e+01 -2.200000e+01
      vertex   0.000000e+00  5.250000e+01 -1.800000e+01
    endloop
  endfacet
  facet normal -5.233544e-02  9.986296e-01  0.000000e+00
    outer loop
      vertex   0.000000e+00  5.250000e+01 -1.800000e+01
      vertex   0.000000e+00  5.250000e+01 -2.200000e+01
      vertex  -5.487744e+00  5.221240e+01 -2.200000e+01
    endloop
  endfacet
  facet normal -5.233544e-02  9.986296e-01  0.000000e+00
    outer loop
      vertex   0.000000e+00  5.250000e+01 -1.800000e+01
      vertex  -5.487744e+00  5.221240e+01 -2.200000e+01
      vertex  -5.487744e+00  5.221240e+01 -1.800000e+01
    endloop
  endfacet
  facet normal -1.564350e-01  9.876882e-01  0.000000e+00
    outer loop
      vertex  -5.487744e+00  5.221240e+01 -1.800000e+01
      vertex  -5.487744e+00  5.221240e+01 -2.200000e+01
      vertex  -1.091536e+01  5.135275e+01 -2.200000e+01
    endloop
  endfacet
  facet normal -1.564350e-01  9.876882e-01  0.000000e+00
    outer loop
      vertex  -5.487744e+00  5.221240e+01 -1.800000e+01
      vertex  -1.091536e+01  5.135275e+01 -2.200000e+01
      vertex  -1.091536e+01  5.135275e+01 -1.800000e+01
    endloop
  endfacet
  facet normal -2.588193e-01  9.659258e-01  0.000000e+00
    outer loop
      vertex  -1.091536e+01  5.135275e+01 -1.800000e+01
      vertex  -1.091536e+01  5.135275e+01 -2.200000e+01
      vertex  -1.622339e+01  4.993047e+01 -2.200000e+01
    endloop
  endfacet
  facet normal -2.588193e-01  9.659258e-01  0.000000e+00
    outer loop
      vertex  -1.091536e+01  5.135275e+01 -1.800000e+01
      vertex  -1.622339e+01  4.993047e+01 -2.200000e+01
      vertex  -1.622339e+01  4.993047e+01 -1.800000e+01
    endloop
  endfacet
  facet normal -3.583678e-01  9.335805e-01  0.000000e+00
    outer loop
      vertex  -1.622339e+01  4.993047e+01 -1.800000e+01
      vertex  -1.622339e+01  4.993047e+01 -2.200000e+01
      vertex  -2.135367e+01  4.796114e+01 -2.200000e+01
    endloop
  endfacet
  facet normal -3.583678e-01  9.335805e-01  0.000000e+00
    outer loop
      vertex  -1.622339e+01  4.993047e+01 -1.800000e+01
      vertex  -2.135367e+01  4.796114e+01 -2.200000e+01
      vertex  -2.135367e+01  4.796114e+01 -1.800000e+01
    endloop
  endfacet
  facet normal -4.539907e-01  8.910064e-01  0.000000e+00
    outer loop
      vertex  -2.135367e+01  4.796114e+01 -1.800000e+01
      vertex  -2.135367e+01  4.796114e+01 -2.200000e+01
      vertex  -2.625000e+01  4.546633e+01 -2.200000e+01
    endloop
  endfacet
  facet normal -4.539907e-01  8.910064e-01  0.000000e+00
    outer loop
      vertex  -2.135367e+01  4.796114e+01 -1.800000e+01
      vertex  -2.625000e+01  4.546633e+01 -2.200000e+01
      vertex  -2.625000e+01  4.546633e+01 -1.800000e+01
    endloop
  endfacet
  facet normal -5.446387e-01  8.386708e-01  0.000000e+00
    outer loop
      vertex  -2.625000e+01  4.546633e+01 -1.800000e+01
      vertex  -2.625000e+01  4.546633e+01 -2.200000e+01
      vertex  -3.085873e+01  4.247339e+01 -2.200000e+01
    endloop
  endfacet
  facet normal -5.446387e-01  8.386708e-01  0.000000e+00
    outer loop
      vertex  -2.625000e+01  4.546633e+01 -1.800000e+01
      vertex  -3.085873e+01  4.247339e+01 -2.200000e+01
      vertex  -3.085873e+01  4.247339e+01 -1.800000e+01
    endloop
  endfacet
  facet normal -6.293207e-01  7.771458e-01  0.000000e+00
    outer loop
      vertex  -3.085873e+01  4.247339e+01 -1.800000e+01
      vertex  -3.085873e+01  4.247339e+01 -2.200000e+01
      vertex  -3.512936e+01  3.901510e+01 -2.200000e+01
    endloop
  endfacet
  facet normal -6.293207e-01  7.771458e-01  0.000000e+00
    outer loop
      vertex  -3.085873e+01  4.247339e+01 -1.800000e+01
      vertex  -3.512936e+01  3.901510e+01 -2.200000e+01
      vertex  -3.512936e+01  3.901510e+01 -1.800000e+01
    endloop
  endfacet
  facet normal -7.071068e-01  7.071068e-01  0.000000e+00
    outer loop
      vertex  -3.512936e+01  3.901510e+01 -1.800000e+01
      vertex  -3.512936e+01  3.901510e+01 -2.200000e+01
      vertex  -3.901510e+01  3.512936e+01 -2.200000e+01
    endloop
  endfacet
  facet normal -7.071068e-01  7.071068e-01  0.000000e+00
    outer loop
      vertex  -3.512936e+01  3.901510e+01 -1.800000e+01
      vertex  -3.901510e+01  3.512936e+01 -2.200000e+01
      vertex  -3.901510e+01  3.512936e+01 -1.800000e+01
    endloop
  endfacet
  facet normal -7.771458e-01  6.293207e-01  0.000000e+00
    outer loop
      vertex  -3.901510e+01  3.512936e+01 -1.800000e+01
      vertex  -3.901510e+01  3.512936e+01 -2.200000e+01
      vertex  -4.247339e+01  3.085873e+01 -2.200000e+01
    endloop
  endfacet
  facet normal -7.771458e-01  6.293207e-01  0.000000e+00
    outer loop
      vertex  -3.901510e+01  3.512936e+01 -1.800000e+01
      vertex  -4.247339e+01  3.085873e+01 -2.200000e+01
      vertex  -4.247339e+01  3.085873e+01 -1.800000e+01
    endloop
  endfacet
  facet normal -8.386708e-01  5.446387e-01  0.000000e+00
    outer loop
      vertex  -4.247339e+01  3.085873e+01 -1.800000e+01
      vertex  -4.247339e+01  3.085873e+01 -2.200000e+01
      vertex  -4.546633e+01  2.625000e+01 -2.200000e+01
    endloop
  endfacet
  facet normal -8.386708e-01  5.446387e-01  0.000000e+00
    outer loop
      vertex  -4.247339e+01  3.085873e+01 -1.800000e+01
      vertex  -4.546633e+01  2.625000e+01 -2.200000e+01
      vertex  -4.546633e+01  2.625000e+01 -1.800000e+01
    endloop
  endfacet
  facet normal -8.910064e-01  4.539907e-01  0.000000e+00
    outer loop
      vertex  -4.546633e+01  2.625000e+01 -1.800000e+01
      vertex  -4.546633e+01  2.625000e+01 -2.200000e+01
      vertex  -4.796114e+01  2.135367e+01 -2.200000e+01
    endloop
  endfacet
  facet normal -8.910064e-01  4.539907e-01  0.000000e+00
    outer loop
      vertex  -4.546633e+01  2.625000e+01 -1.800000e+01
      vertex  -4.796114e+01  2.135367e+01 -2.200000e+01
      vertex  -4.796114e+01  2.135367e+01 -1.800000e+01
    endloop
  endfacet
  facet normal -9.335805e-01  3.583678e-01  0.000000e+00
    outer loop
      vertex  -4.796114e+01  2.135367e+01 -1.800000e+01
      vertex  -4.796114e+01  2.135367e+01 -2.200000e+01
      vertex  -4.993047e+01  1.622339e+01 -2.200000e+01
    endloop
  endfacet
  facet normal -9.335805e-01  3.583678e-01  0.000000e+00
    outer loop
      vertex  -4.796114e+01  2.135367e+01 -1.800000e+01
      vertex  -4.993047e+01  1.622339e+01 -2.200000e+01
      vertex  -4.993047e+01  1.622339e+01 -1.800000e+01
    endloop
  endfacet
  facet normal -9.659258e-01  2.588193e-01  0.000000e+00
    outer loop
      vertex  -4.993047e+01  1.622339e+01 -1.800000e+01
      vertex  -4.993047e+01  1.622339e+01 -2.200000e+01
      vertex  -5.135275e+01  1.091536e+01 -2.200000e+01
    endloop
  endfacet
  facet normal -9.659258e-01  2.588193e-01  0.000000e+00
    outer loop
      vertex  -4.993047e+01  1.622339e+01 -1.800000e+01
      vertex  -5.135275e+01  1.091536e+01 -2.200000e+01
      vertex  -5.135275e+01  1.091536e+01 -1.800000e+01
    endloop
  endfacet
  facet normal -9.876882e-01  1.564350e-01  0.000000e+00
    outer loop
      vertex  -5.135275e+01  1.091536e+01 -1.800000e+01
      vertex  -5.135275e+01  1.091536e+01 -2.200000e+01
      vertex  -5.221240e+01  5.487744e+00 -2.200000e+01
    endloop
  endfacet
  facet normal -9.985334e-01  5.413869e-02  0.000000e+00
    outer loop
      vertex   5.020397e+01 -5.460010e+00 -2.200000e+01
      vertex   5.020397e+01 -5.460010e+00 -1.800000e+01
      vertex   5.050000e+01  0.000000e+00 -2.200000e+01
    endloop
  endfacet
  facet normal -9.985334e-01  5.413869e-02  0.000000e+00
    outer loop
      vertex   5.050000e+01  0.000000e+00 -2.200000e+01
      vertex   5.020397e+01 -5.460010e+00 -1.800000e+01
      vertex   5.050000e+01  0.000000e+00 -1.800000e+01
    endloop
  endfacet
  facet normal -9.985334e-01 -5.413869e-02  0.000000e+00
    outer loop
      vertex   5.050000e+01  0.000000e+00 -2.200000e+01
      vertex   5.050000e+01  0.000000e+00 -1.800000e+01
      vertex   5.020397e+01  5.460010e+00 -2.200000e+01
    endloop
  endfacet
  facet normal -9.985334e-01 -5.413869e-02  0.000000e+00
    outer loop
      vertex   5.020397e+01  5.460010e+00 -2.200000e+01
      vertex   5.050000e+01  0.000000e+00 -1.800000e+01
      vertex   5.020397e+01  5.460010e+00 -1.800000e+01
    endloop
  endfacet
  facet normal -9.868265e-01 -1.617819e-01  0.000000e+00
    outer loop
      vertex   5.020397e+01  5.460010e+00 -2.200000e+01
      vertex   5.020397e+01  5.460010e+00 -1.800000e+01
      vertex   4.931934e+01  1.085601e+01 -2.200000e+01
    endloop
  endfacet
  facet normal -9.868265e-01 -1.617819e-01  0.000000e+00
    outer loop
      vertex   4.931934e+01  1.085601e+01 -2.200000e+01
      vertex   5.020397e+01  5.460010e+00 -1.800000e+01
      vertex   4.931934e+01  1.085601e+01 -1.800000e+01
    endloop
  endfacet
  facet normal -9.635498e-01 -2.675289e-01  0.000000e+00
    outer loop
      vertex   4.931934e+01  1.085601e+01 -2.200000e+01
      vertex   4.931934e+01  1.085601e+01 -1.800000e+01
      vertex   4.785648e+01  1.612473e+01 -2.200000e+01
    endloop
  endfacet
  facet normal -9.635498e-01 -2.675289e-01  0.000000e+00
    outer loop
      vertex   4.785648e+01  1.612473e+01 -2.200000e+01
      vertex   4.931934e+01  1.085601e+01 -1.800000e+01
      vertex   4.785648e+01  1.612473e+01 -1.800000e+01
    endloop
  endfacet
  facet normal -9.289768e-01 -3.701381e-01  0.000000e+00
    outer loop
      vertex   4.785648e+01  1.612473e+01 -2.200000e+01
      vertex   4.785648e+01  1.612473e+01 -1.800000e+01
      vertex   4.583256e+01  2.120440e+01 -2.200000e+01
    endloop
  endfacet
  facet normal -9.289768e-01 -3.701381e-01  0.000000e+00
    outer loop
      vertex   4.583256e+01  2.120440e+01 -2.200000e+01
      vertex   4.785648e+01  1.612473e+01 -1.800000e+01
      vertex   4.583256e+01  2.120440e+01 -1.800000e+01
    endloop
  endfacet
  facet normal -8.835124e-01 -4.684078e-01  0.000000e+00
    outer loop
      vertex   4.583256e+01  2.120440e+01 -2.200000e+01
      vertex   4.583256e+01  2.120440e+01 -1.800000e+01
      vertex   4.327129e+01  2.603547e+01 -2.200000e+01
    endloop
  endfacet
  facet normal -8.835124e-01 -4.684078e-01  0.000000e+00
    outer loop
      vertex   4.327129e+01  2.603547e+01 -2.200000e+01
      vertex   4.583256e+01  2.120440e+01 -1.800000e+01
      vertex   4.327129e+01  2.603547e+01 -1.800000e+01
    endloop
  endfacet
  facet normal -8.276885e-01 -5.611879e-01  0.000000e+00
    outer loop
      vertex   4.327129e+01  2.603547e+01 -2.200000e+01
      vertex   4.327129e+01  2.603547e+01 -1.800000e+01
      vertex   4.020270e+01  3.056130e+01 -2.200000e+01
    endloop
  endfacet
  facet normal -8.276885e-01 -5.611879e-01  0.000000e+00
    outer loop
      vertex   4.020270e+01  3.056130e+01 -2.200000e+01
      vertex   4.327129e+01  2.603547e+01 -1.800000e+01
      vertex   4.020270e+01  3.056130e+01 -1.800000e+01
    endloop
  endfacet
  facet normal -7.621623e-01 -6.473860e-01  0.000000e+00
    outer loop
      vertex   4.020270e+01  3.056130e+01 -2.200000e+01
      vertex   4.020270e+01  3.056130e+01 -1.800000e+01
      vertex   3.666277e+01  3.472882e+01 -2.200000e+01
    endloop
  endfacet
  facet normal -7.621623e-01 -6.473860e-01  0.000000e+00
    outer loop
      vertex   3.666277e+01  3.472882e+01 -2.200000e+01
      vertex   4.020270e+01  3.056130e+01 -1.800000e+01
      vertex   3.666277e+01  3.472882e+01 -1.800000e+01
    endloop
  endfacet
  facet normal -6.876998e-01 -7.259952e-01  0.000000e+00
    outer loop
      vertex   3.666277e+01  3.472882e+01 -2.200000e+01
      vertex   3.666277e+01  3.472882e+01 -1.800000e+01
      vertex   3.269301e+01  3.848919e+01 -2.200000e+01
    endloop
  endfacet
  facet normal -6.876998e-01 -7.259952e-01  0.000000e+00
    outer loop
      vertex   3.269301e+01  3.848919e+01 -2.200000e+01
      vertex   3.666277e+01  3.472882e+01 -1.800000e+01
      vertex   3.269301e+01  3.848919e+01 -1.800000e+01
    endloop
  endfacet
  facet normal -6.051739e-01 -7.960933e-01  0.000000e+00
    outer loop
      vertex   3.269301e+01  3.848919e+01 -2.200000e+01
      vertex   3.269301e+01  3.848919e+01 -1.800000e+01
      vertex   2.833995e+01  4.179829e+01 -2.200000e+01
    endloop
  endfacet
  facet normal -6.051739e-01 -7.960933e-01  0.000000e+00
    outer loop
      vertex   2.833995e+01  4.179829e+01 -2.200000e+01
      vertex   3.269301e+01  3.848919e+01 -1.800000e+01
      vertex   2.833995e+01  4.179829e+01 -1.800000e+01
    endloop
  endfacet
  facet normal -5.155534e-01 -8.568575e-01  0.000000e+00
    outer loop
      vertex   2.833995e+01  4.179829e+01 -2.200000e+01
      vertex   2.833995e+01  4.179829e+01 -1.800000e+01
      vertex   2.365462e+01  4.461736e+01 -2.200000e+01
    endloop
  endfacet
  facet normal -5.155534e-01 -8.568575e-01  0.000000e+00
    outer loop
      vertex   2.365462e+01  4.461736e+01 -2.200000e+01
      vertex   2.833995e+01  4.179829e+01 -1.800000e+01
      vertex   2.365462e+01  4.461736e+01 -1.800000e+01
    endloop
  endfacet
  facet normal -4.198893e-01 -9.075754e-01  0.000000e+00
    outer loop
      vertex   2.365462e+01  4.461736e+01 -2.200000e+01
      vertex   2.365462e+01  4.461736e+01 -1.800000e+01
      vertex   1.869198e+01  4.691332e+01 -2.200000e+01
    endloop
  endfacet
  facet normal -4.198893e-01 -9.075754e-01  0.000000e+00
    outer loop
      vertex   1.869198e+01  4.691332e+01 -2.200000e+01
      vertex   2.365462e+01  4.461736e+01 -1.800000e+01
      vertex   1.869198e+01  4.691332e+01 -1.800000e+01
    endloop
  endfacet
  facet normal -3.193025e-01 -9.476528e-01  0.000000e+00
    outer loop
      vertex   1.869198e+01  4.691332e+01 -2.200000e+01
      vertex   1.869198e+01  4.691332e+01 -1.800000e+01
      vertex   1.351018e+01  4.865928e+01 -2.200000e+01
    endloop
  endfacet
  facet normal -3.193025e-01 -9.476528e-01  0.000000e+00
    outer loop
      vertex   1.351018e+01  4.865928e+01 -2.200000e+01
      vertex   1.869198e+01  4.691332e+01 -1.800000e+01
      vertex   1.351018e+01  4.865928e+01 -1.800000e+01
    endloop
  endfacet
  facet normal -2.149698e-01 -9.766207e-01  0.000000e+00
    outer loop
      vertex   1.351018e+01  4.865928e+01 -2.200000e+01
      vertex   1.351018e+01  4.865928e+01 -1.800000e+01
      vertex   8.169991e+00  4.983474e+01 -2.200000e+01
    endloop
  endfacet
  facet normal -2.149698e-01 -9.766207e-01  0.000000e+00
    outer loop
      vertex   8.169991e+00  4.983474e+01 -2.200000e+01
      vertex   1.351018e+01  4.865928e+01 -1.800000e+01
      vertex   8.169991e+00  4.983474e+01 -1.800000e+01
    endloop
  endfacet
  facet normal -1.081197e-01 -9.941378e-01  0.000000e+00
    outer loop
      vertex   8.169991e+00  4.983474e+01 -2.200000e+01
      vertex   8.169991e+00  4.983474e+01 -1.800000e+01
      vertex   2.734015e+00  5.042594e+01 -2.200000e+01
    endloop
  endfacet
  facet normal -1.081197e-01 -9.941378e-01  0.000000e+00
    outer loop
      vertex   2.734015e+00  5.042594e+01 -2.200000e+01
      vertex   8.169991e+00  4.983474e+01 -1.800000e+01
      vertex   2.734015e+00  5.042594e+01 -1.800000e+01
    endloop
  endfacet
  facet normal  0.000000e+00 -1.000000e+00  0.000000e+00
    outer loop
      vertex   2.734015e+00  5.042594e+01 -2.200000e+01
      vertex   2.734015e+00  5.042594e+01 -1.800000e+01
      vertex  -2.734015e+00  5.042594e+01 -2.200000e+01
    endloop
  endfacet
  facet normal  0.000000e+00 -1.000000e+00  0.000000e+00
    outer loop
      vertex  -2.734015e+00  5.042594e+01 -2.200000e+01
      vertex   2.734015e+00  5.042594e+01 -1.800000e+01
      vertex  -2.734015e+00  5.042594e+01 -1.800000e+01
    endloop
  endfacet
  facet normal  1.081197e-01 -9.941378e-01  0.000000e+00
    outer loop
      vertex  -2.734015e+00  5.042594e+01 -2.200000e+01
      vertex  -2.734015e+00  5.042594e+01 -1.800000e+01
      vertex  -8.169991e+00  4.983474e+01 -2.200000e+01
    endloop
  endfacet
  facet normal  1.081197e-01 -9.941378e-01  0.000000e+00
    outer loop
      vertex  -8.169991e+00  4.983474e+01 -2.200000e+01
      vertex  -2.734015e+00  5.042594e+01 -1.800000e+01
      vertex  -8.169991e+00  4.983474e+01 -1.800000e+01
    endloop
  endfacet
  facet normal  2.149698e-01 -9.766207e-01  0.000000e+00
    outer loop
      vertex  -8.169991e+00  4.983474e+01 -2.200000e+01
      vertex  -8.169991e+00  4.983474e+01 -1.800000e+01
      vertex  -1.351018e+01  4.865928e+01 -2.200000e+01
    endloop
  endfacet
  facet normal  2.149698e-01 -9.766207e-01  0.000000e+00
    outer loop
      vertex  -1.351018e+01  4.865928e+01 -2.200000e+01
      vertex  -8.169991e+00  4.983474e+01 -1.800000e+01
      vertex  -1.351018e+01  4.865928e+01 -1.800000e+01
    endloop
  endfacet
  facet normal  3.193025e-01 -9.476528e-01  0.000000e+00
    outer loop
      vertex  -1.351018e+01  4.865928e+01 -2.200000e+01
      vertex  -1.351018e+01  4.865928e+01 -1.800000e+01
      vertex  -1.869198e+01  4.691332e+01 -2.200000e+01
    endloop
  endfacet
  facet normal  3.193025e-01 -9.476528e-01  0.000000e+00
    outer loop
      vertex  -1.869198e+01  4.691332e+01 -2.200000e+01
      vertex  -1.351018e+01  4.865928e+01 -1.800000e+01
      vertex  -1.869198e+01  4.691332e+01 -1.800000e+01
    endloop
  endfacet
  facet normal  4.198893e-01 -9.075754e-01  0.000000e+00
    outer loop
      vertex  -1.869198e+01  4.691332e+01 -2.200000e+01
      vertex  -1.869198e+01  4.691332e+01 -1.800000e+01
      vertex  -2.365462e+01  4.461736e+01 -2.200000e+01
    endloop
  endfacet
  facet normal  4.198893e-01 -9.075754e-01  0.000000e+00
    outer loop
      vertex  -2.365462e+01  4.461736e+01 -2.200000e+01
      vertex  -1.869198e+01  4.691332e+01 -1.800000e+01
      vertex  -2.365462e+01  4.461736e+01 -1.800000e+01
    endloop
  endfacet
  facet normal  5.155534e-01 -8.568575e-01  0.000000e+00
    outer loop
      vertex  -2.365462e+01  4.461736e+01 -2.200000e+01
      vertex  -2.365462e+01  4.461736e+01 -1.800000e+01
      vertex  -2.833995e+01  4.179829e+01 -2.200000e+01
    endloop
  endfacet
  facet normal  5.155534e-01 -8.568575e-01  0.000000e+00
    outer loop
      vertex  -2.833995e+01  4.179829e+01 -2.200000e+01
      vertex  -2.365462e+01  4.461736e+01 -1.800000e+01
      vertex  -2.833995e+01  4.179829e+01 -1.800000e+01
    endloop
  endfacet
  facet normal  6.051739e-01 -7.960933e-01  0.000000e+00
    outer loop
      vertex  -2.833995e+01  4.179829e+01 -2.200000e+01
      vertex  -2.833995e+01  4.179829e+01 -1.800000e+01
      vertex  -3.269301e+01  3.848919e+01 -2.200000e+01
    endloop
  endfacet
  facet normal  6.051739e-01 -7.960933e-01  0.000000e+00
    outer loop
      vertex  -3.269301e+01  3.848919e+01 -2.200000e+01
      vertex  -2.833995e+01  4.179829e+01 -1.800000e+01
      vertex  -3.269301e+01  3.848919e+01 -1.800000e+01
    endloop
  endfacet
  facet normal  6.876998e-01 -7.259952e-01  0.000000e+00
    outer loop
      vertex  -3.269301e+01  3.848919e+01 -2.200000e+01
      vertex  -3.269301e+01  3.848919e+01 -1.800000e+01
      vertex  -3.666277e+01  3.472882e+01 -2.200000e+01
    endloop
  endfacet
  facet normal  6.876998e-01 -7.259952e-01  0.000000e+00
    outer loop
      vertex  -3.666277e+01  3.472882e+01 -2.200000e+01
      vertex  -3.269301e+01  3.848919e+01 -1.800000e+01
      vertex  -3.666277e+01  3.472882e+01 -1.800000e+01
    endloop
  endfacet
  facet normal  7.621623e-01 -6.473860e-01  0.000000e+00
    outer loop
      vertex  -3.666277e+01  3.472882e+01 -2.200000e+01
      vertex  -3.666277e+01  3.472882e+01 -1.800000e+01
      vertex  -4.020270e+01  3.056130e+01 -2.200000e+01
    endloop
  endfacet
  facet normal  7.621623e-01 -6.473860e-01  0.000000e+00
    outer loop
      vertex  -4.020270e+01  3.056130e+01 -2.200000e+01
      vertex  -3.666277e+01  3.472882e+01 -1.800000e+01
      vertex  -4.020270e+01  3.056130e+01 -1.800000e+01
    endloop
  endfacet
  facet normal  8.276885e-01 -5.611879e-01  0.000000e+00
    outer loop
      vertex  -4.020270e+01  3.056130e+01 -2.200000e+01
      vertex  -4.020270e+01  3.056130e+01 -1.800000e+01
      vertex  -4.327129e+01  2.603547e+01 -2.200000e+01
    endloop
  endfacet
  facet normal  8.276885e-01 -5.611879e-01  0.000000e+00
    outer loop
      vertex  -4.327129e+01  2.603547e+01 -2.200000e+01
      vertex  -4.020270e+01  3.056130e+01 -1.800000e+01
      vertex  -4.327129e+01  2.603547e+01 -1.800000e+01
    endloop
  endfacet
  facet normal  8.835124e-01 -4.684078e-01  0.000000e+00
    outer loop
      vertex  -4.327129e+01  2.603547e+01 -2.200000e+01
      vertex  -4.327129e+01  2.603547e+01 -1.800000e+01
      vertex  -4.583256e+01  2.120440e+01 -2.200000e+01
    endloop
  endfacet
  facet normal  8.835124e-01 -4.684078e-01  0.000000e+00
    outer loop
      vertex  -4.583256e+01  2.120440e+01 -2.200000e+01
      vertex  -4.327129e+01  2.603547e+01 -1.800000e+01
      vertex  -4.583256e+01  2.120440e+01 -1.800000e+01
    endloop
  endfacet
  facet normal  9.289768e-01 -3.701381e-01  0.000000e+00
    outer loop
      vertex  -4.583256e+01  2.120440e+01 -2.200000e+01
      vertex  -4.583256e+01  2.120440e+01 -1.800000e+01
      vertex  -4.785648e+01  1.612473e+01 -2.200000e+01
    endloop
  endfacet
  facet normal  9.289768e-01 -3.701381e-01  0.000000e+00
    outer loop
      vertex  -4.785648e+01  1.612473e+01 -2.200000e+01
      vertex  -4.583256e+01  2.120440e+01 -1.800000e+01
      vertex  -4.785648e+01  1.612473e+01 -1.800000e+01
    endloop
  endfacet
  facet normal  9.635498e-01 -2.675289e-01  0.000000e+00
    outer loop
      vertex  -4.785648e+01  1.612473e+01 -2.200000e+01
      vertex  -4.785648e+01  1.612473e+01 -1.800000e+01
      vertex  -4.931934e+01  1.085601e+01 -2.200000e+01
    endloop
  endfacet
  facet normal  9.635498e-01 -2.675289e-01  0.000000e+00
    outer loop
      vertex  -4.931934e+01  1.085601e+01 -2.200000e+01
      vertex  -4.785648e+01  1.612473e+01 -1.800000e+01
      vertex  -4.931934e+01  1.085601e+01 -1.800000e+01
    endloop
  endfacet
  facet normal  9.868265e-01 -1.617819e-01  0.000000e+00
    outer loop
      vertex  -4.931934e+01  1.085601e+01 -2.200000e+01
      vertex  -4.931934e+01  1.085601e+01 -1.800000e+01
      vertex  -5.020397e+01  5.460010e+00 -2.200000e+01
    endloop
  endfacet
  facet normal  9.868265e-01 -1.617819e-01  0.000000e+00
    outer loop
      vertex  -5.020397e+01  5.460010e+00 -2.200000e+01
      vertex  -4.931934e+01  1.085601e+01 -1.800000e+01
      vertex  -5.020397e+01  5.460010e+00 -1.800000e+01
    endloop
  endfacet
  facet normal  9.985334e-01 -5.413869e-02  0.000000e+00
    outer loop
      vertex  -5.020397e+01  5.460010e+00 -2.200000e+01
      vertex  -5.020397e+01  5.460010e+00 -1.800000e+01
      vertex  -5.050000e+01  0.000000e+00 -2.200000e+01
    endloop
  endfacet
  facet normal  9.985334e-01 -5.413869e-02  0.000000e+00
    outer loop
      vertex  -5.050000e+01  0.000000e+00 -2.200000e+01
      vertex  -5.020397e+01  5.460010e+00 -1.800000e+01
      vertex  -5.050000e+01  0.000000e+00 -1.800000e+01
    endloop
  endfacet
  facet normal  9.985334e-01  5.413869e-02 -0.000000e+00
    outer loop
      vertex  -5.050000e+01  0.000000e+00 -2.200000e+01
      vertex  -5.050000e+01  0.000000e+00 -1.800000e+01
      vertex  -5.020397e+01 -5.460010e+00 -2.200000e+01
    endloop
  endfacet
  facet normal  9.985334e-01  5.413869e-02 -0.000000e+00
    outer loop
      vertex  -5.020397e+01 -5.460010e+00 -2.200000e+01
      vertex  -5.050000e+01  0.000000e+00 -1.800000e+01
      vertex  -5.020397e+01 -5.460010e+00 -1.800000e+01
    endloop
  endfacet
  facet normal  9.868265e-01  1.617819e-01 -0.000000e+00
    outer loop
      vertex  -5.020397e+01 -5.460010e+00 -2.200000e+01
      vertex  -5.020397e+01 -5.460010e+00 -1.800000e+01
      vertex  -4.931934e+01 -1.085601e+01 -2.200000e+01
    endloop
  endfacet
  facet normal  9.868265e-01  1.617819e-01 -0.000000e+00
    outer loop
      vertex  -4.931934e+01 -1.085601e+01 -2.200000e+01
      vertex  -5.020397e+01 -5.460010e+00 -1.800000e+01
      vertex  -4.931934e+01 -1.085601e+01 -1.800000e+01
    endloop
  endfacet
  facet normal  9.635498e-01  2.675289e-01 -0.000000e+00
    outer loop
      vertex  -4.931934e+01 -1.085601e+01 -2.200000e+01
      vertex  -4.931934e+01 -1.085601e+01 -1.800000e+01
      vertex  -4.785648e+01 -1.612473e+01 -2.200000e+01
    endloop
  endfacet
  facet normal  9.635498e-01  2.675289e-01 -0.000000e+00
    outer loop
      vertex  -4.785648e+01 -1.612473e+01 -2.200000e+01
      vertex  -4.931934e+01 -1.085601e+01 -1.800000e+01
      vertex  -4.785648e+01 -1.612473e+01 -1.800000e+01
    endloop
  endfacet
  facet normal  9.289768e-01  3.701381e-01 -0.000000e+00
    outer loop
      vertex  -4.785648e+01 -1.612473e+01 -2.200000e+01
      vertex  -4.785648e+01 -1.612473e+01 -1.800000e+01
      vertex  -4.583256e+01 -2.120440e+01 -2.200000e+01
    endloop
  endfacet
  facet normal  9.289768e-01  3.701381e-01 -0.000000e+00
    outer loop
      vertex  -4.583256e+01 -2.120440e+01 -2.200000e+01
      vertex  -4.785648e+01 -1.612473e+01 -1.800000e+01
      vertex  -4.583256e+01 -2.120440e+01 -1.800000e+01
    endloop
  endfacet
  facet normal  8.835124e-01  4.684078e-01 -0.000000e+00
    outer loop
      vertex  -4.583256e+01 -2.120440e+01 -2.200000e+01
      vertex  -4.583256e+01 -2.120440e+01 -1.800000e+01
      vertex  -4.327129e+01 -2.603547e+01 -2.200000e+01
    endloop
  endfacet
  facet normal  8.835124e-01  4.684078e-01 -0.000000e+00
    outer loop
      vertex  -4.327129e+01 -2.603547e+01 -2.200000e+01
      vertex  -4.583256e+01 -2.120440e+01 -1.800000e+01
      vertex  -4.327129e+01 -2.603547e+01 -1.800000e+01
    endloop
  endfacet
  facet normal  8.276885e-01  5.611879e-01 -0.000000e+00
    outer loop
      vertex  -4.327129e+01 -2.603547e+01 -2.200000e+01
      vertex  -4.327129e+01 -2.603547e+01 -1.800000e+01
      vertex  -4.020270e+01 -3.056130e+01 -2.200000e+01
    endloop
  endfacet
  facet normal  8.276885e-01  5.611879e-01 -0.000000e+00
    outer loop
      vertex  -4.020270e+01 -3.056130e+01 -2.200000e+01
      vertex  -4.327129e+01 -2.603547e+01 -1.800000e+01
      vertex  -4.020270e+01 -3.056130e+01 -1.800000e+01
    endloop
  endfacet
  facet normal  7.621623e-01  6.473860e-01 -0.000000e+00
    outer loop
      vertex  -4.020270e+01 -3.056130e+01 -2.200000e+01
      vertex  -4.020270e+01 -3.056130e+01 -1.800000e+01
      vertex  -3.666277e+01 -3.472882e+01 -2.200000e+01
    endloop
  endfacet
  facet normal  7.621623e-01  6.473860e-01 -0.000000e+00
    outer loop
      vertex  -3.666277e+01 -3.472882e+01 -2.200000e+01
      vertex  -4.020270e+01 -3.056130e+01 -1.800000e+01
      vertex  -3.666277e+01 -3.472882e+01 -1.800000e+01
    endloop
  endfacet
  facet normal  6.876998e-01  7.259952e-01 -0.000000e+00
    outer loop
      vertex  -3.666277e+01 -3.472882e+01 -2.200000e+01
      vertex  -3.666277e+01 -3.472882e+01 -1.800000e+01
      vertex  -3.269301e+01 -3.848919e+01 -2.200000e+01
    endloop
  endfacet
  facet normal  6.876998e-01  7.259952e-01 -0.000000e+00
    outer loop
      vertex  -3.269301e+01 -3.848919e+01 -2.200000e+01
      vertex  -3.666277e+01 -3.472882e+01 -1.800000e+01
      vertex  -3.269301e+01 -3.848919e+01 -1.800000e+01
    endloop
  endfacet
  facet normal  6.051739e-01  7.960933e-01 -0.000000e+00
    outer loop
      vertex  -3.269301e+01 -3.848919e+01 -2.200000e+01
      vertex  -3.269301e+01 -3.848919e+01 -1.800000e+01
      vertex  -2.833995e+01 -4.179829e+01 -2.200000e+01
    endloop
  endfacet
  facet normal  6.051739e-01  7.960933e-01 -0.000000e+00
    outer loop
      vertex  -2.833995e+01 -4.179829e+01 -2.200000e+01
      vertex  -3.269301e+01 -3.848919e+01 -1.800000e+01
      vertex  -2.833995e+01 -4.179829e+01 -1.800000e+01
    endloop
  endfacet
  facet normal  5.155534e-01  8.568575e-01 -0.000000e+00
    outer loop
      vertex  -2.833995e+01 -4.179829e+01 -2.200000e+01
      vertex  -2.833995e+01 -4.179829e+01 -1.800000e+01
      vertex  -2.365462e+01 -4.461736e+01 -2.200000e+01
    endloop
  endfacet
  facet normal  5.155534e-01  8.568575e-01 -0.000000e+00
    outer loop
      vertex  -2.365462e+01 -4.461736e+01 -2.200000e+01
      vertex  -2.833995e+01 -4.179829e+01 -1.800000e+01
      vertex  -2.365462e+01 -4.461736e+01 -1.800000e+01
    endloop
  endfacet
  facet normal  4.198893e-01  9.075754e-01 -0.000000e+00
    outer loop
      vertex  -2.365462e+01 -4.461736e+01 -2.200000e+01
      vertex  -2.365462e+01 -4.461736e+01 -1.800000e+01
      vertex  -1.869198e+01 -4.691332e+01 -2.200000e+01
    endloop
  endfacet
  facet normal  4.198893e-01  9.075754e-01 -0.000000e+00
    outer loop
      vertex  -1.869198e+01 -4.691332e+01 -2.200000e+01
      vertex  -2.365462e+01 -4.461736e+01 -1.800000e+01
      vertex  -1.869198e+01 -4.691332e+01 -1.800000e+01
    endloop
  endfacet
  facet normal  3.193025e-01  9.476528e-01 -0.000000e+00
    outer loop
      vertex  -1.869198e+01 -4.691332e+01 -2.200000e+01
      vertex  -1.869198e+01 -4.691332e+01 -1.800000e+01
      vertex  -1.351018e+01 -4.865928e+01 -2.200000e+01
    endloop
  endfacet
  facet normal  3.193025e-01  9.476528e-01 -0.000000e+00
    outer loop
      vertex  -1.351018e+01 -4.865928e+01 -2.200000e+01
      vertex  -1.869198e+01 -4.691332e+01 -1.800000e+01
      vertex  -1.351018e+01 -4.865928e+01 -1.800000e+01
    endloop
  endfacet
  facet normal  2.149698e-01  9.766207e-01 -0.000000e+00
    outer loop
      vertex  -1.351018e+01 -4.865928e+01 -2.200000e+01
      vertex  -1.351018e+01 -4.865928e+01 -1.800000e+01
      vertex  -8.169991e+00 -4.983474e+01 -2.200000e+01
    endloop
  endfacet
  facet normal  2.149698e-01  9.766207e-01 -0.000000e+00
    outer loop
      vertex  -8.169991e+00 -4.983474e+01 -2.200000e+01
      vertex  -1.351018e+01 -4.865928e+01 -1.800000e+01
      vertex  -8.169991e+00 -4.983474e+01 -1.800000e+01
    endloop
  endfacet
  facet normal  1.081197e-01  9.941378e-01 -0.000000e+00
    outer loop
      vertex  -8.169991e+00 -4.983474e+01 -2.200000e+01
      vertex  -8.169991e+00 -4.983474e+01 -1.800000e+01
      vertex  -2.734015e+00 -5.042594e+01 -2.200000e+01
    endloop
  endfacet
  facet normal  1.081197e-01  9.941378e-01 -0.000000e+00
    outer loop
      vertex  -2.734015e+00 -5.042594e+01 -2.200000e+01
      vertex  -8.169991e+00 -4.983474e+01 -1.800000e+01
      vertex  -2.734015e+00 -5.042594e+01 -1.800000e+01
    endloop
  endfacet
  facet normal  0.000000e+00  1.000000e+00  0.000000e+00
    outer loop
      vertex  -2.734015e+00 -5.042594e+01 -2.200000e+01
      vertex  -2.734015e+00 -5.042594e+01 -1.800000e+01
      vertex   2.734015e+00 -5.042594e+01 -2.200000e+01
    endloop
  endfacet
  facet normal  0.000000e+00  1.000000e+00 -0.000000e+00
    outer loop
      vertex   2.734015e+00 -5.042594e+01 -2.200000e+01
      vertex  -2.734015e+00 -5.042594e+01 -1.800000e+01
      vertex   2.734015e+00 -5.042594e+01 -1.800000e+01
    endloop
  endfacet
  facet normal -1.081197e-01  9.941378e-01  0.000000e+00
    outer loop
      vertex   2.734015e+00 -5.042594e+01 -2.200000e+01
      vertex   2.734015e+00 -5.042594e+01 -1.800000e+01
      vertex   8.169991e+00 -4.983474e+01 -2.200000e+01
    endloop
  endfacet
  facet normal -1.081197e-01  9.941378e-01  0.000000e+00
    outer loop
      vertex   8.169991e+00 -4.983474e+01 -2.200000e+01
      vertex   2.734015e+00 -5.042594e+01 -1.800000e+01
      vertex   8.169991e+00 -4.983474e+01 -1.800000e+01
    endloop
  endfacet
  facet normal -2.149698e-01  9.766207e-01  0.000000e+00
    outer loop
      vertex   8.169991e+00 -4.983474e+01 -2.200000e+01
      vertex   8.169991e+00 -4.983474e+01 -1.800000e+01
      vertex   1.351018e+01 -4.865928e+01 -2.200000e+01
    endloop
  endfacet
  facet normal -2.149698e-01  9.766207e-01  0.000000e+00
    outer loop
      vertex   1.351018e+01 -4.865928e+01 -2.200000e+01
      vertex   8.169991e+00 -4.983474e+01 -1.800000e+01
      vertex   1.351018e+01 -4.865928e+01 -1.800000e+01
    endloop
  endfacet
  facet normal -3.193025e-01  9.476528e-01  0.000000e+00
    outer loop
      vertex   1.351018e+01 -4.865928e+01 -2.200000e+01
      vertex   1.351018e+01 -4.865928e+01 -1.800000e+01
      vertex   1.869198e+01 -4.691332e+01 -2.200000e+01
    endloop
  endfacet
  facet normal -3.193025e-01  9.476528e-01  0.000000e+00
    outer loop
      vertex   1.869198e+01 -4.691332e+01 -2.200000e+01
      vertex   1.351018e+01 -4.865928e+01 -1.800000e+01
      vertex   1.869198e+01 -4.691332e+01 -1.800000e+01
    endloop
  endfacet
  facet normal -4.198893e-01  9.075754e-01  0.000000e+00
    outer loop
      vertex   1.869198e+01 -4.691332e+01 -2.200000e+01
      vertex   1.869198e+01 -4.691332e+01 -1.800000e+01
      vertex   2.365462e+01 -4.461736e+01 -2.200000e+01
    endloop
  endfacet
  facet normal -4.198893e-01  9.075754e-01  0.000000e+00
    outer loop
      vertex   2.365462e+01 -4.461736e+01 -2.200000e+01
      vertex   1.869198e+01 -4.691332e+01 -1.800000e+01
      vertex   2.365462e+01 -4.461736e+01 -1.800000e+01
    endloop
  endfacet
  facet normal -5.155534e-01  8.568575e-01  0.000000e+00
    outer loop
      vertex   2.365462e+01 -4.461736e+01 -2.200000e+01
      vertex   2.365462e+01 -4.461736e+01 -1.800000e+01
      vertex   2.833995e+01 -4.179829e+01 -2.200000e+01
    endloop
  endfacet
  facet normal -5.155534e-01  8.568575e-01  0.000000e+00
    outer loop
      vertex   2.833995e+01 -4.179829e+01 -2.200000e+01
      vertex   2.365462e+01 -4.461736e+01 -1.800000e+01
      vertex   2.833995e+01 -4.179829e+01 -1.800000e+01
    endloop
  endfacet
  facet normal -6.051739e-01  7.960933e-01  0.000000e+00
    outer loop
      vertex   2.833995e+01 -4.179829e+01 -2.200000e+01
      vertex   2.833995e+01 -4.179829e+01 -1.800000e+01
      vertex   3.269301e+01 -3.848919e+01 -2.200000e+01
    endloop
  endfacet
  facet normal -6.051739e-01  7.960933e-01  0.000000e+00
    outer loop
      vertex   3.269301e+01 -3.848919e+01 -2.200000e+01
      vertex   2.833995e+01 -4.179829e+01 -1.800000e+01
      vertex   3.269301e+01 -3.848919e+01 -1.800000e+01
    endloop
  endfacet
  facet normal -6.876998e-01  7.259952e-01  0.000000e+00
    outer loop
      vertex   3.269301e+01 -3.848919e+01 -2.200000e+01
      vertex   3.269301e+01 -3.848919e+01 -1.800000e+01
      vertex   3.666277e+01 -3.472882e+01 -2.200000e+01
    endloop
  endfacet
  facet normal -6.876998e-01  7.259952e-01  0.000000e+00
    outer loop
      vertex   3.666277e+01 -3.472882e+01 -2.200000e+01
      vertex   3.269301e+01 -3.848919e+01 -1.800000e+01
      vertex   3.666277e+01 -3.472882e+01 -1.800000e+01
    endloop
  endfacet
  facet normal -7.621623e-01  6.473860e-01  0.000000e+00
    outer loop
      vertex   3.666277e+01 -3.472882e+01 -2.200000e+01
      vertex   3.666277e+01 -3.472882e+01 -1.800000e+01
      vertex   4.020270e+01 -3.056130e+01 -2.200000e+01
    endloop
  endfacet
  facet normal -7.621623e-01  6.473860e-01  0.000000e+00
    outer loop
      vertex   4.020270e+01 -3.056130e+01 -2.200000e+01
      vertex   3.666277e+01 -3.472882e+01 -1.800000e+01
      vertex   4.020270e+01 -3.056130e+01 -1.800000e+01
    endloop
  endfacet
  facet normal -8.276885e-01  5.611879e-01  0.000000e+00
    outer loop
      vertex   4.020270e+01 -3.056130e+01 -2.200000e+01
      vertex   4.020270e+01 -3.056130e+01 -1.800000e+01
      vertex   4.327129e+01 -2.603547e+01 -2.200000e+01
    endloop
  endfacet
  facet normal -8.276885e-01  5.611879e-01  0.000000e+00
    outer loop
      vertex   4.327129e+01 -2.603547e+01 -2.200000e+01
      vertex   4.020270e+01 -3.056130e+01 -1.800000e+01
      vertex   4.327129e+01 -2.603547e+01 -1.800000e+01
    endloop
  endfacet
  facet normal -8.835124e-01  4.684078e-01  0.000000e+00
    outer loop
      vertex   4.327129e+01 -2.603547e+01 -2.200000e+01
      vertex   4.327129e+01 -2.603547e+01 -1.800000e+01
      vertex   4.583256e+01 -2.120440e+01 -2.200000e+01
    endloop
  endfacet
  facet normal -8.835124e-01  4.684078e-01  0.000000e+00
    outer loop
      vertex   4.583256e+01 -2.120440e+01 -2.200000e+01
      vertex   4.327129e+01 -2.603547e+01 -1.800000e+01
      vertex   4.583256e+01 -2.120440e+01 -1.800000e+01
    endloop
  endfacet
  facet normal -9.289768e-01  3.701381e-01  0.000000e+00
    outer loop
      vertex   4.583256e+01 -2.120440e+01 -2.200000e+01
      vertex   4.583256e+01 -2.120440e+01 -1.800000e+01
      vertex   4.785648e+01 -1.612473e+01 -2.200000e+01
    endloop
  endfacet
  facet normal -9.289768e-01  3.701381e-01  0.000000e+00
    outer loop
      vertex   4.785648e+01 -1.612473e+01 -2.200000e+01
      vertex   4.583256e+01 -2.120440e+01 -1.800000e+01
      vertex   4.785648e+01 -1.612473e+01 -1.800000e+01
    endloop
  endfacet
  facet normal -9.635498e-01  2.675289e-01  0.000000e+00
    outer loop
      vertex   4.785648e+01 -1.612473e+01 -2.200000e+01
      vertex   4.785648e+01 -1.612473e+01 -1.800000e+01
      vertex   4.931934e+01 -1.085601e+01 -2.200000e+01
    endloop
  endfacet
  facet normal -9.635498e-01  2.675289e-01  0.000000e+00
    outer loop
      vertex   4.931934e+01 -1.085601e+01 -2.200000e+01
      vertex   4.785648e+01 -1.612473e+01 -1.800000e+01
      vertex   4.931934e+01 -1.085601e+01 -1.800000e+01
    endloop
  endfacet
  facet normal -9.868265e-01  1.617819e-01  0.000000e+00
    outer loop
      vertex   4.931934e+01 -1.085601e+01 -2.200000e+01
      vertex   4.931934e+01 -1.085601e+01 -1.800000e+01
      vertex   5.020397e+01 -5.460010e+00 -2.200000e+01
    endloop
  endfacet
  facet normal -9.868265e-01  1.617819e-01  0.000000e+00
    outer loop
      vertex   5.020397e+01 -5.460010e+00 -2.200000e+01
      vertex   4.931934e+01 -1.085601e+01 -1.800000e+01
      vertex   5.020397e+01 -5.460010e+00 -1.800000e+01
    endloop
  endfacet
  facet normal  0.000000e+00 -0.000000e+00  1.000000e+00
    outer loop
      vertex   5.221240e+01 -5.487744e+00 -1.800000e+01
      vertex   5.250000e+01  0.000000e+00 -1.800000e+01
      vertex   5.050000e+01  0.000000e+00 -1.800000e+01
    endloop
  endfacet
  facet normal  0.000000e+00  0.000000e+00  1.000000e+00
    outer loop
      vertex   5.050000e+01  0.000000e+00 -1.800000e+01
      vertex   5.250000e+01  0.000000e+00 -1.800000e+01
      vertex   5.221240e+01  5.487744e+00 -1.800000e+01
    endloop
  endfacet
  facet normal  0.000000e+00 -0.000000e+00  1.000000e+00
    outer loop
      vertex   5.050000e+01  0.000000e+00 -1.800000e+01
      vertex   5.221240e+01  5.487744e+00 -1.800000e+01
      vertex   5.020397e+01  5.460010e+00 -1.800000e+01
    endloop
  endfacet
  facet normal  0.000000e+00  0.000000e+00  1.000000e+00
    outer loop
      vertex   5.020397e+01  5.460010e+00 -1.800000e+01
      vertex   5.221240e+01  5.487744e+00 -1.800000e+01
      vertex   5.135275e+01  1.091536e+01 -1.800000e+01
    endloop
  endfacet
  facet normal  0.000000e+00 -0.000000e+00  1.000000e+00
    outer loop
      vertex   5.020397e+01  5.460010e+00 -1.800000e+01
      vertex   5.135275e+01  1.091536e+01 -1.800000e+01
      vertex   4.931934e+01  1.085601e+01 -1.800000e+01
    endloop
  endfacet
  facet normal  0.000000e+00  0.000000e+00  1.000000e+00
    outer loop
      vertex   4.931934e+01  1.085601e+01 -1.800000e+01
      vertex   5.135275e+01  1.091536e+01 -1.800000e+01
      vertex   4.993047e+01  1.622339e+01 -1.800000e+01
    endloop
  endfacet
  facet normal  0.000000e+00 -0.000000e+00  1.000000e+00
    outer loop
      vertex   4.931934e+01  1.085601e+01 -1.800000e+01
      vertex   4.993047e+01  1.622339e+01 -1.800000e+01
      vertex   4.785648e+01  1.612473e+01 -1.800000e+01
    endloop
  endfacet
  facet normal  0.000000e+00  0.000000e+00  1.000000e+00
    outer loop
      vertex   4.785648e+01  1.612473e+01 -1.800000e+01
      vertex   4.993047e+01  1.622339e+01 -1.800000e+01
      vertex   4.796114e+01  2.135367e+01 -1.800000e+01
    endloop
  endfacet
  facet normal  0.000000e+00 -0.000000e+00  1.000000e+00
    outer loop
      vertex   4.785648e+01  1.612473e+01 -1.800000e+01
      vertex   4.796114e+01  2.135367e+01 -1.800000e+01
      vertex   4.583256e+01  2.120440e+01 -1.800000e+01
    endloop
  endfacet
  facet normal  0.000000e+00 -0.000000e+00  1.000000e+00
    outer loop
      vertex   4.583256e+01  2.120440e+01 -1.800000e+01
      vertex   4.796114e+01  2.135367e+01 -1.800000e+01
      vertex   4.546633e+01  2.625000e+01 -1.800000e+01
    endloop
  endfacet
  facet normal  0.000000e+00  0.000000e+00  1.000000e+00
    outer loop
      vertex   4.583256e+01  2.120440e+01 -1.800000e+01
      vertex   4.546633e+01  2.625000e+01 -1.800000e+01
      vertex   4.327129e+01  2.603547e+01 -1.800000e+01
    endloop
  endfacet
  facet normal  0.000000e+00 -0.000000e+00  1.000000e+00
    outer loop
      vertex   4.327129e+01  2.603547e+01 -1.800000e+01
      vertex   4.546633e+01  2.625000e+01 -1.800000e+01
      vertex   4.247339e+01  3.085873e+01 -1.800000e+01
    endloop
  endfacet
  facet normal  0.000000e+00  0.000000e+00  1.000000e+00
    outer loop
      vertex   4.327129e+01  2.603547e+01 -1.800000e+01
      vertex   4.247339e+01  3.085873e+01 -1.800000e+01
      vertex   4.020270e+01  3.056130e+01 -1.800000e+01
    endloop
  endfacet
  facet normal  0.000000e+00 -0.000000e+00  1.000000e+00
    outer loop
      vertex   4.020270e+01  3.056130e+01 -1.800000e+01
      vertex   4.247339e+01  3.085873e+01 -1.800000e+01
      vertex   3.901510e+01  3.512936e+01 -1.800000e+01
    endloop
  endfacet
  facet normal  0.000000e+00  0.000000e+00  1.000000e+00
    outer loop
      vertex   4.020270e+01  3.056130e+01 -1.800000e+01
      vertex   3.901510e+01  3.512936e+01 -1.800000e+01
      vertex   3.666277e+01  3.472882e+01 -1.800000e+01
    endloop
  endfacet
  facet normal  0.000000e+00 -0.000000e+00  1.000000e+00
    outer loop
      vertex   3.666277e+01  3.472882e+01 -1.800000e+01
      vertex   3.901510e+01  3.512936e+01 -1.800000e+01
      vertex   3.512936e+01  3.901510e+01 -1.800000e+01
    endloop
  endfacet
  facet normal  0.000000e+00  0.000000e+00  1.000000e+00
    outer loop
      vertex   3.666277e+01  3.472882e+01 -1.800000e+01
      vertex   3.512936e+01  3.901510e+01 -1.800000e+01
      vertex   3.269301e+01  3.848919e+01 -1.800000e+01
    endloop
  endfacet
  facet normal  0.000000e+00 -0.000000e+00  1.000000e+00
    outer loop
      vertex   3.269301e+01  3.848919e+01 -1.800000e+01
      vertex   3.512936e+01  3.901510e+01 -1.800000e+01
      vertex   3.085873e+01  4.247339e+01 -1.800000e+01
    endloop
  endfacet
  facet normal  0.000000e+00  0.000000e+00  1.000000e+00
    outer loop
      vertex   3.269301e+01  3.848919e+01 -1.800000e+01
      vertex   3.085873e+01  4.247339e+01 -1.800000e+01
      vertex   2.833995e+01  4.179829e+01 -1.800000e+01
    endloop
  endfacet
  facet normal  0.000000e+00 -0.000000e+00  1.000000e+00
    outer loop
      vertex   2.833995e+01  4.179829e+01 -1.800000e+01
      vertex   3.085873e+01  4.247339e+01 -1.800000e+01
      vertex   2.625000e+01  4.546633e+01 -1.800000e+01
    endloop
  endfacet
  facet normal  0.000000e+00  0.000000e+00  1.000000e+00
    outer loop
      vertex   2.833995e+01  4.179829e+01 -1.800000e+01
      vertex   2.625000e+01  4.546633e+01 -1.800000e+01
      vertex   2.365462e+01  4.461736e+01 -1.800000e+01
    endloop
  endfacet
  facet normal  0.000000e+00 -0.000000e+00  1.000000e+00
    outer loop
      vertex   2.365462e+01  4.461736e+01 -1.800000e+01
      vertex   2.625000e+01  4.546633e+01 -1.800000e+01
      vertex   2.135367e+01  4.796114e+01 -1.800000e+01
    endloop
  endfacet
  facet normal  0.000000e+00  0.000000e+00  1.000000e+00
    outer loop
      vertex   2.365462e+01  4.461736e+01 -1.800000e+01
      vertex   2.135367e+01  4.796114e+01 -1.800000e+01
      vertex   1.869198e+01  4.691332e+01 -1.800000e+01
    endloop
  endfacet
  facet normal  0.000000e+00 -0.000000e+00  1.000000e+00
    outer loop
      vertex   1.869198e+01  4.691332e+01 -1.800000e+01
      vertex   2.135367e+01  4.796114e+01 -1.800000e+01
      vertex   1.622339e+01  4.993047e+01 -1.800000e+01
    endloop
  endfacet
  facet normal  0.000000e+00  0.000000e+00  1.000000e+00
    outer loop
      vertex   1.869198e+01  4.691332e+01 -1.800000e+01
      vertex   1.622339e+01  4.993047e+01 -1.800000e+01
      vertex   1.351018e+01  4.865928e+01 -1.800000e+01
    endloop
  endfacet
  facet normal  0.000000e+00 -0.000000e+00  1.000000e+00
    outer loop
      vertex   1.351018e+01  4.865928e+01 -1.800000e+01
      vertex   1.622339e+01  4.993047e+01 -1.800000e+01
      vertex   1.091536e+01  5.135275e+01 -1.800000e+01
    endloop
  endfacet
  facet normal  0.000000e+00  0.000000e+00  1.000000e+00
    outer loop
      vertex   1.351018e+01  4.865928e+01 -1.800000e+01
      vertex   1.091536e+01  5.135275e+01 -1.800000e+01
      vertex   8.169991e+00  4.983474e+01 -1.800000e+01
    endloop
  endfacet
  facet normal  0.000000e+00 -0.000000e+00  1.000000e+00
    outer loop
      vertex   8.169991e+00  4.983474e+01 -1.800000e+01
      vertex   1.091536e+01  5.135275e+01 -1.800000e+01
      vertex   5.487744e+00  5.221240e+01 -1.800000e+01
    endloop
  endfacet
  facet normal  0.000000e+00  0.000000e+00  1.000000e+00
    outer loop
      vertex   8.169991e+00  4.983474e+01 -1.800000e+01
      vertex   5.487744e+00  5.221240e+01 -1.800000e+01
      vertex   2.734015e+00  5.042594e+01 -1.800000e+01
    endloop
  endfacet
  facet normal  0.000000e+00 -0.000000e+00  1.000000e+00
    outer loop
      vertex   2.734015e+00  5.042594e+01 -1.800000e+01
      vertex   5.487744e+00  5.221240e+01 -1.800000e+01
      vertex   0.000000e+00  5.250000e+01 -1.800000e+01
    endloop
  endfacet
  facet normal  0.000000e+00  0.000000e+00  1.000000e+00
    outer loop
      vertex   2.734015e+00  5.042594e+01 -1.800000e+01
      vertex   0.000000e+00  5.250000e+01 -1.800000e+01
      vertex  -2.734015e+00  5.042594e+01 -1.800000e+01
    endloop
  endfacet
  facet normal  0.000000e+00 -0.000000e+00  1.000000e+00
    outer loop
      vertex  -2.734015e+00  5.042594e+01 -1.800000e+01
      vertex   0.000000e+00  5.250000e+01 -1.800000e+01
      vertex  -5.487744e+00  5.221240e+01 -1.800000e+01
    endloop
  endfacet
  facet normal  0.000000e+00  0.000000e+00  1.000000e+00
    outer loop
      vertex  -2.734015e+00  5.042594e+01 -1.800000e+01
      vertex  -5.487744e+00  5.221240e+01 -1.800000e+01
      vertex  -8.169991e+00  4.983474e+01 -1.800000e+01
    endloop
  endfacet
  facet normal  0.000000e+00 -0.000000e+00  1.000000e+00
    outer loop
      vertex  -8.169991e+00  4.983474e+01 -1.800000e+01
      vertex  -5.487744e+00  5.221240e+01 -1.800000e+01
      vertex  -1.091536e+01  5.135275e+01 -1.800000e+01
    endloop
  endfacet
  facet normal  0.000000e+00  0.000000e+00  1.000000e+00
    outer loop
      vertex  -8.169991e+00  4.983474e+01 -1.800000e+01
      vertex  -1.091536e+01  5.135275e+01 -1.800000e+01
      vertex  -1.351018e+01  4.865928e+01 -1.800000e+01
    endloop
  endfacet
  facet normal  0.000000e+00 -0.000000e+00  1.000000e+00
    outer loop
      vertex  -1.351018e+01  4.865928e+01 -1.800000e+01
      vertex  -1.091536e+01  5.135275e+01 -1.800000e+01
      vertex  -1.622339e+01  4.993047e+01 -1.800000e+01
    endloop
  endfacet
  facet normal  0.000000e+00  0.000000e+00  1.000000e+00
    outer loop
      vertex  -1.351018e+01  4.865928e+01 -1.800000e+01
      vertex  -1.622339e+01  4.993047e+01 -1.800000e+01
      vertex  -1.869198e+01  4.691332e+01 -1.800000e+01
    endloop
  endfacet
  facet normal  0.000000e+00 -0.000000e+00  1.000000e+00
    outer loop
      vertex  -1.869198e+01  4.691332e+01 -1.800000e+01
      vertex  -1.622339e+01  4.993047e+01 -1.800000e+01
      vertex  -2.135367e+01  4.796114e+01 -1.800000e+01
    endloop
  endfacet
  facet normal  0.000000e+00  0.000000e+00  1.000000e+00
    outer loop
      vertex  -1.869198e+01  4.691332e+01 -1.800000e+01
      vertex  -2.135367e+01  4.796114e+01 -1.800000e+01
      vertex  -2.365462e+01  4.461736e+01 -1.800000e+01
    endloop
  endfacet
  facet normal  0.000000e+00 -0.000000e+00  1.000000e+00
    outer loop
      vertex  -2.365462e+01  4.461736e+01 -1.800000e+01
      vertex  -2.135367e+01  4.796114e+01 -1.800000e+01
      vertex  -2.625000e+01  4.546633e+01 -1.800000e+01
    endloop
  endfacet
  facet normal  0.000000e+00  0.000000e+00  1.000000e+00
    outer loop
      vertex  -2.365462e+01  4.461736e+01 -1.800000e+01
      vertex  -2.625000e+01  4.546633e+01 -1.800000e+01
      vertex  -2.833995e+01  4.179829e+01 -1.800000e+01
    endloop
  endfacet
  facet normal  0.000000e+00 -0.000000e+00  1.000000e+00
    outer loop
      vertex  -2.833995e+01  4.179829e+01 -1.800000e+01
      vertex  -2.625000e+01  4.546633e+01 -1.800000e+01
      vertex  -3.085873e+01  4.247339e+01 -1.800000e+01
    endloop
  endfacet
  facet normal  0.000000e+00  0.000000e+00  1.000000e+00
    outer loop
      vertex  -2.833995e+01  4.179829e+01 -1.800000e+01
      vertex  -3.085873e+01  4.247339e+01 -1.800000e+01
      vertex  -3.269301e+01  3.848919e+01 -1.800000e+01
    endloop
  endfacet
  facet normal  0.000000e+00 -0.000000e+00  1.000000e+00
    outer loop
      vertex  -3.269301e+01  3.848919e+01 -1.800000e+01
      vertex  -3.085873e+01  4.247339e+01 -1.800000e+01
      vertex  -3.512936e+01  3.901510e+01 -1.800000e+01
    endloop
  endfacet
  facet normal  0.000000e+00  0.000000e+00  1.000000e+00
    outer loop
      vertex  -3.269301e+01  3.848919e+01 -1.800000e+01
      vertex  -3.512936e+01  3.901510e+01 -1.800000e+01
      vertex  -3.666277e+01  3.472882e+01 -1.800000e+01
    endloop
  endfacet
  facet normal  0.000000e+00 -0.000000e+00  1.000000e+00
    outer loop
      vertex  -3.666277e+01  3.472882e+01 -1.800000e+01
      vertex  -3.512936e+01  3.901510e+01 -1.800000e+01
      vertex  -3.901510e+01  3.512936e+01 -1.800000e+01
    endloop
  endfacet
  facet normal  0.000000e+00  0.000000e+00  1.000000e+00
    outer loop
      vertex  -3.666277e+01  3.472882e+01 -1.800000e+01
      vertex  -3.901510e+01  3.512936e+01 -1.800000e+01
      vertex  -4.020270e+01  3.056130e+01 -1.800000e+01
    endloop
  endfacet
  facet normal  0.000000e+00 -0.000000e+00  1.000000e+00
    outer loop
      vertex  -4.020270e+01  3.056130e+01 -1.800000e+01
      vertex  -3.901510e+01  3.512936e+01 -1.800000e+01
      vertex  -4.247339e+01  3.085873e+01 -1.800000e+01
    endloop
  endfacet
  facet normal  0.000000e+00  0.000000e+00  1.000000e+00
    outer loop
      vertex  -4.020270e+01  3.056130e+01 -1.800000e+01
      vertex  -4.247339e+01  3.085873e+01 -1.800000e+01
      vertex  -4.327129e+01  2.603547e+01 -1.800000e+01
    endloop
  endfacet
  facet normal  0.000000e+00 -0.000000e+00  1.000000e+00
    outer loop
      vertex  -4.327129e+01  2.603547e+01 -1.800000e+01
      vertex  -4.247339e+01  3.085873e+01 -1.800000e+01
      vertex  -4.546633e+01  2.625000e+01 -1.800000e+01
    endloop
  endfacet
  facet normal  0.000000e+00  0.000000e+00  1.000000e+00
    outer loop
      vertex  -4.327129e+01  2.603547e+01 -1.800000e+01
      vertex  -4.546633e+01  2.625000e+01 -1.800000e+01
      vertex  -4.583256e+01  2.120440e+01 -1.800000e+01
    endloop
  endfacet
  facet normal  0.000000e+00 -0.000000e+00  1.000000e+00
    outer loop
      vertex  -4.583256e+01  2.120440e+01 -1.800000e+01
      vertex  -4.546633e+01  2.625000e+01 -1.800000e+01
      vertex  -4.796114e+01  2.135367e+01 -1.800000e+01
    endloop
  endfacet
  facet normal  0.000000e+00  0.000000e+00  1.000000e+00
    outer loop
      vertex  -4.583256e+01  2.120440e+01 -1.800000e+01
      vertex  -4.796114e+01  2.135367e+01 -1.800000e+01
      vertex  -4.785648e+01  1.612473e+01 -1.800000e+01
    endloop
  endfacet
  facet normal  0.000000e+00  0.000000e+00  1.000000e+00
    outer loop
      vertex  -4.785648e+01  1.612473e+01 -1.800000e+01
      vertex  -4.796114e+01  2.135367e+01 -1.800000e+01
      vertex  -4.993047e+01  1.622339e+01 -1.800000e+01
    endloop
  endfacet
  facet normal  0.000000e+00  0.000000e+00  1.000000e+00
    outer loop
      vertex  -4.785648e+01  1.612473e+01 -1.800000e+01
      vertex  -4.993047e+01  1.622339e+01 -1.800000e+01
      vertex  -4.931934e+01  1.085601e+01 -1.800000e+01
    endloop
  endfacet
  facet normal  0.000000e+00  0.000000e+00  1.000000e+00
    outer loop
      vertex  -4.931934e+01  1.085601e+01 -1.800000e+01
      vertex  -4.993047e+01  1.622339e+01 -1.800000e+01
      vertex  -5.135275e+01  1.091536e+01 -1.800000e+01
    endloop
  endfacet
  facet normal  0.000000e+00  0.000000e+00  1.000000e+00
    outer loop
      vertex  -4.931934e+01  1.085601e+01 -1.800000e+01
      vertex  -5.135275e+01  1.091536e+01 -1.800000e+01
      vertex  -5.020397e+01  5.460010e+00 -1.800000e+01
    endloop
  endfacet
  facet normal  0.000000e+00  0.000000e+00  1.000000e+00
    outer loop
      vertex  -5.020397e+01  5.460010e+00 -1.800000e+01
      vertex  -5.135275e+01  1.091536e+01 -1.800000e+01
      vertex  -5.221240e+01  5.487744e+00 -1.800000e+01
    endloop
  endfacet
  facet normal  0.000000e+00  0.000000e+00  1.000000e+00
    outer loop
      vertex  -5.020397e+01  5.460010e+00 -1.800000e+01
      vertex  -5.221240e+01  5.487744e+00 -1.800000e+01
      vertex  -5.050000e+01  0.000000e+00 -1.800000e+01
    endloop
  endfacet
  facet normal  0.000000e+00  0.000000e+00  1.000000e+00
    outer loop
      vertex  -5.050000e+01  0.000000e+00 -1.800000e+01
      vertex  -5.221240e+01  5.487744e+00 -1.800000e+01
      vertex  -5.250000e+01  0.000000e+00 -1.800000e+01
    endloop
  endfacet
  facet normal  0.000000e+00  0.000000e+00  1.000000e+00
    outer loop
      vertex  -5.050000e+01  0.000000e+00 -1.800000e+01
      vertex  -5.250000e+01  0.000000e+00 -1.800000e+01
      vertex  -5.221240e+01 -5.487744e+00 -1.800000e+01
    endloop
  endfacet
  facet normal  0.000000e+00  0.000000e+00  1.000000e+00
    outer loop
      vertex  -5.050000e+01  0.000000e+00 -1.800000e+01
      vertex  -5.221240e+01 -5.487744e+00 -1.800000e+01
      vertex  -5.020397e+01 -5.460010e+00 -1.800000e+01
    endloop
  endfacet
  facet normal  0.000000e+00  0.000000e+00  1.000000e+00
    outer loop
      vertex  -5.020397e+01 -5.460010e+00 -1.800000e+01
      vertex  -5.221240e+01 -5.487744e+00 -1.800000e+01
      vertex  -5.135275e+01 -1.091536e+01 -1.800000e+01
    endloop
  endfacet
  facet normal  0.000000e+00  0.000000e+00  1.000000e+00
    outer loop
      vertex  -5.020397e+01 -5.460010e+00 -1.800000e+01
      vertex  -5.135275e+01 -1.091536e+01 -1.800000e+01
      vertex  -4.931934e+01 -1.085601e+01 -1.800000e+01
    endloop
  endfacet
  facet normal  0.000000e+00  0.000000e+00  1.000000e+00
    outer loop
      vertex  -4.931934e+01 -1.085601e+01 -1.800000e+01
      vertex  -5.135275e+01 -1.091536e+01 -1.800000e+01
      vertex  -4.993047e+01 -1.622339e+01 -1.800000e+01
    endloop
  endfacet
  facet normal  0.000000e+00  0.000000e+00  1.000000e+00
    outer loop
      vertex  -4.931934e+01 -1.085601e+01 -1.800000e+01
      vertex  -4.993047e+01 -1.622339e+01 -1.800000e+01
      vertex  -4.785648e+01 -1.612473e+01 -1.800000e+01
    endloop
  endfacet
  facet normal  0.000000e+00  0.000000e+00  1.000000e+00
    outer loop
      vertex  -4.785648e+01 -1.612473e+01 -1.800000e+01
      vertex  -4.993047e+01 -1.622339e+01 -1.800000e+01
      vertex  -4.796114e+01 -2.135367e+01 -1.800000e+01
    endloop
  endfacet
  facet normal  0.000000e+00  0.000000e+00  1.000000e+00
    outer loop
      vertex  -4.785648e+01 -1.612473e+01 -1.800000e+01
      vertex  -4.796114e+01 -2.135367e+01 -1.800000e+01
      vertex  -4.583256e+01 -2.120440e+01 -1.800000e+01
    endloop
  endfacet
  facet normal  0.000000e+00  0.000000e+00  1.000000e+00
    outer loop
      vertex  -4.583256e+01 -2.120440e+01 -1.800000e+01
      vertex  -4.796114e+01 -2.135367e+01 -1.800000e+01
      vertex  -4.546633e+01 -2.625000e+01 -1.800000e+01
    endloop
  endfacet
  facet normal  0.000000e+00  0.000000e+00  1.000000e+00
    outer loop
      vertex  -4.583256e+01 -2.120440e+01 -1.800000e+01
      vertex  -4.546633e+01 -2.625000e+01 -1.800000e+01
      vertex  -4.327129e+01 -2.603547e+01 -1.800000e+01
    endloop
  endfacet
  facet normal  0.000000e+00  0.000000e+00  1.000000e+00
    outer loop
      vertex  -4.327129e+01 -2.603547e+01 -1.800000e+01
      vertex  -4.546633e+01 -2.625000e+01 -1.800000e+01
      vertex  -4.247339e+01 -3.085873e+01 -1.800000e+01
    endloop
  endfacet
  facet normal  0.000000e+00  0.000000e+00  1.000000e+00
    outer loop
      vertex  -4.327129e+01 -2.603547e+01 -1.800000e+01
      vertex  -4.247339e+01 -3.085873e+01 -1.800000e+01
      vertex  -4.020270e+01 -3.056130e+01 -1.800000e+01
    endloop
  endfacet
  facet normal  0.000000e+00  0.000000e+00  1.000000e+00
    outer loop
      vertex  -4.020270e+01 -3.056130e+01 -1.800000e+01
      vertex  -4.247339e+01 -3.085873e+01 -1.800000e+01
      vertex  -3.901510e+01 -3.512936e+01 -1.800000e+01
    endloop
  endfacet
  facet normal  0.000000e+00  0.000000e+00  1.000000e+00
    outer loop
      vertex  -4.020270e+01 -3.056130e+01 -1.800000e+01
      vertex  -3.901510e+01 -3.512936e+01 -1.800000e+01
      vertex  -3.666277e+01 -3.472882e+01 -1.800000e+01
    endloop
  endfacet
  facet normal  0.000000e+00  0.000000e+00  1.000000e+00
    outer loop
      vertex  -3.666277e+01 -3.472882e+01 -1.800000e+01
      vertex  -3.901510e+01 -3.512936e+01 -1.800000e+01
      vertex  -3.512936e+01 -3.901510e+01 -1.800000e+01
    endloop
  endfacet
  facet normal  0.000000e+00  0.000000e+00  1.000000e+00
    outer loop
      vertex  -3.666277e+01 -3.472882e+01 -1.800000e+01
      vertex  -3.512936e+01 -3.901510e+01 -1.800000e+01
      vertex  -3.269301e+01 -3.848919e+01 -1.800000e+01
    endloop
  endfacet
  facet normal  0.000000e+00  0.000000e+00  1.000000e+00
    outer loop
      vertex  -3.269301e+01 -3.848919e+01 -1.800000e+01
      vertex  -3.512936e+01 -3.901510e+01 -1.800000e+01
      vertex  -3.085873e+01 -4.247339e+01 -1.800000e+01
    endloop
  endfacet
  facet normal  0.000000e+00  0.000000e+00  1.000000e+00
    outer loop
      vertex  -3.269301e+01 -3.848919e+01 -1.800000e+01
      vertex  -3.085873e+01 -4.247339e+01 -1.800000e+01
      vertex  -2.833995e+01 -4.179829e+01 -1.800000e+01
    endloop
  endfacet
  facet normal  0.000000e+00  0.000000e+00  1.000000e+00
    outer loop
      vertex  -2.833995e+01 -4.179829e+01 -1.800000e+01
      vertex  -3.085873e+01 -4.247339e+01 -1.800000e+01
      vertex  -2.625000e+01 -4.546633e+01 -1.800000e+01
    endloop
  endfacet
  facet normal  0.000000e+00  0.000000e+00  1.000000e+00
    outer loop
      vertex  -2.833995e+01 -4.179829e+01 -1.800000e+01
      vertex  -2.625000e+01 -4.546633e+01 -1.800000e+01
      vertex  -2.365462e+01 -4.461736e+01 -1.800000e+01
    endloop
  endfacet
  facet normal  0.000000e+00  0.000000e+00  1.000000e+00
    outer loop
      vertex  -2.365462e+01 -4.461736e+01 -1.800000e+01
      vertex  -2.625000e+01 -4.546633e+01 -1.800000e+01
      vertex  -2.135367e+01 -4.796114e+01 -1.800000e+01
    endloop
  endfacet
  facet normal  0.000000e+00  0.000000e+00  1.000000e+00
    outer loop
      vertex  -2.365462e+01 -4.461736e+01 -1.800000e+01
      vertex  -2.135367e+01 -4.796114e+01 -1.800000e+01
      vertex  -1.869198e+01 -4.691332e+01 -1.800000e+01
    endloop
  endfacet
  facet normal  0.000000e+00  0.000000e+00  1.000000e+00
    outer loop
      vertex  -1.869198e+01 -4.691332e+01 -1.800000e+01
      vertex  -2.135367e+01 -4.796114e+01 -1.800000e+01
      vertex  -1.622339e+01 -4.993047e+01 -1.800000e+01
    endloop
  endfacet
  facet normal  0.000000e+00  0.000000e+00  1.000000e+00
    outer loop
      vertex  -1.869198e+01 -4.691332e+01 -1.800000e+01
      vertex  -1.622339e+01 -4.993047e+01 -1.800000e+01
      vertex  -1.351018e+01 -4.865928e+01 -1.800000e+01
    endloop
  endfacet
  facet normal  0.000000e+00  0.000000e+00  1.000000e+00
    outer loop
      vertex  -1.351018e+01 -4.865928e+01 -1.800000e+01
      vertex  -1.622339e+01 -4.993047e+01 -1.800000e+01
      vertex  -1.091536e+01 -5.135275e+01 -1.800000e+01
    endloop
  endfacet
  facet normal  0.000000e+00  0.000000e+00  1.000000e+00
    outer loop
      vertex  -1.351018e+01 -4.865928e+01 -1.800000e+01
      vertex  -1.091536e+01 -5.135275e+01 -1.800000e+01
      vertex  -8.169991e+00 -4.983474e+01 -1.800000e+01
    endloop
  endfacet
  facet normal  0.000000e+00  0.000000e+00  1.000000e+00
    outer loop
      vertex  -8.169991e+00 -4.983474e+01 -1.800000e+01
      vertex  -1.091536e+01 -5.135275e+01 -1.800000e+01
      vertex  -5.487744e+00 -5.221240e+01 -1.800000e+01
    endloop
  endfacet
  facet normal  0.000000e+00  0.000000e+00  1.000000e+00
    outer loop
      vertex  -8.169991e+00 -4.983474e+01 -1.800000e+01
      vertex  -5.487744e+00 -5.221240e+01 -1.800000e+01
      vertex  -2.734015e+00 -5.042594e+01 -1.800000e+01
    endloop
  endfacet
  facet normal  0.000000e+00  0.000000e+00  1.000000e+00
    outer loop
      vertex  -2.734015e+00 -5.042594e+01 -1.800000e+01
      vertex  -5.487744e+00 -5.221240e+01 -1.800000e+01
      vertex   0.000000e+00 -5.250000e+01 -1.800000e+01
    endloop
  endfacet
  facet normal -0.000000e+00  0.000000e+00  1.000000e+00
    outer loop
      vertex  -2.734015e+00 -5.042594e+01 -1.800000e+01
      vertex   0.000000e+00 -5.250000e+01 -1.800000e+01
      vertex   2.734015e+00 -5.042594e+01 -1.800000e+01
    endloop
  endfacet
  facet normal  0.000000e+00  0.000000e+00  1.000000e+00
    outer loop
      vertex   2.734015e+00 -5.042594e+01 -1.800000e+01
      vertex   0.000000e+00 -5.250000e+01 -1.800000e+01
      vertex   5.487744e+00 -5.221240e+01 -1.800000e+01
    endloop
  endfacet
  facet normal -0.000000e+00  0.000000e+00  1.000000e+00
    outer loop
      vertex   2.734015e+00 -5.042594e+01 -1.800000e+01
      vertex   5.487744e+00 -5.221240e+01 -1.800000e+01
      vertex   8.169991e+00 -4.983474e+01 -1.800000e+01
    endloop
  endfacet
  facet normal  0.000000e+00  0.000000e+00  1.000000e+00
    outer loop
      vertex   8.169991e+00 -4.983474e+01 -1.800000e+01
      vertex   5.487744e+00 -5.221240e+01 -1.800000e+01
      vertex   1.091536e+01 -5.135275e+01 -1.800000e+01
    endloop
  endfacet
  facet normal -0.000000e+00  0.000000e+00  1.000000e+00
    outer loop
      vertex   8.169991e+00 -4.983474e+01 -1.800000e+01
      vertex   1.091536e+01 -5.135275e+01 -1.800000e+01
      vertex   1.351018e+01 -4.865928e+01 -1.800000e+01
    endloop
  endfacet
  facet normal  0.000000e+00  0.000000e+00  1.000000e+00
    outer loop
      vertex   1.351018e+01 -4.865928e+01 -1.800000e+01
      vertex   1.091536e+01 -5.135275e+01 -1.800000e+01
      vertex   1.622339e+01 -4.993047e+01 -1.800000e+01
    endloop
  endfacet
  facet normal -0.000000e+00  0.000000e+00  1.000000e+00
    outer loop
      vertex   1.351018e+01 -4.865928e+01 -1.800000e+01
      vertex   1.622339e+01 -4.993047e+01 -1.800000e+01
      vertex   1.869198e+01 -4.691332e+01 -1.800000e+01
    endloop
  endfacet
  facet normal  0.000000e+00  0.000000e+00  1.000000e+00
    outer loop
      vertex   1.869198e+01 -4.691332e+01 -1.800000e+01
      vertex   1.622339e+01 -4.993047e+01 -1.800000e+01
      vertex   2.135367e+01 -4.796114e+01 -1.800000e+01
    endloop
  endfacet
  facet normal -0.000000e+00  0.000000e+00  1.000000e+00
    outer loop
      vertex   1.869198e+01 -4.691332e+01 -1.800000e+01
      vertex   2.135367e+01 -4.796114e+01 -1.800000e+01
      vertex   2.365462e+01 -4.461736e+01 -1.800000e+01
    endloop
  endfacet
  facet normal  0.000000e+00  0.000000e+00  1.000000e+00
    outer loop
      vertex   2.365462e+01 -4.461736e+01 -1.800000e+01
      vertex   2.135367e+01 -4.796114e+01 -1.800000e+01
      vertex   2.625000e+01 -4.546633e+01 -1.800000e+01
    endloop
  endfacet
  facet normal -0.000000e+00  0.000000e+00  1.000000e+00
    outer loop
      vertex   2.365462e+01 -4.461736e+01 -1.800000e+01
      vertex   2.625000e+01 -4.546633e+01 -1.800000e+01
      vertex   2.833995e+01 -4.179829e+01 -1.800000e+01
    endloop
  endfacet
  facet normal  0.000000e+00  0.000000e+00  1.000000e+00
    outer loop
      vertex   2.833995e+01 -4.179829e+01 -1.800000e+01
      vertex   2.625000e+01 -4.546633e+01 -1.800000e+01
      vertex   3.085873e+01 -4.247339e+01 -1.800000e+01
    endloop
  endfacet
  facet normal -0.000000e+00  0.000000e+00  1.000000e+00
    outer loop
      vertex   2.833995e+01 -4.179829e+01 -1.800000e+01
      vertex   3.085873e+01 -4.247339e+01 -1.800000e+01
      vertex   3.269301e+01 -3.848919e+01 -1.800000e+01
    endloop
  endfacet
  facet normal  0.000000e+00  0.000000e+00  1.000000e+00
    outer loop
      vertex   3.269301e+01 -3.848919e+01 -1.800000e+01
      vertex   3.085873e+01 -4.247339e+01 -1.800000e+01
      vertex   3.512936e+01 -3.901510e+01 -1.800000e+01
    endloop
  endfacet
  facet normal -0.000000e+00  0.000000e+00  1.000000e+00
    outer loop
      vertex   3.269301e+01 -3.848919e+01 -1.800000e+01
      vertex   3.512936e+01 -3.901510e+01 -1.800000e+01
      vertex   3.666277e+01 -3.472882e+01 -1.800000e+01
    endloop
  endfacet
  facet normal  0.000000e+00  0.000000e+00  1.000000e+00
    outer loop
      vertex   3.666277e+01 -3.472882e+01 -1.800000e+01
      vertex   3.512936e+01 -3.901510e+01 -1.800000e+01
      vertex   3.901510e+01 -3.512936e+01 -1.800000e+01
    endloop
  endfacet
  facet normal -0.000000e+00  0.000000e+00  1.000000e+00
    outer loop
      vertex   3.666277e+01 -3.472882e+01 -1.800000e+01
      vertex   3.901510e+01 -3.512936e+01 -1.800000e+01
      vertex   4.020270e+01 -3.056130e+01 -1.800000e+01
    endloop
  endfacet
  facet normal  0.000000e+00  0.000000e+00  1.000000e+00
    outer loop
      vertex   4.020270e+01 -3.056130e+01 -1.800000e+01
      vertex   3.901510e+01 -3.512936e+01 -1.800000e+01
      vertex   4.247339e+01 -3.085873e+01 -1.800000e+01
    endloop
  endfacet
  facet normal -0.000000e+00  0.000000e+00  1.000000e+00
    outer loop
      vertex   4.020270e+01 -3.056130e+01 -1.800000e+01
      vertex   4.247339e+01 -3.085873e+01 -1.800000e+01
      vertex   4.327129e+01 -2.603547e+01 -1.800000e+01
    endloop
  endfacet
  facet normal  0.000000e+00  0.000000e+00  1.000000e+00
    outer loop
      vertex   4.327129e+01 -2.603547e+01 -1.800000e+01
      vertex   4.247339e+01 -3.085873e+01 -1.800000e+01
      vertex   4.546633e+01 -2.625000e+01 -1.800000e+01
    endloop
  endfacet
  facet normal -0.000000e+00  0.000000e+00  1.000000e+00
    outer loop
      vertex   4.327129e+01 -2.603547e+01 -1.800000e+01
      vertex   4.546633e+01 -2.625000e+01 -1.800000e+01
      vertex   4.583256e+01 -2.120440e+01 -1.800000e+01
    endloop
  endfacet
  facet normal  0.000000e+00  0.000000e+00  1.000000e+00
    outer loop
      vertex   4.583256e+01 -2.120440e+01 -1.800000e+01
      vertex   4.546633e+01 -2.625000e+01 -1.800000e+01
      vertex   4.796114e+01 -2.135367e+01 -1.800000e+01
    endloop
  endfacet
  facet normal -0.000000e+00  0.000000e+00  1.000000e+00
    outer loop
      vertex   4.583256e+01 -2.120440e+01 -1.800000e+01
      vertex   4.796114e+01 -2.135367e+01 -1.800000e+01
      vertex   4.785648e+01 -1.612473e+01 -1.800000e+01
    endloop
  endfacet
  facet normal  0.000000e+00  0.000000e+00  1.000000e+00
    outer loop
      vertex   4.785648e+01 -1.612473e+01 -1.800000e+01
      vertex   4.796114e+01 -2.135367e+01 -1.800000e+01
      vertex   4.993047e+01 -1.622339e+01 -1.800000e+01
    endloop
  endfacet
  facet normal -0.000000e+00  0.000000e+00  1.000000e+00
    outer loop
      vertex   4.785648e+01 -1.612473e+01 -1.800000e+01
      vertex   4.993047e+01 -1.622339e+01 -1.800000e+01
      vertex   4.931934e+01 -1.085601e+01 -1.800000e+01
    endloop
  endfacet
  facet normal  0.000000e+00  0.000000e+00  1.000000e+00
    outer loop
      vertex   4.931934e+01 -1.085601e+01 -1.800000e+01
      vertex   4.993047e+01 -1.622339e+01 -1.800000e+01
      vertex   5.135275e+01 -1.091536e+01 -1.800000e+01
    endloop
  endfacet
  facet normal -0.000000e+00  0.000000e+00  1.000000e+00
    outer loop
      vertex   4.931934e+01 -1.085601e+01 -1.800000e+01
      vertex   5.135275e+01 -1.091536e+01 -1.800000e+01
      vertex   5.020397e+01 -5.460010e+00 -1.800000e+01
    endloop
  endfacet
  facet normal  0.000000e+00  0.000000e+00  1.000000e+00
    outer loop
      vertex   5.020397e+01 -5.460010e+00 -1.800000e+01
      vertex   5.135275e+01 -1.091536e+01 -1.800000e+01
      vertex   5.221240e+01 -5.487744e+00 -1.800000e+01
    endloop
  endfacet
  facet normal -0.000000e+00  0.000000e+00  1.000000e+00
    outer loop
      vertex   5.020397e+01 -5.460010e+00 -1.800000e+01
      vertex   5.221240e+01 -5.487744e+00 -1.800000e+01
      vertex   5.050000e+01  0.000000e+00 -1.800000e+01
    endloop
  endfacet
  facet normal  0.000000e+00 -0.000000e+00 -1.000000e+00
    outer loop
      vertex   5.221240e+01  5.487744e+00 -2.200000e+01
      vertex   5.250000e+01  0.000000e+00 -2.200000e+01
      vertex   5.050000e+01  0.000000e+00 -2.200000e+01
    endloop
  endfacet
  facet normal  0.000000e+00  0.000000e+00 -1.000000e+00
    outer loop
      vertex   5.050000e+01  0.000000e+00 -2.200000e+01
      vertex   5.250000e+01  0.000000e+00 -2.200000e+01
      vertex   5.221240e+01 -5.487744e+00 -2.200000e+01
    endloop
  endfacet
  facet normal  0.000000e+00 -0.000000e+00 -1.000000e+00
    outer loop
      vertex   5.050000e+01  0.000000e+00 -2.200000e+01
      vertex   5.221240e+01 -5.487744e+00 -2.200000e+01
      vertex   5.020397e+01 -5.460010e+00 -2.200000e+01
    endloop
  endfacet
  facet normal  0.000000e+00  0.000000e+00 -1.000000e+00
    outer loop
      vertex   5.020397e+01 -5.460010e+00 -2.200000e+01
      vertex   5.221240e+01 -5.487744e+00 -2.200000e+01
      vertex   5.135275e+01 -1.091536e+01 -2.200000e+01
    endloop
  endfacet
  facet normal  0.000000e+00 -0.000000e+00 -1.000000e+00
    outer loop
      vertex   5.020397e+01 -5.460010e+00 -2.200000e+01
      vertex   5.135275e+01 -1.091536e+01 -2.200000e+01
      vertex   4.931934e+01 -1.085601e+01 -2.200000e+01
    endloop
  endfacet
  facet normal  0.000000e+00  0.000000e+00 -1.000000e+00
    outer loop
      vertex   4.931934e+01 -1.085601e+01 -2.200000e+01
      vertex   5.135275e+01 -1.091536e+01 -2.200000e+01
      vertex   4.993047e+01 -1.622339e+01 -2.200000e+01
    endloop
  endfacet
  facet normal  0.000000e+00 -0.000000e+00 -1.000000e+00
    outer loop
      vertex   4.931934e+01 -1.085601e+01 -2.200000e+01
      vertex   4.993047e+01 -1.622339e+01 -2.200000e+01
      vertex   4.785648e+01 -1.612473e+01 -2.200000e+01
    endloop
  endfacet
  facet normal  0.000000e+00  0.000000e+00 -1.000000e+00
    outer loop
      vertex   4.785648e+01 -1.612473e+01 -2.200000e+01
      vertex   4.993047e+01 -1.622339e+01 -2.200000e+01
      vertex   4.796114e+01 -2.135367e+01 -2.200000e+01
    endloop
  endfacet
  facet normal  0.000000e+00 -0.000000e+00 -1.000000e+00
    outer loop
      vertex   4.785648e+01 -1.612473e+01 -2.200000e+01
      vertex   4.796114e+01 -2.135367e+01 -2.200000e+01
      vertex   4.583256e+01 -2.120440e+01 -2.200000e+01
    endloop
  endfacet
  facet normal  0.000000e+00 -0.000000e+00 -1.000000e+00
    outer loop
      vertex   4.583256e+01 -2.120440e+01 -2.200000e+01
      vertex   4.796114e+01 -2.135367e+01 -2.200000e+01
      vertex   4.546633e+01 -2.625000e+01 -2.200000e+01
    endloop
  endfacet
  facet normal  0.000000e+00  0.000000e+00 -1.000000e+00
    outer loop
      vertex   4.583256e+01 -2.120440e+01 -2.200000e+01
      vertex   4.546633e+01 -2.625000e+01 -2.200000e+01
      vertex   4.327129e+01 -2.603547e+01 -2.200000e+01
    endloop
  endfacet
  facet normal  0.000000e+00 -0.000000e+00 -1.000000e+00
    outer loop
      vertex   4.327129e+01 -2.603547e+01 -2.200000e+01
      vertex   4.546633e+01 -2.625000e+01 -2.200000e+01
      vertex   4.247339e+01 -3.085873e+01 -2.200000e+01
    endloop
  endfacet
  facet normal  0.000000e+00  0.000000e+00 -1.000000e+00
    outer loop
      vertex   4.327129e+01 -2.603547e+01 -2.200000e+01
      vertex   4.247339e+01 -3.085873e+01 -2.200000e+01
      vertex   4.020270e+01 -3.056130e+01 -2.200000e+01
    endloop
  endfacet
  facet normal  0.000000e+00 -0.000000e+00 -1.000000e+00
    outer loop
      vertex   4.020270e+01 -3.056130e+01 -2.200000e+01
      vertex   4.247339e+01 -3.085873e+01 -2.200000e+01
      vertex   3.901510e+01 -3.512936e+01 -2.200000e+01
    endloop
  endfacet
  facet normal  0.000000e+00  0.000000e+00 -1.000000e+00
    outer loop
      vertex   4.020270e+01 -3.056130e+01 -2.200000e+01
      vertex   3.901510e+01 -3.512936e+01 -2.200000e+01
      vertex   3.666277e+01 -3.472882e+01 -2.200000e+01
    endloop
  endfacet
  facet normal  0.000000e+00 -0.000000e+00 -1.000000e+00
    outer loop
      vertex   3.666277e+01 -3.472882e+01 -2.200000e+01
      vertex   3.901510e+01 -3.512936e+01 -2.200000e+01
      vertex   3.512936e+01 -3.901510e+01 -2.200000e+01
    endloop
  endfacet
  facet normal  0.000000e+00  0.000000e+00 -1.000000e+00
    outer loop
      vertex   3.666277e+01 -3.472882e+01 -2.200000e+01
      vertex   3.512936e+01 -3.901510e+01 -2.200000e+01
      vertex   3.269301e+01 -3.848919e+01 -2.200000e+01
    endloop
  endfacet
  facet normal  0.000000e+00 -0.000000e+00 -1.000000e+00
    outer loop
      vertex   3.269301e+01 -3.848919e+01 -2.200000e+01
      vertex   3.512936e+01 -3.901510e+01 -2.200000e+01
      vertex   3.085873e+01 -4.247339e+01 -2.200000e+01
    endloop
  endfacet
  facet normal  0.000000e+00  0.000000e+00 -1.000000e+00
    outer loop
      vertex   3.269301e+01 -3.848919e+01 -2.200000e+01
      vertex   3.085873e+01 -4.247339e+01 -2.200000e+01
      vertex   2.833995e+01 -4.179829e+01 -2.200000e+01
    endloop
  endfacet
  facet normal  0.000000e+00 -0.000000e+00 -1.000000e+00
    outer loop
      vertex   2.833995e+01 -4.179829e+01 -2.200000e+01
      vertex   3.085873e+01 -4.247339e+01 -2.200000e+01
      vertex   2.625000e+01 -4.546633e+01 -2.200000e+01
    endloop
  endfacet
  facet normal  0.000000e+00  0.000000e+00 -1.000000e+00
    outer loop
      vertex   2.833995e+01 -4.179829e+01 -2.200000e+01
      vertex   2.625000e+01 -4.546633e+01 -2.200000e+01
      vertex   2.365462e+01 -4.461736e+01 -2.200000e+01
    endloop
  endfacet
  facet normal  0.000000e+00 -0.000000e+00 -1.000000e+00
    outer loop
      vertex   2.365462e+01 -4.461736e+01 -2.200000e+01
      vertex   2.625000e+01 -4.546633e+01 -2.200000e+01
      vertex   2.135367e+01 -4.796114e+01 -2.200000e+01
    endloop
  endfacet
  facet normal  0.000000e+00  0.000000e+00 -1.000000e+00
    outer loop
      vertex   2.365462e+01 -4.461736e+01 -2.200000e+01
      vertex   2.135367e+01 -4.796114e+01 -2.200000e+01
      vertex   1.869198e+01 -4.691332e+01 -2.200000e+01
    endloop
  endfacet
  facet normal  0.000000e+00 -0.000000e+00 -1.000000e+00
    outer loop
      vertex   1.869198e+01 -4.691332e+01 -2.200000e+01
      vertex   2.135367e+01 -4.796114e+01 -2.200000e+01
      vertex   1.622339e+01 -4.993047e+01 -2.200000e+01
    endloop
  endfacet
  facet normal  0.000000e+00  0.000000e+00 -1.000000e+00
    outer loop
      vertex   1.869198e+01 -4.691332e+01 -2.200000e+01
      vertex   1.622339e+01 -4.993047e+01 -2.200000e+01
      vertex   1.351018e+01 -4.865928e+01 -2.200000e+01
    endloop
  endfacet
  facet normal  0.000000e+00 -0.000000e+00 -1.000000e+00
    outer loop
      vertex   1.351018e+01 -4.865928e+01 -2.200000e+01
      vertex   1.622339e+01 -4.993047e+01 -2.200000e+01
      vertex   1.091536e+01 -5.135275e+01 -2.200000e+01
    endloop
  endfacet
  facet normal  0.000000e+00  0.000000e+00 -1.000000e+00
    outer loop
      vertex   1.351018e+01 -4.865928e+01 -2.200000e+01
      vertex   1.091536e+01 -5.135275e+01 -2.200000e+01
      vertex   8.169991e+00 -4.983474e+01 -2.200000e+01
    endloop
  endfacet
  facet normal  0.000000e+00 -0.000000e+00 -1.000000e+00
    outer loop
      vertex   8.169991e+00 -4.983474e+01 -2.200000e+01
      vertex   1.091536e+01 -5.135275e+01 -2.200000e+01
      vertex   5.487744e+00 -5.221240e+01 -2.200000e+01
    endloop
  endfacet
  facet normal  0.000000e+00  0.000000e+00 -1.000000e+00
    outer loop
      vertex   8.169991e+00 -4.983474e+01 -2.200000e+01
      vertex   5.487744e+00 -5.221240e+01 -2.200000e+01
      vertex   2.734015e+00 -5.042594e+01 -2.200000e+01
    endloop
  endfacet
  facet normal  0.000000e+00 -0.000000e+00 -1.000000e+00
    outer loop
      vertex   2.734015e+00 -5.042594e+01 -2.200000e+01
      vertex   5.487744e+00 -5.221240e+01 -2.200000e+01
      vertex   0.000000e+00 -5.250000e+01 -2.200000e+01
    endloop
  endfacet
  facet normal -0.000000e+00  0.000000e+00 -1.000000e+00
    outer loop
      vertex   2.734015e+00 -5.042594e+01 -2.200000e+01
      vertex   0.000000e+00 -5.250000e+01 -2.200000e+01
      vertex  -2.734015e+00 -5.042594e+01 -2.200000e+01
    endloop
  endfacet
  facet normal  0.000000e+00 -0.000000e+00 -1.000000e+00
    outer loop
      vertex  -2.734015e+00 -5.042594e+01 -2.200000e+01
      vertex   0.000000e+00 -5.250000e+01 -2.200000e+01
      vertex  -5.487744e+00 -5.221240e+01 -2.200000e+01
    endloop
  endfacet
  facet normal -0.000000e+00  0.000000e+00 -1.000000e+00
    outer loop
      vertex  -2.734015e+00 -5.042594e+01 -2.200000e+01
      vertex  -5.487744e+00 -5.221240e+01 -2.200000e+01
      vertex  -8.169991e+00 -4.983474e+01 -2.200000e+01
    endloop
  endfacet
  facet normal  0.000000e+00 -0.000000e+00 -1.000000e+00
    outer loop
      vertex  -8.169991e+00 -4.983474e+01 -2.200000e+01
      vertex  -5.487744e+00 -5.221240e+01 -2.200000e+01
      vertex  -1.091536e+01 -5.135275e+01 -2.200000e+01
    endloop
  endfacet
  facet normal -0.000000e+00  0.000000e+00 -1.000000e+00
    outer loop
      vertex  -8.169991e+00 -4.983474e+01 -2.200000e+01
      vertex  -1.091536e+01 -5.135275e+01 -2.200000e+01
      vertex  -1.351018e+01 -4.865928e+01 -2.200000e+01
    endloop
  endfacet
  facet normal  0.000000e+00 -0.000000e+00 -1.000000e+00
    outer loop
      vertex  -1.351018e+01 -4.865928e+01 -2.200000e+01
      vertex  -1.091536e+01 -5.135275e+01 -2.200000e+01
      vertex  -1.622339e+01 -4.993047e+01 -2.200000e+01
    endloop
  endfacet
  facet normal -0.000000e+00  0.000000e+00 -1.000000e+00
    outer loop
      vertex  -1.351018e+01 -4.865928e+01 -2.200000e+01
      vertex  -1.622339e+01 -4.993047e+01 -2.200000e+01
      vertex  -1.869198e+01 -4.691332e+01 -2.200000e+01
    endloop
  endfacet
  facet normal  0.000000e+00 -0.000000e+00 -1.000000e+00
    outer loop
      vertex  -1.869198e+01 -4.691332e+01 -2.200000e+01
      vertex  -1.622339e+01 -4.993047e+01 -2.200000e+01
      vertex  -2.135367e+01 -4.796114e+01 -2.200000e+01
    endloop
  endfacet
  facet normal -0.000000e+00  0.000000e+00 -1.000000e+00
    outer loop
      vertex  -1.869198e+01 -4.691332e+01 -2.200000e+01
      vertex  -2.135367e+01 -4.796114e+01 -2.200000e+01
      vertex  -2.365462e+01 -4.461736e+01 -2.200000e+01
    endloop
  endfacet
  facet normal  0.000000e+00 -0.000000e+00 -1.000000e+00
    outer loop
      vertex  -2.365462e+01 -4.461736e+01 -2.200000e+01
      vertex  -2.135367e+01 -4.796114e+01 -2.200000e+01
      vertex  -2.625000e+01 -4.546633e+01 -2.200000e+01
    endloop
  endfacet
  facet normal -0.000000e+00  0.000000e+00 -1.000000e+00
    outer loop
      vertex  -2.365462e+01 -4.461736e+01 -2.200000e+01
      vertex  -2.625000e+01 -4.546633e+01 -2.200000e+01
      vertex  -2.833995e+01 -4.179829e+01 -2.200000e+01
    endloop
  endfacet
  facet normal  0.000000e+00 -0.000000e+00 -1.000000e+00
    outer loop
      vertex  -2.833995e+01 -4.179829e+01 -2.200000e+01
      vertex  -2.625000e+01 -4.546633e+01 -2.200000e+01
      vertex  -3.085873e+01 -4.247339e+01 -2.200000e+01
    endloop
  endfacet
  facet normal -0.000000e+00  0.000000e+00 -1.000000e+00
    outer loop
      vertex  -2.833995e+01 -4.179829e+01 -2.200000e+01
      vertex  -3.085873e+01 -4.247339e+01 -2.200000e+01
      vertex  -3.269301e+01 -3.848919e+01 -2.200000e+01
    endloop
  endfacet
  facet normal  0.000000e+00 -0.000000e+00 -1.000000e+00
    outer loop
      vertex  -3.269301e+01 -3.848919e+01 -2.200000e+01
      vertex  -3.085873e+01 -4.247339e+01 -2.200000e+01
      vertex  -3.512936e+01 -3.901510e+01 -2.200000e+01
    endloop
  endfacet
  facet normal -0.000000e+00  0.000000e+00 -1.000000e+00
    outer loop
      vertex  -3.269301e+01 -3.848919e+01 -2.200000e+01
      vertex  -3.512936e+01 -3.901510e+01 -2.200000e+01
      vertex  -3.666277e+01 -3.472882e+01 -2.200000e+01
    endloop
  endfacet
  facet normal  0.000000e+00 -0.000000e+00 -1.000000e+00
    outer loop
      vertex  -3.666277e+01 -3.472882e+01 -2.200000e+01
      vertex  -3.512936e+01 -3.901510e+01 -2.200000e+01
      vertex  -3.901510e+01 -3.512936e+01 -2.200000e+01
    endloop
  endfacet
  facet normal -0.000000e+00  0.000000e+00 -1.000000e+00
    outer loop
      vertex  -3.666277e+01 -3.472882e+01 -2.200000e+01
      vertex  -3.901510e+01 -3.512936e+01 -2.200000e+01
      vertex  -4.020270e+01 -3.056130e+01 -2.200000e+01
    endloop
  endfacet
  facet normal  0.000000e+00 -0.000000e+00 -1.000000e+00
    outer loop
      vertex  -4.020270e+01 -3.056130e+01 -2.200000e+01
      vertex  -3.901510e+01 -3.512936e+01 -2.200000e+01
      vertex  -4.247339e+01 -3.085873e+01 -2.200000e+01
    endloop
  endfacet
  facet normal -0.000000e+00  0.000000e+00 -1.000000e+00
    outer loop
      vertex  -4.020270e+01 -3.056130e+01 -2.200000e+01
      vertex  -4.247339e+01 -3.085873e+01 -2.200000e+01
      vertex  -4.327129e+01 -2.603547e+01 -2.200000e+01
    endloop
  endfacet
  facet normal  0.000000e+00 -0.000000e+00 -1.000000e+00
    outer loop
      vertex  -4.327129e+01 -2.603547e+01 -2.200000e+01
      vertex  -4.247339e+01 -3.085873e+01 -2.200000e+01
      vertex  -4.546633e+01 -2.625000e+01 -2.200000e+01
    endloop
  endfacet
  facet normal -0.000000e+00  0.000000e+00 -1.000000e+00
    outer loop
      vertex  -4.327129e+01 -2.603547e+01 -2.200000e+01
      vertex  -4.546633e+01 -2.625000e+01 -2.200000e+01
      vertex  -4.583256e+01 -2.120440e+01 -2.200000e+01
    endloop
  endfacet
  facet normal  0.000000e+00 -0.000000e+00 -1.000000e+00
    outer loop
      vertex  -4.583256e+01 -2.120440e+01 -2.200000e+01
      vertex  -4.546633e+01 -2.625000e+01 -2.200000e+01
      vertex  -4.796114e+01 -2.135367e+01 -2.200000e+01
    endloop
  endfacet
  facet normal -0.000000e+00  0.000000e+00 -1.000000e+00
    outer loop
      vertex  -4.583256e+01 -2.120440e+01 -2.200000e+01
      vertex  -4.796114e+01 -2.135367e+01 -2.200000e+01
      vertex  -4.785648e+01 -1.612473e+01 -2.200000e+01
    endloop
  endfacet
  facet normal  0.000000e+00  0.000000e+00 -1.000000e+00
    outer loop
      vertex  -4.785648e+01 -1.612473e+01 -2.200000e+01
      vertex  -4.796114e+01 -2.135367e+01 -2.200000e+01
      vertex  -4.993047e+01 -1.622339e+01 -2.200000e+01
    endloop
  endfacet
  facet normal -0.000000e+00  0.000000e+00 -1.000000e+00
    outer loop
      vertex  -4.785648e+01 -1.612473e+01 -2.200000e+01
      vertex  -4.993047e+01 -1.622339e+01 -2.200000e+01
      vertex  -4.931934e+01 -1.085601e+01 -2.200000e+01
    endloop
  endfacet
  facet normal  0.000000e+00  0.000000e+00 -1.000000e+00
    outer loop
      vertex  -4.931934e+01 -1.085601e+01 -2.200000e+01
      vertex  -4.993047e+01 -1.622339e+01 -2.200000e+01
      vertex  -5.135275e+01 -1.091536e+01 -2.200000e+01
    endloop
  endfacet
  facet normal -0.000000e+00  0.000000e+00 -1.000000e+00
    outer loop
      vertex  -4.931934e+01 -1.085601e+01 -2.200000e+01
      vertex  -5.135275e+01 -1.091536e+01 -2.200000e+01
      vertex  -5.020397e+01 -5.460010e+00 -2.200000e+01
    endloop
  endfacet
  facet normal  0.000000e+00  0.000000e+00 -1.000000e+00
    outer loop
      vertex  -5.020397e+01 -5.460010e+00 -2.200000e+01
      vertex  -5.135275e+01 -1.091536e+01 -2.200000e+01
      vertex  -5.221240e+01 -5.487744e+00 -2.200000e+01
    endloop
  endfacet
  facet normal -0.000000e+00  0.000000e+00 -1.000000e+00
    outer loop
      vertex  -5.020397e+01 -5.460010e+00 -2.200000e+01
      vertex  -5.221240e+01 -5.487744e+00 -2.200000e+01
      vertex  -5.050000e+01  0.000000e+00 -2.200000e+01
    endloop
  endfacet
  facet normal -0.000000e+00  0.000000e+00 -1.000000e+00
    outer loop
      vertex  -5.050000e+01  0.000000e+00 -2.200000e+01
      vertex  -5.221240e+01 -5.487744e+00 -2.200000e+01
      vertex  -5.250000e+01  0.000000e+00 -2.200000e+01
    endloop
  endfacet
  facet normal  0.000000e+00  0.000000e+00 -1.000000e+00
    outer loop
      vertex  -5.050000e+01  0.000000e+00 -2.200000e+01
      vertex  -5.250000e+01  0.000000e+00 -2.200000e+01
      vertex  -5.221240e+01  5.487744e+00 -2.200000e+01
    endloop
  endfacet
  facet normal  0.000000e+00  0.000000e+00 -1.000000e+00
    outer loop
      vertex  -5.050000e+01  0.000000e+00 -2.200000e+01
      vertex  -5.221240e+01  5.487744e+00 -2.200000e+01
      vertex  -5.020397e+01  5.460010e+00 -2.200000e+01
    endloop
  endfacet
  facet normal  0.000000e+00  0.000000e+00 -1.000000e+00
    outer loop
      vertex  -5.020397e+01  5.460010e+00 -2.200000e+01
      vertex  -5.221240e+01  5.487744e+00 -2.200000e+01
      vertex  -5.135275e+01  1.091536e+01 -2.200000e+01
    endloop
  endfacet
  facet normal  0.000000e+00  0.000000e+00 -1.000000e+00
    outer loop
      vertex  -5.020397e+01  5.460010e+00 -2.200000e+01
      vertex  -5.135275e+01  1.091536e+01 -2.200000e+01
      vertex  -4.931934e+01  1.085601e+01 -2.200000e+01
    endloop
  endfacet
  facet normal  0.000000e+00  0.000000e+00 -1.000000e+00
    outer loop
      vertex  -4.931934e+01  1.085601e+01 -2.200000e+01
      vertex  -5.135275e+01  1.091536e+01 -2.200000e+01
      vertex  -4.993047e+01  1.622339e+01 -2.200000e+01
    endloop
  endfacet
  facet normal  0.000000e+00  0.000000e+00 -1.000000e+00
    outer loop
      vertex  -4.931934e+01  1.085601e+01 -2.200000e+01
      vertex  -4.993047e+01  1.622339e+01 -2.200000e+01
      vertex  -4.785648e+01  1.612473e+01 -2.200000e+01
    endloop
  endfacet
  facet normal  0.000000e+00  0.000000e+00 -1.000000e+00
    outer loop
      vertex  -4.785648e+01  1.612473e+01 -2.200000e+01
      vertex  -4.993047e+01  1.622339e+01 -2.200000e+01
      vertex  -4.796114e+01  2.135367e+01 -2.200000e+01
    endloop
  endfacet
  facet normal  0.000000e+00  0.000000e+00 -1.000000e+00
    outer loop
      vertex  -4.785648e+01  1.612473e+01 -2.200000e+01
      vertex  -4.796114e+01  2.135367e+01 -2.200000e+01
      vertex  -4.583256e+01  2.120440e+01 -2.200000e+01
    endloop
  endfacet
  facet normal  0.000000e+00  0.000000e+00 -1.000000e+00
    outer loop
      vertex  -4.583256e+01  2.120440e+01 -2.200000e+01
      vertex  -4.796114e+01  2.135367e+01 -2.200000e+01
      vertex  -4.546633e+01  2.625000e+01 -2.200000e+01
    endloop
  endfacet
  facet normal  0.000000e+00  0.000000e+00 -1.000000e+00
    outer loop
      vertex  -4.583256e+01  2.120440e+01 -2.200000e+01
      vertex  -4.546633e+01  2.625000e+01 -2.200000e+01
      vertex  -4.327129e+01  2.603547e+01 -2.200000e+01
    endloop
  endfacet
  facet normal  0.000000e+00  0.000000e+00 -1.000000e+00
    outer loop
      vertex  -4.327129e+01  2.603547e+01 -2.200000e+01
      vertex  -4.546633e+01  2.625000e+01 -2.200000e+01
      vertex  -4.247339e+01  3.085873e+01 -2.200000e+01
    endloop
  endfacet
  facet normal  0.000000e+00  0.000000e+00 -1.000000e+00
    outer loop
      vertex  -4.327129e+01  2.603547e+01 -2.200000e+01
      vertex  -4.247339e+01  3.085873e+01 -2.200000e+01
      vertex  -4.020270e+01  3.056130e+01 -2.200000e+01
    endloop
  endfacet
  facet normal  0.000000e+00  0.000000e+00 -1.000000e+00
    outer loop
      vertex  -4.020270e+01  3.056130e+01 -2.200000e+01
      vertex  -4.247339e+01  3.085873e+01 -2.200000e+01
      vertex  -3.901510e+01  3.512936e+01 -2.200000e+01
    endloop
  endfacet
  facet normal  0.000000e+00  0.000000e+00 -1.000000e+00
    outer loop
      vertex  -4.020270e+01  3.056130e+01 -2.200000e+01
      vertex  -3.901510e+01  3.512936e+01 -2.200000e+01
      vertex  -3.666277e+01  3.472882e+01 -2.200000e+01
    endloop
  endfacet
  facet normal  0.000000e+00  0.000000e+00 -1.000000e+00
    outer loop
      vertex  -3.666277e+01  3.472882e+01 -2.200000e+01
      vertex  -3.901510e+01  3.512936e+01 -2.200000e+01
      vertex  -3.512936e+01  3.901510e+01 -2.200000e+01
    endloop
  endfacet
  facet normal  0.000000e+00  0.000000e+00 -1.000000e+00
    outer loop
      vertex  -3.666277e+01  3.472882e+01 -2.200000e+01
      vertex  -3.512936e+01  3.901510e+01 -2.200000e+01
      vertex  -3.269301e+01  3.848919e+01 -2.200000e+01
    endloop
  endfacet
  facet normal  0.000000e+00  0.000000e+00 -1.000000e+00
    outer loop
      vertex  -3.269301e+01  3.848919e+01 -2.200000e+01
      vertex  -3.512936e+01  3.901510e+01 -2.200000e+01
      vertex  -3.085873e+01  4.247339e+01 -2.200000e+01
    endloop
  endfacet
  facet normal  0.000000e+00  0.000000e+00 -1.000000e+00
    outer loop
      vertex  -3.269301e+01  3.848919e+01 -2.200000e+01
      vertex  -3.085873e+01  4.247339e+01 -2.200000e+01
      vertex  -2.833995e+01  4.179829e+01 -2.200000e+01
    endloop
  endfacet
  facet normal  0.000000e+00  0.000000e+00 -1.000000e+00
    outer loop
      vertex  -2.833995e+01  4.179829e+01 -2.200000e+01
      vertex  -3.085873e+01  4.247339e+01 -2.200000e+01
      vertex  -2.625000e+01  4.546633e+01 -2.200000e+01
    endloop
  endfacet
  facet normal  0.000000e+00  0.000000e+00 -1.000000e+00
    outer loop
      vertex  -2.833995e+01  4.179829e+01 -2.200000e+01
      vertex  -2.625000e+01  4.546633e+01 -2.200000e+01
      vertex  -2.365462e+01  4.461736e+01 -2.200000e+01
    endloop
  endfacet
  facet normal  0.000000e+00  0.000000e+00 -1.000000e+00
    outer loop
      vertex  -2.365462e+01  4.461736e+01 -2.200000e+01
      vertex  -2.625000e+01  4.546633e+01 -2.200000e+01
      vertex  -2.135367e+01  4.796114e+01 -2.200000e+01
    endloop
  endfacet
  facet normal  0.000000e+00  0.000000e+00 -1.000000e+00
    outer loop
      vertex  -2.365462e+01  4.461736e+01 -2.200000e+01
      vertex  -2.135367e+01  4.796114e+01 -2.200000e+01
      vertex  -1.869198e+01  4.691332e+01 -2.200000e+01
    endloop
  endfacet
  facet normal  0.000000e+00  0.000000e+00 -1.000000e+00
    outer loop
      vertex  -1.869198e+01  4.691332e+01 -2.200000e+01
      vertex  -2.135367e+01  4.796114e+01 -2.200000e+01
      vertex  -1.622339e+01  4.993047e+01 -2.200000e+01
    endloop
  endfacet
  facet normal  0.000000e+00  0.000000e+00 -1.000000e+00
    outer loop
      vertex  -1.869198e+01  4.691332e+01 -2.200000e+01
      vertex  -1.622339e+01  4.993047e+01 -2.200000e+01
      vertex  -1.351018e+01  4.865928e+01 -2.200000e+01
    endloop
  endfacet
  facet normal  0.000000e+00  0.000000e+00 -1.000000e+00
    outer loop
      vertex  -1.351018e+01  4.865928e+01 -2.200000e+01
      vertex  -1.622339e+01  4.993047e+01 -2.200000e+01
      vertex  -1.091536e+01  5.135275e+01 -2.200000e+01
    endloop
  endfacet
  facet normal  0.000000e+00  0.000000e+00 -1.000000e+00
    outer loop
      vertex  -1.351018e+01  4.865928e+01 -2.200000e+01
      vertex  -1.091536e+01  5.135275e+01 -2.200000e+01
      vertex  -8.169991e+00  4.983474e+01 -2.200000e+01
    endloop
  endfacet
  facet normal  0.000000e+00  0.000000e+00 -1.000000e+00
    outer loop
      vertex  -8.169991e+00  4.983474e+01 -2.200000e+01
      vertex  -1.091536e+01  5.135275e+01 -2.200000e+01
      vertex  -5.487744e+00  5.221240e+01 -2.200000e+01
    endloop
  endfacet
  facet normal  0.000000e+00  0.000000e+00 -1.000000e+00
    outer loop
      vertex  -8.169991e+00  4.983474e+01 -2.200000e+01
      vertex  -5.487744e+00  5.221240e+01 -2.200000e+01
      vertex  -2.734015e+00  5.042594e+01 -2.200000e+01
    endloop
  endfacet
  facet normal  0.000000e+00  0.000000e+00 -1.000000e+00
    outer loop
      vertex  -2.734015e+00  5.042594e+01 -2.200000e+01
      vertex  -5.487744e+00  5.221240e+01 -2.200000e+01
      vertex   0.000000e+00  5.250000e+01 -2.200000e+01
    endloop
  endfacet
  facet normal  0.000000e+00  0.000000e+00 -1.000000e+00
    outer loop
      vertex  -2.734015e+00  5.042594e+01 -2.200000e+01
      vertex   0.000000e+00  5.250000e+01 -2.200000e+01
      vertex   2.734015e+00  5.042594e+01 -2.200000e+01
    endloop
  endfacet
  facet normal  0.000000e+00  0.000000e+00 -1.000000e+00
    outer loop
      vertex   2.734015e+00  5.042594e+01 -2.200000e+01
      vertex   0.000000e+00  5.250000e+01 -2.200000e+01
      vertex   5.487744e+00  5.221240e+01 -2.200000e+01
    endloop
  endfacet
  facet normal  0.000000e+00  0.000000e+00 -1.000000e+00
    outer loop
      vertex   2.734015e+00  5.042594e+01 -2.200000e+01
      vertex   5.487744e+00  5.221240e+01 -2.200000e+01
      vertex   8.169991e+00  4.983474e+01 -2.200000e+01
    endloop
  endfacet
  facet normal  0.000000e+00  0.000000e+00 -1.000000e+00
    outer loop
      vertex   8.169991e+00  4.983474e+01 -2.200000e+01
      vertex   5.487744e+00  5.221240e+01 -2.200000e+01
      vertex   1.091536e+01  5.135275e+01 -2.200000e+01
    endloop
  endfacet
  facet normal  0.000000e+00  0.000000e+00 -1.000000e+00
    outer loop
      vertex   8.169991e+00  4.983474e+01 -2.200000e+01
      vertex   1.091536e+01  5.135275e+01 -2.200000e+01
      vertex   1.351018e+01  4.865928e+01 -2.200000e+01
    endloop
  endfacet
  facet normal  0.000000e+00  0.000000e+00 -1.000000e+00
    outer loop
      vertex   1.351018e+01  4.865928e+01 -2.200000e+01
      vertex   1.091536e+01  5.135275e+01 -2.200000e+01
      vertex   1.622339e+01  4.993047e+01 -2.200000e+01
    endloop
  endfacet
  facet normal  0.000000e+00  0.000000e+00 -1.000000e+00
    outer loop
      vertex   1.351018e+01  4.865928e+01 -2.200000e+01
      vertex   1.622339e+01  4.993047e+01 -2.200000e+01
      vertex   1.869198e+01  4.691332e+01 -2.200000e+01
    endloop
  endfacet
  facet normal  0.000000e+00  0.000000e+00 -1.000000e+00
    outer loop
      vertex   1.869198e+01  4.691332e+01 -2.200000e+01
      vertex   1.622339e+01  4.993047e+01 -2.200000e+01
      vertex   2.135367e+01  4.796114e+01 -2.200000e+01
    endloop
  endfacet
  facet normal  0.000000e+00  0.000000e+00 -1.000000e+00
    outer loop
      vertex   1.869198e+01  4.691332e+01 -2.200000e+01
      vertex   2.135367e+01  4.796114e+01 -2.200000e+01
      vertex   2.365462e+01  4.461736e+01 -2.200000e+01
    endloop
  endfacet
  facet normal  0.000000e+00  0.000000e+00 -1.000000e+00
    outer loop
      vertex   2.365462e+01  4.461736e+01 -2.200000e+01
      vertex   2.135367e+01  4.796114e+01 -2.200000e+01
      vertex   2.625000e+01  4.546633e+01 -2.200000e+01
    endloop
  endfacet
  facet normal  0.000000e+00  0.000000e+00 -1.000000e+00
    outer loop
      vertex   2.365462e+01  4.461736e+01 -2.200000e+01
      vertex   2.625000e+01  4.546633e+01 -2.200000e+01
      vertex   2.833995e+01  4.179829e+01 -2.200000e+01
    endloop
  endfacet
  facet normal  0.000000e+00  0.000000e+00 -1.000000e+00
    outer loop
      vertex   2.833995e+01  4.179829e+01 -2.200000e+01
      vertex   2.625000e+01  4.546633e+01 -2.200000e+01
      vertex   3.085873e+01  4.247339e+01 -2.200000e+01
    endloop
  endfacet
  facet normal  0.000000e+00  0.000000e+00 -1.000000e+00
    outer loop
      vertex   2.833995e+01  4.179829e+01 -2.200000e+01
      vertex   3.085873e+01  4.247339e+01 -2.200000e+01
      vertex   3.269301e+01  3.848919e+01 -2.200000e+01
    endloop
  endfacet
  facet normal  0.000000e+00  0.000000e+00 -1.000000e+00
    outer loop
      vertex   3.269301e+01  3.848919e+01 -2.200000e+01
      vertex   3.085873e+01  4.247339e+01 -2.200000e+01
      vertex   3.512936e+01  3.901510e+01 -2.200000e+01
    endloop
  endfacet
  facet normal  0.000000e+00  0.000000e+00 -1.000000e+00
    outer loop
      vertex   3.269301e+01  3.848919e+01 -2.200000e+01
      vertex   3.512936e+01  3.901510e+01 -2.200000e+01
      vertex   3.666277e+01  3.472882e+01 -2.200000e+01
    endloop
  endfacet
  facet normal  0.000000e+00  0.000000e+00 -1.000000e+00
    outer loop
      vertex   3.666277e+01  3.472882e+01 -2.200000e+01
      vertex   3.512936e+01  3.901510e+01 -2.200000e+01
      vertex   3.901510e+01  3.512936e+01 -2.200000e+01
    endloop
  endfacet
  facet normal  0.000000e+00  0.000000e+00 -1.000000e+00
    outer loop
      vertex   3.666277e+01  3.472882e+01 -2.200000e+01
      vertex   3.901510e+01  3.512936e+01 -2.200000e+01
      vertex   4.020270e+01  3.056130e+01 -2.200000e+01
    endloop
  endfacet
  facet normal  0.000000e+00  0.000000e+00 -1.000000e+00
    outer loop
      vertex   4.020270e+01  3.056130e+01 -2.200000e+01
      vertex   3.901510e+01  3.512936e+01 -2.200000e+01
      vertex   4.247339e+01  3.085873e+01 -2.200000e+01
    endloop
  endfacet
  facet normal  0.000000e+00  0.000000e+00 -1.000000e+00
    outer loop
      vertex   4.020270e+01  3.056130e+01 -2.200000e+01
      vertex   4.247339e+01  3.085873e+01 -2.200000e+01
      vertex   4.327129e+01  2.603547e+01 -2.200000e+01
    endloop
  endfacet
  facet normal  0.000000e+00  0.000000e+00 -1.000000e+00
    outer loop
      vertex   4.327129e+01  2.603547e+01 -2.200000e+01
      vertex   4.247339e+01  3.085873e+01 -2.200000e+01
      vertex   4.546633e+01  2.625000e+01 -2.200000e+01
    endloop
  endfacet
  facet normal  0.000000e+00  0.000000e+00 -1.000000e+00
    outer loop
      vertex   4.327129e+01  2.603547e+01 -2.200000e+01
      vertex   4.546633e+01  2.625000e+01 -2.200000e+01
      vertex   4.583256e+01  2.120440e+01 -2.200000e+01
    endloop
  endfacet
  facet normal  0.000000e+00  0.000000e+00 -1.000000e+00
    outer loop
      vertex   4.583256e+01  2.120440e+01 -2.200000e+01
      vertex   4.546633e+01  2.625000e+01 -2.200000e+01
      vertex   4.796114e+01  2.135367e+01 -2.200000e+01
    endloop
  endfacet
  facet normal  0.000000e+00  0.000000e+00 -1.000000e+00
    outer loop
      vertex   4.583256e+01  2.120440e+01 -2.200000e+01
      vertex   4.796114e+01  2.135367e+01 -2.200000e+01
      vertex   4.785648e+01  1.612473e+01 -2.200000e+01
    endloop
  endfacet
  facet normal  0.000000e+00  0.000000e+00 -1.000000e+00
    outer loop
      vertex   4.785648e+01  1.612473e+01 -2.200000e+01
      vertex   4.796114e+01  2.135367e+01 -2.200000e+01
      vertex   4.993047e+01  1.622339e+01 -2.200000e+01
    endloop
  endfacet
  facet normal  0.000000e+00  0.000000e+00 -1.000000e+00
    outer loop
      vertex   4.785648e+01  1.612473e+01 -2.200000e+01
      vertex   4.993047e+01  1.622339e+01 -2.200000e+01
      vertex   4.931934e+01  1.085601e+01 -2.200000e+01
    endloop
  endfacet
  facet normal  0.000000e+00  0.000000e+00 -1.000000e+00
    outer loop
      vertex   4.931934e+01  1.085601e+01 -2.200000e+01
      vertex   4.993047e+01  1.622339e+01 -2.200000e+01
      vertex   5.135275e+01  1.091536e+01 -2.200000e+01
    endloop
  endfacet
  facet normal  0.000000e+00  0.000000e+00 -1.000000e+00
    outer loop
      vertex   4.931934e+01  1.085601e+01 -2.200000e+01
      vertex   5.135275e+01  1.091536e+01 -2.200000e+01
      vertex   5.020397e+01  5.460010e+00 -2.200000e+01
    endloop
  endfacet
  facet normal  0.000000e+00  0.000000e+00 -1.000000e+00
    outer loop
      vertex   5.020397e+01  5.460010e+00 -2.200000e+01
      vertex   5.135275e+01  1.091536e+01 -2.200000e+01
      vertex   5.221240e+01  5.487744e+00 -2.200000e+01
    endloop
  endfacet
  facet normal  0.000000e+00  0.000000e+00 -1.000000e+00
    outer loop
      vertex   5.020397e+01  5.460010e+00 -2.200000e+01
      vertex   5.221240e+01  5.487744e+00 -2.200000e+01
      vertex   5.050000e+01  0.000000e+00 -2.200000e+01
    endloop
  endfacet
  facet normal  9.986296e-01  5.233544e-02  0.000000e+00
    outer loop
      vertex   5.221240e+01  5.487744e+00 -2.800000e+01
      vertex   5.250000e+01  0.000000e+00 -2.400000e+01
      vertex   5.250000e+01  0.000000e+00 -2.800000e+01
    endloop
  endfacet
  facet normal  9.986296e-01 -5.233544e-02  0.000000e+00
    outer loop
      vertex   5.250000e+01  0.000000e+00 -2.800000e+01
      vertex   5.250000e+01  0.000000e+00 -2.400000e+01
      vertex   5.221240e+01 -5.487744e+00 -2.400000e+01
    endloop
  endfacet
  facet normal  9.986296e-01 -5.233544e-02  0.000000e+00
    outer loop
      vertex   5.250000e+01  0.000000e+00 -2.800000e+01
      vertex   5.221240e+01 -5.487744e+00 -2.400000e+01
      vertex   5.221240e+01 -5.487744e+00 -2.800000e+01
    endloop
  endfacet
  facet normal  9.876882e-01 -1.564350e-01  0.000000e+00
    outer loop
      vertex   5.221240e+01 -5.487744e+00 -2.800000e+01
      vertex   5.221240e+01 -5.487744e+00 -2.400000e+01
      vertex   5.135275e+01 -1.091536e+01 -2.400000e+01
    endloop
  endfacet
  facet normal  9.876882e-01 -1.564350e-01  0.000000e+00
    outer loop
      vertex   5.221240e+01 -5.487744e+00 -2.800000e+01
      vertex   5.135275e+01 -1.091536e+01 -2.400000e+01
      vertex   5.135275e+01 -1.091536e+01 -2.800000e+01
    endloop
  endfacet
  facet normal  9.659258e-01 -2.588193e-01  0.000000e+00
    outer loop
      vertex   5.135275e+01 -1.091536e+01 -2.800000e+01
      vertex   5.135275e+01 -1.091536e+01 -2.400000e+01
      vertex   4.993047e+01 -1.622339e+01 -2.400000e+01
    endloop
  endfacet
  facet normal  9.659258e-01 -2.588193e-01  0.000000e+00
    outer loop
      vertex   5.135275e+01 -1.091536e+01 -2.800000e+01
      vertex   4.993047e+01 -1.622339e+01 -2.400000e+01
      vertex   4.993047e+01 -1.622339e+01 -2.800000e+01
    endloop
  endfacet
  facet normal  9.335805e-01 -3.583678e-01  0.000000e+00
    outer loop
      vertex   4.993047e+01 -1.622339e+01 -2.800000e+01
      vertex   4.993047e+01 -1.622339e+01 -2.400000e+01
      vertex   4.796114e+01 -2.135367e+01 -2.400000e+01
    endloop
  endfacet
  facet normal  9.335805e-01 -3.583678e-01  0.000000e+00
    outer loop
      vertex   4.993047e+01 -1.622339e+01 -2.800000e+01
      vertex   4.796114e+01 -2.135367e+01 -2.400000e+01
      vertex   4.796114e+01 -2.135367e+01 -2.800000e+01
    endloop
  endfacet
  facet normal  8.910064e-01 -4.539907e-01  0.000000e+00
    outer loop
      vertex   4.796114e+01 -2.135367e+01 -2.800000e+01
      vertex   4.796114e+01 -2.135367e+01 -2.400000e+01
      vertex   4.546633e+01 -2.625000e+01 -2.400000e+01
    endloop
  endfacet
  facet normal  8.910064e-01 -4.539907e-01  0.000000e+00
    outer loop
      vertex   4.796114e+01 -2.135367e+01 -2.800000e+01
      vertex   4.546633e+01 -2.625000e+01 -2.400000e+01
      vertex   4.546633e+01 -2.625000e+01 -2.800000e+01
    endloop
  endfacet
  facet normal  8.386708e-01 -5.446387e-01  0.000000e+00
    outer loop
      vertex   4.546633e+01 -2.625000e+01 -2.800000e+01
      vertex   4.546633e+01 -2.625000e+01 -2.400000e+01
      vertex   4.247339e+01 -3.085873e+01 -2.400000e+01
    endloop
  endfacet
  facet normal  8.386708e-01 -5.446387e-01  0.000000e+00
    outer loop
      vertex   4.546633e+01 -2.625000e+01 -2.800000e+01
      vertex   4.247339e+01 -3.085873e+01 -2.400000e+01
      vertex   4.247339e+01 -3.085873e+01 -2.800000e+01
    endloop
  endfacet
  facet normal  7.771458e-01 -6.293207e-01  0.000000e+00
    outer loop
      vertex   4.247339e+01 -3.085873e+01 -2.800000e+01
      vertex   4.247339e+01 -3.085873e+01 -2.400000e+01
      vertex   3.901510e+01 -3.512936e+01 -2.400000e+01
    endloop
  endfacet
  facet normal  7.771458e-01 -6.293207e-01  0.000000e+00
    outer loop
      vertex   4.247339e+01 -3.085873e+01 -2.800000e+01
      vertex   3.901510e+01 -3.512936e+01 -2.400000e+01
      vertex   3.901510e+01 -3.512936e+01 -2.800000e+01
    endloop
  endfacet
  facet normal  7.071068e-01 -7.071068e-01  0.000000e+00
    outer loop
      vertex   3.901510e+01 -3.512936e+01 -2.800000e+01
      vertex   3.901510e+01 -3.512936e+01 -2.400000e+01
      vertex   3.512936e+01 -3.901510e+01 -2.400000e+01
    endloop
  endfacet
  facet normal  7.071068e-01 -7.071068e-01  0.000000e+00
    outer loop
      vertex   3.901510e+01 -3.512936e+01 -2.800000e+01
      vertex   3.512936e+01 -3.901510e+01 -2.400000e+01
      vertex   3.512936e+01 -3.901510e+01 -2.800000e+01
    endloop
  endfacet
  facet normal  6.293207e-01 -7.771458e-01  0.000000e+00
    outer loop
      vertex   3.512936e+01 -3.901510e+01 -2.800000e+01
      vertex   3.512936e+01 -3.901510e+01 -2.400000e+01
      vertex   3.085873e+01 -4.247339e+01 -2.400000e+01
    endloop
  endfacet
  facet normal  6.293207e-01 -7.771458e-01  0.000000e+00
    outer loop
      vertex   3.512936e+01 -3.901510e+01 -2.800000e+01
      vertex   3.085873e+01 -4.247339e+01 -2.400000e+01
      vertex   3.085873e+01 -4.247339e+01 -2.800000e+01
    endloop
  endfacet
  facet normal  5.446387e-01 -8.386708e-01  0.000000e+00
    outer loop
      vertex   3.085873e+01 -4.247339e+01 -2.800000e+01
      vertex   3.085873e+01 -4.247339e+01 -2.400000e+01
      vertex   2.625000e+01 -4.546633e+01 -2.400000e+01
    endloop
  endfacet
  facet normal  5.446387e-01 -8.386708e-01  0.000000e+00
    outer loop
      vertex   3.085873e+01 -4.247339e+01 -2.800000e+01
      vertex   2.625000e+01 -4.546633e+01 -2.400000e+01
      vertex   2.625000e+01 -4.546633e+01 -2.800000e+01
    endloop
  endfacet
  facet normal  4.539907e-01 -8.910064e-01  0.000000e+00
    outer loop
      vertex   2.625000e+01 -4.546633e+01 -2.800000e+01
      vertex   2.625000e+01 -4.546633e+01 -2.400000e+01
      vertex   2.135367e+01 -4.796114e+01 -2.400000e+01
    endloop
  endfacet
  facet normal  4.539907e-01 -8.910064e-01  0.000000e+00
    outer loop
      vertex   2.625000e+01 -4.546633e+01 -2.800000e+01
      vertex   2.135367e+01 -4.796114e+01 -2.400000e+01
      vertex   2.135367e+01 -4.796114e+01 -2.800000e+01
    endloop
  endfacet
  facet normal  3.583678e-01 -9.335805e-01  0.000000e+00
    outer loop
      vertex   2.135367e+01 -4.796114e+01 -2.800000e+01
      vertex   2.135367e+01 -4.796114e+01 -2.400000e+01
      vertex   1.622339e+01 -4.993047e+01 -2.400000e+01
    endloop
  endfacet
  facet normal  3.583678e-01 -9.335805e-01  0.000000e+00
    outer loop
      vertex   2.135367e+01 -4.796114e+01 -2.800000e+01
      vertex   1.622339e+01 -4.993047e+01 -2.400000e+01
      vertex   1.622339e+01 -4.993047e+01 -2.800000e+01
    endloop
  endfacet
  facet normal  2.588193e-01 -9.659258e-01  0.000000e+00
    outer loop
      vertex   1.622339e+01 -4.993047e+01 -2.800000e+01
      vertex   1.622339e+01 -4.993047e+01 -2.400000e+01
      vertex   1.091536e+01 -5.135275e+01 -2.400000e+01
    endloop
  endfacet
  facet normal  2.588193e-01 -9.659258e-01  0.000000e+00
    outer loop
      vertex   1.622339e+01 -4.993047e+01 -2.800000e+01
      vertex   1.091536e+01 -5.135275e+01 -2.400000e+01
      vertex   1.091536e+01 -5.135275e+01 -2.800000e+01
    endloop
  endfacet
  facet normal  1.564350e-01 -9.876882e-01  0.000000e+00
    outer loop
      vertex   1.091536e+01 -5.135275e+01 -2.800000e+01
      vertex   1.091536e+01 -5.135275e+01 -2.400000e+01
      vertex   5.487744e+00 -5.221240e+01 -2.400000e+01
    endloop
  endfacet
  facet normal  1.564350e-01 -9.876882e-01  0.000000e+00
    outer loop
      vertex   1.091536e+01 -5.135275e+01 -2.800000e+01
      vertex   5.487744e+00 -5.221240e+01 -2.400000e+01
      vertex   5.487744e+00 -5.221240e+01 -2.800000e+01
    endloop
  endfacet
  facet normal  5.233544e-02 -9.986296e-01  0.000000e+00
    outer loop
      vertex   5.487744e+00 -5.221240e+01 -2.800000e+01
      vertex   5.487744e+00 -5.221240e+01 -2.400000e+01
      vertex   0.000000e+00 -5.250000e+01 -2.400000e+01
    endloop
  endfacet
  facet normal  5.233544e-02 -9.986296e-01  0.000000e+00
    outer loop
      vertex   5.487744e+00 -5.221240e+01 -2.800000e+01
      vertex   0.000000e+00 -5.250000e+01 -2.400000e+01
      vertex   0.000000e+00 -5.250000e+01 -2.800000e+01
    endloop
  endfacet
  facet normal -5.233544e-02 -9.986296e-01  0.000000e+00
    outer loop
      vertex   0.000000e+00 -5.250000e+01 -2.800000e+01
      vertex   0.000000e+00 -5.250000e+01 -2.400000e+01
      vertex  -5.487744e+00 -5.221240e+01 -2.400000e+01
    endloop
  endfacet
  facet normal -5.233544e-02 -9.986296e-01  0.000000e+00
    outer loop
      vertex   0.000000e+00 -5.250000e+01 -2.800000e+01
      vertex  -5.487744e+00 -5.221240e+01 -2.400000e+01
      vertex  -5.487744e+00 -5.221240e+01 -2.800000e+01
    endloop
  endfacet
  facet normal -1.564350e-01 -9.876882e-01  0.000000e+00
    outer loop
      vertex  -5.487744e+00 -5.221240e+01 -2.800000e+01
      vertex  -5.487744e+00 -5.221240e+01 -2.400000e+01
      vertex  -1.091536e+01 -5.135275e+01 -2.400000e+01
    endloop
  endfacet
  facet normal -1.564350e-01 -9.876882e-01  0.000000e+00
    outer loop
      vertex  -5.487744e+00 -5.221240e+01 -2.800000e+01
      vertex  -1.091536e+01 -5.135275e+01 -2.400000e+01
      vertex  -1.091536e+01 -5.135275e+01 -2.800000e+01
    endloop
  endfacet
  facet normal -2.588193e-01 -9.659258e-01  0.000000e+00
    outer loop
      vertex  -1.091536e+01 -5.135275e+01 -2.800000e+01
      vertex  -1.091536e+01 -5.135275e+01 -2.400000e+01
      vertex  -1.622339e+01 -4.993047e+01 -2.400000e+01
    endloop
  endfacet
  facet normal -2.588193e-01 -9.659258e-01  0.000000e+00
    outer loop
      vertex  -1.091536e+01 -5.135275e+01 -2.800000e+01
      vertex  -1.622339e+01 -4.993047e+01 -2.400000e+01
      vertex  -1.622339e+01 -4.993047e+01 -2.800000e+01
    endloop
  endfacet
  facet normal -3.583678e-01 -9.335805e-01  0.000000e+00
    outer loop
      vertex  -1.622339e+01 -4.993047e+01 -2.800000e+01
      vertex  -1.622339e+01 -4.993047e+01 -2.400000e+01
      vertex  -2.135367e+01 -4.796114e+01 -2.400000e+01
    endloop
  endfacet
  facet normal -3.583678e-01 -9.335805e-01  0.000000e+00
    outer loop
      vertex  -1.622339e+01 -4.993047e+01 -2.800000e+01
      vertex  -2.135367e+01 -4.796114e+01 -2.400000e+01
      vertex  -2.135367e+01 -4.796114e+01 -2.800000e+01
    endloop
  endfacet
  facet normal -4.539907e-01 -8.910064e-01  0.000000e+00
    outer loop
      vertex  -2.135367e+01 -4.796114e+01 -2.800000e+01
      vertex  -2.135367e+01 -4.796114e+01 -2.400000e+01
      vertex  -2.625000e+01 -4.546633e+01 -2.400000e+01
    endloop
  endfacet
  facet normal -4.539907e-01 -8.910064e-01  0.000000e+00
    outer loop
      vertex  -2.135367e+01 -4.796114e+01 -2.800000e+01
      vertex  -2.625000e+01 -4.546633e+01 -2.400000e+01
      vertex  -2.625000e+01 -4.546633e+01 -2.800000e+01
    endloop
  endfacet
  facet normal -5.446387e-01 -8.386708e-01  0.000000e+00
    outer loop
      vertex  -2.625000e+01 -4.546633e+01 -2.800000e+01
      vertex  -2.625000e+01 -4.546633e+01 -2.400000e+01
      vertex  -3.085873e+01 -4.247339e+01 -2.400000e+01
    endloop
  endfacet
  facet normal -5.446387e-01 -8.386708e-01  0.000000e+00
    outer loop
      vertex  -2.625000e+01 -4.546633e+01 -2.800000e+01
      vertex  -3.085873e+01 -4.247339e+01 -2.400000e+01
      vertex  -3.085873e+01 -4.247339e+01 -2.800000e+01
    endloop
  endfacet
  facet normal -6.293207e-01 -7.771458e-01  0.000000e+00
    outer loop
      vertex  -3.085873e+01 -4.247339e+01 -2.800000e+01
      vertex  -3.085873e+01 -4.247339e+01 -2.400000e+01
      vertex  -3.512936e+01 -3.901510e+01 -2.400000e+01
    endloop
  endfacet
  facet normal -6.293207e-01 -7.771458e-01  0.000000e+00
    outer loop
      vertex  -3.085873e+01 -4.247339e+01 -2.800000e+01
      vertex  -3.512936e+01 -3.901510e+01 -2.400000e+01
      vertex  -3.512936e+01 -3.901510e+01 -2.800000e+01
    endloop
  endfacet
  facet normal -7.071068e-01 -7.071068e-01  0.000000e+00
    outer loop
      vertex  -3.512936e+01 -3.901510e+01 -2.800000e+01
      vertex  -3.512936e+01 -3.901510e+01 -2.400000e+01
      vertex  -3.901510e+01 -3.512936e+01 -2.400000e+01
    endloop
  endfacet
  facet normal -7.071068e-01 -7.071068e-01  0.000000e+00
    outer loop
      vertex  -3.512936e+01 -3.901510e+01 -2.800000e+01
      vertex  -3.901510e+01 -3.512936e+01 -2.400000e+01
      vertex  -3.901510e+01 -3.512936e+01 -2.800000e+01
    endloop
  endfacet
  facet normal -7.771458e-01 -6.293207e-01  0.000000e+00
    outer loop
      vertex  -3.901510e+01 -3.512936e+01 -2.800000e+01
      vertex  -3.901510e+01 -3.512936e+01 -2.400000e+01
      vertex  -4.247339e+01 -3.085873e+01 -2.400000e+01
    endloop
  endfacet
  facet normal -7.771458e-01 -6.293207e-01  0.000000e+00
    outer loop
      vertex  -3.901510e+01 -3.512936e+01 -2.800000e+01
      vertex  -4.247339e+01 -3.085873e+01 -2.400000e+01
      vertex  -4.247339e+01 -3.085873e+01 -2.800000e+01
    endloop
  endfacet
  facet normal -8.386708e-01 -5.446387e-01  0.000000e+00
    outer loop
      vertex  -4.247339e+01 -3.085873e+01 -2.800000e+01
      vertex  -4.247339e+01 -3.085873e+01 -2.400000e+01
      vertex  -4.546633e+01 -2.625000e+01 -2.400000e+01
    endloop
  endfacet
  facet normal -8.386708e-01 -5.446387e-01  0.000000e+00
    outer loop
      vertex  -4.247339e+01 -3.085873e+01 -2.800000e+01
      vertex  -4.546633e+01 -2.625000e+01 -2.400000e+01
      vertex  -4.546633e+01 -2.625000e+01 -2.800000e+01
    endloop
  endfacet
  facet normal -8.910064e-01 -4.539907e-01  0.000000e+00
    outer loop
      vertex  -4.546633e+01 -2.625000e+01 -2.800000e+01
      vertex  -4.546633e+01 -2.625000e+01 -2.400000e+01
      vertex  -4.796114e+01 -2.135367e+01 -2.400000e+01
    endloop
  endfacet
  facet normal -8.910064e-01 -4.539907e-01  0.000000e+00
    outer loop
      vertex  -4.546633e+01 -2.625000e+01 -2.800000e+01
      vertex  -4.796114e+01 -2.135367e+01 -2.400000e+01
      vertex  -4.796114e+01 -2.135367e+01 -2.800000e+01
    endloop
  endfacet
  facet normal -9.335805e-01 -3.583678e-01  0.000000e+00
    outer loop
      vertex  -4.796114e+01 -2.135367e+01 -2.800000e+01
      vertex  -4.796114e+01 -2.135367e+01 -2.400000e+01
      vertex  -4.993047e+01 -1.622339e+01 -2.400000e+01
    endloop
  endfacet
  facet normal -9.335805e-01 -3.583678e-01  0.000000e+00
    outer loop
      vertex  -4.796114e+01 -2.135367e+01 -2.800000e+01
      vertex  -4.993047e+01 -1.622339e+01 -2.400000e+01
      vertex  -4.993047e+01 -1.622339e+01 -2.800000e+01
    endloop
  endfacet
  facet normal -9.659258e-01 -2.588193e-01  0.000000e+00
    outer loop
      vertex  -4.993047e+01 -1.622339e+01 -2.800000e+01
      vertex  -4.993047e+01 -1.622339e+01 -2.400000e+01
      vertex  -5.135275e+01 -1.091536e+01 -2.400000e+01
    endloop
  endfacet
  facet normal -9.659258e-01 -2.588193e-01  0.000000e+00
    outer loop
      vertex  -4.993047e+01 -1.622339e+01 -2.800000e+01
      vertex  -5.135275e+01 -1.091536e+01 -2.400000e+01
      vertex  -5.135275e+01 -1.091536e+01 -2.800000e+01
    endloop
  endfacet
  facet normal -9.876882e-01 -1.564350e-01  0.000000e+00
    outer loop
      vertex  -5.135275e+01 -1.091536e+01 -2.800000e+01
      vertex  -5.135275e+01 -1.091536e+01 -2.400000e+01
      vertex  -5.221240e+01 -5.487744e+00 -2.400000e+01
    endloop
  endfacet
  facet normal -9.876882e-01 -1.564350e-01  0.000000e+00
    outer loop
      vertex  -5.135275e+01 -1.091536e+01 -2.800000e+01
      vertex  -5.221240e+01 -5.487744e+00 -2.400000e+01
      vertex  -5.221240e+01 -5.487744e+00 -2.800000e+01
    endloop
  endfacet
  facet normal -9.986296e-01 -5.233544e-02  0.000000e+00
    outer loop
      vertex  -5.221240e+01 -5.487744e+00 -2.800000e+01
      vertex  -5.221240e+01 -5.487744e+00 -2.400000e+01
      vertex  -5.250000e+01  0.000000e+00 -2.800000e+01
    endloop
  endfacet
  facet normal -9.986296e-01 -5.233544e-02  0.000000e+00
    outer loop
      vertex  -5.250000e+01  0.000000e+00 -2.800000e+01
      vertex  -5.221240e+01 -5.487744e+00 -2.400000e+01
      vertex  -5.250000e+01  0.000000e+00 -2.400000e+01
    endloop
  endfacet
  facet normal -9.986296e-01  5.233544e-02  0.000000e+00
    outer loop
      vertex  -5.250000e+01  0.000000e+00 -2.800000e+01
      vertex  -5.250000e+01  0.000000e+00 -2.400000e+01
      vertex  -5.221240e+01  5.487744e+00 -2.800000e+01
    endloop
  endfacet
  facet normal -9.986296e-01  5.233544e-02  0.000000e+00
    outer loop
      vertex  -5.221240e+01  5.487744e+00 -2.800000e+01
      vertex  -5.250000e+01  0.000000e+00 -2.400000e+01
      vertex  -5.221240e+01  5.487744e+00 -2.400000e+01
    endloop
  endfacet
  facet normal -9.876882e-01  1.564350e-01  0.000000e+00
    outer loop
      vertex  -5.221240e+01  5.487744e+00 -2.800000e+01
      vertex  -5.221240e+01  5.487744e+00 -2.400000e+01
      vertex  -5.135275e+01  1.091536e+01 -2.400000e+01
    endloop
  endfacet
  facet normal  9.986296e-01  5.233544e-02  0.000000e+00
    outer loop
      vertex   5.250000e+01  0.000000e+00 -2.400000e+01
      vertex   5.221240e+01  5.487744e+00 -2.800000e+01
      vertex   5.221240e+01  5.487744e+00 -2.400000e+01
    endloop
  endfacet
  facet normal  9.876882e-01  1.564350e-01  0.000000e+00
    outer loop
      vertex   5.221240e+01  5.487744e+00 -2.400000e+01
      vertex   5.221240e+01  5.487744e+00 -2.800000e+01
      vertex   5.135275e+01  1.091536e+01 -2.800000e+01
    endloop
  endfacet
  facet normal  9.876882e-01  1.564350e-01  0.000000e+00
    outer loop
      vertex   5.221240e+01  5.487744e+00 -2.400000e+01
      vertex   5.135275e+01  1.091536e+01 -2.800000e+01
      vertex   5.135275e+01  1.091536e+01 -2.400000e+01
    endloop
  endfacet
  facet normal  9.659258e-01  2.588193e-01  0.000000e+00
    outer loop
      vertex   5.135275e+01  1.091536e+01 -2.400000e+01
      vertex   5.135275e+01  1.091536e+01 -2.800000e+01
      vertex   4.993047e+01  1.622339e+01 -2.800000e+01
    endloop
  endfacet
  facet normal  9.659258e-01  2.588193e-01  0.000000e+00
    outer loop
      vertex   5.135275e+01  1.091536e+01 -2.400000e+01
      vertex   4.993047e+01  1.622339e+01 -2.800000e+01
      vertex   4.993047e+01  1.622339e+01 -2.400000e+01
    endloop
  endfacet
  facet normal  9.335805e-01  3.583678e-01  0.000000e+00
    outer loop
      vertex   4.993047e+01  1.622339e+01 -2.400000e+01
      vertex   4.993047e+01  1.622339e+01 -2.800000e+01
      vertex   4.796114e+01  2.135367e+01 -2.800000e+01
    endloop
  endfacet
  facet normal  9.335805e-01  3.583678e-01  0.000000e+00
    outer loop
      vertex   4.993047e+01  1.622339e+01 -2.400000e+01
      vertex   4.796114e+01  2.135367e+01 -2.800000e+01
      vertex   4.796114e+01  2.135367e+01 -2.400000e+01
    endloop
  endfacet
  facet normal  8.910064e-01  4.539907e-01  0.000000e+00
    outer loop
      vertex   4.796114e+01  2.135367e+01 -2.400000e+01
      vertex   4.796114e+01  2.135367e+01 -2.800000e+01
      vertex   4.546633e+01  2.625000e+01 -2.800000e+01
    endloop
  endfacet
  facet normal  8.910064e-01  4.539907e-01  0.000000e+00
    outer loop
      vertex   4.796114e+01  2.135367e+01 -2.400000e+01
      vertex   4.546633e+01  2.625000e+01 -2.800000e+01
      vertex   4.546633e+01  2.625000e+01 -2.400000e+01
    endloop
  endfacet
  facet normal  8.386708e-01  5.446387e-01  0.000000e+00
    outer loop
      vertex   4.546633e+01  2.625000e+01 -2.400000e+01
      vertex   4.546633e+01  2.625000e+01 -2.800000e+01
      vertex   4.247339e+01  3.085873e+01 -2.800000e+01
    endloop
  endfacet
  facet normal  8.386708e-01  5.446387e-01  0.000000e+00
    outer loop
      vertex   4.546633e+01  2.625000e+01 -2.400000e+01
      vertex   4.247339e+01  3.085873e+01 -2.800000e+01
      vertex   4.247339e+01  3.085873e+01 -2.400000e+01
    endloop
  endfacet
  facet normal  7.771458e-01  6.293207e-01  0.000000e+00
    outer loop
      vertex   4.247339e+01  3.085873e+01 -2.400000e+01
      vertex   4.247339e+01  3.085873e+01 -2.800000e+01
      vertex   3.901510e+01  3.512936e+01 -2.800000e+01
    endloop
  endfacet
  facet normal  7.771458e-01  6.293207e-01  0.000000e+00
    outer loop
      vertex   4.247339e+01  3.085873e+01 -2.400000e+01
      vertex   3.901510e+01  3.512936e+01 -2.800000e+01
      vertex   3.901510e+01  3.512936e+01 -2.400000e+01
    endloop
  endfacet
  facet normal  7.071068e-01  7.071068e-01  0.000000e+00
    outer loop
      vertex   3.901510e+01  3.512936e+01 -2.400000e+01
      vertex   3.901510e+01  3.512936e+01 -2.800000e+01
      vertex   3.512936e+01  3.901510e+01 -2.800000e+01
    endloop
  endfacet
  facet normal  7.071068e-01  7.071068e-01  0.000000e+00
    outer loop
      vertex   3.901510e+01  3.512936e+01 -2.400000e+01
      vertex   3.512936e+01  3.901510e+01 -2.800000e+01
      vertex   3.512936e+01  3.901510e+01 -2.400000e+01
    endloop
  endfacet
  facet normal  6.293207e-01  7.771458e-01  0.000000e+00
    outer loop
      vertex   3.512936e+01  3.901510e+01 -2.400000e+01
      vertex   3.512936e+01  3.901510e+01 -2.800000e+01
      vertex   3.085873e+01  4.247339e+01 -2.800000e+01
    endloop
  endfacet
  facet normal  6.293207e-01  7.771458e-01  0.000000e+00
    outer loop
      vertex   3.512936e+01  3.901510e+01 -2.400000e+01
      vertex   3.085873e+01  4.247339e+01 -2.800000e+01
      vertex   3.085873e+01  4.247339e+01 -2.400000e+01
    endloop
  endfacet
  facet normal  5.446387e-01  8.386708e-01  0.000000e+00
    outer loop
      vertex   3.085873e+01  4.247339e+01 -2.400000e+01
      vertex   3.085873e+01  4.247339e+01 -2.800000e+01
      vertex   2.625000e+01  4.546633e+01 -2.800000e+01
    endloop
  endfacet
  facet normal  5.446387e-01  8.386708e-01  0.000000e+00
    outer loop
      vertex   3.085873e+01  4.247339e+01 -2.400000e+01
      vertex   2.625000e+01  4.546633e+01 -2.800000e+01
      vertex   2.625000e+01  4.546633e+01 -2.400000e+01
    endloop
  endfacet
  facet normal  4.539907e-01  8.910064e-01  0.000000e+00
    outer loop
      vertex   2.625000e+01  4.546633e+01 -2.400000e+01
      vertex   2.625000e+01  4.546633e+01 -2.800000e+01
      vertex   2.135367e+01  4.796114e+01 -2.800000e+01
    endloop
  endfacet
  facet normal  4.539907e-01  8.910064e-01  0.000000e+00
    outer loop
      vertex   2.625000e+01  4.546633e+01 -2.400000e+01
      vertex   2.135367e+01  4.796114e+01 -2.800000e+01
      vertex   2.135367e+01  4.796114e+01 -2.400000e+01
    endloop
  endfacet
  facet normal  3.583678e-01  9.335805e-01  0.000000e+00
    outer loop
      vertex   2.135367e+01  4.796114e+01 -2.400000e+01
      vertex   2.135367e+01  4.796114e+01 -2.800000e+01
      vertex   1.622339e+01  4.993047e+01 -2.800000e+01
    endloop
  endfacet
  facet normal  3.583678e-01  9.335805e-01  0.000000e+00
    outer loop
      vertex   2.135367e+01  4.796114e+01 -2.400000e+01
      vertex   1.622339e+01  4.993047e+01 -2.800000e+01
      vertex   1.622339e+01  4.993047e+01 -2.400000e+01
    endloop
  endfacet
  facet normal  2.588193e-01  9.659258e-01  0.000000e+00
    outer loop
      vertex   1.622339e+01  4.993047e+01 -2.400000e+01
      vertex   1.622339e+01  4.993047e+01 -2.800000e+01
      vertex   1.091536e+01  5.135275e+01 -2.800000e+01
    endloop
  endfacet
  facet normal  2.588193e-01  9.659258e-01  0.000000e+00
    outer loop
      vertex   1.622339e+01  4.993047e+01 -2.400000e+01
      vertex   1.091536e+01  5.135275e+01 -2.800000e+01
      vertex   1.091536e+01  5.135275e+01 -2.400000e+01
    endloop
  endfacet
  facet normal  1.564350e-01  9.876882e-01  0.000000e+00
    outer loop
      vertex   1.091536e+01  5.135275e+01 -2.400000e+01
      vertex   1.091536e+01  5.135275e+01 -2.800000e+01
      vertex   5.487744e+00  5.221240e+01 -2.800000e+01
    endloop
  endfacet
  facet normal  1.564350e-01  9.876882e-01  0.000000e+00
    outer loop
      vertex   1.091536e+01  5.135275e+01 -2.400000e+01
      vertex   5.487744e+00  5.221240e+01 -2.800000e+01
      vertex   5.487744e+00  5.221240e+01 -2.400000e+01
    endloop
  endfacet
  facet normal  5.233544e-02  9.986296e-01  0.000000e+00
    outer loop
      vertex   5.487744e+00  5.221240e+01 -2.400000e+01
      vertex   5.487744e+00  5.221240e+01 -2.800000e+01
      vertex   0.000000e+00  5.250000e+01 -2.800000e+01
    endloop
  endfacet
  facet normal  5.233544e-02  9.986296e-01  0.000000e+00
    outer loop
      vertex   5.487744e+00  5.221240e+01 -2.400000e+01
      vertex   0.000000e+00  5.250000e+01 -2.800000e+01
      vertex   0.000000e+00  5.250000e+01 -2.400000e+01
    endloop
  endfacet
  facet normal -5.233544e-02  9.986296e-01  0.000000e+00
    outer loop
      vertex   0.000000e+00  5.250000e+01 -2.400000e+01
      vertex   0.000000e+00  5.250000e+01 -2.800000e+01
      vertex  -5.487744e+00  5.221240e+01 -2.800000e+01
    endloop
  endfacet
  facet normal -5.233544e-02  9.986296e-01  0.000000e+00
    outer loop
      vertex   0.000000e+00  5.250000e+01 -2.400000e+01
      vertex  -5.487744e+00  5.221240e+01 -2.800000e+01
      vertex  -5.487744e+00  5.221240e+01 -2.400000e+01
    endloop
  endfacet
  facet normal -1.564350e-01  9.876882e-01  0.000000e+00
    outer loop
      vertex  -5.487744e+00  5.221240e+01 -2.400000e+01
      vertex  -5.487744e+00  5.221240e+01 -2.800000e+01
      vertex  -1.091536e+01  5.135275e+01 -2.800000e+01
    endloop
  endfacet
  facet normal -1.564350e-01  9.876882e-01  0.000000e+00
    outer loop
      vertex  -5.487744e+00  5.221240e+01 -2.400000e+01
      vertex  -1.091536e+01  5.135275e+01 -2.800000e+01
      vertex  -1.091536e+01  5.135275e+01 -2.400000e+01
    endloop
  endfacet
  facet normal -2.588193e-01  9.659258e-01  0.000000e+00
    outer loop
      vertex  -1.091536e+01  5.135275e+01 -2.400000e+01
      vertex  -1.091536e+01  5.135275e+01 -2.800000e+01
      vertex  -1.622339e+01  4.993047e+01 -2.800000e+01
    endloop
  endfacet
  facet normal -2.588193e-01  9.659258e-01  0.000000e+00
    outer loop
      vertex  -1.091536e+01  5.135275e+01 -2.400000e+01
      vertex  -1.622339e+01  4.993047e+01 -2.800000e+01
      vertex  -1.622339e+01  4.993047e+01 -2.400000e+01
    endloop
  endfacet
  facet normal -3.583678e-01  9.335805e-01  0.000000e+00
    outer loop
      vertex  -1.622339e+01  4.993047e+01 -2.400000e+01
      vertex  -1.622339e+01  4.993047e+01 -2.800000e+01
      vertex  -2.135367e+01  4.796114e+01 -2.800000e+01
    endloop
  endfacet
  facet normal -3.583678e-01  9.335805e-01  0.000000e+00
    outer loop
      vertex  -1.622339e+01  4.993047e+01 -2.400000e+01
      vertex  -2.135367e+01  4.796114e+01 -2.800000e+01
      vertex  -2.135367e+01  4.796114e+01 -2.400000e+01
    endloop
  endfacet
  facet normal -4.539907e-01  8.910064e-01  0.000000e+00
    outer loop
      vertex  -2.135367e+01  4.796114e+01 -2.400000e+01
      vertex  -2.135367e+01  4.796114e+01 -2.800000e+01
      vertex  -2.625000e+01  4.546633e+01 -2.800000e+01
    endloop
  endfacet
  facet normal -4.539907e-01  8.910064e-01  0.000000e+00
    outer loop
      vertex  -2.135367e+01  4.796114e+01 -2.400000e+01
      vertex  -2.625000e+01  4.546633e+01 -2.800000e+01
      vertex  -2.625000e+01  4.546633e+01 -2.400000e+01
    endloop
  endfacet
  facet normal -5.446387e-01  8.386708e-01  0.000000e+00
    outer loop
      vertex  -2.625000e+01  4.546633e+01 -2.400000e+01
      vertex  -2.625000e+01  4.546633e+01 -2.800000e+01
      vertex  -3.085873e+01  4.247339e+01 -2.800000e+01
    endloop
  endfacet
  facet normal -5.446387e-01  8.386708e-01  0.000000e+00
    outer loop
      vertex  -2.625000e+01  4.546633e+01 -2.400000e+01
      vertex  -3.085873e+01  4.247339e+01 -2.800000e+01
      vertex  -3.085873e+01  4.247339e+01 -2.400000e+01
    endloop
  endfacet
  facet normal -6.293207e-01  7.771458e-01  0.000000e+00
    outer loop
      vertex  -3.085873e+01  4.247339e+01 -2.400000e+01
      vertex  -3.085873e+01  4.247339e+01 -2.800000e+01
      vertex  -3.512936e+01  3.901510e+01 -2.800000e+01
    endloop
  endfacet
  facet normal -6.293207e-01  7.771458e-01  0.000000e+00
    outer loop
      vertex  -3.085873e+01  4.247339e+01 -2.400000e+01
      vertex  -3.512936e+01  3.901510e+01 -2.800000e+01
      vertex  -3.512936e+01  3.901510e+01 -2.400000e+01
    endloop
  endfacet
  facet normal -7.071068e-01  7.071068e-01  0.000000e+00
    outer loop
      vertex  -3.512936e+01  3.901510e+01 -2.400000e+01
      vertex  -3.512936e+01  3.901510e+01 -2.800000e+01
      vertex  -3.901510e+01  3.512936e+01 -2.800000e+01
    endloop
  endfacet
  facet normal -7.071068e-01  7.071068e-01  0.000000e+00
    outer loop
      vertex  -3.512936e+01  3.901510e+01 -2.400000e+01
      vertex  -3.901510e+01  3.512936e+01 -2.800000e+01
      vertex  -3.901510e+01  3.512936e+01 -2.400000e+01
    endloop
  endfacet
  facet normal -7.771458e-01  6.293207e-01  0.000000e+00
    outer loop
      vertex  -3.901510e+01  3.512936e+01 -2.400000e+01
      vertex  -3.901510e+01  3.512936e+01 -2.800000e+01
      vertex  -4.247339e+01  3.085873e+01 -2.800000e+01
    endloop
  endfacet
  facet normal -7.771458e-01  6.293207e-01  0.000000e+00
    outer loop
      vertex  -3.901510e+01  3.512936e+01 -2.400000e+01
      vertex  -4.247339e+01  3.085873e+01 -2.800000e+01
      vertex  -4.247339e+01  3.085873e+01 -2.400000e+01
    endloop
  endfacet
  facet normal -8.386708e-01  5.446387e-01  0.000000e+00
    outer loop
      vertex  -4.247339e+01  3.085873e+01 -2.400000e+01
      vertex  -4.247339e+01  3.085873e+01 -2.800000e+01
      vertex  -4.546633e+01  2.625000e+01 -2.800000e+01
    endloop
  endfacet
  facet normal -8.386708e-01  5.446387e-01  0.000000e+00
    outer loop
      vertex  -4.247339e+01  3.085873e+01 -2.400000e+01
      vertex  -4.546633e+01  2.625000e+01 -2.800000e+01
      vertex  -4.546633e+01  2.625000e+01 -2.400000e+01
    endloop
  endfacet
  facet normal -8.910064e-01  4.539907e-01  0.000000e+00
    outer loop
      vertex  -4.546633e+01  2.625000e+01 -2.400000e+01
      vertex  -4.546633e+01  2.625000e+01 -2.800000e+01
      vertex  -4.796114e+01  2.135367e+01 -2.800000e+01
    endloop
  endfacet
  facet normal -8.910064e-01  4.539907e-01  0.000000e+00
    outer loop
      vertex  -4.546633e+01  2.625000e+01 -2.400000e+01
      vertex  -4.796114e+01  2.135367e+01 -2.800000e+01
      vertex  -4.796114e+01  2.135367e+01 -2.400000e+01
    endloop
  endfacet
  facet normal -9.335805e-01  3.583678e-01  0.000000e+00
    outer loop
      vertex  -4.796114e+01  2.135367e+01 -2.400000e+01
      vertex  -4.796114e+01  2.135367e+01 -2.800000e+01
      vertex  -4.993047e+01  1.622339e+01 -2.800000e+01
    endloop
  endfacet
  facet normal -9.335805e-01  3.583678e-01  0.000000e+00
    outer loop
      vertex  -4.796114e+01  2.135367e+01 -2.400000e+01
      vertex  -4.993047e+01  1.622339e+01 -2.800000e+01
      vertex  -4.993047e+01  1.622339e+01 -2.400000e+01
    endloop
  endfacet
  facet normal -9.659258e-01  2.588193e-01  0.000000e+00
    outer loop
      vertex  -4.993047e+01  1.622339e+01 -2.400000e+01
      vertex  -4.993047e+01  1.622339e+01 -2.800000e+01
      vertex  -5.135275e+01  1.091536e+01 -2.800000e+01
    endloop
  endfacet
  facet normal -9.659258e-01  2.588193e-01  0.000000e+00
    outer loop
      vertex  -4.993047e+01  1.622339e+01 -2.400000e+01
      vertex  -5.135275e+01  1.091536e+01 -2.800000e+01
      vertex  -5.135275e+01  1.091536e+01 -2.400000e+01
    endloop
  endfacet
  facet normal -9.876882e-01  1.564350e-01  0.000000e+00
    outer loop
      vertex  -5.135275e+01  1.091536e+01 -2.400000e+01
      vertex  -5.135275e+01  1.091536e+01 -2.800000e+01
      vertex  -5.221240e+01  5.487744e+00 -2.800000e+01
    endloop
  endfacet
  facet normal -9.985334e-01  5.413869e-02  0.000000e+00
    outer loop
      vertex   5.020397e+01 -5.460010e+00 -2.800000e+01
      vertex   5.020397e+01 -5.460010e+00 -2.400000e+01
      vertex   5.050000e+01  0.000000e+00 -2.800000e+01
    endloop
  endfacet
  facet normal -9.985334e-01  5.413869e-02  0.000000e+00
    outer loop
      vertex   5.050000e+01  0.000000e+00 -2.800000e+01
      vertex   5.020397e+01 -5.460010e+00 -2.400000e+01
      vertex   5.050000e+01  0.000000e+00 -2.400000e+01
    endloop
  endfacet
  facet normal -9.985334e-01 -5.413869e-02  0.000000e+00
    outer loop
      vertex   5.050000e+01  0.000000e+00 -2.800000e+01
      vertex   5.050000e+01  0.000000e+00 -2.400000e+01
      vertex   5.020397e+01  5.460010e+00 -2.800000e+01
    endloop
  endfacet
  facet normal -9.985334e-01 -5.413869e-02  0.000000e+00
    outer loop
      vertex   5.020397e+01  5.460010e+00 -2.800000e+01
      vertex   5.050000e+01  0.000000e+00 -2.400000e+01
      vertex   5.020397e+01  5.460010e+00 -2.400000e+01
    endloop
  endfacet
  facet normal -9.868265e-01 -1.617819e-01  0.000000e+00
    outer loop
      vertex   5.020397e+01  5.460010e+00 -2.800000e+01
      vertex   5.020397e+01  5.460010e+00 -2.400000e+01
      vertex   4.931934e+01  1.085601e+01 -2.800000e+01
    endloop
  endfacet
  facet normal -9.868265e-01 -1.617819e-01  0.000000e+00
    outer loop
      vertex   4.931934e+01  1.085601e+01 -2.800000e+01
      vertex   5.020397e+01  5.460010e+00 -2.400000e+01
      vertex   4.931934e+01  1.085601e+01 -2.400000e+01
    endloop
  endfacet
  facet normal -9.635498e-01 -2.675289e-01  0.000000e+00
    outer loop
      vertex   4.931934e+01  1.085601e+01 -2.800000e+01
      vertex   4.931934e+01  1.085601e+01 -2.400000e+01
      vertex   4.785648e+01  1.612473e+01 -2.800000e+01
    endloop
  endfacet
  facet normal -9.635498e-01 -2.675289e-01  0.000000e+00
    outer loop
      vertex   4.785648e+01  1.612473e+01 -2.800000e+01
      vertex   4.931934e+01  1.085601e+01 -2.400000e+01
      vertex   4.785648e+01  1.612473e+01 -2.400000e+01
    endloop
  endfacet
  facet normal -9.289768e-01 -3.701381e-01  0.000000e+00
    outer loop
      vertex   4.785648e+01  1.612473e+01 -2.800000e+01
      vertex   4.785648e+01  1.612473e+01 -2.400000e+01
      vertex   4.583256e+01  2.120440e+01 -2.800000e+01
    endloop
  endfacet
  facet normal -9.289768e-01 -3.701381e-01  0.000000e+00
    outer loop
      vertex   4.583256e+01  2.120440e+01 -2.800000e+01
      vertex   4.785648e+01  1.612473e+01 -2.400000e+01
      vertex   4.583256e+01  2.120440e+01 -2.400000e+01
    endloop
  endfacet
  facet normal -8.835124e-01 -4.684078e-01  0.000000e+00
    outer loop
      vertex   4.583256e+01  2.120440e+01 -2.800000e+01
      vertex   4.583256e+01  2.120440e+01 -2.400000e+01
      vertex   4.327129e+01  2.603547e+01 -2.800000e+01
    endloop
  endfacet
  facet normal -8.835124e-01 -4.684078e-01  0.000000e+00
    outer loop
      vertex   4.327129e+01  2.603547e+01 -2.800000e+01
      vertex   4.583256e+01  2.120440e+01 -2.400000e+01
      vertex   4.327129e+01  2.603547e+01 -2.400000e+01
    endloop
  endfacet
  facet normal -8.276885e-01 -5.611879e-01  0.000000e+00
    outer loop
      vertex   4.327129e+01  2.603547e+01 -2.800000e+01
      vertex   4.327129e+01  2.603547e+01 -2.400000e+01
      vertex   4.020270e+01  3.056130e+01 -2.800000e+01
    endloop
  endfacet
  facet normal -8.276885e-01 -5.611879e-01  0.000000e+00
    outer loop
      vertex   4.020270e+01  3.056130e+01 -2.800000e+01
      vertex   4.327129e+01  2.603547e+01 -2.400000e+01
      vertex   4.020270e+01  3.056130e+01 -2.400000e+01
    endloop
  endfacet
  facet normal -7.621623e-01 -6.473860e-01  0.000000e+00
    outer loop
      vertex   4.020270e+01  3.056130e+01 -2.800000e+01
      vertex   4.020270e+01  3.056130e+01 -2.400000e+01
      vertex   3.666277e+01  3.472882e+01 -2.800000e+01
    endloop
  endfacet
  facet normal -7.621623e-01 -6.473860e-01  0.000000e+00
    outer loop
      vertex   3.666277e+01  3.472882e+01 -2.800000e+01
      vertex   4.020270e+01  3.056130e+01 -2.400000e+01
      vertex   3.666277e+01  3.472882e+01 -2.400000e+01
    endloop
  endfacet
  facet normal -6.876998e-01 -7.259952e-01  0.000000e+00
    outer loop
      vertex   3.666277e+01  3.472882e+01 -2.800000e+01
      vertex   3.666277e+01  3.472882e+01 -2.400000e+01
      vertex   3.269301e+01  3.848919e+01 -2.800000e+01
    endloop
  endfacet
  facet normal -6.876998e-01 -7.259952e-01  0.000000e+00
    outer loop
      vertex   3.269301e+01  3.848919e+01 -2.800000e+01
      vertex   3.666277e+01  3.472882e+01 -2.400000e+01
      vertex   3.269301e+01  3.848919e+01 -2.400000e+01
    endloop
  endfacet
  facet normal -6.051739e-01 -7.960933e-01  0.000000e+00
    outer loop
      vertex   3.269301e+01  3.848919e+01 -2.800000e+01
      vertex   3.269301e+01  3.848919e+01 -2.400000e+01
      vertex   2.833995e+01  4.179829e+01 -2.800000e+01
    endloop
  endfacet
  facet normal -6.051739e-01 -7.960933e-01  0.000000e+00
    outer loop
      vertex   2.833995e+01  4.179829e+01 -2.800000e+01
      vertex   3.269301e+01  3.848919e+01 -2.400000e+01
      vertex   2.833995e+01  4.179829e+01 -2.400000e+01
    endloop
  endfacet
  facet normal -5.155534e-01 -8.568575e-01  0.000000e+00
    outer loop
      vertex   2.833995e+01  4.179829e+01 -2.800000e+01
      vertex   2.833995e+01  4.179829e+01 -2.400000e+01
      vertex   2.365462e+01  4.461736e+01 -2.800000e+01
    endloop
  endfacet
  facet normal -5.155534e-01 -8.568575e-01  0.000000e+00
    outer loop
      vertex   2.365462e+01  4.461736e+01 -2.800000e+01
      vertex   2.833995e+01  4.179829e+01 -2.400000e+01
      vertex   2.365462e+01  4.461736e+01 -2.400000e+01
    endloop
  endfacet
  facet normal -4.198893e-01 -9.075754e-01  0.000000e+00
    outer loop
      vertex   2.365462e+01  4.461736e+01 -2.800000e+01
      vertex   2.365462e+01  4.461736e+01 -2.400000e+01
      vertex   1.869198e+01  4.691332e+01 -2.800000e+01
    endloop
  endfacet
  facet normal -4.198893e-01 -9.075754e-01  0.000000e+00
    outer loop
      vertex   1.869198e+01  4.691332e+01 -2.800000e+01
      vertex   2.365462e+01  4.461736e+01 -2.400000e+01
      vertex   1.869198e+01  4.691332e+01 -2.400000e+01
    endloop
  endfacet
  facet normal -3.193025e-01 -9.476528e-01  0.000000e+00
    outer loop
      vertex   1.869198e+01  4.691332e+01 -2.800000e+01
      vertex   1.869198e+01  4.691332e+01 -2.400000e+01
      vertex   1.351018e+01  4.865928e+01 -2.800000e+01
    endloop
  endfacet
  facet normal -3.193025e-01 -9.476528e-01  0.000000e+00
    outer loop
      vertex   1.351018e+01  4.865928e+01 -2.800000e+01
      vertex   1.869198e+01  4.691332e+01 -2.400000e+01
      vertex   1.351018e+01  4.865928e+01 -2.400000e+01
    endloop
  endfacet
  facet normal -2.149698e-01 -9.766207e-01  0.000000e+00
    outer loop
      vertex   1.351018e+01  4.865928e+01 -2.800000e+01
      vertex   1.351018e+01  4.865928e+01 -2.400000e+01
      vertex   8.169991e+00  4.983474e+01 -2.800000e+01
    endloop
  endfacet
  facet normal -2.149698e-01 -9.766207e-01  0.000000e+00
    outer loop
      vertex   8.169991e+00  4.983474e+01 -2.800000e+01
      vertex   1.351018e+01  4.865928e+01 -2.400000e+01
      vertex   8.169991e+00  4.983474e+01 -2.400000e+01
    endloop
  endfacet
  facet normal -1.081197e-01 -9.941378e-01  0.000000e+00
    outer loop
      vertex   8.169991e+00  4.983474e+01 -2.800000e+01
      vertex   8.169991e+00  4.983474e+01 -2.400000e+01
      vertex   2.734015e+00  5.042594e+01 -2.800000e+01
    endloop
  endfacet
  facet normal -1.081197e-01 -9.941378e-01  0.000000e+00
    outer loop
      vertex   2.734015e+00  5.042594e+01 -2.800000e+01
      vertex   8.169991e+00  4.983474e+01 -2.400000e+01
      vertex   2.734015e+00  5.042594e+01 -2.400000e+01
    endloop
  endfacet
  facet normal  0.000000e+00 -1.000000e+00  0.000000e+00
    outer loop
      vertex   2.734015e+00  5.042594e+01 -2.800000e+01
      vertex   2.734015e+00  5.042594e+01 -2.400000e+01
      vertex  -2.734015e+00  5.042594e+01 -2.800000e+01
    endloop
  endfacet
  facet normal  0.000000e+00 -1.000000e+00  0.000000e+00
    outer loop
      vertex  -2.734015e+00  5.042594e+01 -2.800000e+01
      vertex   2.734015e+00  5.042594e+01 -2.400000e+01
      vertex  -2.734015e+00  5.042594e+01 -2.400000e+01
    endloop
  endfacet
  facet normal  1.081197e-01 -9.941378e-01  0.000000e+00
    outer loop
      vertex  -2.734015e+00  5.042594e+01 -2.800000e+01
      vertex  -2.734015e+00  5.042594e+01 -2.400000e+01
      vertex  -8.169991e+00  4.983474e+01 -2.800000e+01
    endloop
  endfacet
  facet normal  1.081197e-01 -9.941378e-01  0.000000e+00
    outer loop
      vertex  -8.169991e+00  4.983474e+01 -2.800000e+01
      vertex  -2.734015e+00  5.042594e+01 -2.400000e+01
      vertex  -8.169991e+00  4.983474e+01 -2.400000e+01
    endloop
  endfacet
  facet normal  2.149698e-01 -9.766207e-01  0.000000e+00
    outer loop
      vertex  -8.169991e+00  4.983474e+01 -2.800000e+01
      vertex  -8.169991e+00  4.983474e+01 -2.400000e+01
      vertex  -1.351018e+01  4.865928e+01 -2.800000e+01
    endloop
  endfacet
  facet normal  2.149698e-01 -9.766207e-01  0.000000e+00
    outer loop
      vertex  -1.351018e+01  4.865928e+01 -2.800000e+01
      vertex  -8.169991e+00  4.983474e+01 -2.400000e+01
      vertex  -1.351018e+01  4.865928e+01 -2.400000e+01
    endloop
  endfacet
  facet normal  3.193025e-01 -9.476528e-01  0.000000e+00
    outer loop
      vertex  -1.351018e+01  4.865928e+01 -2.800000e+01
      vertex  -1.351018e+01  4.865928e+01 -2.400000e+01
      vertex  -1.869198e+01  4.691332e+01 -2.800000e+01
    endloop
  endfacet
  facet normal  3.193025e-01 -9.476528e-01  0.000000e+00
    outer loop
      vertex  -1.869198e+01  4.691332e+01 -2.800000e+01
      vertex  -1.351018e+01  4.865928e+01 -2.400000e+01
      vertex  -1.869198e+01  4.691332e+01 -2.400000e+01
    endloop
  endfacet
  facet normal  4.198893e-01 -9.075754e-01  0.000000e+00
    outer loop
      vertex  -1.869198e+01  4.691332e+01 -2.800000e+01
      vertex  -1.869198e+01  4.691332e+01 -2.400000e+01
      vertex  -2.365462e+01  4.461736e+01 -2.800000e+01
    endloop
  endfacet
  facet normal  4.198893e-01 -9.075754e-01  0.000000e+00
    outer loop
      vertex  -2.365462e+01  4.461736e+01 -2.800000e+01
      vertex  -1.869198e+01  4.691332e+01 -2.400000e+01
      vertex  -2.365462e+01  4.461736e+01 -2.400000e+01
    endloop
  endfacet
  facet normal  5.155534e-01 -8.568575e-01  0.000000e+00
    outer loop
      vertex  -2.365462e+01  4.461736e+01 -2.800000e+01
      vertex  -2.365462e+01  4.461736e+01 -2.400000e+01
      vertex  -2.833995e+01  4.179829e+01 -2.800000e+01
    endloop
  endfacet
  facet normal  5.155534e-01 -8.568575e-01  0.000000e+00
    outer loop
      vertex  -2.833995e+01  4.179829e+01 -2.800000e+01
      vertex  -2.365462e+01  4.461736e+01 -2.400000e+01
      vertex  -2.833995e+01  4.179829e+01 -2.400000e+01
    endloop
  endfacet
  facet normal  6.051739e-01 -7.960933e-01  0.000000e+00
    outer loop
      vertex  -2.833995e+01  4.179829e+01 -2.800000e+01
      vertex  -2.833995e+01  4.179829e+01 -2.400000e+01
      vertex  -3.269301e+01  3.848919e+01 -2.800000e+01
    endloop
  endfacet
  facet normal  6.051739e-01 -7.960933e-01  0.000000e+00
    outer loop
      vertex  -3.269301e+01  3.848919e+01 -2.800000e+01
      vertex  -2.833995e+01  4.179829e+01 -2.400000e+01
      vertex  -3.269301e+01  3.848919e+01 -2.400000e+01
    endloop
  endfacet
  facet normal  6.876998e-01 -7.259952e-01  0.000000e+00
    outer loop
      vertex  -3.269301e+01  3.848919e+01 -2.800000e+01
      vertex  -3.269301e+01  3.848919e+01 -2.400000e+01
      vertex  -3.666277e+01  3.472882e+01 -2.800000e+01
    endloop
  endfacet
  facet normal  6.876998e-01 -7.259952e-01  0.000000e+00
    outer loop
      vertex  -3.666277e+01  3.472882e+01 -2.800000e+01
      vertex  -3.269301e+01  3.848919e+01 -2.400000e+01
      vertex  -3.666277e+01  3.472882e+01 -2.400000e+01
    endloop
  endfacet
  facet normal  7.621623e-01 -6.473860e-01  0.000000e+00
    outer loop
      vertex  -3.666277e+01  3.472882e+01 -2.800000e+01
      vertex  -3.666277e+01  3.472882e+01 -2.400000e+01
      vertex  -4.020270e+01  3.056130e+01 -2.800000e+01
    endloop
  endfacet
  facet normal  7.621623e-01 -6.473860e-01  0.000000e+00
    outer loop
      vertex  -4.020270e+01  3.056130e+01 -2.800000e+01
      vertex  -3.666277e+01  3.472882e+01 -2.400000e+01
      vertex  -4.020270e+01  3.056130e+01 -2.400000e+01
    endloop
  endfacet
  facet normal  8.276885e-01 -5.611879e-01  0.000000e+00
    outer loop
      vertex  -4.020270e+01  3.056130e+01 -2.800000e+01
      vertex  -4.020270e+01  3.056130e+01 -2.400000e+01
      vertex  -4.327129e+01  2.603547e+01 -2.800000e+01
    endloop
  endfacet
  facet normal  8.276885e-01 -5.611879e-01  0.000000e+00
    outer loop
      vertex  -4.327129e+01  2.603547e+01 -2.800000e+01
      vertex  -4.020270e+01  3.056130e+01 -2.400000e+01
      vertex  -4.327129e+01  2.603547e+01 -2.400000e+01
    endloop
  endfacet
  facet normal  8.835124e-01 -4.684078e-01  0.000000e+00
    outer loop
      vertex  -4.327129e+01  2.603547e+01 -2.800000e+01
      vertex  -4.327129e+01  2.603547e+01 -2.400000e+01
      vertex  -4.583256e+01  2.120440e+01 -2.800000e+01
    endloop
  endfacet
  facet normal  8.835124e-01 -4.684078e-01  0.000000e+00
    outer loop
      vertex  -4.583256e+01  2.120440e+01 -2.800000e+01
      vertex  -4.327129e+01  2.603547e+01 -2.400000e+01
      vertex  -4.583256e+01  2.120440e+01 -2.400000e+01
    endloop
  endfacet
  facet normal  9.289768e-01 -3.701381e-01  0.000000e+00
    outer loop
      vertex  -4.583256e+01  2.120440e+01 -2.800000e+01
      vertex  -4.583256e+01  2.120440e+01 -2.400000e+01
      vertex  -4.785648e+01  1.612473e+01 -2.800000e+01
    endloop
  endfacet
  facet normal  9.289768e-01 -3.701381e-01  0.000000e+00
    outer loop
      vertex  -4.785648e+01  1.612473e+01 -2.800000e+01
      vertex  -4.583256e+01  2.120440e+01 -2.400000e+01
      vertex  -4.785648e+01  1.612473e+01 -2.400000e+01
    endloop
  endfacet
  facet normal  9.635498e-01 -2.675289e-01  0.000000e+00
    outer loop
      vertex  -4.785648e+01  1.612473e+01 -2.800000e+01
      vertex  -4.785648e+01  1.612473e+01 -2.400000e+01
      vertex  -4.931934e+01  1.085601e+01 -2.800000e+01
    endloop
  endfacet
  facet normal  9.635498e-01 -2.675289e-01  0.000000e+00
    outer loop
      vertex  -4.931934e+01  1.085601e+01 -2.800000e+01
      vertex  -4.785648e+01  1.612473e+01 -2.400000e+01
      vertex  -4.931934e+01  1.085601e+01 -2.400000e+01
    endloop
  endfacet
  facet normal  9.868265e-01 -1.617819e-01  0.000000e+00
    outer loop
      vertex  -4.931934e+01  1.085601e+01 -2.800000e+01
      vertex  -4.931934e+01  1.085601e+01 -2.400000e+01
      vertex  -5.020397e+01  5.460010e+00 -2.800000e+01
    endloop
  endfacet
  facet normal  9.868265e-01 -1.617819e-01  0.000000e+00
    outer loop
      vertex  -5.020397e+01  5.460010e+00 -2.800000e+01
      vertex  -4.931934e+01  1.085601e+01 -2.400000e+01
      vertex  -5.020397e+01  5.460010e+00 -2.400000e+01
    endloop
  endfacet
  facet normal  9.985334e-01 -5.413869e-02  0.000000e+00
    outer loop
      vertex  -5.020397e+01  5.460010e+00 -2.800000e+01
      vertex  -5.020397e+01  5.460010e+00 -2.400000e+01
      vertex  -5.050000e+01  0.000000e+00 -2.800000e+01
    endloop
  endfacet
  facet normal  9.985334e-01 -5.413869e-02  0.000000e+00
    outer loop
      vertex  -5.050000e+01  0.000000e+00 -2.800000e+01
      vertex  -5.020397e+01  5.460010e+00 -2.400000e+01
      vertex  -5.050000e+01  0.000000e+00 -2.400000e+01
    endloop
  endfacet
  facet normal  9.985334e-01  5.413869e-02 -0.000000e+00
    outer loop
      vertex  -5.050000e+01  0.000000e+00 -2.800000e+01
      vertex  -5.050000e+01  0.000000e+00 -2.400000e+01
      vertex  -5.020397e+01 -5.460010e+00 -2.800000e+01
    endloop
  endfacet
  facet normal  9.985334e-01  5.413869e-02 -0.000000e+00
    outer loop
      vertex  -5.020397e+01 -5.460010e+00 -2.800000e+01
      vertex  -5.050000e+01  0.000000e+00 -2.400000e+01
      vertex  -5.020397e+01 -5.460010e+00 -2.400000e+01
    endloop
  endfacet
  facet normal  9.868265e-01  1.617819e-01 -0.000000e+00
    outer loop
      vertex  -5.020397e+01 -5.460010e+00 -2.800000e+01
      vertex  -5.020397e+01 -5.460010e+00 -2.400000e+01
      vertex  -4.931934e+01 -1.085601e+01 -2.800000e+01
    endloop
  endfacet
  facet normal  9.868265e-01  1.617819e-01 -0.000000e+00
    outer loop
      vertex  -4.931934e+01 -1.085601e+01 -2.800000e+01
      vertex  -5.020397e+01 -5.460010e+00 -2.400000e+01
      vertex  -4.931934e+01 -1.085601e+01 -2.400000e+01
    endloop
  endfacet
  facet normal  9.635498e-01  2.675289e-01 -0.000000e+00
    outer loop
      vertex  -4.931934e+01 -1.085601e+01 -2.800000e+01
      vertex  -4.931934e+01 -1.085601e+01 -2.400000e+01
      vertex  -4.785648e+01 -1.612473e+01 -2.800000e+01
    endloop
  endfacet
  facet normal  9.635498e-01  2.675289e-01 -0.000000e+00
    outer loop
      vertex  -4.785648e+01 -1.612473e+01 -2.800000e+01
      vertex  -4.931934e+01 -1.085601e+01 -2.400000e+01
      vertex  -4.785648e+01 -1.612473e+01 -2.400000e+01
    endloop
  endfacet
  facet normal  9.289768e-01  3.701381e-01 -0.000000e+00
    outer loop
      vertex  -4.785648e+01 -1.612473e+01 -2.800000e+01
      vertex  -4.785648e+01 -1.612473e+01 -2.400000e+01
      vertex  -4.583256e+01 -2.120440e+01 -2.800000e+01
    endloop
  endfacet
  facet normal  9.289768e-01  3.701381e-01 -0.000000e+00
    outer loop
      vertex  -4.583256e+01 -2.120440e+01 -2.800000e+01
      vertex  -4.785648e+01 -1.612473e+01 -2.400000e+01
      vertex  -4.583256e+01 -2.120440e+01 -2.400000e+01
    endloop
  endfacet
  facet normal  8.835124e-01  4.684078e-01 -0.000000e+00
    outer loop
      vertex  -4.583256e+01 -2.120440e+01 -2.800000e+01
      vertex  -4.583256e+01 -2.120440e+01 -2.400000e+01
      vertex  -4.327129e+01 -2.603547e+01 -2.800000e+01
    endloop
  endfacet
  facet normal  8.835124e-01  4.684078e-01 -0.000000e+00
    outer loop
      vertex  -4.327129e+01 -2.603547e+01 -2.800000e+01
      vertex  -4.583256e+01 -2.120440e+01 -2.400000e+01
      vertex  -4.327129e+01 -2.603547e+01 -2.400000e+01
    endloop
  endfacet
  facet normal  8.276885e-01  5.611879e-01 -0.000000e+00
    outer loop
      vertex  -4.327129e+01 -2.603547e+01 -2.800000e+01
      vertex  -4.327129e+01 -2.603547e+01 -2.400000e+01
      vertex  -4.020270e+01 -3.056130e+01 -2.800000e+01
    endloop
  endfacet
  facet normal  8.276885e-01  5.611879e-01 -0.000000e+00
    outer loop
      vertex  -4.020270e+01 -3.056130e+01 -2.800000e+01
      vertex  -4.327129e+01 -2.603547e+01 -2.400000e+01
      vertex  -4.020270e+01 -3.056130e+01 -2.400000e+01
    endloop
  endfacet
  facet normal  7.621623e-01  6.473860e-01 -0.000000e+00
    outer loop
      vertex  -4.020270e+01 -3.056130e+01 -2.800000e+01
      vertex  -4.020270e+01 -3.056130e+01 -2.400000e+01
      vertex  -3.666277e+01 -3.472882e+01 -2.800000e+01
    endloop
  endfacet
  facet normal  7.621623e-01  6.473860e-01 -0.000000e+00
    outer loop
      vertex  -3.666277e+01 -3.472882e+01 -2.800000e+01
      vertex  -4.020270e+01 -3.056130e+01 -2.400000e+01
      vertex  -3.666277e+01 -3.472882e+01 -2.400000e+01
    endloop
  endfacet
  facet normal  6.876998e-01  7.259952e-01 -0.000000e+00
    outer loop
      vertex  -3.666277e+01 -3.472882e+01 -2.800000e+01
      vertex  -3.666277e+01 -3.472882e+01 -2.400000e+01
      vertex  -3.269301e+01 -3.848919e+01 -2.800000e+01
    endloop
  endfacet
  facet normal  6.876998e-01  7.259952e-01 -0.000000e+00
    outer loop
      vertex  -3.269301e+01 -3.848919e+01 -2.800000e+01
      vertex  -3.666277e+01 -3.472882e+01 -2.400000e+01
      vertex  -3.269301e+01 -3.848919e+01 -2.400000e+01
    endloop
  endfacet
  facet normal  6.051739e-01  7.960933e-01 -0.000000e+00
    outer loop
      vertex  -3.269301e+01 -3.848919e+01 -2.800000e+01
      vertex  -3.269301e+01 -3.848919e+01 -2.400000e+01
      vertex  -2.833995e+01 -4.179829e+01 -2.800000e+01
    endloop
  endfacet
  facet normal  6.051739e-01  7.960933e-01 -0.000000e+00
    outer loop
      vertex  -2.833995e+01 -4.179829e+01 -2.800000e+01
      vertex  -3.269301e+01 -3.848919e+01 -2.400000e+01
      vertex  -2.833995e+01 -4.179829e+01 -2.400000e+01
    endloop
  endfacet
  facet normal  5.155534e-01  8.568575e-01 -0.000000e+00
    outer loop
      vertex  -2.833995e+01 -4.179829e+01 -2.800000e+01
      vertex  -2.833995e+01 -4.179829e+01 -2.400000e+01
      vertex  -2.365462e+01 -4.461736e+01 -2.800000e+01
    endloop
  endfacet
  facet normal  5.155534e-01  8.568575e-01 -0.000000e+00
    outer loop
      vertex  -2.365462e+01 -4.461736e+01 -2.800000e+01
      vertex  -2.833995e+01 -4.179829e+01 -2.400000e+01
      vertex  -2.365462e+01 -4.461736e+01 -2.400000e+01
    endloop
  endfacet
  facet normal  4.198893e-01  9.075754e-01 -0.000000e+00
    outer loop
      vertex  -2.365462e+01 -4.461736e+01 -2.800000e+01
      vertex  -2.365462e+01 -4.461736e+01 -2.400000e+01
      vertex  -1.869198e+01 -4.691332e+01 -2.800000e+01
    endloop
  endfacet
  facet normal  4.198893e-01  9.075754e-01 -0.000000e+00
    outer loop
      vertex  -1.869198e+01 -4.691332e+01 -2.800000e+01
      vertex  -2.365462e+01 -4.461736e+01 -2.400000e+01
      vertex  -1.869198e+01 -4.691332e+01 -2.400000e+01
    endloop
  endfacet
  facet normal  3.193025e-01  9.476528e-01 -0.000000e+00
    outer loop
      vertex  -1.869198e+01 -4.691332e+01 -2.800000e+01
      vertex  -1.869198e+01 -4.691332e+01 -2.400000e+01
      vertex  -1.351018e+01 -4.865928e+01 -2.800000e+01
    endloop
  endfacet
  facet normal  3.193025e-01  9.476528e-01 -0.000000e+00
    outer loop
      vertex  -1.351018e+01 -4.865928e+01 -2.800000e+01
      vertex  -1.869198e+01 -4.691332e+01 -2.400000e+01
      vertex  -1.351018e+01 -4.865928e+01 -2.400000e+01
    endloop
  endfacet
  facet normal  2.149698e-01  9.766207e-01 -0.000000e+00
    outer loop
      vertex  -1.351018e+01 -4.865928e+01 -2.800000e+01
      vertex  -1.351018e+01 -4.865928e+01 -2.400000e+01
      vertex  -8.169991e+00 -4.983474e+01 -2.800000e+01
    endloop
  endfacet
  facet normal  2.149698e-01  9.766207e-01 -0.000000e+00
    outer loop
      vertex  -8.169991e+00 -4.983474e+01 -2.800000e+01
      vertex  -1.351018e+01 -4.865928e+01 -2.400000e+01
      vertex  -8.169991e+00 -4.983474e+01 -2.400000e+01
    endloop
  endfacet
  facet normal  1.081197e-01  9.941378e-01 -0.000000e+00
    outer loop
      vertex  -8.169991e+00 -4.983474e+01 -2.800000e+01
      vertex  -8.169991e+00 -4.983474e+01 -2.400000e+01
      vertex  -2.734015e+00 -5.042594e+01 -2.800000e+01
    endloop
  endfacet
  facet normal  1.081197e-01  9.941378e-01 -0.000000e+00
    outer loop
      vertex  -2.734015e+00 -5.042594e+01 -2.800000e+01
      vertex  -8.169991e+00 -4.983474e+01 -2.400000e+01
      vertex  -2.734015e+00 -5.042594e+01 -2.400000e+01
    endloop
  endfacet
  facet normal  0.000000e+00  1.000000e+00  0.000000e+00
    outer loop
      vertex  -2.734015e+00 -5.042594e+01 -2.800000e+01
      vertex  -2.734015e+00 -5.042594e+01 -2.400000e+01
      vertex   2.734015e+00 -5.042594e+01 -2.800000e+01
    endloop
  endfacet
  facet normal  0.000000e+00  1.000000e+00 -0.000000e+00
    outer loop
      vertex   2.734015e+00 -5.042594e+01 -2.800000e+01
      vertex  -2.734015e+00 -5.042594e+01 -2.400000e+01
      vertex   2.734015e+00 -5.042594e+01 -2.400000e+01
    endloop
  endfacet
  facet normal -1.081197e-01  9.941378e-01  0.000000e+00
    outer loop
      vertex   2.734015e+00 -5.042594e+01 -2.800000e+01
      vertex   2.734015e+00 -5.042594e+01 -2.400000e+01
      vertex   8.169991e+00 -4.983474e+01 -2.800000e+01
    endloop
  endfacet
  facet normal -1.081197e-01  9.941378e-01  0.000000e+00
    outer loop
      vertex   8.169991e+00 -4.983474e+01 -2.800000e+01
      vertex   2.734015e+00 -5.042594e+01 -2.400000e+01
      vertex   8.169991e+00 -4.983474e+01 -2.400000e+01
    endloop
  endfacet
  facet normal -2.149698e-01  9.766207e-01  0.000000e+00
    outer loop
      vertex   8.169991e+00 -4.983474e+01 -2.800000e+01
      vertex   8.169991e+00 -4.983474e+01 -2.400000e+01
      vertex   1.351018e+01 -4.865928e+01 -2.800000e+01
    endloop
  endfacet
  facet normal -2.149698e-01  9.766207e-01  0.000000e+00
    outer loop
      vertex   1.351018e+01 -4.865928e+01 -2.800000e+01
      vertex   8.169991e+00 -4.983474e+01 -2.400000e+01
      vertex   1.351018e+01 -4.865928e+01 -2.400000e+01
    endloop
  endfacet
  facet normal -3.193025e-01  9.476528e-01  0.000000e+00
    outer loop
      vertex   1.351018e+01 -4.865928e+01 -2.800000e+01
      vertex   1.351018e+01 -4.865928e+01 -2.400000e+01
      vertex   1.869198e+01 -4.691332e+01 -2.800000e+01
    endloop
  endfacet
  facet normal -3.193025e-01  9.476528e-01  0.000000e+00
    outer loop
      vertex   1.869198e+01 -4.691332e+01 -2.800000e+01
      vertex   1.351018e+01 -4.865928e+01 -2.400000e+01
      vertex   1.869198e+01 -4.691332e+01 -2.400000e+01
    endloop
  endfacet
  facet normal -4.198893e-01  9.075754e-01  0.000000e+00
    outer loop
      vertex   1.869198e+01 -4.691332e+01 -2.800000e+01
      vertex   1.869198e+01 -4.691332e+01 -2.400000e+01
      vertex   2.365462e+01 -4.461736e+01 -2.800000e+01
    endloop
  endfacet
  facet normal -4.198893e-01  9.075754e-01  0.000000e+00
    outer loop
      vertex   2.365462e+01 -4.461736e+01 -2.800000e+01
      vertex   1.869198e+01 -4.691332e+01 -2.400000e+01
      vertex   2.365462e+01 -4.461736e+01 -2.400000e+01
    endloop
  endfacet
  facet normal -5.155534e-01  8.568575e-01  0.000000e+00
    outer loop
      vertex   2.365462e+01 -4.461736e+01 -2.800000e+01
      vertex   2.365462e+01 -4.461736e+01 -2.400000e+01
      vertex   2.833995e+01 -4.179829e+01 -2.800000e+01
    endloop
  endfacet
  facet normal -5.155534e-01  8.568575e-01  0.000000e+00
    outer loop
      vertex   2.833995e+01 -4.179829e+01 -2.800000e+01
      vertex   2.365462e+01 -4.461736e+01 -2.400000e+01
      vertex   2.833995e+01 -4.179829e+01 -2.400000e+01
    endloop
  endfacet
  facet normal -6.051739e-01  7.960933e-01  0.000000e+00
    outer loop
      vertex   2.833995e+01 -4.179829e+01 -2.800000e+01
      vertex   2.833995e+01 -4.179829e+01 -2.400000e+01
      vertex   3.269301e+01 -3.848919e+01 -2.800000e+01
    endloop
  endfacet
  facet normal -6.051739e-01  7.960933e-01  0.000000e+00
    outer loop
      vertex   3.269301e+01 -3.848919e+01 -2.800000e+01
      vertex   2.833995e+01 -4.179829e+01 -2.400000e+01
      vertex   3.269301e+01 -3.848919e+01 -2.400000e+01
    endloop
  endfacet
  facet normal -6.876998e-01  7.259952e-01  0.000000e+00
    outer loop
      vertex   3.269301e+01 -3.848919e+01 -2.800000e+01
      vertex   3.269301e+01 -3.848919e+01 -2.400000e+01
      vertex   3.666277e+01 -3.472882e+01 -2.800000e+01
    endloop
  endfacet
  facet normal -6.876998e-01  7.259952e-01  0.000000e+00
    outer loop
      vertex   3.666277e+01 -3.472882e+01 -2.800000e+01
      vertex   3.269301e+01 -3.848919e+01 -2.400000e+01
      vertex   3.666277e+01 -3.472882e+01 -2.400000e+01
    endloop
  endfacet
  facet normal -7.621623e-01  6.473860e-01  0.000000e+00
    outer loop
      vertex   3.666277e+01 -3.472882e+01 -2.800000e+01
      vertex   3.666277e+01 -3.472882e+01 -2.400000e+01
      vertex   4.020270e+01 -3.056130e+01 -2.800000e+01
    endloop
  endfacet
  facet normal -7.621623e-01  6.473860e-01  0.000000e+00
    outer loop
      vertex   4.020270e+01 -3.056130e+01 -2.800000e+01
      vertex   3.666277e+01 -3.472882e+01 -2.400000e+01
      vertex   4.020270e+01 -3.056130e+01 -2.400000e+01
    endloop
  endfacet
  facet normal -8.276885e-01  5.611879e-01  0.000000e+00
    outer loop
      vertex   4.020270e+01 -3.056130e+01 -2.800000e+01
      vertex   4.020270e+01 -3.056130e+01 -2.400000e+01
      vertex   4.327129e+01 -2.603547e+01 -2.800000e+01
    endloop
  endfacet
  facet normal -8.276885e-01  5.611879e-01  0.000000e+00
    outer loop
      vertex   4.327129e+01 -2.603547e+01 -2.800000e+01
      vertex   4.020270e+01 -3.056130e+01 -2.400000e+01
      vertex   4.327129e+01 -2.603547e+01 -2.400000e+01
    endloop
  endfacet
  facet normal -8.835124e-01  4.684078e-01  0.000000e+00
    outer loop
      vertex   4.327129e+01 -2.603547e+01 -2.800000e+01
      vertex   4.327129e+01 -2.603547e+01 -2.400000e+01
      vertex   4.583256e+01 -2.120440e+01 -2.800000e+01
    endloop
  endfacet
  facet normal -8.835124e-01  4.684078e-01  0.000000e+00
    outer loop
      vertex   4.583256e+01 -2.120440e+01 -2.800000e+01
      vertex   4.327129e+01 -2.603547e+01 -2.400000e+01
      vertex   4.583256e+01 -2.120440e+01 -2.400000e+01
    endloop
  endfacet
  facet normal -9.289768e-01  3.701381e-01  0.000000e+00
    outer loop
      vertex   4.583256e+01 -2.120440e+01 -2.800000e+01
      vertex   4.583256e+01 -2.120440e+01 -2.400000e+01
      vertex   4.785648e+01 -1.612473e+01 -2.800000e+01
    endloop
  endfacet
  facet normal -9.289768e-01  3.701381e-01  0.000000e+00
    outer loop
      vertex   4.785648e+01 -1.612473e+01 -2.800000e+01
      vertex   4.583256e+01 -2.120440e+01 -2.400000e+01
      vertex   4.785648e+01 -1.612473e+01 -2.400000e+01
    endloop
  endfacet
  facet normal -9.635498e-01  2.675289e-01  0.000000e+00
    outer loop
      vertex   4.785648e+01 -1.612473e+01 -2.800000e+01
      vertex   4.785648e+01 -1.612473e+01 -2.400000e+01
      vertex   4.931934e+01 -1.085601e+01 -2.800000e+01
    endloop
  endfacet
  facet normal -9.635498e-01  2.675289e-01  0.000000e+00
    outer loop
      vertex   4.931934e+01 -1.085601e+01 -2.800000e+01
      vertex   4.785648e+01 -1.612473e+01 -2.400000e+01
      vertex   4.931934e+01 -1.085601e+01 -2.400000e+01
    endloop
  endfacet
  facet normal -9.868265e-01  1.617819e-01  0.000000e+00
    outer loop
      vertex   4.931934e+01 -1.085601e+01 -2.800000e+01
      vertex   4.931934e+01 -1.085601e+01 -2.400000e+01
      vertex   5.020397e+01 -5.460010e+00 -2.800000e+01
    endloop
  endfacet
  facet normal -9.868265e-01  1.617819e-01  0.000000e+00
    outer loop
      vertex   5.020397e+01 -5.460010e+00 -2.800000e+01
      vertex   4.931934e+01 -1.085601e+01 -2.400000e+01
      vertex   5.020397e+01 -5.460010e+00 -2.400000e+01
    endloop
  endfacet
  facet normal  0.000000e+00 -0.000000e+00  1.000000e+00
    outer loop
      vertex   5.221240e+01 -5.487744e+00 -2.400000e+01
      vertex   5.250000e+01  0.000000e+00 -2.400000e+01
      vertex   5.050000e+01  0.000000e+00 -2.400000e+01
    endloop
  endfacet
  facet normal  0.000000e+00  0.000000e+00  1.000000e+00
    outer loop
      vertex   5.050000e+01  0.000000e+00 -2.400000e+01
      vertex   5.250000e+01  0.000000e+00 -2.400000e+01
      vertex   5.221240e+01  5.487744e+00 -2.400000e+01
    endloop
  endfacet
  facet normal  0.000000e+00 -0.000000e+00  1.000000e+00
    outer loop
      vertex   5.050000e+01  0.000000e+00 -2.400000e+01
      vertex   5.221240e+01  5.487744e+00 -2.400000e+01
      vertex   5.020397e+01  5.460010e+00 -2.400000e+01
    endloop
  endfacet
  facet normal  0.000000e+00  0.000000e+00  1.000000e+00
    outer loop
      vertex   5.020397e+01  5.460010e+00 -2.400000e+01
      vertex   5.221240e+01  5.487744e+00 -2.400000e+01
      vertex   5.135275e+01  1.091536e+01 -2.400000e+01
    endloop
  endfacet
  facet normal  0.000000e+00 -0.000000e+00  1.000000e+00
    outer loop
      vertex   5.020397e+01  5.460010e+00 -2.400000e+01
      vertex   5.135275e+01  1.091536e+01 -2.400000e+01
      vertex   4.931934e+01  1.085601e+01 -2.400000e+01
    endloop
  endfacet
  facet normal  0.000000e+00  0.000000e+00  1.000000e+00
    outer loop
      vertex   4.931934e+01  1.085601e+01 -2.400000e+01
      vertex   5.135275e+01  1.091536e+01 -2.400000e+01
      vertex   4.993047e+01  1.622339e+01 -2.400000e+01
    endloop
  endfacet
  facet normal  0.000000e+00 -0.000000e+00  1.000000e+00
    outer loop
      vertex   4.931934e+01  1.085601e+01 -2.400000e+01
      vertex   4.993047e+01  1.622339e+01 -2.400000e+01
      vertex   4.785648e+01  1.612473e+01 -2.400000e+01
    endloop
  endfacet
  facet normal  0.000000e+00  0.000000e+00  1.000000e+00
    outer loop
      vertex   4.785648e+01  1.612473e+01 -2.400000e+01
      vertex   4.993047e+01  1.622339e+01 -2.400000e+01
      vertex   4.796114e+01  2.135367e+01 -2.400000e+01
    endloop
  endfacet
  facet normal  0.000000e+00 -0.000000e+00  1.000000e+00
    outer loop
      vertex   4.785648e+01  1.612473e+01 -2.400000e+01
      vertex   4.796114e+01  2.135367e+01 -2.400000e+01
      vertex   4.583256e+01  2.120440e+01 -2.400000e+01
    endloop
  endfacet
  facet normal  0.000000e+00 -0.000000e+00  1.000000e+00
    outer loop
      vertex   4.583256e+01  2.120440e+01 -2.400000e+01
      vertex   4.796114e+01  2.135367e+01 -2.400000e+01
      vertex   4.546633e+01  2.625000e+01 -2.400000e+01
    endloop
  endfacet
  facet normal  0.000000e+00  0.000000e+00  1.000000e+00
    outer loop
      vertex   4.583256e+01  2.120440e+01 -2.400000e+01
      vertex   4.546633e+01  2.625000e+01 -2.400000e+01
      vertex   4.327129e+01  2.603547e+01 -2.400000e+01
    endloop
  endfacet
  facet normal  0.000000e+00 -0.000000e+00  1.000000e+00
    outer loop
      vertex   4.327129e+01  2.603547e+01 -2.400000e+01
      vertex   4.546633e+01  2.625000e+01 -2.400000e+01
      vertex   4.247339e+01  3.085873e+01 -2.400000e+01
    endloop
  endfacet
  facet normal  0.000000e+00  0.000000e+00  1.000000e+00
    outer loop
      vertex   4.327129e+01  2.603547e+01 -2.400000e+01
      vertex   4.247339e+01  3.085873e+01 -2.400000e+01
      vertex   4.020270e+01  3.056130e+01 -2.400000e+01
    endloop
  endfacet
  facet normal  0.000000e+00 -0.000000e+00  1.000000e+00
    outer loop
      vertex   4.020270e+01  3.056130e+01 -2.400000e+01
      vertex   4.247339e+01  3.085873e+01 -2.400000e+01
      vertex   3.901510e+01  3.512936e+01 -2.400000e+01
    endloop
  endfacet
  facet normal  0.000000e+00  0.000000e+00  1.000000e+00
    outer loop
      vertex   4.020270e+01  3.056130e+01 -2.400000e+01
      vertex   3.901510e+01  3.512936e+01 -2.400000e+01
      vertex   3.666277e+01  3.472882e+01 -2.400000e+01
    endloop
  endfacet
  facet normal  0.000000e+00 -0.000000e+00  1.000000e+00
    outer loop
      vertex   3.666277e+01  3.472882e+01 -2.400000e+01
      vertex   3.901510e+01  3.512936e+01 -2.400000e+01
      vertex   3.512936e+01  3.901510e+01 -2.400000e+01
    endloop
  endfacet
  facet normal  0.000000e+00  0.000000e+00  1.000000e+00
    outer loop
      vertex   3.666277e+01  3.472882e+01 -2.400000e+01
      vertex   3.512936e+01  3.901510e+01 -2.400000e+01
      vertex   3.269301e+01  3.848919e+01 -2.400000e+01
    endloop
  endfacet
  facet normal  0.000000e+00 -0.000000e+00  1.000000e+00
    outer loop
      vertex   3.269301e+01  3.848919e+01 -2.400000e+01
      vertex   3.512936e+01  3.901510e+01 -2.400000e+01
      vertex   3.085873e+01  4.247339e+01 -2.400000e+01
    endloop
  endfacet
  facet normal  0.000000e+00  0.000000e+00  1.000000e+00
    outer loop
      vertex   3.269301e+01  3.848919e+01 -2.400000e+01
      vertex   3.085873e+01  4.247339e+01 -2.400000e+01
      vertex   2.833995e+01  4.179829e+01 -2.400000e+01
    endloop
  endfacet
  facet normal  0.000000e+00 -0.000000e+00  1.000000e+00
    outer loop
      vertex   2.833995e+01  4.179829e+01 -2.400000e+01
      vertex   3.085873e+01  4.247339e+01 -2.400000e+01
      vertex   2.625000e+01  4.546633e+01 -2.400000e+01
    endloop
  endfacet
  facet normal  0.000000e+00  0.000000e+00  1.000000e+00
    outer loop
      vertex   2.833995e+01  4.179829e+01 -2.400000e+01
      vertex   2.625000e+01  4.546633e+01 -2.400000e+01
      vertex   2.365462e+01  4.461736e+01 -2.400000e+01
    endloop
  endfacet
  facet normal  0.000000e+00 -0.000000e+00  1.000000e+00
    outer loop
      vertex   2.365462e+01  4.461736e+01 -2.400000e+01
      vertex   2.625000e+01  4.546633e+01 -2.400000e+01
      vertex   2.135367e+01  4.796114e+01 -2.400000e+01
    endloop
  endfacet
  facet normal  0.000000e+00  0.000000e+00  1.000000e+00
    outer loop
      vertex   2.365462e+01  4.461736e+01 -2.400000e+01
      vertex   2.135367e+01  4.796114e+01 -2.400000e+01
      vertex   1.869198e+01  4.691332e+01 -2.400000e+01
    endloop
  endfacet
  facet normal  0.000000e+00 -0.000000e+00  1.000000e+00
    outer loop
      vertex   1.869198e+01  4.691332e+01 -2.400000e+01
      vertex   2.135367e+01  4.796114e+01 -2.400000e+01
      vertex   1.622339e+01  4.993047e+01 -2.400000e+01
    endloop
  endfacet
  facet normal  0.000000e+00  0.000000e+00  1.000000e+00
    outer loop
      vertex   1.869198e+01  4.691332e+01 -2.400000e+01
      vertex   1.622339e+01  4.993047e+01 -2.400000e+01
      vertex   1.351018e+01  4.865928e+01 -2.400000e+01
    endloop
  endfacet
  facet normal  0.000000e+00 -0.000000e+00  1.000000e+00
    outer loop
      vertex   1.351018e+01  4.865928e+01 -2.400000e+01
      vertex   1.622339e+01  4.993047e+01 -2.400000e+01
      vertex   1.091536e+01  5.135275e+01 -2.400000e+01
    endloop
  endfacet
  facet normal  0.000000e+00  0.000000e+00  1.000000e+00
    outer loop
      vertex   1.351018e+01  4.865928e+01 -2.400000e+01
      vertex   1.091536e+01  5.135275e+01 -2.400000e+01
      vertex   8.169991e+00  4.983474e+01 -2.400000e+01
    endloop
  endfacet
  facet normal  0.000000e+00 -0.000000e+00  1.000000e+00
    outer loop
      vertex   8.169991e+00  4.983474e+01 -2.400000e+01
      vertex   1.091536e+01  5.135275e+01 -2.400000e+01
      vertex   5.487744e+00  5.221240e+01 -2.400000e+01
    endloop
  endfacet
  facet normal  0.000000e+00  0.000000e+00  1.000000e+00
    outer loop
      vertex   8.169991e+00  4.983474e+01 -2.400000e+01
      vertex   5.487744e+00  5.221240e+01 -2.400000e+01
      vertex   2.734015e+00  5.042594e+01 -2.400000e+01
    endloop
  endfacet
  facet normal  0.000000e+00 -0.000000e+00  1.000000e+00
    outer loop
      vertex   2.734015e+00  5.042594e+01 -2.400000e+01
      vertex   5.487744e+00  5.221240e+01 -2.400000e+01
      vertex   0.000000e+00  5.250000e+01 -2.400000e+01
    endloop
  endfacet
  facet normal  0.000000e+00  0.000000e+00  1.000000e+00
    outer loop
      vertex   2.734015e+00  5.042594e+01 -2.400000e+01
      vertex   0.000000e+00  5.250000e+01 -2.400000e+01
      vertex  -2.734015e+00  5.042594e+01 -2.400000e+01
    endloop
  endfacet
  facet normal  0.000000e+00 -0.000000e+00  1.000000e+00
    outer loop
      vertex  -2.734015e+00  5.042594e+01 -2.400000e+01
      vertex   0.000000e+00  5.250000e+01 -2.400000e+01
      vertex  -5.487744e+00  5.221240e+01 -2.400000e+01
    endloop
  endfacet
  facet normal  0.000000e+00  0.000000e+00  1.000000e+00
    outer loop
      vertex  -2.734015e+00  5.042594e+01 -2.400000e+01
      vertex  -5.487744e+00  5.221240e+01 -2.400000e+01
      vertex  -8.169991e+00  4.983474e+01 -2.400000e+01
    endloop
  endfacet
  facet normal  0.000000e+00 -0.000000e+00  1.000000e+00
    outer loop
      vertex  -8.169991e+00  4.983474e+01 -2.400000e+01
      vertex  -5.487744e+00  5.221240e+01 -2.400000e+01
      vertex  -1.091536e+01  5.135275e+01 -2.400000e+01
    endloop
  endfacet
  facet normal  0.000000e+00  0.000000e+00  1.000000e+00
    outer loop
      vertex  -8.169991e+00  4.983474e+01 -2.400000e+01
      vertex  -1.091536e+01  5.135275e+01 -2.400000e+01
      vertex  -1.351018e+01  4.865928e+01 -2.400000e+01
    endloop
  endfacet
  facet normal  0.000000e+00 -0.000000e+00  1.000000e+00
    outer loop
      vertex  -1.351018e+01  4.865928e+01 -2.400000e+01
      vertex  -1.091536e+01  5.135275e+01 -2.400000e+01
      vertex  -1.622339e+01  4.993047e+01 -2.400000e+01
    endloop
  endfacet
  facet normal  0.000000e+00  0.000000e+00  1.000000e+00
    outer loop
      vertex  -1.351018e+01  4.865928e+01 -2.400000e+01
      vertex  -1.622339e+01  4.993047e+01 -2.400000e+01
      vertex  -1.869198e+01  4.691332e+01 -2.400000e+01
    endloop
  endfacet
  facet normal  0.000000e+00 -0.000000e+00  1.000000e+00
    outer loop
      vertex  -1.869198e+01  4.691332e+01 -2.400000e+01
      vertex  -1.622339e+01  4.993047e+01 -2.400000e+01
      vertex  -2.135367e+01  4.796114e+01 -2.400000e+01
    endloop
  endfacet
  facet normal  0.000000e+00  0.000000e+00  1.000000e+00
    outer loop
      vertex  -1.869198e+01  4.691332e+01 -2.400000e+01
      vertex  -2.135367e+01  4.796114e+01 -2.400000e+01
      vertex  -2.365462e+01  4.461736e+01 -2.400000e+01
    endloop
  endfacet
  facet normal  0.000000e+00 -0.000000e+00  1.000000e+00
    outer loop
      vertex  -2.365462e+01  4.461736e+01 -2.400000e+01
      vertex  -2.135367e+01  4.796114e+01 -2.400000e+01
      vertex  -2.625000e+01  4.546633e+01 -2.400000e+01
    endloop
  endfacet
  facet normal  0.000000e+00  0.000000e+00  1.000000e+00
    outer loop
      vertex  -2.365462e+01  4.461736e+01 -2.400000e+01
      vertex  -2.625000e+01  4.546633e+01 -2.400000e+01
      vertex  -2.833995e+01  4.179829e+01 -2.400000e+01
    endloop
  endfacet
  facet normal  0.000000e+00 -0.000000e+00  1.000000e+00
    outer loop
      vertex  -2.833995e+01  4.179829e+01 -2.400000e+01
      vertex  -2.625000e+01  4.546633e+01 -2.400000e+01
      vertex  -3.085873e+01  4.247339e+01 -2.400000e+01
    endloop
  endfacet
  facet normal  0.000000e+00  0.000000e+00  1.000000e+00
    outer loop
      vertex  -2.833995e+01  4.179829e+01 -2.400000e+01
      vertex  -3.085873e+01  4.247339e+01 -2.400000e+01
      vertex  -3.269301e+01  3.848919e+01 -2.400000e+01
    endloop
  endfacet
  facet normal  0.000000e+00 -0.000000e+00  1.000000e+00
    outer loop
      vertex  -3.269301e+01  3.848919e+01 -2.400000e+01
      vertex  -3.085873e+01  4.247339e+01 -2.400000e+01
      vertex  -3.512936e+01  3.901510e+01 -2.400000e+01
    endloop
  endfacet
  facet normal  0.000000e+00  0.000000e+00  1.000000e+00
    outer loop
      vertex  -3.269301e+01  3.848919e+01 -2.400000e+01
      vertex  -3.512936e+01  3.901510e+01 -2.400000e+01
      vertex  -3.666277e+01  3.472882e+01 -2.400000e+01
    endloop
  endfacet
  facet normal  0.000000e+00 -0.000000e+00  1.000000e+00
    outer loop
      vertex  -3.666277e+01  3.472882e+01 -2.400000e+01
      vertex  -3.512936e+01  3.901510e+01 -2.400000e+01
      vertex  -3.901510e+01  3.512936e+01 -2.400000e+01
    endloop
  endfacet
  facet normal  0.000000e+00  0.000000e+00  1.000000e+00
    outer loop
      vertex  -3.666277e+01  3.472882e+01 -2.400000e+01
      vertex  -3.901510e+01  3.512936e+01 -2.400000e+01
      vertex  -4.020270e+01  3.056130e+01 -2.400000e+01
    endloop
  endfacet
  facet normal  0.000000e+00 -0.000000e+00  1.000000e+00
    outer loop
      vertex  -4.020270e+01  3.056130e+01 -2.400000e+01
      vertex  -3.901510e+01  3.512936e+01 -2.400000e+01
      vertex  -4.247339e+01  3.085873e+01 -2.400000e+01
    endloop
  endfacet
  facet normal  0.000000e+00  0.000000e+00  1.000000e+00
    outer loop
      vertex  -4.020270e+01  3.056130e+01 -2.400000e+01
      vertex  -4.247339e+01  3.085873e+01 -2.400000e+01
      vertex  -4.327129e+01  2.603547e+01 -2.400000e+01
    endloop
  endfacet
  facet normal  0.000000e+00 -0.000000e+00  1.000000e+00
    outer loop
      vertex  -4.327129e+01  2.603547e+01 -2.400000e+01
      vertex  -4.247339e+01  3.085873e+01 -2.400000e+01
      vertex  -4.546633e+01  2.625000e+01 -2.400000e+01
    endloop
  endfacet
  facet normal  0.000000e+00  0.000000e+00  1.000000e+00
    outer loop
      vertex  -4.327129e+01  2.603547e+01 -2.400000e+01
      vertex  -4.546633e+01  2.625000e+01 -2.400000e+01
      vertex  -4.583256e+01  2.120440e+01 -2.400000e+01
    endloop
  endfacet
  facet normal  0.000000e+00 -0.000000e+00  1.000000e+00
    outer loop
      vertex  -4.583256e+01  2.120440e+01 -2.400000e+01
      vertex  -4.546633e+01  2.625000e+01 -2.400000e+01
      vertex  -4.796114e+01  2.135367e+01 -2.400000e+01
    endloop
  endfacet
  facet normal  0.000000e+00  0.000000e+00  1.000000e+00
    outer loop
      vertex  -4.583256e+01  2.120440e+01 -2.400000e+01
      vertex  -4.796114e+01  2.135367e+01 -2.400000e+01
      vertex  -4.785648e+01  1.612473e+01 -2.400000e+01
    endloop
  endfacet
  facet normal  0.000000e+00  0.000000e+00  1.000000e+00
    outer loop
      vertex  -4.785648e+01  1.612473e+01 -2.400000e+01
      vertex  -4.796114e+01  2.135367e+01 -2.400000e+01
      vertex  -4.993047e+01  1.622339e+01 -2.400000e+01
    endloop
  endfacet
  facet normal  0.000000e+00  0.000000e+00  1.000000e+00
    outer loop
      vertex  -4.785648e+01  1.612473e+01 -2.400000e+01
      vertex  -4.993047e+01  1.622339e+01 -2.400000e+01
      vertex  -4.931934e+01  1.085601e+01 -2.400000e+01
    endloop
  endfacet
  facet normal  0.000000e+00  0.000000e+00  1.000000e+00
    outer loop
      vertex  -4.931934e+01  1.085601e+01 -2.400000e+01
      vertex  -4.993047e+01  1.622339e+01 -2.400000e+01
      vertex  -5.135275e+01  1.091536e+01 -2.400000e+01
    endloop
  endfacet
  facet normal  0.000000e+00  0.000000e+00  1.000000e+00
    outer loop
      vertex  -4.931934e+01  1.085601e+01 -2.400000e+01
      vertex  -5.135275e+01  1.091536e+01 -2.400000e+01
      vertex  -5.020397e+01  5.460010e+00 -2.400000e+01
    endloop
  endfacet
  facet normal  0.000000e+00  0.000000e+00  1.000000e+00
    outer loop
      vertex  -5.020397e+01  5.460010e+00 -2.400000e+01
      vertex  -5.135275e+01  1.091536e+01 -2.400000e+01
      vertex  -5.221240e+01  5.487744e+00 -2.400000e+01
    endloop
  endfacet
  facet normal  0.000000e+00  0.000000e+00  1.000000e+00
    outer loop
      vertex  -5.020397e+01  5.460010e+00 -2.400000e+01
      vertex  -5.221240e+01  5.487744e+00 -2.400000e+01
      vertex  -5.050000e+01  0.000000e+00 -2.400000e+01
    endloop
  endfacet
  facet normal  0.000000e+00  0.000000e+00  1.000000e+00
    outer loop
      vertex  -5.050000e+01  0.000000e+00 -2.400000e+01
      vertex  -5.221240e+01  5.487744e+00 -2.400000e+01
      vertex  -5.250000e+01  0.000000e+00 -2.400000e+01
    endloop
  endfacet
  facet normal  0.000000e+00  0.000000e+00  1.000000e+00
    outer loop
      vertex  -5.050000e+01  0.000000e+00 -2.400000e+01
      vertex  -5.250000e+01  0.000000e+00 -2.400000e+01
      vertex  -5.221240e+01 -5.487744e+00 -2.400000e+01
    endloop
  endfacet
  facet normal  0.000000e+00  0.000000e+00  1.000000e+00
    outer loop
      vertex  -5.050000e+01  0.000000e+00 -2.400000e+01
      vertex  -5.221240e+01 -5.487744e+00 -2.400000e+01
      vertex  -5.020397e+01 -5.460010e+00 -2.400000e+01
    endloop
  endfacet
  facet normal  0.000000e+00  0.000000e+00  1.000000e+00
    outer loop
      vertex  -5.020397e+01 -5.460010e+00 -2.400000e+01
      vertex  -5.221240e+01 -5.487744e+00 -2.400000e+01
      vertex  -5.135275e+01 -1.091536e+01 -2.400000e+01
    endloop
  endfacet
  facet normal  0.000000e+00  0.000000e+00  1.000000e+00
    outer loop
      vertex  -5.020397e+01 -5.460010e+00 -2.400000e+01
      vertex  -5.135275e+01 -1.091536e+01 -2.400000e+01
      vertex  -4.931934e+01 -1.085601e+01 -2.400000e+01
    endloop
  endfacet
  facet normal  0.000000e+00  0.000000e+00  1.000000e+00
    outer loop
      vertex  -4.931934e+01 -1.085601e+01 -2.400000e+01
      vertex  -5.135275e+01 -1.091536e+01 -2.400000e+01
      vertex  -4.993047e+01 -1.622339e+01 -2.400000e+01
    endloop
  endfacet
  facet normal  0.000000e+00  0.000000e+00  1.000000e+00
    outer loop
      vertex  -4.931934e+01 -1.085601e+01 -2.400000e+01
      vertex  -4.993047e+01 -1.622339e+01 -2.400000e+01
      vertex  -4.785648e+01 -1.612473e+01 -2.400000e+01
    endloop
  endfacet
  facet normal  0.000000e+00  0.000000e+00  1.000000e+00
    outer loop
      vertex  -4.785648e+01 -1.612473e+01 -2.400000e+01
      vertex  -4.993047e+01 -1.622339e+01 -2.400000e+01
      vertex  -4.796114e+01 -2.135367e+01 -2.400000e+01
    endloop
  endfacet
  facet normal  0.000000e+00  0.000000e+00  1.000000e+00
    outer loop
      vertex  -4.785648e+01 -1.612473e+01 -2.400000e+01
      vertex  -4.796114e+01 -2.135367e+01 -2.400000e+01
      vertex  -4.583256e+01 -2.120440e+01 -2.400000e+01
    endloop
  endfacet
  facet normal  0.000000e+00  0.000000e+00  1.000000e+00
    outer loop
      vertex  -4.583256e+01 -2.120440e+01 -2.400000e+01
      vertex  -4.796114e+01 -2.135367e+01 -2.400000e+01
      vertex  -4.546633e+01 -2.625000e+01 -2.400000e+01
    endloop
  endfacet
  facet normal  0.000000e+00  0.000000e+00  1.000000e+00
    outer loop
      vertex  -4.583256e+01 -2.120440e+01 -2.400000e+01
      vertex  -4.546633e+01 -2.625000e+01 -2.400000e+01
      vertex  -4.327129e+01 -2.603547e+01 -2.400000e+01
    endloop
  endfacet
  facet normal  0.000000e+00  0.000000e+00  1.000000e+00
    outer loop
      vertex  -4.327129e+01 -2.603547e+01 -2.400000e+01
      vertex  -4.546633e+01 -2.625000e+01 -2.400000e+01
      vertex  -4.247339e+01 -3.085873e+01 -2.400000e+01
    endloop
  endfacet
  facet normal  0.000000e+00  0.000000e+00  1.000000e+00
    outer loop
      vertex  -4.327129e+01 -2.603547e+01 -2.400000e+01
      vertex  -4.247339e+01 -3.085873e+01 -2.400000e+01
      vertex  -4.020270e+01 -3.056130e+01 -2.400000e+01
    endloop
  endfacet
  facet normal  0.000000e+00  0.000000e+00  1.000000e+00
    outer loop
      vertex  -4.020270e+01 -3.056130e+01 -2.400000e+01
      vertex  -4.247339e+01 -3.085873e+01 -2.400000e+01
      vertex  -3.901510e+01 -3.512936e+01 -2.400000e+01
    endloop
  endfacet
  facet normal  0.000000e+00  0.000000e+00  1.000000e+00
    outer loop
      vertex  -4.020270e+01 -3.056130e+01 -2.400000e+01
      vertex  -3.901510e+01 -3.512936e+01 -2.400000e+01
      vertex  -3.666277e+01 -3.472882e+01 -2.400000e+01
    endloop
  endfacet
  facet normal  0.000000e+00  0.000000e+00  1.000000e+00
    outer loop
      vertex  -3.666277e+01 -3.472882e+01 -2.400000e+01
      vertex  -3.901510e+01 -3.512936e+01 -2.400000e+01
      vertex  -3.512936e+01 -3.901510e+01 -2.400000e+01
    endloop
  endfacet
  facet normal  0.000000e+00  0.000000e+00  1.000000e+00
    outer loop
      vertex  -3.666277e+01 -3.472882e+01 -2.400000e+01
      vertex  -3.512936e+01 -3.901510e+01 -2.400000e+01
      vertex  -3.269301e+01 -3.848919e+01 -2.400000e+01
    endloop
  endfacet
  facet normal  0.000000e+00  0.000000e+00  1.000000e+00
    outer loop
      vertex  -3.269301e+01 -3.848919e+01 -2.400000e+01
      vertex  -3.512936e+01 -3.901510e+01 -2.400000e+01
      vertex  -3.085873e+01 -4.247339e+01 -2.400000e+01
    endloop
  endfacet
  facet normal  0.000000e+00  0.000000e+00  1.000000e+00
    outer loop
      vertex  -3.269301e+01 -3.848919e+01 -2.400000e+01
      vertex  -3.085873e+01 -4.247339e+01 -2.400000e+01
      vertex  -2.833995e+01 -4.179829e+01 -2.400000e+01
    endloop
  endfacet
  facet normal  0.000000e+00  0.000000e+00  1.000000e+00
    outer loop
      vertex  -2.833995e+01 -4.179829e+01 -2.400000e+01
      vertex  -3.085873e+01 -4.247339e+01 -2.400000e+01
      vertex  -2.625000e+01 -4.546633e+01 -2.400000e+01
    endloop
  endfacet
  facet normal  0.000000e+00  0.000000e+00  1.000000e+00
    outer loop
      vertex  -2.833995e+01 -4.179829e+01 -2.400000e+01
      vertex  -2.625000e+01 -4.546633e+01 -2.400000e+01
      vertex  -2.365462e+01 -4.461736e+01 -2.400000e+01
    endloop
  endfacet
  facet normal  0.000000e+00  0.000000e+00  1.000000e+00
    outer loop
      vertex  -2.365462e+01 -4.461736e+01 -2.400000e+01
      vertex  -2.625000e+01 -4.546633e+01 -2.400000e+01
      vertex  -2.135367e+01 -4.796114e+01 -2.400000e+01
    endloop
  endfacet
  facet normal  0.000000e+00  0.000000e+00  1.000000e+00
    outer loop
      vertex  -2.365462e+01 -4.461736e+01 -2.400000e+01
      vertex  -2.135367e+01 -4.796114e+01 -2.400000e+01
      vertex  -1.869198e+01 -4.691332e+01 -2.400000e+01
    endloop
  endfacet
  facet normal  0.000000e+00  0.000000e+00  1.000000e+00
    outer loop
      vertex  -1.869198e+01 -4.691332e+01 -2.400000e+01
      vertex  -2.135367e+01 -4.796114e+01 -2.400000e+01
      vertex  -1.622339e+01 -4.993047e+01 -2.400000e+01
    endloop
  endfacet
  facet normal  0.000000e+00  0.000000e+00  1.000000e+00
    outer loop
      vertex  -1.869198e+01 -4.691332e+01 -2.400000e+01
      vertex  -1.622339e+01 -4.993047e+01 -2.400000e+01
      vertex  -1.351018e+01 -4.865928e+01 -2.400000e+01
    endloop
  endfacet
  facet normal  0.000000e+00  0.000000e+00  1.000000e+00
    outer loop
      vertex  -1.351018e+01 -4.865928e+01 -2.400000e+01
      vertex  -1.622339e+01 -4.993047e+01 -2.400000e+01
      vertex  -1.091536e+01 -5.135275e+01 -2.400000e+01
    endloop
  endfacet
  facet normal  0.000000e+00  0.000000e+00  1.000000e+00
    outer loop
      vertex  -1.351018e+01 -4.865928e+01 -2.400000e+01
      vertex  -1.091536e+01 -5.135275e+01 -2.400000e+01
      vertex  -8.169991e+00 -4.983474e+01 -2.400000e+01
    endloop
  endfacet
  facet normal  0.000000e+00  0.000000e+00  1.000000e+00
    outer loop
      vertex  -8.169991e+00 -4.983474e+01 -2.400000e+01
      vertex  -1.091536e+01 -5.135275e+01 -2.400000e+01
      vertex  -5.487744e+00 -5.221240e+01 -2.400000e+01
    endloop
  endfacet
  facet normal  0.000000e+00  0.000000e+00  1.000000e+00
    outer loop
      vertex  -8.169991e+00 -4.983474e+01 -2.400000e+01
      vertex  -5.487744e+00 -5.221240e+01 -2.400000e+01
      vertex  -2.734015e+00 -5.042594e+01 -2.400000e+01
    endloop
  endfacet
  facet normal  0.000000e+00  0.000000e+00  1.000000e+00
    outer loop
      vertex  -2.734015e+00 -5.042594e+01 -2.400000e+01
      vertex  -5.487744e+00 -5.221240e+01 -2.400000e+01
      vertex   0.000000e+00 -5.250000e+01 -2.400000e+01
    endloop
  endfacet
  facet normal -0.000000e+00  0.000000e+00  1.000000e+00
    outer loop
      vertex  -2.734015e+00 -5.042594e+01 -2.400000e+01
      vertex   0.000000e+00 -5.250000e+01 -2.400000e+01
      vertex   2.734015e+00 -5.042594e+01 -2.400000e+01
    endloop
  endfacet
  facet normal  0.000000e+00  0.000000e+00  1.000000e+00
    outer loop
      vertex   2.734015e+00 -5.042594e+01 -2.400000e+01
      vertex   0.000000e+00 -5.250000e+01 -2.400000e+01
      vertex   5.487744e+00 -5.221240e+01 -2.400000e+01
    endloop
  endfacet
  facet normal -0.000000e+00  0.000000e+00  1.000000e+00
    outer loop
      vertex   2.734015e+00 -5.042594e+01 -2.400000e+01
      vertex   5.487744e+00 -5.221240e+01 -2.400000e+01
      vertex   8.169991e+00 -4.983474e+01 -2.400000e+01
    endloop
  endfacet
  facet normal  0.000000e+00  0.000000e+00  1.000000e+00
    outer loop
      vertex   8.169991e+00 -4.983474e+01 -2.400000e+01
      vertex   5.487744e+00 -5.221240e+01 -2.400000e+01
      vertex   1.091536e+01 -5.135275e+01 -2.400000e+01
    endloop
  endfacet
  facet normal -0.000000e+00  0.000000e+00  1.000000e+00
    outer loop
      vertex   8.169991e+00 -4.983474e+01 -2.400000e+01
      vertex   1.091536e+01 -5.135275e+01 -2.400000e+01
      vertex   1.351018e+01 -4.865928e+01 -2.400000e+01
    endloop
  endfacet
  facet normal  0.000000e+00  0.000000e+00  1.000000e+00
    outer loop
      vertex   1.351018e+01 -4.865928e+01 -2.400000e+01
      vertex   1.091536e+01 -5.135275e+01 -2.400000e+01
      vertex   1.622339e+01 -4.993047e+01 -2.400000e+01
    endloop
  endfacet
  facet normal -0.000000e+00  0.000000e+00  1.000000e+00
    outer loop
      vertex   1.351018e+01 -4.865928e+01 -2.400000e+01
      vertex   1.622339e+01 -4.993047e+01 -2.400000e+01
      vertex   1.869198e+01 -4.691332e+01 -2.400000e+01
    endloop
  endfacet
  facet normal  0.000000e+00  0.000000e+00  1.000000e+00
    outer loop
      vertex   1.869198e+01 -4.691332e+01 -2.400000e+01
      vertex   1.622339e+01 -4.993047e+01 -2.400000e+01
      vertex   2.135367e+01 -4.796114e+01 -2.400000e+01
    endloop
  endfacet
  facet normal -0.000000e+00  0.000000e+00  1.000000e+00
    outer loop
      vertex   1.869198e+01 -4.691332e+01 -2.400000e+01
      vertex   2.135367e+01 -4.796114e+01 -2.400000e+01
      vertex   2.365462e+01 -4.461736e+01 -2.400000e+01
    endloop
  endfacet
  facet normal  0.000000e+00  0.000000e+00  1.000000e+00
    outer loop
      vertex   2.365462e+01 -4.461736e+01 -2.400000e+01
      vertex   2.135367e+01 -4.796114e+01 -2.400000e+01
      vertex   2.625000e+01 -4.546633e+01 -2.400000e+01
    endloop
  endfacet
  facet normal -0.000000e+00  0.000000e+00  1.000000e+00
    outer loop
      vertex   2.365462e+01 -4.461736e+01 -2.400000e+01
      vertex   2.625000e+01 -4.546633e+01 -2.400000e+01
      vertex   2.833995e+01 -4.179829e+01 -2.400000e+01
    endloop
  endfacet
  facet normal  0.000000e+00  0.000000e+00  1.000000e+00
    outer loop
      vertex   2.833995e+01 -4.179829e+01 -2.400000e+01
      vertex   2.625000e+01 -4.546633e+01 -2.400000e+01
      vertex   3.085873e+01 -4.247339e+01 -2.400000e+01
    endloop
  endfacet
  facet normal -0.000000e+00  0.000000e+00  1.000000e+00
    outer loop
      vertex   2.833995e+01 -4.179829e+01 -2.400000e+01
      vertex   3.085873e+01 -4.247339e+01 -2.400000e+01
      vertex   3.269301e+01 -3.848919e+01 -2.400000e+01
    endloop
  endfacet
  facet normal  0.000000e+00  0.000000e+00  1.000000e+00
    outer loop
      vertex   3.269301e+01 -3.848919e+01 -2.400000e+01
      vertex   3.085873e+01 -4.247339e+01 -2.400000e+01
      vertex   3.512936e+01 -3.901510e+01 -2.400000e+01
    endloop
  endfacet
  facet normal -0.000000e+00  0.000000e+00  1.000000e+00
    outer loop
      vertex   3.269301e+01 -3.848919e+01 -2.400000e+01
      vertex   3.512936e+01 -3.901510e+01 -2.400000e+01
      vertex   3.666277e+01 -3.472882e+01 -2.400000e+01
    endloop
  endfacet
  facet normal  0.000000e+00  0.000000e+00  1.000000e+00
    outer loop
      vertex   3.666277e+01 -3.472882e+01 -2.400000e+01
      vertex   3.512936e+01 -3.901510e+01 -2.400000e+01
      vertex   3.901510e+01 -3.512936e+01 -2.400000e+01
    endloop
  endfacet
  facet normal -0.000000e+00  0.000000e+00  1.000000e+00
    outer loop
      vertex   3.666277e+01 -3.472882e+01 -2.400000e+01
      vertex   3.901510e+01 -3.512936e+01 -2.400000e+01
      vertex   4.020270e+01 -3.056130e+01 -2.400000e+01
    endloop
  endfacet
  facet normal  0.000000e+00  0.000000e+00  1.000000e+00
    outer loop
      vertex   4.020270e+01 -3.056130e+01 -2.400000e+01
      vertex   3.901510e+01 -3.512936e+01 -2.400000e+01
      vertex   4.247339e+01 -3.085873e+01 -2.400000e+01
    endloop
  endfacet
  facet normal -0.000000e+00  0.000000e+00  1.000000e+00
    outer loop
      vertex   4.020270e+01 -3.056130e+01 -2.400000e+01
      vertex   4.247339e+01 -3.085873e+01 -2.400000e+01
      vertex   4.327129e+01 -2.603547e+01 -2.400000e+01
    endloop
  endfacet
  facet normal  0.000000e+00  0.000000e+00  1.000000e+00
    outer loop
      vertex   4.327129e+01 -2.603547e+01 -2.400000e+01
      vertex   4.247339e+01 -3.085873e+01 -2.400000e+01
      vertex   4.546633e+01 -2.625000e+01 -2.400000e+01
    endloop
  endfacet
  facet normal -0.000000e+00  0.000000e+00  1.000000e+00
    outer loop
      vertex   4.327129e+01 -2.603547e+01 -2.400000e+01
      vertex   4.546633e+01 -2.625000e+01 -2.400000e+01
      vertex   4.583256e+01 -2.120440e+01 -2.400000e+01
    endloop
  endfacet
  facet normal  0.000000e+00  0.000000e+00  1.000000e+00
    outer loop
      vertex   4.583256e+01 -2.120440e+01 -2.400000e+01
      vertex   4.546633e+01 -2.625000e+01 -2.400000e+01
      vertex   4.796114e+01 -2.135367e+01 -2.400000e+01
    endloop
  endfacet
  facet normal -0.000000e+00  0.000000e+00  1.000000e+00
    outer loop
      vertex   4.583256e+01 -2.120440e+01 -2.400000e+01
      vertex   4.796114e+01 -2.135367e+01 -2.400000e+01
      vertex   4.785648e+01 -1.612473e+01 -2.400000e+01
    endloop
  endfacet
  facet normal  0.000000e+00  0.000000e+00  1.000000e+00
    outer loop
      vertex   4.785648e+01 -1.612473e+01 -2.400000e+01
      vertex   4.796114e+01 -2.135367e+01 -2.400000e+01
      vertex   4.993047e+01 -1.622339e+01 -2.400000e+01
    endloop
  endfacet
  facet normal -0.000000e+00  0.000000e+00  1.000000e+00
    outer loop
      vertex   4.785648e+01 -1.612473e+01 -2.400000e+01
      vertex   4.993047e+01 -1.622339e+01 -2.400000e+01
      vertex   4.931934e+01 -1.085601e+01 -2.400000e+01
    endloop
  endfacet
  facet normal  0.000000e+00  0.000000e+00  1.000000e+00
    outer loop
      vertex   4.931934e+01 -1.085601e+01 -2.400000e+01
      vertex   4.993047e+01 -1.622339e+01 -2.400000e+01
      vertex   5.135275e+01 -1.091536e+01 -2.400000e+01
    endloop
  endfacet
  facet normal -0.000000e+00  0.000000e+00  1.000000e+00
    outer loop
      vertex   4.931934e+01 -1.085601e+01 -2.400000e+01
      vertex   5.135275e+01 -1.091536e+01 -2.400000e+01
      vertex   5.020397e+01 -5.460010e+00 -2.400000e+01
    endloop
  endfacet
  facet normal  0.000000e+00  0.000000e+00  1.000000e+00
    outer loop
      vertex   5.020397e+01 -5.460010e+00 -2.400000e+01
      vertex   5.135275e+01 -1.091536e+01 -2.400000e+01
      vertex   5.221240e+01 -5.487744e+00 -2.400000e+01
    endloop
  endfacet
  facet normal -0.000000e+00  0.000000e+00  1.000000e+00
    outer loop
      vertex   5.020397e+01 -5.460010e+00 -2.400000e+01
      vertex   5.221240e+01 -5.487744e+00 -2.400000e+01
      vertex   5.050000e+01  0.000000e+00 -2.400000e+01
    endloop
  endfacet
  facet normal  0.000000e+00 -0.000000e+00 -1.000000e+00
    outer loop
      vertex   5.221240e+01  5.487744e+00 -2.800000e+01
      vertex   5.250000e+01  0.000000e+00 -2.800000e+01
      vertex   5.050000e+01  0.000000e+00 -2.800000e+01
    endloop
  endfacet
  facet normal  0.000000e+00  0.000000e+00 -1.000000e+00
    outer loop
      vertex   5.050000e+01  0.000000e+00 -2.800000e+01
      vertex   5.250000e+01  0.000000e+00 -2.800000e+01
      vertex   5.221240e+01 -5.487744e+00 -2.800000e+01
    endloop
  endfacet
  facet normal  0.000000e+00 -0.000000e+00 -1.000000e+00
    outer loop
      vertex   5.050000e+01  0.000000e+00 -2.800000e+01
      vertex   5.221240e+01 -5.487744e+00 -2.800000e+01
      vertex   5.020397e+01 -5.460010e+00 -2.800000e+01
    endloop
  endfacet
  facet normal  0.000000e+00  0.000000e+00 -1.000000e+00
    outer loop
      vertex   5.020397e+01 -5.460010e+00 -2.800000e+01
      vertex   5.221240e+01 -5.487744e+00 -2.800000e+01
      vertex   5.135275e+01 -1.091536e+01 -2.800000e+01
    endloop
  endfacet
  facet normal  0.000000e+00 -0.000000e+00 -1.000000e+00
    outer loop
      vertex   5.020397e+01 -5.460010e+00 -2.800000e+01
      vertex   5.135275e+01 -1.091536e+01 -2.800000e+01
      vertex   4.931934e+01 -1.085601e+01 -2.800000e+01
    endloop
  endfacet
  facet normal  0.000000e+00  0.000000e+00 -1.000000e+00
    outer loop
      vertex   4.931934e+01 -1.085601e+01 -2.800000e+01
      vertex   5.135275e+01 -1.091536e+01 -2.800000e+01
      vertex   4.993047e+01 -1.622339e+01 -2.800000e+01
    endloop
  endfacet
  facet normal  0.000000e+00 -0.000000e+00 -1.000000e+00
    outer loop
      vertex   4.931934e+01 -1.085601e+01 -2.800000e+01
      vertex   4.993047e+01 -1.622339e+01 -2.800000e+01
      vertex   4.785648e+01 -1.612473e+01 -2.800000e+01
    endloop
  endfacet
  facet normal  0.000000e+00  0.000000e+00 -1.000000e+00
    outer loop
      vertex   4.785648e+01 -1.612473e+01 -2.800000e+01
      vertex   4.993047e+01 -1.622339e+01 -2.800000e+01
      vertex   4.796114e+01 -2.135367e+01 -2.800000e+01
    endloop
  endfacet
  facet normal  0.000000e+00 -0.000000e+00 -1.000000e+00
    outer loop
      vertex   4.785648e+01 -1.612473e+01 -2.800000e+01
      vertex   4.796114e+01 -2.135367e+01 -2.800000e+01
      vertex   4.583256e+01 -2.120440e+01 -2.800000e+01
    endloop
  endfacet
  facet normal  0.000000e+00 -0.000000e+00 -1.000000e+00
    outer loop
      vertex   4.583256e+01 -2.120440e+01 -2.800000e+01
      vertex   4.796114e+01 -2.135367e+01 -2.800000e+01
      vertex   4.546633e+01 -2.625000e+01 -2.800000e+01
    endloop
  endfacet
  facet normal  0.000000e+00  0.000000e+00 -1.000000e+00
    outer loop
      vertex   4.583256e+01 -2.120440e+01 -2.800000e+01
      vertex   4.546633e+01 -2.625000e+01 -2.800000e+01
      vertex   4.327129e+01 -2.603547e+01 -2.800000e+01
    endloop
  endfacet
  facet normal  0.000000e+00 -0.000000e+00 -1.000000e+00
    outer loop
      vertex   4.327129e+01 -2.603547e+01 -2.800000e+01
      vertex   4.546633e+01 -2.625000e+01 -2.800000e+01
      vertex   4.247339e+01 -3.085873e+01 -2.800000e+01
    endloop
  endfacet
  facet normal  0.000000e+00  0.000000e+00 -1.000000e+00
    outer loop
      vertex   4.327129e+01 -2.603547e+01 -2.800000e+01
      vertex   4.247339e+01 -3.085873e+01 -2.800000e+01
      vertex   4.020270e+01 -3.056130e+01 -2.800000e+01
    endloop
  endfacet
  facet normal  0.000000e+00 -0.000000e+00 -1.000000e+00
    outer loop
      vertex   4.020270e+01 -3.056130e+01 -2.800000e+01
      vertex   4.247339e+01 -3.085873e+01 -2.800000e+01
      vertex   3.901510e+01 -3.512936e+01 -2.800000e+01
    endloop
  endfacet
  facet normal  0.000000e+00  0.000000e+00 -1.000000e+00
    outer loop
      vertex   4.020270e+01 -3.056130e+01 -2.800000e+01
      vertex   3.901510e+01 -3.512936e+01 -2.800000e+01
      vertex   3.666277e+01 -3.472882e+01 -2.800000e+01
    endloop
  endfacet
  facet normal  0.000000e+00 -0.000000e+00 -1.000000e+00
    outer loop
      vertex   3.666277e+01 -3.472882e+01 -2.800000e+01
      vertex   3.901510e+01 -3.512936e+01 -2.800000e+01
      vertex   3.512936e+01 -3.901510e+01 -2.800000e+01
    endloop
  endfacet
  facet normal  0.000000e+00  0.000000e+00 -1.000000e+00
    outer loop
      vertex   3.666277e+01 -3.472882e+01 -2.800000e+01
      vertex   3.512936e+01 -3.901510e+01 -2.800000e+01
      vertex   3.269301e+01 -3.848919e+01 -2.800000e+01
    endloop
  endfacet
  facet normal  0.000000e+00 -0.000000e+00 -1.000000e+00
    outer loop
      vertex   3.269301e+01 -3.848919e+01 -2.800000e+01
      vertex   3.512936e+01 -3.901510e+01 -2.800000e+01
      vertex   3.085873e+01 -4.247339e+01 -2.800000e+01
    endloop
  endfacet
  facet normal  0.000000e+00  0.000000e+00 -1.000000e+00
    outer loop
      vertex   3.269301e+01 -3.848919e+01 -2.800000e+01
      vertex   3.085873e+01 -4.247339e+01 -2.800000e+01
      vertex   2.833995e+01 -4.179829e+01 -2.800000e+01
    endloop
  endfacet
  facet normal  0.000000e+00 -0.000000e+00 -1.000000e+00
    outer loop
      vertex   2.833995e+01 -4.179829e+01 -2.800000e+01
      vertex   3.085873e+01 -4.247339e+01 -2.800000e+01
      vertex   2.625000e+01 -4.546633e+01 -2.800000e+01
    endloop
  endfacet
  facet normal  0.000000e+00  0.000000e+00 -1.000000e+00
    outer loop
      vertex   2.833995e+01 -4.179829e+01 -2.800000e+01
      vertex   2.625000e+01 -4.546633e+01 -2.800000e+01
      vertex   2.365462e+01 -4.461736e+01 -2.800000e+01
    endloop
  endfacet
  facet normal  0.000000e+00 -0.000000e+00 -1.000000e+00
    outer loop
      vertex   2.365462e+01 -4.461736e+01 -2.800000e+01
      vertex   2.625000e+01 -4.546633e+01 -2.800000e+01
      vertex   2.135367e+01 -4.796114e+01 -2.800000e+01
    endloop
  endfacet
  facet normal  0.000000e+00  0.000000e+00 -1.000000e+00
    outer loop
      vertex   2.365462e+01 -4.461736e+01 -2.800000e+01
      vertex   2.135367e+01 -4.796114e+01 -2.800000e+01
      vertex   1.869198e+01 -4.691332e+01 -2.800000e+01
    endloop
  endfacet
  facet normal  0.000000e+00 -0.000000e+00 -1.000000e+00
    outer loop
      vertex   1.869198e+01 -4.691332e+01 -2.800000e+01
      vertex   2.135367e+01 -4.796114e+01 -2.800000e+01
      vertex   1.622339e+01 -4.993047e+01 -2.800000e+01
    endloop
  endfacet
  facet normal  0.000000e+00  0.000000e+00 -1.000000e+00
    outer loop
      vertex   1.869198e+01 -4.691332e+01 -2.800000e+01
      vertex   1.622339e+01 -4.993047e+01 -2.800000e+01
      vertex   1.351018e+01 -4.865928e+01 -2.800000e+01
    endloop
  endfacet
  facet normal  0.000000e+00 -0.000000e+00 -1.000000e+00
    outer loop
      vertex   1.351018e+01 -4.865928e+01 -2.800000e+01
      vertex   1.622339e+01 -4.993047e+01 -2.800000e+01
      vertex   1.091536e+01 -5.135275e+01 -2.800000e+01
    endloop
  endfacet
  facet normal  0.000000e+00  0.000000e+00 -1.000000e+00
    outer loop
      vertex   1.351018e+01 -4.865928e+01 -2.800000e+01
      vertex   1.091536e+01 -5.135275e+01 -2.800000e+01
      vertex   8.169991e+00 -4.983474e+01 -2.800000e+01
    endloop
  endfacet
  facet normal  0.000000e+00 -0.000000e+00 -1.000000e+00
    outer loop
      vertex   8.169991e+00 -4.983474e+01 -2.800000e+01
      vertex   1.091536e+01 -5.135275e+01 -2.800000e+01
      vertex   5.487744e+00 -5.221240e+01 -2.800000e+01
    endloop
  endfacet
  facet normal  0.000000e+00  0.000000e+00 -1.000000e+00
    outer loop
      vertex   8.169991e+00 -4.983474e+01 -2.800000e+01
      vertex   5.487744e+00 -5.221240e+01 -2.800000e+01
      vertex   2.734015e+00 -5.042594e+01 -2.800000e+01
    endloop
  endfacet
  facet normal  0.000000e+00 -0.000000e+00 -1.000000e+00
    outer loop
      vertex   2.734015e+00 -5.042594e+01 -2.800000e+01
      vertex   5.487744e+00 -5.221240e+01 -2.800000e+01
      vertex   0.000000e+00 -5.250000e+01 -2.800000e+01
    endloop
  endfacet
  facet normal -0.000000e+00  0.000000e+00 -1.000000e+00
    outer loop
      vertex   2.734015e+00 -5.042594e+01 -2.800000e+01
      vertex   0.000000e+00 -5.250000e+01 -2.800000e+01
      vertex  -2.734015e+00 -5.042594e+01 -2.800000e+01
    endloop
  endfacet
  facet normal  0.000000e+00 -0.000000e+00 -1.000000e+00
    outer loop
      vertex  -2.734015e+00 -5.042594e+01 -2.800000e+01
      vertex   0.000000e+00 -5.250000e+01 -2.800000e+01
      vertex  -5.487744e+00 -5.221240e+01 -2.800000e+01
    endloop
  endfacet
  facet normal -0.000000e+00  0.000000e+00 -1.000000e+00
    outer loop
      vertex  -2.734015e+00 -5.042594e+01 -2.800000e+01
      vertex  -5.487744e+00 -5.221240e+01 -2.800000e+01
      vertex  -8.169991e+00 -4.983474e+01 -2.800000e+01
    endloop
  endfacet
  facet normal  0.000000e+00 -0.000000e+00 -1.000000e+00
    outer loop
      vertex  -8.169991e+00 -4.983474e+01 -2.800000e+01
      vertex  -5.487744e+00 -5.221240e+01 -2.800000e+01
      vertex  -1.091536e+01 -5.135275e+01 -2.800000e+01
    endloop
  endfacet
  facet normal -0.000000e+00  0.000000e+00 -1.000000e+00
    outer loop
      vertex  -8.169991e+00 -4.983474e+01 -2.800000e+01
      vertex  -1.091536e+01 -5.135275e+01 -2.800000e+01
      vertex  -1.351018e+01 -4.865928e+01 -2.800000e+01
    endloop
  endfacet
  facet normal  0.000000e+00 -0.000000e+00 -1.000000e+00
    outer loop
      vertex  -1.351018e+01 -4.865928e+01 -2.800000e+01
      vertex  -1.091536e+01 -5.135275e+01 -2.800000e+01
      vertex  -1.622339e+01 -4.993047e+01 -2.800000e+01
    endloop
  endfacet
  facet normal -0.000000e+00  0.000000e+00 -1.000000e+00
    outer loop
      vertex  -1.351018e+01 -4.865928e+01 -2.800000e+01
      vertex  -1.622339e+01 -4.993047e+01 -2.800000e+01
      vertex  -1.869198e+01 -4.691332e+01 -2.800000e+01
    endloop
  endfacet
  facet normal  0.000000e+00 -0.000000e+00 -1.000000e+00
    outer loop
      vertex  -1.869198e+01 -4.691332e+01 -2.800000e+01
      vertex  -1.622339e+01 -4.993047e+01 -2.800000e+01
      vertex  -2.135367e+01 -4.796114e+01 -2.800000e+01
    endloop
  endfacet
  facet normal -0.000000e+00  0.000000e+00 -1.000000e+00
    outer loop
      vertex  -1.869198e+01 -4.691332e+01 -2.800000e+01
      vertex  -2.135367e+01 -4.796114e+01 -2.800000e+01
      vertex  -2.365462e+01 -4.461736e+01 -2.800000e+01
    endloop
  endfacet
  facet normal  0.000000e+00 -0.000000e+00 -1.000000e+00
    outer loop
      vertex  -2.365462e+01 -4.461736e+01 -2.800000e+01
      vertex  -2.135367e+01 -4.796114e+01 -2.800000e+01
      vertex  -2.625000e+01 -4.546633e+01 -2.800000e+01
    endloop
  endfacet
  facet normal -0.000000e+00  0.000000e+00 -1.000000e+00
    outer loop
      vertex  -2.365462e+01 -4.461736e+01 -2.800000e+01
      vertex  -2.625000e+01 -4.546633e+01 -2.800000e+01
      vertex  -2.833995e+01 -4.179829e+01 -2.800000e+01
    endloop
  endfacet
  facet normal  0.000000e+00 -0.000000e+00 -1.000000e+00
    outer loop
      vertex  -2.833995e+01 -4.179829e+01 -2.800000e+01
      vertex  -2.625000e+01 -4.546633e+01 -2.800000e+01
      vertex  -3.085873e+01 -4.247339e+01 -2.800000e+01
    endloop
  endfacet
  facet normal -0.000000e+00  0.000000e+00 -1.000000e+00
    outer loop
      vertex  -2.833995e+01 -4.179829e+01 -2.800000e+01
      vertex  -3.085873e+01 -4.247339e+01 -2.800000e+01
      vertex  -3.269301e+01 -3.848919e+01 -2.800000e+01
    endloop
  endfacet
  facet normal  0.000000e+00 -0.000000e+00 -1.000000e+00
    outer loop
      vertex  -3.269301e+01 -3.848919e+01 -2.800000e+01
      vertex  -3.085873e+01 -4.247339e+01 -2.800000e+01
      vertex  -3.512936e+01 -3.901510e+01 -2.800000e+01
    endloop
  endfacet
  facet normal -0.000000e+00  0.000000e+00 -1.000000e+00
    outer loop
      vertex  -3.269301e+01 -3.848919e+01 -2.800000e+01
      vertex  -3.512936e+01 -3.901510e+01 -2.800000e+01
      vertex  -3.666277e+01 -3.472882e+01 -2.800000e+01
    endloop
  endfacet
  facet normal  0.000000e+00 -0.000000e+00 -1.000000e+00
    outer loop
      vertex  -3.666277e+01 -3.472882e+01 -2.800000e+01
      vertex  -3.512936e+01 -3.901510e+01 -2.800000e+01
      vertex  -3.901510e+01 -3.512936e+01 -2.800000e+01
    endloop
  endfacet
  facet normal -0.000000e+00  0.000000e+00 -1.000000e+00
    outer loop
      vertex  -3.666277e+01 -3.472882e+01 -2.800000e+01
      vertex  -3.901510e+01 -3.512936e+01 -2.800000e+01
      vertex  -4.020270e+01 -3.056130e+01 -2.800000e+01
    endloop
  endfacet
  facet normal  0.000000e+00 -0.000000e+00 -1.000000e+00
    outer loop
      vertex  -4.020270e+01 -3.056130e+01 -2.800000e+01
      vertex  -3.901510e+01 -3.512936e+01 -2.800000e+01
      vertex  -4.247339e+01 -3.085873e+01 -2.800000e+01
    endloop
  endfacet
  facet normal -0.000000e+00  0.000000e+00 -1.000000e+00
    outer loop
      vertex  -4.020270e+01 -3.056130e+01 -2.800000e+01
      vertex  -4.247339e+01 -3.085873e+01 -2.800000e+01
      vertex  -4.327129e+01 -2.603547e+01 -2.800000e+01
    endloop
  endfacet
  facet normal  0.000000e+00 -0.000000e+00 -1.000000e+00
    outer loop
      vertex  -4.327129e+01 -2.603547e+01 -2.800000e+01
      vertex  -4.247339e+01 -3.085873e+01 -2.800000e+01
      vertex  -4.546633e+01 -2.625000e+01 -2.800000e+01
    endloop
  endfacet
  facet normal -0.000000e+00  0.000000e+00 -1.000000e+00
    outer loop
      vertex  -4.327129e+01 -2.603547e+01 -2.800000e+01
      vertex  -4.546633e+01 -2.625000e+01 -2.800000e+01
      vertex  -4.583256e+01 -2.120440e+01 -2.800000e+01
    endloop
  endfacet
  facet normal  0.000000e+00 -0.000000e+00 -1.000000e+00
    outer loop
      vertex  -4.583256e+01 -2.120440e+01 -2.800000e+01
      vertex  -4.546633e+01 -2.625000e+01 -2.800000e+01
      vertex  -4.796114e+01 -2.135367e+01 -2.800000e+01
    endloop
  endfacet
  facet normal -0.000000e+00  0.000000e+00 -1.000000e+00
    outer loop
      vertex  -4.583256e+01 -2.120440e+01 -2.800000e+01
      vertex  -4.796114e+01 -2.135367e+01 -2.800000e+01
      vertex  -4.785648e+01 -1.612473e+01 -2.800000e+01
    endloop
  endfacet
  facet normal  0.000000e+00  0.000000e+00 -1.000000e+00
    outer loop
      vertex  -4.785648e+01 -1.612473e+01 -2.800000e+01
      vertex  -4.796114e+01 -2.135367e+01 -2.800000e+01
      vertex  -4.993047e+01 -1.622339e+01 -2.800000e+01
    endloop
  endfacet
  facet normal -0.000000e+00  0.000000e+00 -1.000000e+00
    outer loop
      vertex  -4.785648e+01 -1.612473e+01 -2.800000e+01
      vertex  -4.993047e+01 -1.622339e+01 -2.800000e+01
      vertex  -4.931934e+01 -1.085601e+01 -2.800000e+01
    endloop
  endfacet
  facet normal  0.000000e+00  0.000000e+00 -1.000000e+00
    outer loop
      vertex  -4.931934e+01 -1.085601e+01 -2.800000e+01
      vertex  -4.993047e+01 -1.622339e+01 -2.800000e+01
      vertex  -5.135275e+01 -1.091536e+01 -2.800000e+01
    endloop
  endfacet
  facet normal -0.000000e+00  0.000000e+00 -1.000000e+00
    outer loop
      vertex  -4.931934e+01 -1.085601e+01 -2.800000e+01
      vertex  -5.135275e+01 -1.091536e+01 -2.800000e+01
      vertex  -5.020397e+01 -5.460010e+00 -2.800000e+01
    endloop
  endfacet
  facet normal  0.000000e+00  0.000000e+00 -1.000000e+00
    outer loop
      vertex  -5.020397e+01 -5.460010e+00 -2.800000e+01
      vertex  -5.135275e+01 -1.091536e+01 -2.800000e+01
      vertex  -5.221240e+01 -5.487744e+00 -2.800000e+01
    endloop
  endfacet
  facet normal -0.000000e+00  0.000000e+00 -1.000000e+00
    outer loop
      vertex  -5.020397e+01 -5.460010e+00 -2.800000e+01
      vertex  -5.221240e+01 -5.487744e+00 -2.800000e+01
      vertex  -5.050000e+01  0.000000e+00 -2.800000e+01
    endloop
  endfacet
  facet normal -0.000000e+00  0.000000e+00 -1.000000e+00
    outer loop
      vertex  -5.050000e+01  0.000000e+00 -2.800000e+01
      vertex  -5.221240e+01 -5.487744e+00 -2.800000e+01
      vertex  -5.250000e+01  0.000000e+00 -2.800000e+01
    endloop
  endfacet
  facet normal  0.000000e+00  0.000000e+00 -1.000000e+00
    outer loop
      vertex  -5.050000e+01  0.000000e+00 -2.800000e+01
      vertex  -5.250000e+01  0.000000e+00 -2.800000e+01
      vertex  -5.221240e+01  5.487744e+00 -2.800000e+01
    endloop
  endfacet
  facet normal  0.000000e+00  0.000000e+00 -1.000000e+00
    outer loop
      vertex  -5.050000e+01  0.000000e+00 -2.800000e+01
      vertex  -5.221240e+01  5.487744e+00 -2.800000e+01
      vertex  -5.020397e+01  5.460010e+00 -2.800000e+01
    endloop
  endfacet
  facet normal  0.000000e+00  0.000000e+00 -1.000000e+00
    outer loop
      vertex  -5.020397e+01  5.460010e+00 -2.800000e+01
      vertex  -5.221240e+01  5.487744e+00 -2.800000e+01
      vertex  -5.135275e+01  1.091536e+01 -2.800000e+01
    endloop
  endfacet
  facet normal  0.000000e+00  0.000000e+00 -1.000000e+00
    outer loop
      vertex  -5.020397e+01  5.460010e+00 -2.800000e+01
      vertex  -5.135275e+01  1.091536e+01 -2.800000e+01
      vertex  -4.931934e+01  1.085601e+01 -2.800000e+01
    endloop
  endfacet
  facet normal  0.000000e+00  0.000000e+00 -1.000000e+00
    outer loop
      vertex  -4.931934e+01  1.085601e+01 -2.800000e+01
      vertex  -5.135275e+01  1.091536e+01 -2.800000e+01
      vertex  -4.993047e+01  1.622339e+01 -2.800000e+01
    endloop
  endfacet
  facet normal  0.000000e+00  0.000000e+00 -1.000000e+00
    outer loop
      vertex  -4.931934e+01  1.085601e+01 -2.800000e+01
      vertex  -4.993047e+01  1.622339e+01 -2.800000e+01
      vertex  -4.785648e+01  1.612473e+01 -2.800000e+01
    endloop
  endfacet
  facet normal  0.000000e+00  0.000000e+00 -1.000000e+00
    outer loop
      vertex  -4.785648e+01  1.612473e+01 -2.800000e+01
      vertex  -4.993047e+01  1.622339e+01 -2.800000e+01
      vertex  -4.796114e+01  2.135367e+01 -2.800000e+01
    endloop
  endfacet
  facet normal  0.000000e+00  0.000000e+00 -1.000000e+00
    outer loop
      vertex  -4.785648e+01  1.612473e+01 -2.800000e+01
      vertex  -4.796114e+01  2.135367e+01 -2.800000e+01
      vertex  -4.583256e+01  2.120440e+01 -2.800000e+01
    endloop
  endfacet
  facet normal  0.000000e+00  0.000000e+00 -1.000000e+00
    outer loop
      vertex  -4.583256e+01  2.120440e+01 -2.800000e+01
      vertex  -4.796114e+01  2.135367e+01 -2.800000e+01
      vertex  -4.546633e+01  2.625000e+01 -2.800000e+01
    endloop
  endfacet
  facet normal  0.000000e+00  0.000000e+00 -1.000000e+00
    outer loop
      vertex  -4.583256e+01  2.120440e+01 -2.800000e+01
      vertex  -4.546633e+01  2.625000e+01 -2.800000e+01
      vertex  -4.327129e+01  2.603547e+01 -2.800000e+01
    endloop
  endfacet
  facet normal  0.000000e+00  0.000000e+00 -1.000000e+00
    outer loop
      vertex  -4.327129e+01  2.603547e+01 -2.800000e+01
      vertex  -4.546633e+01  2.625000e+01 -2.800000e+01
      vertex  -4.247339e+01  3.085873e+01 -2.800000e+01
    endloop
  endfacet
  facet normal  0.000000e+00  0.000000e+00 -1.000000e+00
    outer loop
      vertex  -4.327129e+01  2.603547e+01 -2.800000e+01
      vertex  -4.247339e+01  3.085873e+01 -2.800000e+01
      vertex  -4.020270e+01  3.056130e+01 -2.800000e+01
    endloop
  endfacet
  facet normal  0.000000e+00  0.000000e+00 -1.000000e+00
    outer loop
      vertex  -4.020270e+01  3.056130e+01 -2.800000e+01
      vertex  -4.247339e+01  3.085873e+01 -2.800000e+01
      vertex  -3.901510e+01  3.512936e+01 -2.800000e+01
    endloop
  endfacet
  facet normal  0.000000e+00  0.000000e+00 -1.000000e+00
    outer loop
      vertex  -4.020270e+01  3.056130e+01 -2.800000e+01
      vertex  -3.901510e+01  3.512936e+01 -2.800000e+01
      vertex  -3.666277e+01  3.472882e+01 -2.800000e+01
    endloop
  endfacet
  facet normal  0.000000e+00  0.000000e+00 -1.000000e+00
    outer loop
      vertex  -3.666277e+01  3.472882e+01 -2.800000e+01
      vertex  -3.901510e+01  3.512936e+01 -2.800000e+01
      vertex  -3.512936e+01  3.901510e+01 -2.800000e+01
    endloop
  endfacet
  facet normal  0.000000e+00  0.000000e+00 -1.000000e+00
    outer loop
      vertex  -3.666277e+01  3.472882e+01 -2.800000e+01
      vertex  -3.512936e+01  3.901510e+01 -2.800000e+01
      vertex  -3.269301e+01  3.848919e+01 -2.800000e+01
    endloop
  endfacet
  facet normal  0.000000e+00  0.000000e+00 -1.000000e+00
    outer loop
      vertex  -3.269301e+01  3.848919e+01 -2.800000e+01
      vertex  -3.512936e+01  3.901510e+01 -2.800000e+01
      vertex  -3.085873e+01  4.247339e+01 -2.800000e+01
    endloop
  endfacet
  facet normal  0.000000e+00  0.000000e+00 -1.000000e+00
    outer loop
      vertex  -3.269301e+01  3.848919e+01 -2.800000e+01
      vertex  -3.085873e+01  4.247339e+01 -2.800000e+01
      vertex  -2.833995e+01  4.179829e+01 -2.800000e+01
    endloop
  endfacet
  facet normal  0.000000e+00  0.000000e+00 -1.000000e+00
    outer loop
      vertex  -2.833995e+01  4.179829e+01 -2.800000e+01
      vertex  -3.085873e+01  4.247339e+01 -2.800000e+01
      vertex  -2.625000e+01  4.546633e+01 -2.800000e+01
    endloop
  endfacet
  facet normal  0.000000e+00  0.000000e+00 -1.000000e+00
    outer loop
      vertex  -2.833995e+01  4.179829e+01 -2.800000e+01
      vertex  -2.625000e+01  4.546633e+01 -2.800000e+01
      vertex  -2.365462e+01  4.461736e+01 -2.800000e+01
    endloop
  endfacet
  facet normal  0.000000e+00  0.000000e+00 -1.000000e+00
    outer loop
      vertex  -2.365462e+01  4.461736e+01 -2.800000e+01
      vertex  -2.625000e+01  4.546633e+01 -2.800000e+01
      vertex  -2.135367e+01  4.796114e+01 -2.800000e+01
    endloop
  endfacet
  facet normal  0.000000e+00  0.000000e+00 -1.000000e+00
    outer loop
      vertex  -2.365462e+01  4.461736e+01 -2.800000e+01
      vertex  -2.135367e+01  4.796114e+01 -2.800000e+01
      vertex  -1.869198e+01  4.691332e+01 -2.800000e+01
    endloop
  endfacet
  facet normal  0.000000e+00  0.000000e+00 -1.000000e+00
    outer loop
      vertex  -1.869198e+01  4.691332e+01 -2.800000e+01
      vertex  -2.135367e+01  4.796114e+01 -2.800000e+01
      vertex  -1.622339e+01  4.993047e+01 -2.800000e+01
    endloop
  endfacet
  facet normal  0.000000e+00  0.000000e+00 -1.000000e+00
    outer loop
      vertex  -1.869198e+01  4.691332e+01 -2.800000e+01
      vertex  -1.622339e+01  4.993047e+01 -2.800000e+01
      vertex  -1.351018e+01  4.865928e+01 -2.800000e+01
    endloop
  endfacet
  facet normal  0.000000e+00  0.000000e+00 -1.000000e+00
    outer loop
      vertex  -1.351018e+01  4.865928e+01 -2.800000e+01
      vertex  -1.622339e+01  4.993047e+01 -2.800000e+01
      vertex  -1.091536e+01  5.135275e+01 -2.800000e+01
    endloop
  endfacet
  facet normal  0.000000e+00  0.000000e+00 -1.000000e+00
    outer loop
      vertex  -1.351018e+01  4.865928e+01 -2.800000e+01
      vertex  -1.091536e+01  5.135275e+01 -2.800000e+01
      vertex  -8.169991e+00  4.983474e+01 -2.800000e+01
    endloop
  endfacet
  facet normal  0.000000e+00  0.000000e+00 -1.000000e+00
    outer loop
      vertex  -8.169991e+00  4.983474e+01 -2.800000e+01
      vertex  -1.091536e+01  5.135275e+01 -2.800000e+01
      vertex  -5.487744e+00  5.221240e+01 -2.800000e+01
    endloop
  endfacet
  facet normal  0.000000e+00  0.000000e+00 -1.000000e+00
    outer loop
      vertex  -8.169991e+00  4.983474e+01 -2.800000e+01
      vertex  -5.487744e+00  5.221240e+01 -2.800000e+01
      vertex  -2.734015e+00  5.042594e+01 -2.800000e+01
    endloop
  endfacet
  facet normal  0.000000e+00  0.000000e+00 -1.000000e+00
    outer loop
      vertex  -2.734015e+00  5.042594e+01 -2.800000e+01
      vertex  -5.487744e+00  5.221240e+01 -2.800000e+01
      vertex   0.000000e+00  5.250000e+01 -2.800000e+01
    endloop
  endfacet
  facet normal  0.000000e+00  0.000000e+00 -1.000000e+00
    outer loop
      vertex  -2.734015e+00  5.042594e+01 -2.800000e+01
      vertex   0.000000e+00  5.250000e+01 -2.800000e+01
      vertex   2.734015e+00  5.042594e+01 -2.800000e+01
    endloop
  endfacet
  facet normal  0.000000e+00  0.000000e+00 -1.000000e+00
    outer loop
      vertex   2.734015e+00  5.042594e+01 -2.800000e+01
      vertex   0.000000e+00  5.250000e+01 -2.800000e+01
      vertex   5.487744e+00  5.221240e+01 -2.800000e+01
    endloop
  endfacet
  facet normal  0.000000e+00  0.000000e+00 -1.000000e+00
    outer loop
      vertex   2.734015e+00  5.042594e+01 -2.800000e+01
      vertex   5.487744e+00  5.221240e+01 -2.800000e+01
      vertex   8.169991e+00  4.983474e+01 -2.800000e+01
    endloop
  endfacet
  facet normal  0.000000e+00  0.000000e+00 -1.000000e+00
    outer loop
      vertex   8.169991e+00  4.983474e+01 -2.800000e+01
      vertex   5.487744e+00  5.221240e+01 -2.800000e+01
      vertex   1.091536e+01  5.135275e+01 -2.800000e+01
    endloop
  endfacet
  facet normal  0.000000e+00  0.000000e+00 -1.000000e+00
    outer loop
      vertex   8.169991e+00  4.983474e+01 -2.800000e+01
      vertex   1.091536e+01  5.135275e+01 -2.800000e+01
      vertex   1.351018e+01  4.865928e+01 -2.800000e+01
    endloop
  endfacet
  facet normal  0.000000e+00  0.000000e+00 -1.000000e+00
    outer loop
      vertex   1.351018e+01  4.865928e+01 -2.800000e+01
      vertex   1.091536e+01  5.135275e+01 -2.800000e+01
      vertex   1.622339e+01  4.993047e+01 -2.800000e+01
    endloop
  endfacet
  facet normal  0.000000e+00  0.000000e+00 -1.000000e+00
    outer loop
      vertex   1.351018e+01  4.865928e+01 -2.800000e+01
      vertex   1.622339e+01  4.993047e+01 -2.800000e+01
      vertex   1.869198e+01  4.691332e+01 -2.800000e+01
    endloop
  endfacet
  facet normal  0.000000e+00  0.000000e+00 -1.000000e+00
    outer loop
      vertex   1.869198e+01  4.691332e+01 -2.800000e+01
      vertex   1.622339e+01  4.993047e+01 -2.800000e+01
      vertex   2.135367e+01  4.796114e+01 -2.800000e+01
    endloop
  endfacet
  facet normal  0.000000e+00  0.000000e+00 -1.000000e+00
    outer loop
      vertex   1.869198e+01  4.691332e+01 -2.800000e+01
      vertex   2.135367e+01  4.796114e+01 -2.800000e+01
      vertex   2.365462e+01  4.461736e+01 -2.800000e+01
    endloop
  endfacet
  facet normal  0.000000e+00  0.000000e+00 -1.000000e+00
    outer loop
      vertex   2.365462e+01  4.461736e+01 -2.800000e+01
      vertex   2.135367e+01  4.796114e+01 -2.800000e+01
      vertex   2.625000e+01  4.546633e+01 -2.800000e+01
    endloop
  endfacet
  facet normal  0.000000e+00  0.000000e+00 -1.000000e+00
    outer loop
      vertex   2.365462e+01  4.461736e+01 -2.800000e+01
      vertex   2.625000e+01  4.546633e+01 -2.800000e+01
      vertex   2.833995e+01  4.179829e+01 -2.800000e+01
    endloop
  endfacet
  facet normal  0.000000e+00  0.000000e+00 -1.000000e+00
    outer loop
      vertex   2.833995e+01  4.179829e+01 -2.800000e+01
      vertex   2.625000e+01  4.546633e+01 -2.800000e+01
      vertex   3.085873e+01  4.247339e+01 -2.800000e+01
    endloop
  endfacet
  facet normal  0.000000e+00  0.000000e+00 -1.000000e+00
    outer loop
      vertex   2.833995e+01  4.179829e+01 -2.800000e+01
      vertex   3.085873e+01  4.247339e+01 -2.800000e+01
      vertex   3.269301e+01  3.848919e+01 -2.800000e+01
    endloop
  endfacet
  facet normal  0.000000e+00  0.000000e+00 -1.000000e+00
    outer loop
      vertex   3.269301e+01  3.848919e+01 -2.800000e+01
      vertex   3.085873e+01  4.247339e+01 -2.800000e+01
      vertex   3.512936e+01  3.901510e+01 -2.800000e+01
    endloop
  endfacet
  facet normal  0.000000e+00  0.000000e+00 -1.000000e+00
    outer loop
      vertex   3.269301e+01  3.848919e+01 -2.800000e+01
      vertex   3.512936e+01  3.901510e+01 -2.800000e+01
      vertex   3.666277e+01  3.472882e+01 -2.800000e+01
    endloop
  endfacet
  facet normal  0.000000e+00  0.000000e+00 -1.000000e+00
    outer loop
      vertex   3.666277e+01  3.472882e+01 -2.800000e+01
      vertex   3.512936e+01  3.901510e+01 -2.800000e+01
      vertex   3.901510e+01  3.512936e+01 -2.800000e+01
    endloop
  endfacet
  facet normal  0.000000e+00  0.000000e+00 -1.000000e+00
    outer loop
      vertex   3.666277e+01  3.472882e+01 -2.800000e+01
      vertex   3.901510e+01  3.512936e+01 -2.800000e+01
      vertex   4.020270e+01  3.056130e+01 -2.800000e+01
    endloop
  endfacet
  facet normal  0.000000e+00  0.000000e+00 -1.000000e+00
    outer loop
      vertex   4.020270e+01  3.056130e+01 -2.800000e+01
      vertex   3.901510e+01  3.512936e+01 -2.800000e+01
      vertex   4.247339e+01  3.085873e+01 -2.800000e+01
    endloop
  endfacet
  facet normal  0.000000e+00  0.000000e+00 -1.000000e+00
    outer loop
      vertex   4.020270e+01  3.056130e+01 -2.800000e+01
      vertex   4.247339e+01  3.085873e+01 -2.800000e+01
      vertex   4.327129e+01  2.603547e+01 -2.800000e+01
    endloop
  endfacet
  facet normal  0.000000e+00  0.000000e+00 -1.000000e+00
    outer loop
      vertex   4.327129e+01  2.603547e+01 -2.800000e+01
      vertex   4.247339e+01  3.085873e+01 -2.800000e+01
      vertex   4.546633e+01  2.625000e+01 -2.800000e+01
    endloop
  endfacet
  facet normal  0.000000e+00  0.000000e+00 -1.000000e+00
    outer loop
      vertex   4.327129e+01  2.603547e+01 -2.800000e+01
      vertex   4.546633e+01  2.625000e+01 -2.800000e+01
      vertex   4.583256e+01  2.120440e+01 -2.800000e+01
    endloop
  endfacet
  facet normal  0.000000e+00  0.000000e+00 -1.000000e+00
    outer loop
      vertex   4.583256e+01  2.120440e+01 -2.800000e+01
      vertex   4.546633e+01  2.625000e+01 -2.800000e+01
      vertex   4.796114e+01  2.135367e+01 -2.800000e+01
    endloop
  endfacet
  facet normal  0.000000e+00  0.000000e+00 -1.000000e+00
    outer loop
      vertex   4.583256e+01  2.120440e+01 -2.800000e+01
      vertex   4.796114e+01  2.135367e+01 -2.800000e+01
      vertex   4.785648e+01  1.612473e+01 -2.800000e+01
    endloop
  endfacet
  facet normal  0.000000e+00  0.000000e+00 -1.000000e+00
    outer loop
      vertex   4.785648e+01  1.612473e+01 -2.800000e+01
      vertex   4.796114e+01  2.135367e+01 -2.800000e+01
      vertex   4.993047e+01  1.622339e+01 -2.800000e+01
    endloop
  endfacet
  facet normal  0.000000e+00  0.000000e+00 -1.000000e+00
    outer loop
      vertex   4.785648e+01  1.612473e+01 -2.800000e+01
      vertex   4.993047e+01  1.622339e+01 -2.800000e+01
      vertex   4.931934e+01  1.085601e+01 -2.800000e+01
    endloop
  endfacet
  facet normal  0.000000e+00  0.000000e+00 -1.000000e+00
    outer loop
      vertex   4.931934e+01  1.085601e+01 -2.800000e+01
      vertex   4.993047e+01  1.622339e+01 -2.800000e+01
      vertex   5.135275e+01  1.091536e+01 -2.800000e+01
    endloop
  endfacet
  facet normal  0.000000e+00  0.000000e+00 -1.000000e+00
    outer loop
      vertex   4.931934e+01  1.085601e+01 -2.800000e+01
      vertex   5.135275e+01  1.091536e+01 -2.800000e+01
      vertex   5.020397e+01  5.460010e+00 -2.800000e+01
    endloop
  endfacet
  facet normal  0.000000e+00  0.000000e+00 -1.000000e+00
    outer loop
      vertex   5.020397e+01  5.460010e+00 -2.800000e+01
      vertex   5.135275e+01  1.091536e+01 -2.800000e+01
      vertex   5.221240e+01  5.487744e+00 -2.800000e+01
    endloop
  endfacet
  facet normal  0.000000e+00  0.000000e+00 -1.000000e+00
    outer loop
      vertex   5.020397e+01  5.460010e+00 -2.800000e+01
      vertex   5.221240e+01  5.487744e+00 -2.800000e+01
      vertex   5.050000e+01  0.000000e+00 -2.800000e+01
    endloop
  endfacet
  facet normal  9.986296e-01  5.233544e-02  0.000000e+00
    outer loop
      vertex   5.221240e+01  5.487744e+00 -3.400000e+01
      vertex   5.250000e+01  0.000000e+00 -3.000000e+01
      vertex   5.250000e+01  0.000000e+00 -3.400000e+01
    endloop
  endfacet
  facet normal  9.986296e-01 -5.233544e-02  0.000000e+00
    outer loop
      vertex   5.250000e+01  0.000000e+00 -3.400000e+01
      vertex   5.250000e+01  0.000000e+00 -3.000000e+01
      vertex   5.221240e+01 -5.487744e+00 -3.000000e+01
    endloop
  endfacet
  facet normal  9.986296e-01 -5.233544e-02  0.000000e+00
    outer loop
      vertex   5.250000e+01  0.000000e+00 -3.400000e+01
      vertex   5.221240e+01 -5.487744e+00 -3.000000e+01
      vertex   5.221240e+01 -5.487744e+00 -3.400000e+01
    endloop
  endfacet
  facet normal  9.876882e-01 -1.564350e-01  0.000000e+00
    outer loop
      vertex   5.221240e+01 -5.487744e+00 -3.400000e+01
      vertex   5.221240e+01 -5.487744e+00 -3.000000e+01
      vertex   5.135275e+01 -1.091536e+01 -3.000000e+01
    endloop
  endfacet
  facet normal  9.876882e-01 -1.564350e-01  0.000000e+00
    outer loop
      vertex   5.221240e+01 -5.487744e+00 -3.400000e+01
      vertex   5.135275e+01 -1.091536e+01 -3.000000e+01
      vertex   5.135275e+01 -1.091536e+01 -3.400000e+01
    endloop
  endfacet
  facet normal  9.659258e-01 -2.588193e-01  0.000000e+00
    outer loop
      vertex   5.135275e+01 -1.091536e+01 -3.400000e+01
      vertex   5.135275e+01 -1.091536e+01 -3.000000e+01
      vertex   4.993047e+01 -1.622339e+01 -3.000000e+01
    endloop
  endfacet
  facet normal  9.659258e-01 -2.588193e-01  0.000000e+00
    outer loop
      vertex   5.135275e+01 -1.091536e+01 -3.400000e+01
      vertex   4.993047e+01 -1.622339e+01 -3.000000e+01
      vertex   4.993047e+01 -1.622339e+01 -3.400000e+01
    endloop
  endfacet
  facet normal  9.335805e-01 -3.583678e-01  0.000000e+00
    outer loop
      vertex   4.993047e+01 -1.622339e+01 -3.400000e+01
      vertex   4.993047e+01 -1.622339e+01 -3.000000e+01
      vertex   4.796114e+01 -2.135367e+01 -3.000000e+01
    endloop
  endfacet
  facet normal  9.335805e-01 -3.583678e-01  0.000000e+00
    outer loop
      vertex   4.993047e+01 -1.622339e+01 -3.400000e+01
      vertex   4.796114e+01 -2.135367e+01 -3.000000e+01
      vertex   4.796114e+01 -2.135367e+01 -3.400000e+01
    endloop
  endfacet
  facet normal  8.910064e-01 -4.539907e-01  0.000000e+00
    outer loop
      vertex   4.796114e+01 -2.135367e+01 -3.400000e+01
      vertex   4.796114e+01 -2.135367e+01 -3.000000e+01
      vertex   4.546633e+01 -2.625000e+01 -3.000000e+01
    endloop
  endfacet
  facet normal  8.910064e-01 -4.539907e-01  0.000000e+00
    outer loop
      vertex   4.796114e+01 -2.135367e+01 -3.400000e+01
      vertex   4.546633e+01 -2.625000e+01 -3.000000e+01
      vertex   4.546633e+01 -2.625000e+01 -3.400000e+01
    endloop
  endfacet
  facet normal  8.386708e-01 -5.446387e-01  0.000000e+00
    outer loop
      vertex   4.546633e+01 -2.625000e+01 -3.400000e+01
      vertex   4.546633e+01 -2.625000e+01 -3.000000e+01
      vertex   4.247339e+01 -3.085873e+01 -3.000000e+01
    endloop
  endfacet
  facet normal  8.386708e-01 -5.446387e-01  0.000000e+00
    outer loop
      vertex   4.546633e+01 -2.625000e+01 -3.400000e+01
      vertex   4.247339e+01 -3.085873e+01 -3.000000e+01
      vertex   4.247339e+01 -3.085873e+01 -3.400000e+01
    endloop
  endfacet
  facet normal  7.771458e-01 -6.293207e-01  0.000000e+00
    outer loop
      vertex   4.247339e+01 -3.085873e+01 -3.400000e+01
      vertex   4.247339e+01 -3.085873e+01 -3.000000e+01
      vertex   3.901510e+01 -3.512936e+01 -3.000000e+01
    endloop
  endfacet
  facet normal  7.771458e-01 -6.293207e-01  0.000000e+00
    outer loop
      vertex   4.247339e+01 -3.085873e+01 -3.400000e+01
      vertex   3.901510e+01 -3.512936e+01 -3.000000e+01
      vertex   3.901510e+01 -3.512936e+01 -3.400000e+01
    endloop
  endfacet
  facet normal  7.071068e-01 -7.071068e-01  0.000000e+00
    outer loop
      vertex   3.901510e+01 -3.512936e+01 -3.400000e+01
      vertex   3.901510e+01 -3.512936e+01 -3.000000e+01
      vertex   3.512936e+01 -3.901510e+01 -3.000000e+01
    endloop
  endfacet
  facet normal  7.071068e-01 -7.071068e-01  0.000000e+00
    outer loop
      vertex   3.901510e+01 -3.512936e+01 -3.400000e+01
      vertex   3.512936e+01 -3.901510e+01 -3.000000e+01
      vertex   3.512936e+01 -3.901510e+01 -3.400000e+01
    endloop
  endfacet
  facet normal  6.293207e-01 -7.771458e-01  0.000000e+00
    outer loop
      vertex   3.512936e+01 -3.901510e+01 -3.400000e+01
      vertex   3.512936e+01 -3.901510e+01 -3.000000e+01
      vertex   3.085873e+01 -4.247339e+01 -3.000000e+01
    endloop
  endfacet
  facet normal  6.293207e-01 -7.771458e-01  0.000000e+00
    outer loop
      vertex   3.512936e+01 -3.901510e+01 -3.400000e+01
      vertex   3.085873e+01 -4.247339e+01 -3.000000e+01
      vertex   3.085873e+01 -4.247339e+01 -3.400000e+01
    endloop
  endfacet
  facet normal  5.446387e-01 -8.386708e-01  0.000000e+00
    outer loop
      vertex   3.085873e+01 -4.247339e+01 -3.400000e+01
      vertex   3.085873e+01 -4.247339e+01 -3.000000e+01
      vertex   2.625000e+01 -4.546633e+01 -3.000000e+01
    endloop
  endfacet
  facet normal  5.446387e-01 -8.386708e-01  0.000000e+00
    outer loop
      vertex   3.085873e+01 -4.247339e+01 -3.400000e+01
      vertex   2.625000e+01 -4.546633e+01 -3.000000e+01
      vertex   2.625000e+01 -4.546633e+01 -3.400000e+01
    endloop
  endfacet
  facet normal  4.539907e-01 -8.910064e-01  0.000000e+00
    outer loop
      vertex   2.625000e+01 -4.546633e+01 -3.400000e+01
      vertex   2.625000e+01 -4.546633e+01 -3.000000e+01
      vertex   2.135367e+01 -4.796114e+01 -3.000000e+01
    endloop
  endfacet
  facet normal  4.539907e-01 -8.910064e-01  0.000000e+00
    outer loop
      vertex   2.625000e+01 -4.546633e+01 -3.400000e+01
      vertex   2.135367e+01 -4.796114e+01 -3.000000e+01
      vertex   2.135367e+01 -4.796114e+01 -3.400000e+01
    endloop
  endfacet
  facet normal  3.583678e-01 -9.335805e-01  0.000000e+00
    outer loop
      vertex   2.135367e+01 -4.796114e+01 -3.400000e+01
      vertex   2.135367e+01 -4.796114e+01 -3.000000e+01
      vertex   1.622339e+01 -4.993047e+01 -3.000000e+01
    endloop
  endfacet
  facet normal  3.583678e-01 -9.335805e-01  0.000000e+00
    outer loop
      vertex   2.135367e+01 -4.796114e+01 -3.400000e+01
      vertex   1.622339e+01 -4.993047e+01 -3.000000e+01
      vertex   1.622339e+01 -4.993047e+01 -3.400000e+01
    endloop
  endfacet
  facet normal  2.588193e-01 -9.659258e-01  0.000000e+00
    outer loop
      vertex   1.622339e+01 -4.993047e+01 -3.400000e+01
      vertex   1.622339e+01 -4.993047e+01 -3.000000e+01
      vertex   1.091536e+01 -5.135275e+01 -3.000000e+01
    endloop
  endfacet
  facet normal  2.588193e-01 -9.659258e-01  0.000000e+00
    outer loop
      vertex   1.622339e+01 -4.993047e+01 -3.400000e+01
      vertex   1.091536e+01 -5.135275e+01 -3.000000e+01
      vertex   1.091536e+01 -5.135275e+01 -3.400000e+01
    endloop
  endfacet
  facet normal  1.564350e-01 -9.876882e-01  0.000000e+00
    outer loop
      vertex   1.091536e+01 -5.135275e+01 -3.400000e+01
      vertex   1.091536e+01 -5.135275e+01 -3.000000e+01
      vertex   5.487744e+00 -5.221240e+01 -3.000000e+01
    endloop
  endfacet
  facet normal  1.564350e-01 -9.876882e-01  0.000000e+00
    outer loop
      vertex   1.091536e+01 -5.135275e+01 -3.400000e+01
      vertex   5.487744e+00 -5.221240e+01 -3.000000e+01
      vertex   5.487744e+00 -5.221240e+01 -3.400000e+01
    endloop
  endfacet
  facet normal  5.233544e-02 -9.986296e-01  0.000000e+00
    outer loop
      vertex   5.487744e+00 -5.221240e+01 -3.400000e+01
      vertex   5.487744e+00 -5.221240e+01 -3.000000e+01
      vertex   0.000000e+00 -5.250000e+01 -3.000000e+01
    endloop
  endfacet
  facet normal  5.233544e-02 -9.986296e-01  0.000000e+00
    outer loop
      vertex   5.487744e+00 -5.221240e+01 -3.400000e+01
      vertex   0.000000e+00 -5.250000e+01 -3.000000e+01
      vertex   0.000000e+00 -5.250000e+01 -3.400000e+01
    endloop
  endfacet
  facet normal -5.233544e-02 -9.986296e-01  0.000000e+00
    outer loop
      vertex   0.000000e+00 -5.250000e+01 -3.400000e+01
      vertex   0.000000e+00 -5.250000e+01 -3.000000e+01
      vertex  -5.487744e+00 -5.221240e+01 -3.000000e+01
    endloop
  endfacet
  facet normal -5.233544e-02 -9.986296e-01  0.000000e+00
    outer loop
      vertex   0.000000e+00 -5.250000e+01 -3.400000e+01
      vertex  -5.487744e+00 -5.221240e+01 -3.000000e+01
      vertex  -5.487744e+00 -5.221240e+01 -3.400000e+01
    endloop
  endfacet
  facet normal -1.564350e-01 -9.876882e-01  0.000000e+00
    outer loop
      vertex  -5.487744e+00 -5.221240e+01 -3.400000e+01
      vertex  -5.487744e+00 -5.221240e+01 -3.000000e+01
      vertex  -1.091536e+01 -5.135275e+01 -3.000000e+01
    endloop
  endfacet
  facet normal -1.564350e-01 -9.876882e-01  0.000000e+00
    outer loop
      vertex  -5.487744e+00 -5.221240e+01 -3.400000e+01
      vertex  -1.091536e+01 -5.135275e+01 -3.000000e+01
      vertex  -1.091536e+01 -5.135275e+01 -3.400000e+01
    endloop
  endfacet
  facet normal -2.588193e-01 -9.659258e-01  0.000000e+00
    outer loop
      vertex  -1.091536e+01 -5.135275e+01 -3.400000e+01
      vertex  -1.091536e+01 -5.135275e+01 -3.000000e+01
      vertex  -1.622339e+01 -4.993047e+01 -3.000000e+01
    endloop
  endfacet
  facet normal -2.588193e-01 -9.659258e-01  0.000000e+00
    outer loop
      vertex  -1.091536e+01 -5.135275e+01 -3.400000e+01
      vertex  -1.622339e+01 -4.993047e+01 -3.000000e+01
      vertex  -1.622339e+01 -4.993047e+01 -3.400000e+01
    endloop
  endfacet
  facet normal -3.583678e-01 -9.335805e-01  0.000000e+00
    outer loop
      vertex  -1.622339e+01 -4.993047e+01 -3.400000e+01
      vertex  -1.622339e+01 -4.993047e+01 -3.000000e+01
      vertex  -2.135367e+01 -4.796114e+01 -3.000000e+01
    endloop
  endfacet
  facet normal -3.583678e-01 -9.335805e-01  0.000000e+00
    outer loop
      vertex  -1.622339e+01 -4.993047e+01 -3.400000e+01
      vertex  -2.135367e+01 -4.796114e+01 -3.000000e+01
      vertex  -2.135367e+01 -4.796114e+01 -3.400000e+01
    endloop
  endfacet
  facet normal -4.539907e-01 -8.910064e-01  0.000000e+00
    outer loop
      vertex  -2.135367e+01 -4.796114e+01 -3.400000e+01
      vertex  -2.135367e+01 -4.796114e+01 -3.000000e+01
      vertex  -2.625000e+01 -4.546633e+01 -3.000000e+01
    endloop
  endfacet
  facet normal -4.539907e-01 -8.910064e-01  0.000000e+00
    outer loop
      vertex  -2.135367e+01 -4.796114e+01 -3.400000e+01
      vertex  -2.625000e+01 -4.546633e+01 -3.000000e+01
      vertex  -2.625000e+01 -4.546633e+01 -3.400000e+01
    endloop
  endfacet
  facet normal -5.446387e-01 -8.386708e-01  0.000000e+00
    outer loop
      vertex  -2.625000e+01 -4.546633e+01 -3.400000e+01
      vertex  -2.625000e+01 -4.546633e+01 -3.000000e+01
      vertex  -3.085873e+01 -4.247339e+01 -3.000000e+01
    endloop
  endfacet
  facet normal -5.446387e-01 -8.386708e-01  0.000000e+00
    outer loop
      vertex  -2.625000e+01 -4.546633e+01 -3.400000e+01
      vertex  -3.085873e+01 -4.247339e+01 -3.000000e+01
      vertex  -3.085873e+01 -4.247339e+01 -3.400000e+01
    endloop
  endfacet
  facet normal -6.293207e-01 -7.771458e-01  0.000000e+00
    outer loop
      vertex  -3.085873e+01 -4.247339e+01 -3.400000e+01
      vertex  -3.085873e+01 -4.247339e+01 -3.000000e+01
      vertex  -3.512936e+01 -3.901510e+01 -3.000000e+01
    endloop
  endfacet
  facet normal -6.293207e-01 -7.771458e-01  0.000000e+00
    outer loop
      vertex  -3.085873e+01 -4.247339e+01 -3.400000e+01
      vertex  -3.512936e+01 -3.901510e+01 -3.000000e+01
      vertex  -3.512936e+01 -3.901510e+01 -3.400000e+01
    endloop
  endfacet
  facet normal -7.071068e-01 -7.071068e-01  0.000000e+00
    outer loop
      vertex  -3.512936e+01 -3.901510e+01 -3.400000e+01
      vertex  -3.512936e+01 -3.901510e+01 -3.000000e+01
      vertex  -3.901510e+01 -3.512936e+01 -3.000000e+01
    endloop
  endfacet
  facet normal -7.071068e-01 -7.071068e-01  0.000000e+00
    outer loop
      vertex  -3.512936e+01 -3.901510e+01 -3.400000e+01
      vertex  -3.901510e+01 -3.512936e+01 -3.000000e+01
      vertex  -3.901510e+01 -3.512936e+01 -3.400000e+01
    endloop
  endfacet
  facet normal -7.771458e-01 -6.293207e-01  0.000000e+00
    outer loop
      vertex  -3.901510e+01 -3.512936e+01 -3.400000e+01
      vertex  -3.901510e+01 -3.512936e+01 -3.000000e+01
      vertex  -4.247339e+01 -3.085873e+01 -3.000000e+01
    endloop
  endfacet
  facet normal -7.771458e-01 -6.293207e-01  0.000000e+00
    outer loop
      vertex  -3.901510e+01 -3.512936e+01 -3.400000e+01
      vertex  -4.247339e+01 -3.085873e+01 -3.000000e+01
      vertex  -4.247339e+01 -3.085873e+01 -3.400000e+01
    endloop
  endfacet
  facet normal -8.386708e-01 -5.446387e-01  0.000000e+00
    outer loop
      vertex  -4.247339e+01 -3.085873e+01 -3.400000e+01
      vertex  -4.247339e+01 -3.085873e+01 -3.000000e+01
      vertex  -4.546633e+01 -2.625000e+01 -3.000000e+01
    endloop
  endfacet
  facet normal -8.386708e-01 -5.446387e-01  0.000000e+00
    outer loop
      vertex  -4.247339e+01 -3.085873e+01 -3.400000e+01
      vertex  -4.546633e+01 -2.625000e+01 -3.000000e+01
      vertex  -4.546633e+01 -2.625000e+01 -3.400000e+01
    endloop
  endfacet
  facet normal -8.910064e-01 -4.539907e-01  0.000000e+00
    outer loop
      vertex  -4.546633e+01 -2.625000e+01 -3.400000e+01
      vertex  -4.546633e+01 -2.625000e+01 -3.000000e+01
      vertex  -4.796114e+01 -2.135367e+01 -3.000000e+01
    endloop
  endfacet
  facet normal -8.910064e-01 -4.539907e-01  0.000000e+00
    outer loop
      vertex  -4.546633e+01 -2.625000e+01 -3.400000e+01
      vertex  -4.796114e+01 -2.135367e+01 -3.000000e+01
      vertex  -4.796114e+01 -2.135367e+01 -3.400000e+01
    endloop
  endfacet
  facet normal -9.335805e-01 -3.583678e-01  0.000000e+00
    outer loop
      vertex  -4.796114e+01 -2.135367e+01 -3.400000e+01
      vertex  -4.796114e+01 -2.135367e+01 -3.000000e+01
      vertex  -4.993047e+01 -1.622339e+01 -3.000000e+01
    endloop
  endfacet
  facet normal -9.335805e-01 -3.583678e-01  0.000000e+00
    outer loop
      vertex  -4.796114e+01 -2.135367e+01 -3.400000e+01
      vertex  -4.993047e+01 -1.622339e+01 -3.000000e+01
      vertex  -4.993047e+01 -1.622339e+01 -3.400000e+01
    endloop
  endfacet
  facet normal -9.659258e-01 -2.588193e-01  0.000000e+00
    outer loop
      vertex  -4.993047e+01 -1.622339e+01 -3.400000e+01
      vertex  -4.993047e+01 -1.622339e+01 -3.000000e+01
      vertex  -5.135275e+01 -1.091536e+01 -3.000000e+01
    endloop
  endfacet
  facet normal -9.659258e-01 -2.588193e-01  0.000000e+00
    outer loop
      vertex  -4.993047e+01 -1.622339e+01 -3.400000e+01
      vertex  -5.135275e+01 -1.091536e+01 -3.000000e+01
      vertex  -5.135275e+01 -1.091536e+01 -3.400000e+01
    endloop
  endfacet
  facet normal -9.876882e-01 -1.564350e-01  0.000000e+00
    outer loop
      vertex  -5.135275e+01 -1.091536e+01 -3.400000e+01
      vertex  -5.135275e+01 -1.091536e+01 -3.000000e+01
      vertex  -5.221240e+01 -5.487744e+00 -3.000000e+01
    endloop
  endfacet
  facet normal -9.876882e-01 -1.564350e-01  0.000000e+00
    outer loop
      vertex  -5.135275e+01 -1.091536e+01 -3.400000e+01
      vertex  -5.221240e+01 -5.487744e+00 -3.000000e+01
      vertex  -5.221240e+01 -5.487744e+00 -3.400000e+01
    endloop
  endfacet
  facet normal -9.986296e-01 -5.233544e-02  0.000000e+00
    outer loop
      vertex  -5.221240e+01 -5.487744e+00 -3.400000e+01
      vertex  -5.221240e+01 -5.487744e+00 -3.000000e+01
      vertex  -5.250000e+01  0.000000e+00 -3.400000e+01
    endloop
  endfacet
  facet normal -9.986296e-01 -5.233544e-02  0.000000e+00
    outer loop
      vertex  -5.250000e+01  0.000000e+00 -3.400000e+01
      vertex  -5.221240e+01 -5.487744e+00 -3.000000e+01
      vertex  -5.250000e+01  0.000000e+00 -3.000000e+01
    endloop
  endfacet
  facet normal -9.986296e-01  5.233544e-02  0.000000e+00
    outer loop
      vertex  -5.250000e+01  0.000000e+00 -3.400000e+01
      vertex  -5.250000e+01  0.000000e+00 -3.000000e+01
      vertex  -5.221240e+01  5.487744e+00 -3.400000e+01
    endloop
  endfacet
  facet normal -9.986296e-01  5.233544e-02  0.000000e+00
    outer loop
      vertex  -5.221240e+01  5.487744e+00 -3.400000e+01
      vertex  -5.250000e+01  0.000000e+00 -3.000000e+01
      vertex  -5.221240e+01  5.487744e+00 -3.000000e+01
    endloop
  endfacet
  facet normal -9.876882e-01  1.564350e-01  0.000000e+00
    outer loop
      vertex  -5.221240e+01  5.487744e+00 -3.400000e+01
      vertex  -5.221240e+01  5.487744e+00 -3.000000e+01
      vertex  -5.135275e+01  1.091536e+01 -3.000000e+01
    endloop
  endfacet
  facet normal  9.986296e-01  5.233544e-02  0.000000e+00
    outer loop
      vertex   5.250000e+01  0.000000e+00 -3.000000e+01
      vertex   5.221240e+01  5.487744e+00 -3.400000e+01
      vertex   5.221240e+01  5.487744e+00 -3.000000e+01
    endloop
  endfacet
  facet normal  9.876882e-01  1.564350e-01  0.000000e+00
    outer loop
      vertex   5.221240e+01  5.487744e+00 -3.000000e+01
      vertex   5.221240e+01  5.487744e+00 -3.400000e+01
      vertex   5.135275e+01  1.091536e+01 -3.400000e+01
    endloop
  endfacet
  facet normal  9.876882e-01  1.564350e-01  0.000000e+00
    outer loop
      vertex   5.221240e+01  5.487744e+00 -3.000000e+01
      vertex   5.135275e+01  1.091536e+01 -3.400000e+01
      vertex   5.135275e+01  1.091536e+01 -3.000000e+01
    endloop
  endfacet
  facet normal  9.659258e-01  2.588193e-01  0.000000e+00
    outer loop
      vertex   5.135275e+01  1.091536e+01 -3.000000e+01
      vertex   5.135275e+01  1.091536e+01 -3.400000e+01
      vertex   4.993047e+01  1.622339e+01 -3.400000e+01
    endloop
  endfacet
  facet normal  9.659258e-01  2.588193e-01  0.000000e+00
    outer loop
      vertex   5.135275e+01  1.091536e+01 -3.000000e+01
      vertex   4.993047e+01  1.622339e+01 -3.400000e+01
      vertex   4.993047e+01  1.622339e+01 -3.000000e+01
    endloop
  endfacet
  facet normal  9.335805e-01  3.583678e-01  0.000000e+00
    outer loop
      vertex   4.993047e+01  1.622339e+01 -3.000000e+01
      vertex   4.993047e+01  1.622339e+01 -3.400000e+01
      vertex   4.796114e+01  2.135367e+01 -3.400000e+01
    endloop
  endfacet
  facet normal  9.335805e-01  3.583678e-01  0.000000e+00
    outer loop
      vertex   4.993047e+01  1.622339e+01 -3.000000e+01
      vertex   4.796114e+01  2.135367e+01 -3.400000e+01
      vertex   4.796114e+01  2.135367e+01 -3.000000e+01
    endloop
  endfacet
  facet normal  8.910064e-01  4.539907e-01  0.000000e+00
    outer loop
      vertex   4.796114e+01  2.135367e+01 -3.000000e+01
      vertex   4.796114e+01  2.135367e+01 -3.400000e+01
      vertex   4.546633e+01  2.625000e+01 -3.400000e+01
    endloop
  endfacet
  facet normal  8.910064e-01  4.539907e-01  0.000000e+00
    outer loop
      vertex   4.796114e+01  2.135367e+01 -3.000000e+01
      vertex   4.546633e+01  2.625000e+01 -3.400000e+01
      vertex   4.546633e+01  2.625000e+01 -3.000000e+01
    endloop
  endfacet
  facet normal  8.386708e-01  5.446387e-01  0.000000e+00
    outer loop
      vertex   4.546633e+01  2.625000e+01 -3.000000e+01
      vertex   4.546633e+01  2.625000e+01 -3.400000e+01
      vertex   4.247339e+01  3.085873e+01 -3.400000e+01
    endloop
  endfacet
  facet normal  8.386708e-01  5.446387e-01  0.000000e+00
    outer loop
      vertex   4.546633e+01  2.625000e+01 -3.000000e+01
      vertex   4.247339e+01  3.085873e+01 -3.400000e+01
      vertex   4.247339e+01  3.085873e+01 -3.000000e+01
    endloop
  endfacet
  facet normal  7.771458e-01  6.293207e-01  0.000000e+00
    outer loop
      vertex   4.247339e+01  3.085873e+01 -3.000000e+01
      vertex   4.247339e+01  3.085873e+01 -3.400000e+01
      vertex   3.901510e+01  3.512936e+01 -3.400000e+01
    endloop
  endfacet
  facet normal  7.771458e-01  6.293207e-01  0.000000e+00
    outer loop
      vertex   4.247339e+01  3.085873e+01 -3.000000e+01
      vertex   3.901510e+01  3.512936e+01 -3.400000e+01
      vertex   3.901510e+01  3.512936e+01 -3.000000e+01
    endloop
  endfacet
  facet normal  7.071068e-01  7.071068e-01  0.000000e+00
    outer loop
      vertex   3.901510e+01  3.512936e+01 -3.000000e+01
      vertex   3.901510e+01  3.512936e+01 -3.400000e+01
      vertex   3.512936e+01  3.901510e+01 -3.400000e+01
    endloop
  endfacet
  facet normal  7.071068e-01  7.071068e-01  0.000000e+00
    outer loop
      vertex   3.901510e+01  3.512936e+01 -3.000000e+01
      vertex   3.512936e+01  3.901510e+01 -3.400000e+01
      vertex   3.512936e+01  3.901510e+01 -3.000000e+01
    endloop
  endfacet
  facet normal  6.293207e-01  7.771458e-01  0.000000e+00
    outer loop
      vertex   3.512936e+01  3.901510e+01 -3.000000e+01
      vertex   3.512936e+01  3.901510e+01 -3.400000e+01
      vertex   3.085873e+01  4.247339e+01 -3.400000e+01
    endloop
  endfacet
  facet normal  6.293207e-01  7.771458e-01  0.000000e+00
    outer loop
      vertex   3.512936e+01  3.901510e+01 -3.000000e+01
      vertex   3.085873e+01  4.247339e+01 -3.400000e+01
      vertex   3.085873e+01  4.247339e+01 -3.000000e+01
    endloop
  endfacet
  facet normal  5.446387e-01  8.386708e-01  0.000000e+00
    outer loop
      vertex   3.085873e+01  4.247339e+01 -3.000000e+01
      vertex   3.085873e+01  4.247339e+01 -3.400000e+01
      vertex   2.625000e+01  4.546633e+01 -3.400000e+01
    endloop
  endfacet
  facet normal  5.446387e-01  8.386708e-01  0.000000e+00
    outer loop
      vertex   3.085873e+01  4.247339e+01 -3.000000e+01
      vertex   2.625000e+01  4.546633e+01 -3.400000e+01
      vertex   2.625000e+01  4.546633e+01 -3.000000e+01
    endloop
  endfacet
  facet normal  4.539907e-01  8.910064e-01  0.000000e+00
    outer loop
      vertex   2.625000e+01  4.546633e+01 -3.000000e+01
      vertex   2.625000e+01  4.546633e+01 -3.400000e+01
      vertex   2.135367e+01  4.796114e+01 -3.400000e+01
    endloop
  endfacet
  facet normal  4.539907e-01  8.910064e-01  0.000000e+00
    outer loop
      vertex   2.625000e+01  4.546633e+01 -3.000000e+01
      vertex   2.135367e+01  4.796114e+01 -3.400000e+01
      vertex   2.135367e+01  4.796114e+01 -3.000000e+01
    endloop
  endfacet
  facet normal  3.583678e-01  9.335805e-01  0.000000e+00
    outer loop
      vertex   2.135367e+01  4.796114e+01 -3.000000e+01
      vertex   2.135367e+01  4.796114e+01 -3.400000e+01
      vertex   1.622339e+01  4.993047e+01 -3.400000e+01
    endloop
  endfacet
  facet normal  3.583678e-01  9.335805e-01  0.000000e+00
    outer loop
      vertex   2.135367e+01  4.796114e+01 -3.000000e+01
      vertex   1.622339e+01  4.993047e+01 -3.400000e+01
      vertex   1.622339e+01  4.993047e+01 -3.000000e+01
    endloop
  endfacet
  facet normal  2.588193e-01  9.659258e-01  0.000000e+00
    outer loop
      vertex   1.622339e+01  4.993047e+01 -3.000000e+01
      vertex   1.622339e+01  4.993047e+01 -3.400000e+01
      vertex   1.091536e+01  5.135275e+01 -3.400000e+01
    endloop
  endfacet
  facet normal  2.588193e-01  9.659258e-01  0.000000e+00
    outer loop
      vertex   1.622339e+01  4.993047e+01 -3.000000e+01
      vertex   1.091536e+01  5.135275e+01 -3.400000e+01
      vertex   1.091536e+01  5.135275e+01 -3.000000e+01
    endloop
  endfacet
  facet normal  1.564350e-01  9.876882e-01  0.000000e+00
    outer loop
      vertex   1.091536e+01  5.135275e+01 -3.000000e+01
      vertex   1.091536e+01  5.135275e+01 -3.400000e+01
      vertex   5.487744e+00  5.221240e+01 -3.400000e+01
    endloop
  endfacet
  facet normal  1.564350e-01  9.876882e-01  0.000000e+00
    outer loop
      vertex   1.091536e+01  5.135275e+01 -3.000000e+01
      vertex   5.487744e+00  5.221240e+01 -3.400000e+01
      vertex   5.487744e+00  5.221240e+01 -3.000000e+01
    endloop
  endfacet
  facet normal  5.233544e-02  9.986296e-01  0.000000e+00
    outer loop
      vertex   5.487744e+00  5.221240e+01 -3.000000e+01
      vertex   5.487744e+00  5.221240e+01 -3.400000e+01
      vertex   0.000000e+00  5.250000e+01 -3.400000e+01
    endloop
  endfacet
  facet normal  5.233544e-02  9.986296e-01  0.000000e+00
    outer loop
      vertex   5.487744e+00  5.221240e+01 -3.000000e+01
      vertex   0.000000e+00  5.250000e+01 -3.400000e+01
      vertex   0.000000e+00  5.250000e+01 -3.000000e+01
    endloop
  endfacet
  facet normal -5.233544e-02  9.986296e-01  0.000000e+00
    outer loop
      vertex   0.000000e+00  5.250000e+01 -3.000000e+01
      vertex   0.000000e+00  5.250000e+01 -3.400000e+01
      vertex  -5.487744e+00  5.221240e+01 -3.400000e+01
    endloop
  endfacet
  facet normal -5.233544e-02  9.986296e-01  0.000000e+00
    outer loop
      vertex   0.000000e+00  5.250000e+01 -3.000000e+01
      vertex  -5.487744e+00  5.221240e+01 -3.400000e+01
      vertex  -5.487744e+00  5.221240e+01 -3.000000e+01
    endloop
  endfacet
  facet normal -1.564350e-01  9.876882e-01  0.000000e+00
    outer loop
      vertex  -5.487744e+00  5.221240e+01 -3.000000e+01
      vertex  -5.487744e+00  5.221240e+01 -3.400000e+01
      vertex  -1.091536e+01  5.135275e+01 -3.400000e+01
    endloop
  endfacet
  facet normal -1.564350e-01  9.876882e-01  0.000000e+00
    outer loop
      vertex  -5.487744e+00  5.221240e+01 -3.000000e+01
      vertex  -1.091536e+01  5.135275e+01 -3.400000e+01
      vertex  -1.091536e+01  5.135275e+01 -3.000000e+01
    endloop
  endfacet
  facet normal -2.588193e-01  9.659258e-01  0.000000e+00
    outer loop
      vertex  -1.091536e+01  5.135275e+01 -3.000000e+01
      vertex  -1.091536e+01  5.135275e+01 -3.400000e+01
      vertex  -1.622339e+01  4.993047e+01 -3.400000e+01
    endloop
  endfacet
  facet normal -2.588193e-01  9.659258e-01  0.000000e+00
    outer loop
      vertex  -1.091536e+01  5.135275e+01 -3.000000e+01
      vertex  -1.622339e+01  4.993047e+01 -3.400000e+01
      vertex  -1.622339e+01  4.993047e+01 -3.000000e+01
    endloop
  endfacet
  facet normal -3.583678e-01  9.335805e-01  0.000000e+00
    outer loop
      vertex  -1.622339e+01  4.993047e+01 -3.000000e+01
      vertex  -1.622339e+01  4.993047e+01 -3.400000e+01
      vertex  -2.135367e+01  4.796114e+01 -3.400000e+01
    endloop
  endfacet
  facet normal -3.583678e-01  9.335805e-01  0.000000e+00
    outer loop
      vertex  -1.622339e+01  4.993047e+01 -3.000000e+01
      vertex  -2.135367e+01  4.796114e+01 -3.400000e+01
      vertex  -2.135367e+01  4.796114e+01 -3.000000e+01
    endloop
  endfacet
  facet normal -4.539907e-01  8.910064e-01  0.000000e+00
    outer loop
      vertex  -2.135367e+01  4.796114e+01 -3.000000e+01
      vertex  -2.135367e+01  4.796114e+01 -3.400000e+01
      vertex  -2.625000e+01  4.546633e+01 -3.400000e+01
    endloop
  endfacet
  facet normal -4.539907e-01  8.910064e-01  0.000000e+00
    outer loop
      vertex  -2.135367e+01  4.796114e+01 -3.000000e+01
      vertex  -2.625000e+01  4.546633e+01 -3.400000e+01
      vertex  -2.625000e+01  4.546633e+01 -3.000000e+01
    endloop
  endfacet
  facet normal -5.446387e-01  8.386708e-01  0.000000e+00
    outer loop
      vertex  -2.625000e+01  4.546633e+01 -3.000000e+01
      vertex  -2.625000e+01  4.546633e+01 -3.400000e+01
      vertex  -3.085873e+01  4.247339e+01 -3.400000e+01
    endloop
  endfacet
  facet normal -5.446387e-01  8.386708e-01  0.000000e+00
    outer loop
      vertex  -2.625000e+01  4.546633e+01 -3.000000e+01
      vertex  -3.085873e+01  4.247339e+01 -3.400000e+01
      vertex  -3.085873e+01  4.247339e+01 -3.000000e+01
    endloop
  endfacet
  facet normal -6.293207e-01  7.771458e-01  0.000000e+00
    outer loop
      vertex  -3.085873e+01  4.247339e+01 -3.000000e+01
      vertex  -3.085873e+01  4.247339e+01 -3.400000e+01
      vertex  -3.512936e+01  3.901510e+01 -3.400000e+01
    endloop
  endfacet
  facet normal -6.293207e-01  7.771458e-01  0.000000e+00
    outer loop
      vertex  -3.085873e+01  4.247339e+01 -3.000000e+01
      vertex  -3.512936e+01  3.901510e+01 -3.400000e+01
      vertex  -3.512936e+01  3.901510e+01 -3.000000e+01
    endloop
  endfacet
  facet normal -7.071068e-01  7.071068e-01  0.000000e+00
    outer loop
      vertex  -3.512936e+01  3.901510e+01 -3.000000e+01
      vertex  -3.512936e+01  3.901510e+01 -3.400000e+01
      vertex  -3.901510e+01  3.512936e+01 -3.400000e+01
    endloop
  endfacet
  facet normal -7.071068e-01  7.071068e-01  0.000000e+00
    outer loop
      vertex  -3.512936e+01  3.901510e+01 -3.000000e+01
      vertex  -3.901510e+01  3.512936e+01 -3.400000e+01
      vertex  -3.901510e+01  3.512936e+01 -3.000000e+01
    endloop
  endfacet
  facet normal -7.771458e-01  6.293207e-01  0.000000e+00
    outer loop
      vertex  -3.901510e+01  3.512936e+01 -3.000000e+01
      vertex  -3.901510e+01  3.512936e+01 -3.400000e+01
      vertex  -4.247339e+01  3.085873e+01 -3.400000e+01
    endloop
  endfacet
  facet normal -7.771458e-01  6.293207e-01  0.000000e+00
    outer loop
      vertex  -3.901510e+01  3.512936e+01 -3.000000e+01
      vertex  -4.247339e+01  3.085873e+01 -3.400000e+01
      vertex  -4.247339e+01  3.085873e+01 -3.000000e+01
    endloop
  endfacet
  facet normal -8.386708e-01  5.446387e-01  0.000000e+00
    outer loop
      vertex  -4.247339e+01  3.085873e+01 -3.000000e+01
      vertex  -4.247339e+01  3.085873e+01 -3.400000e+01
      vertex  -4.546633e+01  2.625000e+01 -3.400000e+01
    endloop
  endfacet
  facet normal -8.386708e-01  5.446387e-01  0.000000e+00
    outer loop
      vertex  -4.247339e+01  3.085873e+01 -3.000000e+01
      vertex  -4.546633e+01  2.625000e+01 -3.400000e+01
      vertex  -4.546633e+01  2.625000e+01 -3.000000e+01
    endloop
  endfacet
  facet normal -8.910064e-01  4.539907e-01  0.000000e+00
    outer loop
      vertex  -4.546633e+01  2.625000e+01 -3.000000e+01
      vertex  -4.546633e+01  2.625000e+01 -3.400000e+01
      vertex  -4.796114e+01  2.135367e+01 -3.400000e+01
    endloop
  endfacet
  facet normal -8.910064e-01  4.539907e-01  0.000000e+00
    outer loop
      vertex  -4.546633e+01  2.625000e+01 -3.000000e+01
      vertex  -4.796114e+01  2.135367e+01 -3.400000e+01
      vertex  -4.796114e+01  2.135367e+01 -3.000000e+01
    endloop
  endfacet
  facet normal -9.335805e-01  3.583678e-01  0.000000e+00
    outer loop
      vertex  -4.796114e+01  2.135367e+01 -3.000000e+01
      vertex  -4.796114e+01  2.135367e+01 -3.400000e+01
      vertex  -4.993047e+01  1.622339e+01 -3.400000e+01
    endloop
  endfacet
  facet normal -9.335805e-01  3.583678e-01  0.000000e+00
    outer loop
      vertex  -4.796114e+01  2.135367e+01 -3.000000e+01
      vertex  -4.993047e+01  1.622339e+01 -3.400000e+01
      vertex  -4.993047e+01  1.622339e+01 -3.000000e+01
    endloop
  endfacet
  facet normal -9.659258e-01  2.588193e-01  0.000000e+00
    outer loop
      vertex  -4.993047e+01  1.622339e+01 -3.000000e+01
      vertex  -4.993047e+01  1.622339e+01 -3.400000e+01
      vertex  -5.135275e+01  1.091536e+01 -3.400000e+01
    endloop
  endfacet
  facet normal -9.659258e-01  2.588193e-01  0.000000e+00
    outer loop
      vertex  -4.993047e+01  1.622339e+01 -3.000000e+01
      vertex  -5.135275e+01  1.091536e+01 -3.400000e+01
      vertex  -5.135275e+01  1.091536e+01 -3.000000e+01
    endloop
  endfacet
  facet normal -9.876882e-01  1.564350e-01  0.000000e+00
    outer loop
      vertex  -5.135275e+01  1.091536e+01 -3.000000e+01
      vertex  -5.135275e+01  1.091536e+01 -3.400000e+01
      vertex  -5.221240e+01  5.487744e+00 -3.400000e+01
    endloop
  endfacet
  facet normal -9.985334e-01  5.413869e-02  0.000000e+00
    outer loop
      vertex   5.020397e+01 -5.460010e+00 -3.400000e+01
      vertex   5.020397e+01 -5.460010e+00 -3.000000e+01
      vertex   5.050000e+01  0.000000e+00 -3.400000e+01
    endloop
  endfacet
  facet normal -9.985334e-01  5.413869e-02  0.000000e+00
    outer loop
      vertex   5.050000e+01  0.000000e+00 -3.400000e+01
      vertex   5.020397e+01 -5.460010e+00 -3.000000e+01
      vertex   5.050000e+01  0.000000e+00 -3.000000e+01
    endloop
  endfacet
  facet normal -9.985334e-01 -5.413869e-02  0.000000e+00
    outer loop
      vertex   5.050000e+01  0.000000e+00 -3.400000e+01
      vertex   5.050000e+01  0.000000e+00 -3.000000e+01
      vertex   5.020397e+01  5.460010e+00 -3.400000e+01
    endloop
  endfacet
  facet normal -9.985334e-01 -5.413869e-02  0.000000e+00
    outer loop
      vertex   5.020397e+01  5.460010e+00 -3.400000e+01
      vertex   5.050000e+01  0.000000e+00 -3.000000e+01
      vertex   5.020397e+01  5.460010e+00 -3.000000e+01
    endloop
  endfacet
  facet normal -9.868265e-01 -1.617819e-01  0.000000e+00
    outer loop
      vertex   5.020397e+01  5.460010e+00 -3.400000e+01
      vertex   5.020397e+01  5.460010e+00 -3.000000e+01
      vertex   4.931934e+01  1.085601e+01 -3.400000e+01
    endloop
  endfacet
  facet normal -9.868265e-01 -1.617819e-01  0.000000e+00
    outer loop
      vertex   4.931934e+01  1.085601e+01 -3.400000e+01
      vertex   5.020397e+01  5.460010e+00 -3.000000e+01
      vertex   4.931934e+01  1.085601e+01 -3.000000e+01
    endloop
  endfacet
  facet normal -9.635498e-01 -2.675289e-01  0.000000e+00
    outer loop
      vertex   4.931934e+01  1.085601e+01 -3.400000e+01
      vertex   4.931934e+01  1.085601e+01 -3.000000e+01
      vertex   4.785648e+01  1.612473e+01 -3.400000e+01
    endloop
  endfacet
  facet normal -9.635498e-01 -2.675289e-01  0.000000e+00
    outer loop
      vertex   4.785648e+01  1.612473e+01 -3.400000e+01
      vertex   4.931934e+01  1.085601e+01 -3.000000e+01
      vertex   4.785648e+01  1.612473e+01 -3.000000e+01
    endloop
  endfacet
  facet normal -9.289768e-01 -3.701381e-01  0.000000e+00
    outer loop
      vertex   4.785648e+01  1.612473e+01 -3.400000e+01
      vertex   4.785648e+01  1.612473e+01 -3.000000e+01
      vertex   4.583256e+01  2.120440e+01 -3.400000e+01
    endloop
  endfacet
  facet normal -9.289768e-01 -3.701381e-01  0.000000e+00
    outer loop
      vertex   4.583256e+01  2.120440e+01 -3.400000e+01
      vertex   4.785648e+01  1.612473e+01 -3.000000e+01
      vertex   4.583256e+01  2.120440e+01 -3.000000e+01
    endloop
  endfacet
  facet normal -8.835124e-01 -4.684078e-01  0.000000e+00
    outer loop
      vertex   4.583256e+01  2.120440e+01 -3.400000e+01
      vertex   4.583256e+01  2.120440e+01 -3.000000e+01
      vertex   4.327129e+01  2.603547e+01 -3.400000e+01
    endloop
  endfacet
  facet normal -8.835124e-01 -4.684078e-01  0.000000e+00
    outer loop
      vertex   4.327129e+01  2.603547e+01 -3.400000e+01
      vertex   4.583256e+01  2.120440e+01 -3.000000e+01
      vertex   4.327129e+01  2.603547e+01 -3.000000e+01
    endloop
  endfacet
  facet normal -8.276885e-01 -5.611879e-01  0.000000e+00
    outer loop
      vertex   4.327129e+01  2.603547e+01 -3.400000e+01
      vertex   4.327129e+01  2.603547e+01 -3.000000e+01
      vertex   4.020270e+01  3.056130e+01 -3.400000e+01
    endloop
  endfacet
  facet normal -8.276885e-01 -5.611879e-01  0.000000e+00
    outer loop
      vertex   4.020270e+01  3.056130e+01 -3.400000e+01
      vertex   4.327129e+01  2.603547e+01 -3.000000e+01
      vertex   4.020270e+01  3.056130e+01 -3.000000e+01
    endloop
  endfacet
  facet normal -7.621623e-01 -6.473860e-01  0.000000e+00
    outer loop
      vertex   4.020270e+01  3.056130e+01 -3.400000e+01
      vertex   4.020270e+01  3.056130e+01 -3.000000e+01
      vertex   3.666277e+01  3.472882e+01 -3.400000e+01
    endloop
  endfacet
  facet normal -7.621623e-01 -6.473860e-01  0.000000e+00
    outer loop
      vertex   3.666277e+01  3.472882e+01 -3.400000e+01
      vertex   4.020270e+01  3.056130e+01 -3.000000e+01
      vertex   3.666277e+01  3.472882e+01 -3.000000e+01
    endloop
  endfacet
  facet normal -6.876998e-01 -7.259952e-01  0.000000e+00
    outer loop
      vertex   3.666277e+01  3.472882e+01 -3.400000e+01
      vertex   3.666277e+01  3.472882e+01 -3.000000e+01
      vertex   3.269301e+01  3.848919e+01 -3.400000e+01
    endloop
  endfacet
  facet normal -6.876998e-01 -7.259952e-01  0.000000e+00
    outer loop
      vertex   3.269301e+01  3.848919e+01 -3.400000e+01
      vertex   3.666277e+01  3.472882e+01 -3.000000e+01
      vertex   3.269301e+01  3.848919e+01 -3.000000e+01
    endloop
  endfacet
  facet normal -6.051739e-01 -7.960933e-01  0.000000e+00
    outer loop
      vertex   3.269301e+01  3.848919e+01 -3.400000e+01
      vertex   3.269301e+01  3.848919e+01 -3.000000e+01
      vertex   2.833995e+01  4.179829e+01 -3.400000e+01
    endloop
  endfacet
  facet normal -6.051739e-01 -7.960933e-01  0.000000e+00
    outer loop
      vertex   2.833995e+01  4.179829e+01 -3.400000e+01
      vertex   3.269301e+01  3.848919e+01 -3.000000e+01
      vertex   2.833995e+01  4.179829e+01 -3.000000e+01
    endloop
  endfacet
  facet normal -5.155534e-01 -8.568575e-01  0.000000e+00
    outer loop
      vertex   2.833995e+01  4.179829e+01 -3.400000e+01
      vertex   2.833995e+01  4.179829e+01 -3.000000e+01
      vertex   2.365462e+01  4.461736e+01 -3.400000e+01
    endloop
  endfacet
  facet normal -5.155534e-01 -8.568575e-01  0.000000e+00
    outer loop
      vertex   2.365462e+01  4.461736e+01 -3.400000e+01
      vertex   2.833995e+01  4.179829e+01 -3.000000e+01
      vertex   2.365462e+01  4.461736e+01 -3.000000e+01
    endloop
  endfacet
  facet normal -4.198893e-01 -9.075754e-01  0.000000e+00
    outer loop
      vertex   2.365462e+01  4.461736e+01 -3.400000e+01
      vertex   2.365462e+01  4.461736e+01 -3.000000e+01
      vertex   1.869198e+01  4.691332e+01 -3.400000e+01
    endloop
  endfacet
  facet normal -4.198893e-01 -9.075754e-01  0.000000e+00
    outer loop
      vertex   1.869198e+01  4.691332e+01 -3.400000e+01
      vertex   2.365462e+01  4.461736e+01 -3.000000e+01
      vertex   1.869198e+01  4.691332e+01 -3.000000e+01
    endloop
  endfacet
  facet normal -3.193025e-01 -9.476528e-01  0.000000e+00
    outer loop
      vertex   1.869198e+01  4.691332e+01 -3.400000e+01
      vertex   1.869198e+01  4.691332e+01 -3.000000e+01
      vertex   1.351018e+01  4.865928e+01 -3.400000e+01
    endloop
  endfacet
  facet normal -3.193025e-01 -9.476528e-01  0.000000e+00
    outer loop
      vertex   1.351018e+01  4.865928e+01 -3.400000e+01
      vertex   1.869198e+01  4.691332e+01 -3.000000e+01
      vertex   1.351018e+01  4.865928e+01 -3.000000e+01
    endloop
  endfacet
  facet normal -2.149698e-01 -9.766207e-01  0.000000e+00
    outer loop
      vertex   1.351018e+01  4.865928e+01 -3.400000e+01
      vertex   1.351018e+01  4.865928e+01 -3.000000e+01
      vertex   8.169991e+00  4.983474e+01 -3.400000e+01
    endloop
  endfacet
  facet normal -2.149698e-01 -9.766207e-01  0.000000e+00
    outer loop
      vertex   8.169991e+00  4.983474e+01 -3.400000e+01
      vertex   1.351018e+01  4.865928e+01 -3.000000e+01
      vertex   8.169991e+00  4.983474e+01 -3.000000e+01
    endloop
  endfacet
  facet normal -1.081197e-01 -9.941378e-01  0.000000e+00
    outer loop
      vertex   8.169991e+00  4.983474e+01 -3.400000e+01
      vertex   8.169991e+00  4.983474e+01 -3.000000e+01
      vertex   2.734015e+00  5.042594e+01 -3.400000e+01
    endloop
  endfacet
  facet normal -1.081197e-01 -9.941378e-01  0.000000e+00
    outer loop
      vertex   2.734015e+00  5.042594e+01 -3.400000e+01
      vertex   8.169991e+00  4.983474e+01 -3.000000e+01
      vertex   2.734015e+00  5.042594e+01 -3.000000e+01
    endloop
  endfacet
  facet normal  0.000000e+00 -1.000000e+00  0.000000e+00
    outer loop
      vertex   2.734015e+00  5.042594e+01 -3.400000e+01
      vertex   2.734015e+00  5.042594e+01 -3.000000e+01
      vertex  -2.734015e+00  5.042594e+01 -3.400000e+01
    endloop
  endfacet
  facet normal  0.000000e+00 -1.000000e+00  0.000000e+00
    outer loop
      vertex  -2.734015e+00  5.042594e+01 -3.400000e+01
      vertex   2.734015e+00  5.042594e+01 -3.000000e+01
      vertex  -2.734015e+00  5.042594e+01 -3.000000e+01
    endloop
  endfacet
  facet normal  1.081197e-01 -9.941378e-01  0.000000e+00
    outer loop
      vertex  -2.734015e+00  5.042594e+01 -3.400000e+01
      vertex  -2.734015e+00  5.042594e+01 -3.000000e+01
      vertex  -8.169991e+00  4.983474e+01 -3.400000e+01
    endloop
  endfacet
  facet normal  1.081197e-01 -9.941378e-01  0.000000e+00
    outer loop
      vertex  -8.169991e+00  4.983474e+01 -3.400000e+01
      vertex  -2.734015e+00  5.042594e+01 -3.000000e+01
      vertex  -8.169991e+00  4.983474e+01 -3.000000e+01
    endloop
  endfacet
  facet normal  2.149698e-01 -9.766207e-01  0.000000e+00
    outer loop
      vertex  -8.169991e+00  4.983474e+01 -3.400000e+01
      vertex  -8.169991e+00  4.983474e+01 -3.000000e+01
      vertex  -1.351018e+01  4.865928e+01 -3.400000e+01
    endloop
  endfacet
  facet normal  2.149698e-01 -9.766207e-01  0.000000e+00
    outer loop
      vertex  -1.351018e+01  4.865928e+01 -3.400000e+01
      vertex  -8.169991e+00  4.983474e+01 -3.000000e+01
      vertex  -1.351018e+01  4.865928e+01 -3.000000e+01
    endloop
  endfacet
  facet normal  3.193025e-01 -9.476528e-01  0.000000e+00
    outer loop
      vertex  -1.351018e+01  4.865928e+01 -3.400000e+01
      vertex  -1.351018e+01  4.865928e+01 -3.000000e+01
      vertex  -1.869198e+01  4.691332e+01 -3.400000e+01
    endloop
  endfacet
  facet normal  3.193025e-01 -9.476528e-01  0.000000e+00
    outer loop
      vertex  -1.869198e+01  4.691332e+01 -3.400000e+01
      vertex  -1.351018e+01  4.865928e+01 -3.000000e+01
      vertex  -1.869198e+01  4.691332e+01 -3.000000e+01
    endloop
  endfacet
  facet normal  4.198893e-01 -9.075754e-01  0.000000e+00
    outer loop
      vertex  -1.869198e+01  4.691332e+01 -3.400000e+01
      vertex  -1.869198e+01  4.691332e+01 -3.000000e+01
      vertex  -2.365462e+01  4.461736e+01 -3.400000e+01
    endloop
  endfacet
  facet normal  4.198893e-01 -9.075754e-01  0.000000e+00
    outer loop
      vertex  -2.365462e+01  4.461736e+01 -3.400000e+01
      vertex  -1.869198e+01  4.691332e+01 -3.000000e+01
      vertex  -2.365462e+01  4.461736e+01 -3.000000e+01
    endloop
  endfacet
  facet normal  5.155534e-01 -8.568575e-01  0.000000e+00
    outer loop
      vertex  -2.365462e+01  4.461736e+01 -3.400000e+01
      vertex  -2.365462e+01  4.461736e+01 -3.000000e+01
      vertex  -2.833995e+01  4.179829e+01 -3.400000e+01
    endloop
  endfacet
  facet normal  5.155534e-01 -8.568575e-01  0.000000e+00
    outer loop
      vertex  -2.833995e+01  4.179829e+01 -3.400000e+01
      vertex  -2.365462e+01  4.461736e+01 -3.000000e+01
      vertex  -2.833995e+01  4.179829e+01 -3.000000e+01
    endloop
  endfacet
  facet normal  6.051739e-01 -7.960933e-01  0.000000e+00
    outer loop
      vertex  -2.833995e+01  4.179829e+01 -3.400000e+01
      vertex  -2.833995e+01  4.179829e+01 -3.000000e+01
      vertex  -3.269301e+01  3.848919e+01 -3.400000e+01
    endloop
  endfacet
  facet normal  6.051739e-01 -7.960933e-01  0.000000e+00
    outer loop
      vertex  -3.269301e+01  3.848919e+01 -3.400000e+01
      vertex  -2.833995e+01  4.179829e+01 -3.000000e+01
      vertex  -3.269301e+01  3.848919e+01 -3.000000e+01
    endloop
  endfacet
  facet normal  6.876998e-01 -7.259952e-01  0.000000e+00
    outer loop
      vertex  -3.269301e+01  3.848919e+01 -3.400000e+01
      vertex  -3.269301e+01  3.848919e+01 -3.000000e+01
      vertex  -3.666277e+01  3.472882e+01 -3.400000e+01
    endloop
  endfacet
  facet normal  6.876998e-01 -7.259952e-01  0.000000e+00
    outer loop
      vertex  -3.666277e+01  3.472882e+01 -3.400000e+01
      vertex  -3.269301e+01  3.848919e+01 -3.000000e+01
      vertex  -3.666277e+01  3.472882e+01 -3.000000e+01
    endloop
  endfacet
  facet normal  7.621623e-01 -6.473860e-01  0.000000e+00
    outer loop
      vertex  -3.666277e+01  3.472882e+01 -3.400000e+01
      vertex  -3.666277e+01  3.472882e+01 -3.000000e+01
      vertex  -4.020270e+01  3.056130e+01 -3.400000e+01
    endloop
  endfacet
  facet normal  7.621623e-01 -6.473860e-01  0.000000e+00
    outer loop
      vertex  -4.020270e+01  3.056130e+01 -3.400000e+01
      vertex  -3.666277e+01  3.472882e+01 -3.000000e+01
      vertex  -4.020270e+01  3.056130e+01 -3.000000e+01
    endloop
  endfacet
  facet normal  8.276885e-01 -5.611879e-01  0.000000e+00
    outer loop
      vertex  -4.020270e+01  3.056130e+01 -3.400000e+01
      vertex  -4.020270e+01  3.056130e+01 -3.000000e+01
      vertex  -4.327129e+01  2.603547e+01 -3.400000e+01
    endloop
  endfacet
  facet normal  8.276885e-01 -5.611879e-01  0.000000e+00
    outer loop
      vertex  -4.327129e+01  2.603547e+01 -3.400000e+01
      vertex  -4.020270e+01  3.056130e+01 -3.000000e+01
      vertex  -4.327129e+01  2.603547e+01 -3.000000e+01
    endloop
  endfacet
  facet normal  8.835124e-01 -4.684078e-01  0.000000e+00
    outer loop
      vertex  -4.327129e+01  2.603547e+01 -3.400000e+01
      vertex  -4.327129e+01  2.603547e+01 -3.000000e+01
      vertex  -4.583256e+01  2.120440e+01 -3.400000e+01
    endloop
  endfacet
  facet normal  8.835124e-01 -4.684078e-01  0.000000e+00
    outer loop
      vertex  -4.583256e+01  2.120440e+01 -3.400000e+01
      vertex  -4.327129e+01  2.603547e+01 -3.000000e+01
      vertex  -4.583256e+01  2.120440e+01 -3.000000e+01
    endloop
  endfacet
  facet normal  9.289768e-01 -3.701381e-01  0.000000e+00
    outer loop
      vertex  -4.583256e+01  2.120440e+01 -3.400000e+01
      vertex  -4.583256e+01  2.120440e+01 -3.000000e+01
      vertex  -4.785648e+01  1.612473e+01 -3.400000e+01
    endloop
  endfacet
  facet normal  9.289768e-01 -3.701381e-01  0.000000e+00
    outer loop
      vertex  -4.785648e+01  1.612473e+01 -3.400000e+01
      vertex  -4.583256e+01  2.120440e+01 -3.000000e+01
      vertex  -4.785648e+01  1.612473e+01 -3.000000e+01
    endloop
  endfacet
  facet normal  9.635498e-01 -2.675289e-01  0.000000e+00
    outer loop
      vertex  -4.785648e+01  1.612473e+01 -3.400000e+01
      vertex  -4.785648e+01  1.612473e+01 -3.000000e+01
      vertex  -4.931934e+01  1.085601e+01 -3.400000e+01
    endloop
  endfacet
  facet normal  9.635498e-01 -2.675289e-01  0.000000e+00
    outer loop
      vertex  -4.931934e+01  1.085601e+01 -3.400000e+01
      vertex  -4.785648e+01  1.612473e+01 -3.000000e+01
      vertex  -4.931934e+01  1.085601e+01 -3.000000e+01
    endloop
  endfacet
  facet normal  9.868265e-01 -1.617819e-01  0.000000e+00
    outer loop
      vertex  -4.931934e+01  1.085601e+01 -3.400000e+01
      vertex  -4.931934e+01  1.085601e+01 -3.000000e+01
      vertex  -5.020397e+01  5.460010e+00 -3.400000e+01
    endloop
  endfacet
  facet normal  9.868265e-01 -1.617819e-01  0.000000e+00
    outer loop
      vertex  -5.020397e+01  5.460010e+00 -3.400000e+01
      vertex  -4.931934e+01  1.085601e+01 -3.000000e+01
      vertex  -5.020397e+01  5.460010e+00 -3.000000e+01
    endloop
  endfacet
  facet normal  9.985334e-01 -5.413869e-02  0.000000e+00
    outer loop
      vertex  -5.020397e+01  5.460010e+00 -3.400000e+01
      vertex  -5.020397e+01  5.460010e+00 -3.000000e+01
      vertex  -5.050000e+01  0.000000e+00 -3.400000e+01
    endloop
  endfacet
  facet normal  9.985334e-01 -5.413869e-02  0.000000e+00
    outer loop
      vertex  -5.050000e+01  0.000000e+00 -3.400000e+01
      vertex  -5.020397e+01  5.460010e+00 -3.000000e+01
      vertex  -5.050000e+01  0.000000e+00 -3.000000e+01
    endloop
  endfacet
  facet normal  9.985334e-01  5.413869e-02 -0.000000e+00
    outer loop
      vertex  -5.050000e+01  0.000000e+00 -3.400000e+01
      vertex  -5.050000e+01  0.000000e+00 -3.000000e+01
      vertex  -5.020397e+01 -5.460010e+00 -3.400000e+01
    endloop
  endfacet
  facet normal  9.985334e-01  5.413869e-02 -0.000000e+00
    outer loop
      vertex  -5.020397e+01 -5.460010e+00 -3.400000e+01
      vertex  -5.050000e+01  0.000000e+00 -3.000000e+01
      vertex  -5.020397e+01 -5.460010e+00 -3.000000e+01
    endloop
  endfacet
  facet normal  9.868265e-01  1.617819e-01 -0.000000e+00
    outer loop
      vertex  -5.020397e+01 -5.460010e+00 -3.400000e+01
      vertex  -5.020397e+01 -5.460010e+00 -3.000000e+01
      vertex  -4.931934e+01 -1.085601e+01 -3.400000e+01
    endloop
  endfacet
  facet normal  9.868265e-01  1.617819e-01 -0.000000e+00
    outer loop
      vertex  -4.931934e+01 -1.085601e+01 -3.400000e+01
      vertex  -5.020397e+01 -5.460010e+00 -3.000000e+01
      vertex  -4.931934e+01 -1.085601e+01 -3.000000e+01
    endloop
  endfacet
  facet normal  9.635498e-01  2.675289e-01 -0.000000e+00
    outer loop
      vertex  -4.931934e+01 -1.085601e+01 -3.400000e+01
      vertex  -4.931934e+01 -1.085601e+01 -3.000000e+01
      vertex  -4.785648e+01 -1.612473e+01 -3.400000e+01
    endloop
  endfacet
  facet normal  9.635498e-01  2.675289e-01 -0.000000e+00
    outer loop
      vertex  -4.785648e+01 -1.612473e+01 -3.400000e+01
      vertex  -4.931934e+01 -1.085601e+01 -3.000000e+01
      vertex  -4.785648e+01 -1.612473e+01 -3.000000e+01
    endloop
  endfacet
  facet normal  9.289768e-01  3.701381e-01 -0.000000e+00
    outer loop
      vertex  -4.785648e+01 -1.612473e+01 -3.400000e+01
      vertex  -4.785648e+01 -1.612473e+01 -3.000000e+01
      vertex  -4.583256e+01 -2.120440e+01 -3.400000e+01
    endloop
  endfacet
  facet normal  9.289768e-01  3.701381e-01 -0.000000e+00
    outer loop
      vertex  -4.583256e+01 -2.120440e+01 -3.400000e+01
      vertex  -4.785648e+01 -1.612473e+01 -3.000000e+01
      vertex  -4.583256e+01 -2.120440e+01 -3.000000e+01
    endloop
  endfacet
  facet normal  8.835124e-01  4.684078e-01 -0.000000e+00
    outer loop
      vertex  -4.583256e+01 -2.120440e+01 -3.400000e+01
      vertex  -4.583256e+01 -2.120440e+01 -3.000000e+01
      vertex  -4.327129e+01 -2.603547e+01 -3.400000e+01
    endloop
  endfacet
  facet normal  8.835124e-01  4.684078e-01 -0.000000e+00
    outer loop
      vertex  -4.327129e+01 -2.603547e+01 -3.400000e+01
      vertex  -4.583256e+01 -2.120440e+01 -3.000000e+01
      vertex  -4.327129e+01 -2.603547e+01 -3.000000e+01
    endloop
  endfacet
  facet normal  8.276885e-01  5.611879e-01 -0.000000e+00
    outer loop
      vertex  -4.327129e+01 -2.603547e+01 -3.400000e+01
      vertex  -4.327129e+01 -2.603547e+01 -3.000000e+01
      vertex  -4.020270e+01 -3.056130e+01 -3.400000e+01
    endloop
  endfacet
  facet normal  8.276885e-01  5.611879e-01 -0.000000e+00
    outer loop
      vertex  -4.020270e+01 -3.056130e+01 -3.400000e+01
      vertex  -4.327129e+01 -2.603547e+01 -3.000000e+01
      vertex  -4.020270e+01 -3.056130e+01 -3.000000e+01
    endloop
  endfacet
  facet normal  7.621623e-01  6.473860e-01 -0.000000e+00
    outer loop
      vertex  -4.020270e+01 -3.056130e+01 -3.400000e+01
      vertex  -4.020270e+01 -3.056130e+01 -3.000000e+01
      vertex  -3.666277e+01 -3.472882e+01 -3.400000e+01
    endloop
  endfacet
  facet normal  7.621623e-01  6.473860e-01 -0.000000e+00
    outer loop
      vertex  -3.666277e+01 -3.472882e+01 -3.400000e+01
      vertex  -4.020270e+01 -3.056130e+01 -3.000000e+01
      vertex  -3.666277e+01 -3.472882e+01 -3.000000e+01
    endloop
  endfacet
  facet normal  6.876998e-01  7.259952e-01 -0.000000e+00
    outer loop
      vertex  -3.666277e+01 -3.472882e+01 -3.400000e+01
      vertex  -3.666277e+01 -3.472882e+01 -3.000000e+01
      vertex  -3.269301e+01 -3.848919e+01 -3.400000e+01
    endloop
  endfacet
  facet normal  6.876998e-01  7.259952e-01 -0.000000e+00
    outer loop
      vertex  -3.269301e+01 -3.848919e+01 -3.400000e+01
      vertex  -3.666277e+01 -3.472882e+01 -3.000000e+01
      vertex  -3.269301e+01 -3.848919e+01 -3.000000e+01
    endloop
  endfacet
  facet normal  6.051739e-01  7.960933e-01 -0.000000e+00
    outer loop
      vertex  -3.269301e+01 -3.848919e+01 -3.400000e+01
      vertex  -3.269301e+01 -3.848919e+01 -3.000000e+01
      vertex  -2.833995e+01 -4.179829e+01 -3.400000e+01
    endloop
  endfacet
  facet normal  6.051739e-01  7.960933e-01 -0.000000e+00
    outer loop
      vertex  -2.833995e+01 -4.179829e+01 -3.400000e+01
      vertex  -3.269301e+01 -3.848919e+01 -3.000000e+01
      vertex  -2.833995e+01 -4.179829e+01 -3.000000e+01
    endloop
  endfacet
  facet normal  5.155534e-01  8.568575e-01 -0.000000e+00
    outer loop
      vertex  -2.833995e+01 -4.179829e+01 -3.400000e+01
      vertex  -2.833995e+01 -4.179829e+01 -3.000000e+01
      vertex  -2.365462e+01 -4.461736e+01 -3.400000e+01
    endloop
  endfacet
  facet normal  5.155534e-01  8.568575e-01 -0.000000e+00
    outer loop
      vertex  -2.365462e+01 -4.461736e+01 -3.400000e+01
      vertex  -2.833995e+01 -4.179829e+01 -3.000000e+01
      vertex  -2.365462e+01 -4.461736e+01 -3.000000e+01
    endloop
  endfacet
  facet normal  4.198893e-01  9.075754e-01 -0.000000e+00
    outer loop
      vertex  -2.365462e+01 -4.461736e+01 -3.400000e+01
      vertex  -2.365462e+01 -4.461736e+01 -3.000000e+01
      vertex  -1.869198e+01 -4.691332e+01 -3.400000e+01
    endloop
  endfacet
  facet normal  4.198893e-01  9.075754e-01 -0.000000e+00
    outer loop
      vertex  -1.869198e+01 -4.691332e+01 -3.400000e+01
      vertex  -2.365462e+01 -4.461736e+01 -3.000000e+01
      vertex  -1.869198e+01 -4.691332e+01 -3.000000e+01
    endloop
  endfacet
  facet normal  3.193025e-01  9.476528e-01 -0.000000e+00
    outer loop
      vertex  -1.869198e+01 -4.691332e+01 -3.400000e+01
      vertex  -1.869198e+01 -4.691332e+01 -3.000000e+01
      vertex  -1.351018e+01 -4.865928e+01 -3.400000e+01
    endloop
  endfacet
  facet normal  3.193025e-01  9.476528e-01 -0.000000e+00
    outer loop
      vertex  -1.351018e+01 -4.865928e+01 -3.400000e+01
      vertex  -1.869198e+01 -4.691332e+01 -3.000000e+01
      vertex  -1.351018e+01 -4.865928e+01 -3.000000e+01
    endloop
  endfacet
  facet normal  2.149698e-01  9.766207e-01 -0.000000e+00
    outer loop
      vertex  -1.351018e+01 -4.865928e+01 -3.400000e+01
      vertex  -1.351018e+01 -4.865928e+01 -3.000000e+01
      vertex  -8.169991e+00 -4.983474e+01 -3.400000e+01
    endloop
  endfacet
  facet normal  2.149698e-01  9.766207e-01 -0.000000e+00
    outer loop
      vertex  -8.169991e+00 -4.983474e+01 -3.400000e+01
      vertex  -1.351018e+01 -4.865928e+01 -3.000000e+01
      vertex  -8.169991e+00 -4.983474e+01 -3.000000e+01
    endloop
  endfacet
  facet normal  1.081197e-01  9.941378e-01 -0.000000e+00
    outer loop
      vertex  -8.169991e+00 -4.983474e+01 -3.400000e+01
      vertex  -8.169991e+00 -4.983474e+01 -3.000000e+01
      vertex  -2.734015e+00 -5.042594e+01 -3.400000e+01
    endloop
  endfacet
  facet normal  1.081197e-01  9.941378e-01 -0.000000e+00
    outer loop
      vertex  -2.734015e+00 -5.042594e+01 -3.400000e+01
      vertex  -8.169991e+00 -4.983474e+01 -3.000000e+01
      vertex  -2.734015e+00 -5.042594e+01 -3.000000e+01
    endloop
  endfacet
  facet normal  0.000000e+00  1.000000e+00  0.000000e+00
    outer loop
      vertex  -2.734015e+00 -5.042594e+01 -3.400000e+01
      vertex  -2.734015e+00 -5.042594e+01 -3.000000e+01
      vertex   2.734015e+00 -5.042594e+01 -3.400000e+01
    endloop
  endfacet
  facet normal  0.000000e+00  1.000000e+00 -0.000000e+00
    outer loop
      vertex   2.734015e+00 -5.042594e+01 -3.400000e+01
      vertex  -2.734015e+00 -5.042594e+01 -3.000000e+01
      vertex   2.734015e+00 -5.042594e+01 -3.000000e+01
    endloop
  endfacet
  facet normal -1.081197e-01  9.941378e-01  0.000000e+00
    outer loop
      vertex   2.734015e+00 -5.042594e+01 -3.400000e+01
      vertex   2.734015e+00 -5.042594e+01 -3.000000e+01
      vertex   8.169991e+00 -4.983474e+01 -3.400000e+01
    endloop
  endfacet
  facet normal -1.081197e-01  9.941378e-01  0.000000e+00
    outer loop
      vertex   8.169991e+00 -4.983474e+01 -3.400000e+01
      vertex   2.734015e+00 -5.042594e+01 -3.000000e+01
      vertex   8.169991e+00 -4.983474e+01 -3.000000e+01
    endloop
  endfacet
  facet normal -2.149698e-01  9.766207e-01  0.000000e+00
    outer loop
      vertex   8.169991e+00 -4.983474e+01 -3.400000e+01
      vertex   8.169991e+00 -4.983474e+01 -3.000000e+01
      vertex   1.351018e+01 -4.865928e+01 -3.400000e+01
    endloop
  endfacet
  facet normal -2.149698e-01  9.766207e-01  0.000000e+00
    outer loop
      vertex   1.351018e+01 -4.865928e+01 -3.400000e+01
      vertex   8.169991e+00 -4.983474e+01 -3.000000e+01
      vertex   1.351018e+01 -4.865928e+01 -3.000000e+01
    endloop
  endfacet
  facet normal -3.193025e-01  9.476528e-01  0.000000e+00
    outer loop
      vertex   1.351018e+01 -4.865928e+01 -3.400000e+01
      vertex   1.351018e+01 -4.865928e+01 -3.000000e+01
      vertex   1.869198e+01 -4.691332e+01 -3.400000e+01
    endloop
  endfacet
  facet normal -3.193025e-01  9.476528e-01  0.000000e+00
    outer loop
      vertex   1.869198e+01 -4.691332e+01 -3.400000e+01
      vertex   1.351018e+01 -4.865928e+01 -3.000000e+01
      vertex   1.869198e+01 -4.691332e+01 -3.000000e+01
    endloop
  endfacet
  facet normal -4.198893e-01  9.075754e-01  0.000000e+00
    outer loop
      vertex   1.869198e+01 -4.691332e+01 -3.400000e+01
      vertex   1.869198e+01 -4.691332e+01 -3.000000e+01
      vertex   2.365462e+01 -4.461736e+01 -3.400000e+01
    endloop
  endfacet
  facet normal -4.198893e-01  9.075754e-01  0.000000e+00
    outer loop
      vertex   2.365462e+01 -4.461736e+01 -3.400000e+01
      vertex   1.869198e+01 -4.691332e+01 -3.000000e+01
      vertex   2.365462e+01 -4.461736e+01 -3.000000e+01
    endloop
  endfacet
  facet normal -5.155534e-01  8.568575e-01  0.000000e+00
    outer loop
      vertex   2.365462e+01 -4.461736e+01 -3.400000e+01
      vertex   2.365462e+01 -4.461736e+01 -3.000000e+01
      vertex   2.833995e+01 -4.179829e+01 -3.400000e+01
    endloop
  endfacet
  facet normal -5.155534e-01  8.568575e-01  0.000000e+00
    outer loop
      vertex   2.833995e+01 -4.179829e+01 -3.400000e+01
      vertex   2.365462e+01 -4.461736e+01 -3.000000e+01
      vertex   2.833995e+01 -4.179829e+01 -3.000000e+01
    endloop
  endfacet
  facet normal -6.051739e-01  7.960933e-01  0.000000e+00
    outer loop
      vertex   2.833995e+01 -4.179829e+01 -3.400000e+01
      vertex   2.833995e+01 -4.179829e+01 -3.000000e+01
      vertex   3.269301e+01 -3.848919e+01 -3.400000e+01
    endloop
  endfacet
  facet normal -6.051739e-01  7.960933e-01  0.000000e+00
    outer loop
      vertex   3.269301e+01 -3.848919e+01 -3.400000e+01
      vertex   2.833995e+01 -4.179829e+01 -3.000000e+01
      vertex   3.269301e+01 -3.848919e+01 -3.000000e+01
    endloop
  endfacet
  facet normal -6.876998e-01  7.259952e-01  0.000000e+00
    outer loop
      vertex   3.269301e+01 -3.848919e+01 -3.400000e+01
      vertex   3.269301e+01 -3.848919e+01 -3.000000e+01
      vertex   3.666277e+01 -3.472882e+01 -3.400000e+01
    endloop
  endfacet
  facet normal -6.876998e-01  7.259952e-01  0.000000e+00
    outer loop
      vertex   3.666277e+01 -3.472882e+01 -3.400000e+01
      vertex   3.269301e+01 -3.848919e+01 -3.000000e+01
      vertex   3.666277e+01 -3.472882e+01 -3.000000e+01
    endloop
  endfacet
  facet normal -7.621623e-01  6.473860e-01  0.000000e+00
    outer loop
      vertex   3.666277e+01 -3.472882e+01 -3.400000e+01
      vertex   3.666277e+01 -3.472882e+01 -3.000000e+01
      vertex   4.020270e+01 -3.056130e+01 -3.400000e+01
    endloop
  endfacet
  facet normal -7.621623e-01  6.473860e-01  0.000000e+00
    outer loop
      vertex   4.020270e+01 -3.056130e+01 -3.400000e+01
      vertex   3.666277e+01 -3.472882e+01 -3.000000e+01
      vertex   4.020270e+01 -3.056130e+01 -3.000000e+01
    endloop
  endfacet
  facet normal -8.276885e-01  5.611879e-01  0.000000e+00
    outer loop
      vertex   4.020270e+01 -3.056130e+01 -3.400000e+01
      vertex   4.020270e+01 -3.056130e+01 -3.000000e+01
      vertex   4.327129e+01 -2.603547e+01 -3.400000e+01
    endloop
  endfacet
  facet normal -8.276885e-01  5.611879e-01  0.000000e+00
    outer loop
      vertex   4.327129e+01 -2.603547e+01 -3.400000e+01
      vertex   4.020270e+01 -3.056130e+01 -3.000000e+01
      vertex   4.327129e+01 -2.603547e+01 -3.000000e+01
    endloop
  endfacet
  facet normal -8.835124e-01  4.684078e-01  0.000000e+00
    outer loop
      vertex   4.327129e+01 -2.603547e+01 -3.400000e+01
      vertex   4.327129e+01 -2.603547e+01 -3.000000e+01
      vertex   4.583256e+01 -2.120440e+01 -3.400000e+01
    endloop
  endfacet
  facet normal -8.835124e-01  4.684078e-01  0.000000e+00
    outer loop
      vertex   4.583256e+01 -2.120440e+01 -3.400000e+01
      vertex   4.327129e+01 -2.603547e+01 -3.000000e+01
      vertex   4.583256e+01 -2.120440e+01 -3.000000e+01
    endloop
  endfacet
  facet normal -9.289768e-01  3.701381e-01  0.000000e+00
    outer loop
      vertex   4.583256e+01 -2.120440e+01 -3.400000e+01
      vertex   4.583256e+01 -2.120440e+01 -3.000000e+01
      vertex   4.785648e+01 -1.612473e+01 -3.400000e+01
    endloop
  endfacet
  facet normal -9.289768e-01  3.701381e-01  0.000000e+00
    outer loop
      vertex   4.785648e+01 -1.612473e+01 -3.400000e+01
      vertex   4.583256e+01 -2.120440e+01 -3.000000e+01
      vertex   4.785648e+01 -1.612473e+01 -3.000000e+01
    endloop
  endfacet
  facet normal -9.635498e-01  2.675289e-01  0.000000e+00
    outer loop
      vertex   4.785648e+01 -1.612473e+01 -3.400000e+01
      vertex   4.785648e+01 -1.612473e+01 -3.000000e+01
      vertex   4.931934e+01 -1.085601e+01 -3.400000e+01
    endloop
  endfacet
  facet normal -9.635498e-01  2.675289e-01  0.000000e+00
    outer loop
      vertex   4.931934e+01 -1.085601e+01 -3.400000e+01
      vertex   4.785648e+01 -1.612473e+01 -3.000000e+01
      vertex   4.931934e+01 -1.085601e+01 -3.000000e+01
    endloop
  endfacet
  facet normal -9.868265e-01  1.617819e-01  0.000000e+00
    outer loop
      vertex   4.931934e+01 -1.085601e+01 -3.400000e+01
      vertex   4.931934e+01 -1.085601e+01 -3.000000e+01
      vertex   5.020397e+01 -5.460010e+00 -3.400000e+01
    endloop
  endfacet
  facet normal -9.868265e-01  1.617819e-01  0.000000e+00
    outer loop
      vertex   5.020397e+01 -5.460010e+00 -3.400000e+01
      vertex   4.931934e+01 -1.085601e+01 -3.000000e+01
      vertex   5.020397e+01 -5.460010e+00 -3.000000e+01
    endloop
  endfacet
  facet normal  0.000000e+00 -0.000000e+00  1.000000e+00
    outer loop
      vertex   5.221240e+01 -5.487744e+00 -3.000000e+01
      vertex   5.250000e+01  0.000000e+00 -3.000000e+01
      vertex   5.050000e+01  0.000000e+00 -3.000000e+01
    endloop
  endfacet
  facet normal  0.000000e+00  0.000000e+00  1.000000e+00
    outer loop
      vertex   5.050000e+01  0.000000e+00 -3.000000e+01
      vertex   5.250000e+01  0.000000e+00 -3.000000e+01
      vertex   5.221240e+01  5.487744e+00 -3.000000e+01
    endloop
  endfacet
  facet normal  0.000000e+00 -0.000000e+00  1.000000e+00
    outer loop
      vertex   5.050000e+01  0.000000e+00 -3.000000e+01
      vertex   5.221240e+01  5.487744e+00 -3.000000e+01
      vertex   5.020397e+01  5.460010e+00 -3.000000e+01
    endloop
  endfacet
  facet normal  0.000000e+00  0.000000e+00  1.000000e+00
    outer loop
      vertex   5.020397e+01  5.460010e+00 -3.000000e+01
      vertex   5.221240e+01  5.487744e+00 -3.000000e+01
      vertex   5.135275e+01  1.091536e+01 -3.000000e+01
    endloop
  endfacet
  facet normal  0.000000e+00 -0.000000e+00  1.000000e+00
    outer loop
      vertex   5.020397e+01  5.460010e+00 -3.000000e+01
      vertex   5.135275e+01  1.091536e+01 -3.000000e+01
      vertex   4.931934e+01  1.085601e+01 -3.000000e+01
    endloop
  endfacet
  facet normal  0.000000e+00  0.000000e+00  1.000000e+00
    outer loop
      vertex   4.931934e+01  1.085601e+01 -3.000000e+01
      vertex   5.135275e+01  1.091536e+01 -3.000000e+01
      vertex   4.993047e+01  1.622339e+01 -3.000000e+01
    endloop
  endfacet
  facet normal  0.000000e+00 -0.000000e+00  1.000000e+00
    outer loop
      vertex   4.931934e+01  1.085601e+01 -3.000000e+01
      vertex   4.993047e+01  1.622339e+01 -3.000000e+01
      vertex   4.785648e+01  1.612473e+01 -3.000000e+01
    endloop
  endfacet
  facet normal  0.000000e+00  0.000000e+00  1.000000e+00
    outer loop
      vertex   4.785648e+01  1.612473e+01 -3.000000e+01
      vertex   4.993047e+01  1.622339e+01 -3.000000e+01
      vertex   4.796114e+01  2.135367e+01 -3.000000e+01
    endloop
  endfacet
  facet normal  0.000000e+00 -0.000000e+00  1.000000e+00
    outer loop
      vertex   4.785648e+01  1.612473e+01 -3.000000e+01
      vertex   4.796114e+01  2.135367e+01 -3.000000e+01
      vertex   4.583256e+01  2.120440e+01 -3.000000e+01
    endloop
  endfacet
  facet normal  0.000000e+00 -0.000000e+00  1.000000e+00
    outer loop
      vertex   4.583256e+01  2.120440e+01 -3.000000e+01
      vertex   4.796114e+01  2.135367e+01 -3.000000e+01
      vertex   4.546633e+01  2.625000e+01 -3.000000e+01
    endloop
  endfacet
  facet normal  0.000000e+00  0.000000e+00  1.000000e+00
    outer loop
      vertex   4.583256e+01  2.120440e+01 -3.000000e+01
      vertex   4.546633e+01  2.625000e+01 -3.000000e+01
      vertex   4.327129e+01  2.603547e+01 -3.000000e+01
    endloop
  endfacet
  facet normal  0.000000e+00 -0.000000e+00  1.000000e+00
    outer loop
      vertex   4.327129e+01  2.603547e+01 -3.000000e+01
      vertex   4.546633e+01  2.625000e+01 -3.000000e+01
      vertex   4.247339e+01  3.085873e+01 -3.000000e+01
    endloop
  endfacet
  facet normal  0.000000e+00  0.000000e+00  1.000000e+00
    outer loop
      vertex   4.327129e+01  2.603547e+01 -3.000000e+01
      vertex   4.247339e+01  3.085873e+01 -3.000000e+01
      vertex   4.020270e+01  3.056130e+01 -3.000000e+01
    endloop
  endfacet
  facet normal  0.000000e+00 -0.000000e+00  1.000000e+00
    outer loop
      vertex   4.020270e+01  3.056130e+01 -3.000000e+01
      vertex   4.247339e+01  3.085873e+01 -3.000000e+01
      vertex   3.901510e+01  3.512936e+01 -3.000000e+01
    endloop
  endfacet
  facet normal  0.000000e+00  0.000000e+00  1.000000e+00
    outer loop
      vertex   4.020270e+01  3.056130e+01 -3.000000e+01
      vertex   3.901510e+01  3.512936e+01 -3.000000e+01
      vertex   3.666277e+01  3.472882e+01 -3.000000e+01
    endloop
  endfacet
  facet normal  0.000000e+00 -0.000000e+00  1.000000e+00
    outer loop
      vertex   3.666277e+01  3.472882e+01 -3.000000e+01
      vertex   3.901510e+01  3.512936e+01 -3.000000e+01
      vertex   3.512936e+01  3.901510e+01 -3.000000e+01
    endloop
  endfacet
  facet normal  0.000000e+00  0.000000e+00  1.000000e+00
    outer loop
      vertex   3.666277e+01  3.472882e+01 -3.000000e+01
      vertex   3.512936e+01  3.901510e+01 -3.000000e+01
      vertex   3.269301e+01  3.848919e+01 -3.000000e+01
    endloop
  endfacet
  facet normal  0.000000e+00 -0.000000e+00  1.000000e+00
    outer loop
      vertex   3.269301e+01  3.848919e+01 -3.000000e+01
      vertex   3.512936e+01  3.901510e+01 -3.000000e+01
      vertex   3.085873e+01  4.247339e+01 -3.000000e+01
    endloop
  endfacet
  facet normal  0.000000e+00  0.000000e+00  1.000000e+00
    outer loop
      vertex   3.269301e+01  3.848919e+01 -3.000000e+01
      vertex   3.085873e+01  4.247339e+01 -3.000000e+01
      vertex   2.833995e+01  4.179829e+01 -3.000000e+01
    endloop
  endfacet
  facet normal  0.000000e+00 -0.000000e+00  1.000000e+00
    outer loop
      vertex   2.833995e+01  4.179829e+01 -3.000000e+01
      vertex   3.085873e+01  4.247339e+01 -3.000000e+01
      vertex   2.625000e+01  4.546633e+01 -3.000000e+01
    endloop
  endfacet
  facet normal  0.000000e+00  0.000000e+00  1.000000e+00
    outer loop
      vertex   2.833995e+01  4.179829e+01 -3.000000e+01
      vertex   2.625000e+01  4.546633e+01 -3.000000e+01
      vertex   2.365462e+01  4.461736e+01 -3.000000e+01
    endloop
  endfacet
  facet normal  0.000000e+00 -0.000000e+00  1.000000e+00
    outer loop
      vertex   2.365462e+01  4.461736e+01 -3.000000e+01
      vertex   2.625000e+01  4.546633e+01 -3.000000e+01
      vertex   2.135367e+01  4.796114e+01 -3.000000e+01
    endloop
  endfacet
  facet normal  0.000000e+00  0.000000e+00  1.000000e+00
    outer loop
      vertex   2.365462e+01  4.461736e+01 -3.000000e+01
      vertex   2.135367e+01  4.796114e+01 -3.000000e+01
      vertex   1.869198e+01  4.691332e+01 -3.000000e+01
    endloop
  endfacet
  facet normal  0.000000e+00 -0.000000e+00  1.000000e+00
    outer loop
      vertex   1.869198e+01  4.691332e+01 -3.000000e+01
      vertex   2.135367e+01  4.796114e+01 -3.000000e+01
      vertex   1.622339e+01  4.993047e+01 -3.000000e+01
    endloop
  endfacet
  facet normal  0.000000e+00  0.000000e+00  1.000000e+00
    outer loop
      vertex   1.869198e+01  4.691332e+01 -3.000000e+01
      vertex   1.622339e+01  4.993047e+01 -3.000000e+01
      vertex   1.351018e+01  4.865928e+01 -3.000000e+01
    endloop
  endfacet
  facet normal  0.000000e+00 -0.000000e+00  1.000000e+00
    outer loop
      vertex   1.351018e+01  4.865928e+01 -3.000000e+01
      vertex   1.622339e+01  4.993047e+01 -3.000000e+01
      vertex   1.091536e+01  5.135275e+01 -3.000000e+01
    endloop
  endfacet
  facet normal  0.000000e+00  0.000000e+00  1.000000e+00
    outer loop
      vertex   1.351018e+01  4.865928e+01 -3.000000e+01
      vertex   1.091536e+01  5.135275e+01 -3.000000e+01
      vertex   8.169991e+00  4.983474e+01 -3.000000e+01
    endloop
  endfacet
  facet normal  0.000000e+00 -0.000000e+00  1.000000e+00
    outer loop
      vertex   8.169991e+00  4.983474e+01 -3.000000e+01
      vertex   1.091536e+01  5.135275e+01 -3.000000e+01
      vertex   5.487744e+00  5.221240e+01 -3.000000e+01
    endloop
  endfacet
  facet normal  0.000000e+00  0.000000e+00  1.000000e+00
    outer loop
      vertex   8.169991e+00  4.983474e+01 -3.000000e+01
      vertex   5.487744e+00  5.221240e+01 -3.000000e+01
      vertex   2.734015e+00  5.042594e+01 -3.000000e+01
    endloop
  endfacet
  facet normal  0.000000e+00 -0.000000e+00  1.000000e+00
    outer loop
      vertex   2.734015e+00  5.042594e+01 -3.000000e+01
      vertex   5.487744e+00  5.221240e+01 -3.000000e+01
      vertex   0.000000e+00  5.250000e+01 -3.000000e+01
    endloop
  endfacet
  facet normal  0.000000e+00  0.000000e+00  1.000000e+00
    outer loop
      vertex   2.734015e+00  5.042594e+01 -3.000000e+01
      vertex   0.000000e+00  5.250000e+01 -3.000000e+01
      vertex  -2.734015e+00  5.042594e+01 -3.000000e+01
    endloop
  endfacet
  facet normal  0.000000e+00 -0.000000e+00  1.000000e+00
    outer loop
      vertex  -2.734015e+00  5.042594e+01 -3.000000e+01
      vertex   0.000000e+00  5.250000e+01 -3.000000e+01
      vertex  -5.487744e+00  5.221240e+01 -3.000000e+01
    endloop
  endfacet
  facet normal  0.000000e+00  0.000000e+00  1.000000e+00
    outer loop
      vertex  -2.734015e+00  5.042594e+01 -3.000000e+01
      vertex  -5.487744e+00  5.221240e+01 -3.000000e+01
      vertex  -8.169991e+00  4.983474e+01 -3.000000e+01
    endloop
  endfacet
  facet normal  0.000000e+00 -0.000000e+00  1.000000e+00
    outer loop
      vertex  -8.169991e+00  4.983474e+01 -3.000000e+01
      vertex  -5.487744e+00  5.221240e+01 -3.000000e+01
      vertex  -1.091536e+01  5.135275e+01 -3.000000e+01
    endloop
  endfacet
  facet normal  0.000000e+00  0.000000e+00  1.000000e+00
    outer loop
      vertex  -8.169991e+00  4.983474e+01 -3.000000e+01
      vertex  -1.091536e+01  5.135275e+01 -3.000000e+01
      vertex  -1.351018e+01  4.865928e+01 -3.000000e+01
    endloop
  endfacet
  facet normal  0.000000e+00 -0.000000e+00  1.000000e+00
    outer loop
      vertex  -1.351018e+01  4.865928e+01 -3.000000e+01
      vertex  -1.091536e+01  5.135275e+01 -3.000000e+01
      vertex  -1.622339e+01  4.993047e+01 -3.000000e+01
    endloop
  endfacet
  facet normal  0.000000e+00  0.000000e+00  1.000000e+00
    outer loop
      vertex  -1.351018e+01  4.865928e+01 -3.000000e+01
      vertex  -1.622339e+01  4.993047e+01 -3.000000e+01
      vertex  -1.869198e+01  4.691332e+01 -3.000000e+01
    endloop
  endfacet
  facet normal  0.000000e+00 -0.000000e+00  1.000000e+00
    outer loop
      vertex  -1.869198e+01  4.691332e+01 -3.000000e+01
      vertex  -1.622339e+01  4.993047e+01 -3.000000e+01
      vertex  -2.135367e+01  4.796114e+01 -3.000000e+01
    endloop
  endfacet
  facet normal  0.000000e+00  0.000000e+00  1.000000e+00
    outer loop
      vertex  -1.869198e+01  4.691332e+01 -3.000000e+01
      vertex  -2.135367e+01  4.796114e+01 -3.000000e+01
      vertex  -2.365462e+01  4.461736e+01 -3.000000e+01
    endloop
  endfacet
  facet normal  0.000000e+00 -0.000000e+00  1.000000e+00
    outer loop
      vertex  -2.365462e+01  4.461736e+01 -3.000000e+01
      vertex  -2.135367e+01  4.796114e+01 -3.000000e+01
      vertex  -2.625000e+01  4.546633e+01 -3.000000e+01
    endloop
  endfacet
  facet normal  0.000000e+00  0.000000e+00  1.000000e+00
    outer loop
      vertex  -2.365462e+01  4.461736e+01 -3.000000e+01
      vertex  -2.625000e+01  4.546633e+01 -3.000000e+01
      vertex  -2.833995e+01  4.179829e+01 -3.000000e+01
    endloop
  endfacet
  facet normal  0.000000e+00 -0.000000e+00  1.000000e+00
    outer loop
      vertex  -2.833995e+01  4.179829e+01 -3.000000e+01
      vertex  -2.625000e+01  4.546633e+01 -3.000000e+01
      vertex  -3.085873e+01  4.247339e+01 -3.000000e+01
    endloop
  endfacet
  facet normal  0.000000e+00  0.000000e+00  1.000000e+00
    outer loop
      vertex  -2.833995e+01  4.179829e+01 -3.000000e+01
      vertex  -3.085873e+01  4.247339e+01 -3.000000e+01
      vertex  -3.269301e+01  3.848919e+01 -3.000000e+01
    endloop
  endfacet
  facet normal  0.000000e+00 -0.000000e+00  1.000000e+00
    outer loop
      vertex  -3.269301e+01  3.848919e+01 -3.000000e+01
      vertex  -3.085873e+01  4.247339e+01 -3.000000e+01
      vertex  -3.512936e+01  3.901510e+01 -3.000000e+01
    endloop
  endfacet
  facet normal  0.000000e+00  0.000000e+00  1.000000e+00
    outer loop
      vertex  -3.269301e+01  3.848919e+01 -3.000000e+01
      vertex  -3.512936e+01  3.901510e+01 -3.000000e+01
      vertex  -3.666277e+01  3.472882e+01 -3.000000e+01
    endloop
  endfacet
  facet normal  0.000000e+00 -0.000000e+00  1.000000e+00
    outer loop
      vertex  -3.666277e+01  3.472882e+01 -3.000000e+01
      vertex  -3.512936e+01  3.901510e+01 -3.000000e+01
      vertex  -3.901510e+01  3.512936e+01 -3.000000e+01
    endloop
  endfacet
  facet normal  0.000000e+00  0.000000e+00  1.000000e+00
    outer loop
      vertex  -3.666277e+01  3.472882e+01 -3.000000e+01
      vertex  -3.901510e+01  3.512936e+01 -3.000000e+01
      vertex  -4.020270e+01  3.056130e+01 -3.000000e+01
    endloop
  endfacet
  facet normal  0.000000e+00 -0.000000e+00  1.000000e+00
    outer loop
      vertex  -4.020270e+01  3.056130e+01 -3.000000e+01
      vertex  -3.901510e+01  3.512936e+01 -3.000000e+01
      vertex  -4.247339e+01  3.085873e+01 -3.000000e+01
    endloop
  endfacet
  facet normal  0.000000e+00  0.000000e+00  1.000000e+00
    outer loop
      vertex  -4.020270e+01  3.056130e+01 -3.000000e+01
      vertex  -4.247339e+01  3.085873e+01 -3.000000e+01
      vertex  -4.327129e+01  2.603547e+01 -3.000000e+01
    endloop
  endfacet
  facet normal  0.000000e+00 -0.000000e+00  1.000000e+00
    outer loop
      vertex  -4.327129e+01  2.603547e+01 -3.000000e+01
      vertex  -4.247339e+01  3.085873e+01 -3.000000e+01
      vertex  -4.546633e+01  2.625000e+01 -3.000000e+01
    endloop
  endfacet
  facet normal  0.000000e+00  0.000000e+00  1.000000e+00
    outer loop
      vertex  -4.327129e+01  2.603547e+01 -3.000000e+01
      vertex  -4.546633e+01  2.625000e+01 -3.000000e+01
      vertex  -4.583256e+01  2.120440e+01 -3.000000e+01
    endloop
  endfacet
  facet normal  0.000000e+00 -0.000000e+00  1.000000e+00
    outer loop
      vertex  -4.583256e+01  2.120440e+01 -3.000000e+01
      vertex  -4.546633e+01  2.625000e+01 -3.000000e+01
      vertex  -4.796114e+01  2.135367e+01 -3.000000e+01
    endloop
  endfacet
  facet normal  0.000000e+00  0.000000e+00  1.000000e+00
    outer loop
      vertex  -4.583256e+01  2.120440e+01 -3.000000e+01
      vertex  -4.796114e+01  2.135367e+01 -3.000000e+01
      vertex  -4.785648e+01  1.612473e+01 -3.000000e+01
    endloop
  endfacet
  facet normal  0.000000e+00  0.000000e+00  1.000000e+00
    outer loop
      vertex  -4.785648e+01  1.612473e+01 -3.000000e+01
      vertex  -4.796114e+01  2.135367e+01 -3.000000e+01
      vertex  -4.993047e+01  1.622339e+01 -3.000000e+01
    endloop
  endfacet
  facet normal  0.000000e+00  0.000000e+00  1.000000e+00
    outer loop
      vertex  -4.785648e+01  1.612473e+01 -3.000000e+01
      vertex  -4.993047e+01  1.622339e+01 -3.000000e+01
      vertex  -4.931934e+01  1.085601e+01 -3.000000e+01
    endloop
  endfacet
  facet normal  0.000000e+00  0.000000e+00  1.000000e+00
    outer loop
      vertex  -4.931934e+01  1.085601e+01 -3.000000e+01
      vertex  -4.993047e+01  1.622339e+01 -3.000000e+01
      vertex  -5.135275e+01  1.091536e+01 -3.000000e+01
    endloop
  endfacet
  facet normal  0.000000e+00  0.000000e+00  1.000000e+00
    outer loop
      vertex  -4.931934e+01  1.085601e+01 -3.000000e+01
      vertex  -5.135275e+01  1.091536e+01 -3.000000e+01
      vertex  -5.020397e+01  5.460010e+00 -3.000000e+01
    endloop
  endfacet
  facet normal  0.000000e+00  0.000000e+00  1.000000e+00
    outer loop
      vertex  -5.020397e+01  5.460010e+00 -3.000000e+01
      vertex  -5.135275e+01  1.091536e+01 -3.000000e+01
      vertex  -5.221240e+01  5.487744e+00 -3.000000e+01
    endloop
  endfacet
  facet normal  0.000000e+00  0.000000e+00  1.000000e+00
    outer loop
      vertex  -5.020397e+01  5.460010e+00 -3.000000e+01
      vertex  -5.221240e+01  5.487744e+00 -3.000000e+01
      vertex  -5.050000e+01  0.000000e+00 -3.000000e+01
    endloop
  endfacet
  facet normal  0.000000e+00  0.000000e+00  1.000000e+00
    outer loop
      vertex  -5.050000e+01  0.000000e+00 -3.000000e+01
      vertex  -5.221240e+01  5.487744e+00 -3.000000e+01
      vertex  -5.250000e+01  0.000000e+00 -3.000000e+01
    endloop
  endfacet
  facet normal  0.000000e+00  0.000000e+00  1.000000e+00
    outer loop
      vertex  -5.050000e+01  0.000000e+00 -3.000000e+01
      vertex  -5.250000e+01  0.000000e+00 -3.000000e+01
      vertex  -5.221240e+01 -5.487744e+00 -3.000000e+01
    endloop
  endfacet
  facet normal  0.000000e+00  0.000000e+00  1.000000e+00
    outer loop
      vertex  -5.050000e+01  0.000000e+00 -3.000000e+01
      vertex  -5.221240e+01 -5.487744e+00 -3.000000e+01
      vertex  -5.020397e+01 -5.460010e+00 -3.000000e+01
    endloop
  endfacet
  facet normal  0.000000e+00  0.000000e+00  1.000000e+00
    outer loop
      vertex  -5.020397e+01 -5.460010e+00 -3.000000e+01
      vertex  -5.221240e+01 -5.487744e+00 -3.000000e+01
      vertex  -5.135275e+01 -1.091536e+01 -3.000000e+01
    endloop
  endfacet
  facet normal  0.000000e+00  0.000000e+00  1.000000e+00
    outer loop
      vertex  -5.020397e+01 -5.460010e+00 -3.000000e+01
      vertex  -5.135275e+01 -1.091536e+01 -3.000000e+01
      vertex  -4.931934e+01 -1.085601e+01 -3.000000e+01
    endloop
  endfacet
  facet normal  0.000000e+00  0.000000e+00  1.000000e+00
    outer loop
      vertex  -4.931934e+01 -1.085601e+01 -3.000000e+01
      vertex  -5.135275e+01 -1.091536e+01 -3.000000e+01
      vertex  -4.993047e+01 -1.622339e+01 -3.000000e+01
    endloop
  endfacet
  facet normal  0.000000e+00  0.000000e+00  1.000000e+00
    outer loop
      vertex  -4.931934e+01 -1.085601e+01 -3.000000e+01
      vertex  -4.993047e+01 -1.622339e+01 -3.000000e+01
      vertex  -4.785648e+01 -1.612473e+01 -3.000000e+01
    endloop
  endfacet
  facet normal  0.000000e+00  0.000000e+00  1.000000e+00
    outer loop
      vertex  -4.785648e+01 -1.612473e+01 -3.000000e+01
      vertex  -4.993047e+01 -1.622339e+01 -3.000000e+01
      vertex  -4.796114e+01 -2.135367e+01 -3.000000e+01
    endloop
  endfacet
  facet normal  0.000000e+00  0.000000e+00  1.000000e+00
    outer loop
      vertex  -4.785648e+01 -1.612473e+01 -3.000000e+01
      vertex  -4.796114e+01 -2.135367e+01 -3.000000e+01
      vertex  -4.583256e+01 -2.120440e+01 -3.000000e+01
    endloop
  endfacet
  facet normal  0.000000e+00  0.000000e+00  1.000000e+00
    outer loop
      vertex  -4.583256e+01 -2.120440e+01 -3.000000e+01
      vertex  -4.796114e+01 -2.135367e+01 -3.000000e+01
      vertex  -4.546633e+01 -2.625000e+01 -3.000000e+01
    endloop
  endfacet
  facet normal  0.000000e+00  0.000000e+00  1.000000e+00
    outer loop
      vertex  -4.583256e+01 -2.120440e+01 -3.000000e+01
      vertex  -4.546633e+01 -2.625000e+01 -3.000000e+01
      vertex  -4.327129e+01 -2.603547e+01 -3.000000e+01
    endloop
  endfacet
  facet normal  0.000000e+00  0.000000e+00  1.000000e+00
    outer loop
      vertex  -4.327129e+01 -2.603547e+01 -3.000000e+01
      vertex  -4.546633e+01 -2.625000e+01 -3.000000e+01
      vertex  -4.247339e+01 -3.085873e+01 -3.000000e+01
    endloop
  endfacet
  facet normal  0.000000e+00  0.000000e+00  1.000000e+00
    outer loop
      vertex  -4.327129e+01 -2.603547e+01 -3.000000e+01
      vertex  -4.247339e+01 -3.085873e+01 -3.000000e+01
      vertex  -4.020270e+01 -3.056130e+01 -3.000000e+01
    endloop
  endfacet
  facet normal  0.000000e+00  0.000000e+00  1.000000e+00
    outer loop
      vertex  -4.020270e+01 -3.056130e+01 -3.000000e+01
      vertex  -4.247339e+01 -3.085873e+01 -3.000000e+01
      vertex  -3.901510e+01 -3.512936e+01 -3.000000e+01
    endloop
  endfacet
  facet normal  0.000000e+00  0.000000e+00  1.000000e+00
    outer loop
      vertex  -4.020270e+01 -3.056130e+01 -3.000000e+01
      vertex  -3.901510e+01 -3.512936e+01 -3.000000e+01
      vertex  -3.666277e+01 -3.472882e+01 -3.000000e+01
    endloop
  endfacet
  facet normal  0.000000e+00  0.000000e+00  1.000000e+00
    outer loop
      vertex  -3.666277e+01 -3.472882e+01 -3.000000e+01
      vertex  -3.901510e+01 -3.512936e+01 -3.000000e+01
      vertex  -3.512936e+01 -3.901510e+01 -3.000000e+01
    endloop
  endfacet
  facet normal  0.000000e+00  0.000000e+00  1.000000e+00
    outer loop
      vertex  -3.666277e+01 -3.472882e+01 -3.000000e+01
      vertex  -3.512936e+01 -3.901510e+01 -3.000000e+01
      vertex  -3.269301e+01 -3.848919e+01 -3.000000e+01
    endloop
  endfacet
  facet normal  0.000000e+00  0.000000e+00  1.000000e+00
    outer loop
      vertex  -3.269301e+01 -3.848919e+01 -3.000000e+01
      vertex  -3.512936e+01 -3.901510e+01 -3.000000e+01
      vertex  -3.085873e+01 -4.247339e+01 -3.000000e+01
    endloop
  endfacet
  facet normal  0.000000e+00  0.000000e+00  1.000000e+00
    outer loop
      vertex  -3.269301e+01 -3.848919e+01 -3.000000e+01
      vertex  -3.085873e+01 -4.247339e+01 -3.000000e+01
      vertex  -2.833995e+01 -4.179829e+01 -3.000000e+01
    endloop
  endfacet
  facet normal  0.000000e+00  0.000000e+00  1.000000e+00
    outer loop
      vertex  -2.833995e+01 -4.179829e+01 -3.000000e+01
      vertex  -3.085873e+01 -4.247339e+01 -3.000000e+01
      vertex  -2.625000e+01 -4.546633e+01 -3.000000e+01
    endloop
  endfacet
  facet normal  0.000000e+00  0.000000e+00  1.000000e+00
    outer loop
      vertex  -2.833995e+01 -4.179829e+01 -3.000000e+01
      vertex  -2.625000e+01 -4.546633e+01 -3.000000e+01
      vertex  -2.365462e+01 -4.461736e+01 -3.000000e+01
    endloop
  endfacet
  facet normal  0.000000e+00  0.000000e+00  1.000000e+00
    outer loop
      vertex  -2.365462e+01 -4.461736e+01 -3.000000e+01
      vertex  -2.625000e+01 -4.546633e+01 -3.000000e+01
      vertex  -2.135367e+01 -4.796114e+01 -3.000000e+01
    endloop
  endfacet
  facet normal  0.000000e+00  0.000000e+00  1.000000e+00
    outer loop
      vertex  -2.365462e+01 -4.461736e+01 -3.000000e+01
      vertex  -2.135367e+01 -4.796114e+01 -3.000000e+01
      vertex  -1.869198e+01 -4.691332e+01 -3.000000e+01
    endloop
  endfacet
  facet normal  0.000000e+00  0.000000e+00  1.000000e+00
    outer loop
      vertex  -1.869198e+01 -4.691332e+01 -3.000000e+01
      vertex  -2.135367e+01 -4.796114e+01 -3.000000e+01
      vertex  -1.622339e+01 -4.993047e+01 -3.000000e+01
    endloop
  endfacet
  facet normal  0.000000e+00  0.000000e+00  1.000000e+00
    outer loop
      vertex  -1.869198e+01 -4.691332e+01 -3.000000e+01
      vertex  -1.622339e+01 -4.993047e+01 -3.000000e+01
      vertex  -1.351018e+01 -4.865928e+01 -3.000000e+01
    endloop
  endfacet
  facet normal  0.000000e+00  0.000000e+00  1.000000e+00
    outer loop
      vertex  -1.351018e+01 -4.865928e+01 -3.000000e+01
      vertex  -1.622339e+01 -4.993047e+01 -3.000000e+01
      vertex  -1.091536e+01 -5.135275e+01 -3.000000e+01
    endloop
  endfacet
  facet normal  0.000000e+00  0.000000e+00  1.000000e+00
    outer loop
      vertex  -1.351018e+01 -4.865928e+01 -3.000000e+01
      vertex  -1.091536e+01 -5.135275e+01 -3.000000e+01
      vertex  -8.169991e+00 -4.983474e+01 -3.000000e+01
    endloop
  endfacet
  facet normal  0.000000e+00  0.000000e+00  1.000000e+00
    outer loop
      vertex  -8.169991e+00 -4.983474e+01 -3.000000e+01
      vertex  -1.091536e+01 -5.135275e+01 -3.000000e+01
      vertex  -5.487744e+00 -5.221240e+01 -3.000000e+01
    endloop
  endfacet
  facet normal  0.000000e+00  0.000000e+00  1.000000e+00
    outer loop
      vertex  -8.169991e+00 -4.983474e+01 -3.000000e+01
      vertex  -5.487744e+00 -5.221240e+01 -3.000000e+01
      vertex  -2.734015e+00 -5.042594e+01 -3.000000e+01
    endloop
  endfacet
  facet normal  0.000000e+00  0.000000e+00  1.000000e+00
    outer loop
      vertex  -2.734015e+00 -5.042594e+01 -3.000000e+01
      vertex  -5.487744e+00 -5.221240e+01 -3.000000e+01
      vertex   0.000000e+00 -5.250000e+01 -3.000000e+01
    endloop
  endfacet
  facet normal -0.000000e+00  0.000000e+00  1.000000e+00
    outer loop
      vertex  -2.734015e+00 -5.042594e+01 -3.000000e+01
      vertex   0.000000e+00 -5.250000e+01 -3.000000e+01
      vertex   2.734015e+00 -5.042594e+01 -3.000000e+01
    endloop
  endfacet
  facet normal  0.000000e+00  0.000000e+00  1.000000e+00
    outer loop
      vertex   2.734015e+00 -5.042594e+01 -3.000000e+01
      vertex   0.000000e+00 -5.250000e+01 -3.000000e+01
      vertex   5.487744e+00 -5.221240e+01 -3.000000e+01
    endloop
  endfacet
  facet normal -0.000000e+00  0.000000e+00  1.000000e+00
    outer loop
      vertex   2.734015e+00 -5.042594e+01 -3.000000e+01
      vertex   5.487744e+00 -5.221240e+01 -3.000000e+01
      vertex   8.169991e+00 -4.983474e+01 -3.000000e+01
    endloop
  endfacet
  facet normal  0.000000e+00  0.000000e+00  1.000000e+00
    outer loop
      vertex   8.169991e+00 -4.983474e+01 -3.000000e+01
      vertex   5.487744e+00 -5.221240e+01 -3.000000e+01
      vertex   1.091536e+01 -5.135275e+01 -3.000000e+01
    endloop
  endfacet
  facet normal -0.000000e+00  0.000000e+00  1.000000e+00
    outer loop
      vertex   8.169991e+00 -4.983474e+01 -3.000000e+01
      vertex   1.091536e+01 -5.135275e+01 -3.000000e+01
      vertex   1.351018e+01 -4.865928e+01 -3.000000e+01
    endloop
  endfacet
  facet normal  0.000000e+00  0.000000e+00  1.000000e+00
    outer loop
      vertex   1.351018e+01 -4.865928e+01 -3.000000e+01
      vertex   1.091536e+01 -5.135275e+01 -3.000000e+01
      vertex   1.622339e+01 -4.993047e+01 -3.000000e+01
    endloop
  endfacet
  facet normal -0.000000e+00  0.000000e+00  1.000000e+00
    outer loop
      vertex   1.351018e+01 -4.865928e+01 -3.000000e+01
      vertex   1.622339e+01 -4.993047e+01 -3.000000e+01
      vertex   1.869198e+01 -4.691332e+01 -3.000000e+01
    endloop
  endfacet
  facet normal  0.000000e+00  0.000000e+00  1.000000e+00
    outer loop
      vertex   1.869198e+01 -4.691332e+01 -3.000000e+01
      vertex   1.622339e+01 -4.993047e+01 -3.000000e+01
      vertex   2.135367e+01 -4.796114e+01 -3.000000e+01
    endloop
  endfacet
  facet normal -0.000000e+00  0.000000e+00  1.000000e+00
    outer loop
      vertex   1.869198e+01 -4.691332e+01 -3.000000e+01
      vertex   2.135367e+01 -4.796114e+01 -3.000000e+01
      vertex   2.365462e+01 -4.461736e+01 -3.000000e+01
    endloop
  endfacet
  facet normal  0.000000e+00  0.000000e+00  1.000000e+00
    outer loop
      vertex   2.365462e+01 -4.461736e+01 -3.000000e+01
      vertex   2.135367e+01 -4.796114e+01 -3.000000e+01
      vertex   2.625000e+01 -4.546633e+01 -3.000000e+01
    endloop
  endfacet
  facet normal -0.000000e+00  0.000000e+00  1.000000e+00
    outer loop
      vertex   2.365462e+01 -4.461736e+01 -3.000000e+01
      vertex   2.625000e+01 -4.546633e+01 -3.000000e+01
      vertex   2.833995e+01 -4.179829e+01 -3.000000e+01
    endloop
  endfacet
  facet normal  0.000000e+00  0.000000e+00  1.000000e+00
    outer loop
      vertex   2.833995e+01 -4.179829e+01 -3.000000e+01
      vertex   2.625000e+01 -4.546633e+01 -3.000000e+01
      vertex   3.085873e+01 -4.247339e+01 -3.000000e+01
    endloop
  endfacet
  facet normal -0.000000e+00  0.000000e+00  1.000000e+00
    outer loop
      vertex   2.833995e+01 -4.179829e+01 -3.000000e+01
      vertex   3.085873e+01 -4.247339e+01 -3.000000e+01
      vertex   3.269301e+01 -3.848919e+01 -3.000000e+01
    endloop
  endfacet
  facet normal  0.000000e+00  0.000000e+00  1.000000e+00
    outer loop
      vertex   3.269301e+01 -3.848919e+01 -3.000000e+01
      vertex   3.085873e+01 -4.247339e+01 -3.000000e+01
      vertex   3.512936e+01 -3.901510e+01 -3.000000e+01
    endloop
  endfacet
  facet normal -0.000000e+00  0.000000e+00  1.000000e+00
    outer loop
      vertex   3.269301e+01 -3.848919e+01 -3.000000e+01
      vertex   3.512936e+01 -3.901510e+01 -3.000000e+01
      vertex   3.666277e+01 -3.472882e+01 -3.000000e+01
    endloop
  endfacet
  facet normal  0.000000e+00  0.000000e+00  1.000000e+00
    outer loop
      vertex   3.666277e+01 -3.472882e+01 -3.000000e+01
      vertex   3.512936e+01 -3.901510e+01 -3.000000e+01
      vertex   3.901510e+01 -3.512936e+01 -3.000000e+01
    endloop
  endfacet
  facet normal -0.000000e+00  0.000000e+00  1.000000e+00
    outer loop
      vertex   3.666277e+01 -3.472882e+01 -3.000000e+01
      vertex   3.901510e+01 -3.512936e+01 -3.000000e+01
      vertex   4.020270e+01 -3.056130e+01 -3.000000e+01
    endloop
  endfacet
  facet normal  0.000000e+00  0.000000e+00  1.000000e+00
    outer loop
      vertex   4.020270e+01 -3.056130e+01 -3.000000e+01
      vertex   3.901510e+01 -3.512936e+01 -3.000000e+01
      vertex   4.247339e+01 -3.085873e+01 -3.000000e+01
    endloop
  endfacet
  facet normal -0.000000e+00  0.000000e+00  1.000000e+00
    outer loop
      vertex   4.020270e+01 -3.056130e+01 -3.000000e+01
      vertex   4.247339e+01 -3.085873e+01 -3.000000e+01
      vertex   4.327129e+01 -2.603547e+01 -3.000000e+01
    endloop
  endfacet
  facet normal  0.000000e+00  0.000000e+00  1.000000e+00
    outer loop
      vertex   4.327129e+01 -2.603547e+01 -3.000000e+01
      vertex   4.247339e+01 -3.085873e+01 -3.000000e+01
      vertex   4.546633e+01 -2.625000e+01 -3.000000e+01
    endloop
  endfacet
  facet normal -0.000000e+00  0.000000e+00  1.000000e+00
    outer loop
      vertex   4.327129e+01 -2.603547e+01 -3.000000e+01
      vertex   4.546633e+01 -2.625000e+01 -3.000000e+01
      vertex   4.583256e+01 -2.120440e+01 -3.000000e+01
    endloop
  endfacet
  facet normal  0.000000e+00  0.000000e+00  1.000000e+00
    outer loop
      vertex   4.583256e+01 -2.120440e+01 -3.000000e+01
      vertex   4.546633e+01 -2.625000e+01 -3.000000e+01
      vertex   4.796114e+01 -2.135367e+01 -3.000000e+01
    endloop
  endfacet
  facet normal -0.000000e+00  0.000000e+00  1.000000e+00
    outer loop
      vertex   4.583256e+01 -2.120440e+01 -3.000000e+01
      vertex   4.796114e+01 -2.135367e+01 -3.000000e+01
      vertex   4.785648e+01 -1.612473e+01 -3.000000e+01
    endloop
  endfacet
  facet normal  0.000000e+00  0.000000e+00  1.000000e+00
    outer loop
      vertex   4.785648e+01 -1.612473e+01 -3.000000e+01
      vertex   4.796114e+01 -2.135367e+01 -3.000000e+01
      vertex   4.993047e+01 -1.622339e+01 -3.000000e+01
    endloop
  endfacet
  facet normal -0.000000e+00  0.000000e+00  1.000000e+00
    outer loop
      vertex   4.785648e+01 -1.612473e+01 -3.000000e+01
      vertex   4.993047e+01 -1.622339e+01 -3.000000e+01
      vertex   4.931934e+01 -1.085601e+01 -3.000000e+01
    endloop
  endfacet
  facet normal  0.000000e+00  0.000000e+00  1.000000e+00
    outer loop
      vertex   4.931934e+01 -1.085601e+01 -3.000000e+01
      vertex   4.993047e+01 -1.622339e+01 -3.000000e+01
      vertex   5.135275e+01 -1.091536e+01 -3.000000e+01
    endloop
  endfacet
  facet normal -0.000000e+00  0.000000e+00  1.000000e+00
    outer loop
      vertex   4.931934e+01 -1.085601e+01 -3.000000e+01
      vertex   5.135275e+01 -1.091536e+01 -3.000000e+01
      vertex   5.020397e+01 -5.460010e+00 -3.000000e+01
    endloop
  endfacet
  facet normal  0.000000e+00  0.000000e+00  1.000000e+00
    outer loop
      vertex   5.020397e+01 -5.460010e+00 -3.000000e+01
      vertex   5.135275e+01 -1.091536e+01 -3.000000e+01
      vertex   5.221240e+01 -5.487744e+00 -3.000000e+01
    endloop
  endfacet
  facet normal -0.000000e+00  0.000000e+00  1.000000e+00
    outer loop
      vertex   5.020397e+01 -5.460010e+00 -3.000000e+01
      vertex   5.221240e+01 -5.487744e+00 -3.000000e+01
      vertex   5.050000e+01  0.000000e+00 -3.000000e+01
    endloop
  endfacet
  facet normal  0.000000e+00 -0.000000e+00 -1.000000e+00
    outer loop
      vertex   5.221240e+01  5.487744e+00 -3.400000e+01
      vertex   5.250000e+01  0.000000e+00 -3.400000e+01
      vertex   5.050000e+01  0.000000e+00 -3.400000e+01
    endloop
  endfacet
  facet normal  0.000000e+00  0.000000e+00 -1.000000e+00
    outer loop
      vertex   5.050000e+01  0.000000e+00 -3.400000e+01
      vertex   5.250000e+01  0.000000e+00 -3.400000e+01
      vertex   5.221240e+01 -5.487744e+00 -3.400000e+01
    endloop
  endfacet
  facet normal  0.000000e+00 -0.000000e+00 -1.000000e+00
    outer loop
      vertex   5.050000e+01  0.000000e+00 -3.400000e+01
      vertex   5.221240e+01 -5.487744e+00 -3.400000e+01
      vertex   5.020397e+01 -5.460010e+00 -3.400000e+01
    endloop
  endfacet
  facet normal  0.000000e+00  0.000000e+00 -1.000000e+00
    outer loop
      vertex   5.020397e+01 -5.460010e+00 -3.400000e+01
      vertex   5.221240e+01 -5.487744e+00 -3.400000e+01
      vertex   5.135275e+01 -1.091536e+01 -3.400000e+01
    endloop
  endfacet
  facet normal  0.000000e+00 -0.000000e+00 -1.000000e+00
    outer loop
      vertex   5.020397e+01 -5.460010e+00 -3.400000e+01
      vertex   5.135275e+01 -1.091536e+01 -3.400000e+01
      vertex   4.931934e+01 -1.085601e+01 -3.400000e+01
    endloop
  endfacet
  facet normal  0.000000e+00  0.000000e+00 -1.000000e+00
    outer loop
      vertex   4.931934e+01 -1.085601e+01 -3.400000e+01
      vertex   5.135275e+01 -1.091536e+01 -3.400000e+01
      vertex   4.993047e+01 -1.622339e+01 -3.400000e+01
    endloop
  endfacet
  facet normal  0.000000e+00 -0.000000e+00 -1.000000e+00
    outer loop
      vertex   4.931934e+01 -1.085601e+01 -3.400000e+01
      vertex   4.993047e+01 -1.622339e+01 -3.400000e+01
      vertex   4.785648e+01 -1.612473e+01 -3.400000e+01
    endloop
  endfacet
  facet normal  0.000000e+00  0.000000e+00 -1.000000e+00
    outer loop
      vertex   4.785648e+01 -1.612473e+01 -3.400000e+01
      vertex   4.993047e+01 -1.622339e+01 -3.400000e+01
      vertex   4.796114e+01 -2.135367e+01 -3.400000e+01
    endloop
  endfacet
  facet normal  0.000000e+00 -0.000000e+00 -1.000000e+00
    outer loop
      vertex   4.785648e+01 -1.612473e+01 -3.400000e+01
      vertex   4.796114e+01 -2.135367e+01 -3.400000e+01
      vertex   4.583256e+01 -2.120440e+01 -3.400000e+01
    endloop
  endfacet
  facet normal  0.000000e+00 -0.000000e+00 -1.000000e+00
    outer loop
      vertex   4.583256e+01 -2.120440e+01 -3.400000e+01
      vertex   4.796114e+01 -2.135367e+01 -3.400000e+01
      vertex   4.546633e+01 -2.625000e+01 -3.400000e+01
    endloop
  endfacet
  facet normal  0.000000e+00  0.000000e+00 -1.000000e+00
    outer loop
      vertex   4.583256e+01 -2.120440e+01 -3.400000e+01
      vertex   4.546633e+01 -2.625000e+01 -3.400000e+01
      vertex   4.327129e+01 -2.603547e+01 -3.400000e+01
    endloop
  endfacet
  facet normal  0.000000e+00 -0.000000e+00 -1.000000e+00
    outer loop
      vertex   4.327129e+01 -2.603547e+01 -3.400000e+01
      vertex   4.546633e+01 -2.625000e+01 -3.400000e+01
      vertex   4.247339e+01 -3.085873e+01 -3.400000e+01
    endloop
  endfacet
  facet normal  0.000000e+00  0.000000e+00 -1.000000e+00
    outer loop
      vertex   4.327129e+01 -2.603547e+01 -3.400000e+01
      vertex   4.247339e+01 -3.085873e+01 -3.400000e+01
      vertex   4.020270e+01 -3.056130e+01 -3.400000e+01
    endloop
  endfacet
  facet normal  0.000000e+00 -0.000000e+00 -1.000000e+00
    outer loop
      vertex   4.020270e+01 -3.056130e+01 -3.400000e+01
      vertex   4.247339e+01 -3.085873e+01 -3.400000e+01
      vertex   3.901510e+01 -3.512936e+01 -3.400000e+01
    endloop
  endfacet
  facet normal  0.000000e+00  0.000000e+00 -1.000000e+00
    outer loop
      vertex   4.020270e+01 -3.056130e+01 -3.400000e+01
      vertex   3.901510e+01 -3.512936e+01 -3.400000e+01
      vertex   3.666277e+01 -3.472882e+01 -3.400000e+01
    endloop
  endfacet
  facet normal  0.000000e+00 -0.000000e+00 -1.000000e+00
    outer loop
      vertex   3.666277e+01 -3.472882e+01 -3.400000e+01
      vertex   3.901510e+01 -3.512936e+01 -3.400000e+01
      vertex   3.512936e+01 -3.901510e+01 -3.400000e+01
    endloop
  endfacet
  facet normal  0.000000e+00  0.000000e+00 -1.000000e+00
    outer loop
      vertex   3.666277e+01 -3.472882e+01 -3.400000e+01
      vertex   3.512936e+01 -3.901510e+01 -3.400000e+01
      vertex   3.269301e+01 -3.848919e+01 -3.400000e+01
    endloop
  endfacet
  facet normal  0.000000e+00 -0.000000e+00 -1.000000e+00
    outer loop
      vertex   3.269301e+01 -3.848919e+01 -3.400000e+01
      vertex   3.512936e+01 -3.901510e+01 -3.400000e+01
      vertex   3.085873e+01 -4.247339e+01 -3.400000e+01
    endloop
  endfacet
  facet normal  0.000000e+00  0.000000e+00 -1.000000e+00
    outer loop
      vertex   3.269301e+01 -3.848919e+01 -3.400000e+01
      vertex   3.085873e+01 -4.247339e+01 -3.400000e+01
      vertex   2.833995e+01 -4.179829e+01 -3.400000e+01
    endloop
  endfacet
  facet normal  0.000000e+00 -0.000000e+00 -1.000000e+00
    outer loop
      vertex   2.833995e+01 -4.179829e+01 -3.400000e+01
      vertex   3.085873e+01 -4.247339e+01 -3.400000e+01
      vertex   2.625000e+01 -4.546633e+01 -3.400000e+01
    endloop
  endfacet
  facet normal  0.000000e+00  0.000000e+00 -1.000000e+00
    outer loop
      vertex   2.833995e+01 -4.179829e+01 -3.400000e+01
      vertex   2.625000e+01 -4.546633e+01 -3.400000e+01
      vertex   2.365462e+01 -4.461736e+01 -3.400000e+01
    endloop
  endfacet
  facet normal  0.000000e+00 -0.000000e+00 -1.000000e+00
    outer loop
      vertex   2.365462e+01 -4.461736e+01 -3.400000e+01
      vertex   2.625000e+01 -4.546633e+01 -3.400000e+01
      vertex   2.135367e+01 -4.796114e+01 -3.400000e+01
    endloop
  endfacet
  facet normal  0.000000e+00  0.000000e+00 -1.000000e+00
    outer loop
      vertex   2.365462e+01 -4.461736e+01 -3.400000e+01
      vertex   2.135367e+01 -4.796114e+01 -3.400000e+01
      vertex   1.869198e+01 -4.691332e+01 -3.400000e+01
    endloop
  endfacet
  facet normal  0.000000e+00 -0.000000e+00 -1.000000e+00
    outer loop
      vertex   1.869198e+01 -4.691332e+01 -3.400000e+01
      vertex   2.135367e+01 -4.796114e+01 -3.400000e+01
      vertex   1.622339e+01 -4.993047e+01 -3.400000e+01
    endloop
  endfacet
  facet normal  0.000000e+00  0.000000e+00 -1.000000e+00
    outer loop
      vertex   1.869198e+01 -4.691332e+01 -3.400000e+01
      vertex   1.622339e+01 -4.993047e+01 -3.400000e+01
      vertex   1.351018e+01 -4.865928e+01 -3.400000e+01
    endloop
  endfacet
  facet normal  0.000000e+00 -0.000000e+00 -1.000000e+00
    outer loop
      vertex   1.351018e+01 -4.865928e+01 -3.400000e+01
      vertex   1.622339e+01 -4.993047e+01 -3.400000e+01
      vertex   1.091536e+01 -5.135275e+01 -3.400000e+01
    endloop
  endfacet
  facet normal  0.000000e+00  0.000000e+00 -1.000000e+00
    outer loop
      vertex   1.351018e+01 -4.865928e+01 -3.400000e+01
      vertex   1.091536e+01 -5.135275e+01 -3.400000e+01
      vertex   8.169991e+00 -4.983474e+01 -3.400000e+01
    endloop
  endfacet
  facet normal  0.000000e+00 -0.000000e+00 -1.000000e+00
    outer loop
      vertex   8.169991e+00 -4.983474e+01 -3.400000e+01
      vertex   1.091536e+01 -5.135275e+01 -3.400000e+01
      vertex   5.487744e+00 -5.221240e+01 -3.400000e+01
    endloop
  endfacet
  facet normal  0.000000e+00  0.000000e+00 -1.000000e+00
    outer loop
      vertex   8.169991e+00 -4.983474e+01 -3.400000e+01
      vertex   5.487744e+00 -5.221240e+01 -3.400000e+01
      vertex   2.734015e+00 -5.042594e+01 -3.400000e+01
    endloop
  endfacet
  facet normal  0.000000e+00 -0.000000e+00 -1.000000e+00
    outer loop
      vertex   2.734015e+00 -5.042594e+01 -3.400000e+01
      vertex   5.487744e+00 -5.221240e+01 -3.400000e+01
      vertex   0.000000e+00 -5.250000e+01 -3.400000e+01
    endloop
  endfacet
  facet normal -0.000000e+00  0.000000e+00 -1.000000e+00
    outer loop
      vertex   2.734015e+00 -5.042594e+01 -3.400000e+01
      vertex   0.000000e+00 -5.250000e+01 -3.400000e+01
      vertex  -2.734015e+00 -5.042594e+01 -3.400000e+01
    endloop
  endfacet
  facet normal  0.000000e+00 -0.000000e+00 -1.000000e+00
    outer loop
      vertex  -2.734015e+00 -5.042594e+01 -3.400000e+01
      vertex   0.000000e+00 -5.250000e+01 -3.400000e+01
      vertex  -5.487744e+00 -5.221240e+01 -3.400000e+01
    endloop
  endfacet
  facet normal -0.000000e+00  0.000000e+00 -1.000000e+00
    outer loop
      vertex  -2.734015e+00 -5.042594e+01 -3.400000e+01
      vertex  -5.487744e+00 -5.221240e+01 -3.400000e+01
      vertex  -8.169991e+00 -4.983474e+01 -3.400000e+01
    endloop
  endfacet
  facet normal  0.000000e+00 -0.000000e+00 -1.000000e+00
    outer loop
      vertex  -8.169991e+00 -4.983474e+01 -3.400000e+01
      vertex  -5.487744e+00 -5.221240e+01 -3.400000e+01
      vertex  -1.091536e+01 -5.135275e+01 -3.400000e+01
    endloop
  endfacet
  facet normal -0.000000e+00  0.000000e+00 -1.000000e+00
    outer loop
      vertex  -8.169991e+00 -4.983474e+01 -3.400000e+01
      vertex  -1.091536e+01 -5.135275e+01 -3.400000e+01
      vertex  -1.351018e+01 -4.865928e+01 -3.400000e+01
    endloop
  endfacet
  facet normal  0.000000e+00 -0.000000e+00 -1.000000e+00
    outer loop
      vertex  -1.351018e+01 -4.865928e+01 -3.400000e+01
      vertex  -1.091536e+01 -5.135275e+01 -3.400000e+01
      vertex  -1.622339e+01 -4.993047e+01 -3.400000e+01
    endloop
  endfacet
  facet normal -0.000000e+00  0.000000e+00 -1.000000e+00
    outer loop
      vertex  -1.351018e+01 -4.865928e+01 -3.400000e+01
      vertex  -1.622339e+01 -4.993047e+01 -3.400000e+01
      vertex  -1.869198e+01 -4.691332e+01 -3.400000e+01
    endloop
  endfacet
  facet normal  0.000000e+00 -0.000000e+00 -1.000000e+00
    outer loop
      vertex  -1.869198e+01 -4.691332e+01 -3.400000e+01
      vertex  -1.622339e+01 -4.993047e+01 -3.400000e+01
      vertex  -2.135367e+01 -4.796114e+01 -3.400000e+01
    endloop
  endfacet
  facet normal -0.000000e+00  0.000000e+00 -1.000000e+00
    outer loop
      vertex  -1.869198e+01 -4.691332e+01 -3.400000e+01
      vertex  -2.135367e+01 -4.796114e+01 -3.400000e+01
      vertex  -2.365462e+01 -4.461736e+01 -3.400000e+01
    endloop
  endfacet
  facet normal  0.000000e+00 -0.000000e+00 -1.000000e+00
    outer loop
      vertex  -2.365462e+01 -4.461736e+01 -3.400000e+01
      vertex  -2.135367e+01 -4.796114e+01 -3.400000e+01
      vertex  -2.625000e+01 -4.546633e+01 -3.400000e+01
    endloop
  endfacet
  facet normal -0.000000e+00  0.000000e+00 -1.000000e+00
    outer loop
      vertex  -2.365462e+01 -4.461736e+01 -3.400000e+01
      vertex  -2.625000e+01 -4.546633e+01 -3.400000e+01
      vertex  -2.833995e+01 -4.179829e+01 -3.400000e+01
    endloop
  endfacet
  facet normal  0.000000e+00 -0.000000e+00 -1.000000e+00
    outer loop
      vertex  -2.833995e+01 -4.179829e+01 -3.400000e+01
      vertex  -2.625000e+01 -4.546633e+01 -3.400000e+01
      vertex  -3.085873e+01 -4.247339e+01 -3.400000e+01
    endloop
  endfacet
  facet normal -0.000000e+00  0.000000e+00 -1.000000e+00
    outer loop
      vertex  -2.833995e+01 -4.179829e+01 -3.400000e+01
      vertex  -3.085873e+01 -4.247339e+01 -3.400000e+01
      vertex  -3.269301e+01 -3.848919e+01 -3.400000e+01
    endloop
  endfacet
  facet normal  0.000000e+00 -0.000000e+00 -1.000000e+00
    outer loop
      vertex  -3.269301e+01 -3.848919e+01 -3.400000e+01
      vertex  -3.085873e+01 -4.247339e+01 -3.400000e+01
      vertex  -3.512936e+01 -3.901510e+01 -3.400000e+01
    endloop
  endfacet
  facet normal -0.000000e+00  0.000000e+00 -1.000000e+00
    outer loop
      vertex  -3.269301e+01 -3.848919e+01 -3.400000e+01
      vertex  -3.512936e+01 -3.901510e+01 -3.400000e+01
      vertex  -3.666277e+01 -3.472882e+01 -3.400000e+01
    endloop
  endfacet
  facet normal  0.000000e+00 -0.000000e+00 -1.000000e+00
    outer loop
      vertex  -3.666277e+01 -3.472882e+01 -3.400000e+01
      vertex  -3.512936e+01 -3.901510e+01 -3.400000e+01
      vertex  -3.901510e+01 -3.512936e+01 -3.400000e+01
    endloop
  endfacet
  facet normal -0.000000e+00  0.000000e+00 -1.000000e+00
    outer loop
      vertex  -3.666277e+01 -3.472882e+01 -3.400000e+01
      vertex  -3.901510e+01 -3.512936e+01 -3.400000e+01
      vertex  -4.020270e+01 -3.056130e+01 -3.400000e+01
    endloop
  endfacet
  facet normal  0.000000e+00 -0.000000e+00 -1.000000e+00
    outer loop
      vertex  -4.020270e+01 -3.056130e+01 -3.400000e+01
      vertex  -3.901510e+01 -3.512936e+01 -3.400000e+01
      vertex  -4.247339e+01 -3.085873e+01 -3.400000e+01
    endloop
  endfacet
  facet normal -0.000000e+00  0.000000e+00 -1.000000e+00
    outer loop
      vertex  -4.020270e+01 -3.056130e+01 -3.400000e+01
      vertex  -4.247339e+01 -3.085873e+01 -3.400000e+01
      vertex  -4.327129e+01 -2.603547e+01 -3.400000e+01
    endloop
  endfacet
  facet normal  0.000000e+00 -0.000000e+00 -1.000000e+00
    outer loop
      vertex  -4.327129e+01 -2.603547e+01 -3.400000e+01
      vertex  -4.247339e+01 -3.085873e+01 -3.400000e+01
      vertex  -4.546633e+01 -2.625000e+01 -3.400000e+01
    endloop
  endfacet
  facet normal -0.000000e+00  0.000000e+00 -1.000000e+00
    outer loop
      vertex  -4.327129e+01 -2.603547e+01 -3.400000e+01
      vertex  -4.546633e+01 -2.625000e+01 -3.400000e+01
      vertex  -4.583256e+01 -2.120440e+01 -3.400000e+01
    endloop
  endfacet
  facet normal  0.000000e+00 -0.000000e+00 -1.000000e+00
    outer loop
      vertex  -4.583256e+01 -2.120440e+01 -3.400000e+01
      vertex  -4.546633e+01 -2.625000e+01 -3.400000e+01
      vertex  -4.796114e+01 -2.135367e+01 -3.400000e+01
    endloop
  endfacet
  facet normal -0.000000e+00  0.000000e+00 -1.000000e+00
    outer loop
      vertex  -4.583256e+01 -2.120440e+01 -3.400000e+01
      vertex  -4.796114e+01 -2.135367e+01 -3.400000e+01
      vertex  -4.785648e+01 -1.612473e+01 -3.400000e+01
    endloop
  endfacet
  facet normal  0.000000e+00  0.000000e+00 -1.000000e+00
    outer loop
      vertex  -4.785648e+01 -1.612473e+01 -3.400000e+01
      vertex  -4.796114e+01 -2.135367e+01 -3.400000e+01
      vertex  -4.993047e+01 -1.622339e+01 -3.400000e+01
    endloop
  endfacet
  facet normal -0.000000e+00  0.000000e+00 -1.000000e+00
    outer loop
      vertex  -4.785648e+01 -1.612473e+01 -3.400000e+01
      vertex  -4.993047e+01 -1.622339e+01 -3.400000e+01
      vertex  -4.931934e+01 -1.085601e+01 -3.400000e+01
    endloop
  endfacet
  facet normal  0.000000e+00  0.000000e+00 -1.000000e+00
    outer loop
      vertex  -4.931934e+01 -1.085601e+01 -3.400000e+01
      vertex  -4.993047e+01 -1.622339e+01 -3.400000e+01
      vertex  -5.135275e+01 -1.091536e+01 -3.400000e+01
    endloop
  endfacet
  facet normal -0.000000e+00  0.000000e+00 -1.000000e+00
    outer loop
      vertex  -4.931934e+01 -1.085601e+01 -3.400000e+01
      vertex  -5.135275e+01 -1.091536e+01 -3.400000e+01
      vertex  -5.020397e+01 -5.460010e+00 -3.400000e+01
    endloop
  endfacet
  facet normal  0.000000e+00  0.000000e+00 -1.000000e+00
    outer loop
      vertex  -5.020397e+01 -5.460010e+00 -3.400000e+01
      vertex  -5.135275e+01 -1.091536e+01 -3.400000e+01
      vertex  -5.221240e+01 -5.487744e+00 -3.400000e+01
    endloop
  endfacet
  facet normal -0.000000e+00  0.000000e+00 -1.000000e+00
    outer loop
      vertex  -5.020397e+01 -5.460010e+00 -3.400000e+01
      vertex  -5.221240e+01 -5.487744e+00 -3.400000e+01
      vertex  -5.050000e+01  0.000000e+00 -3.400000e+01
    endloop
  endfacet
  facet normal -0.000000e+00  0.000000e+00 -1.000000e+00
    outer loop
      vertex  -5.050000e+01  0.000000e+00 -3.400000e+01
      vertex  -5.221240e+01 -5.487744e+00 -3.400000e+01
      vertex  -5.250000e+01  0.000000e+00 -3.400000e+01
    endloop
  endfacet
  facet normal  0.000000e+00  0.000000e+00 -1.000000e+00
    outer loop
      vertex  -5.050000e+01  0.000000e+00 -3.400000e+01
      vertex  -5.250000e+01  0.000000e+00 -3.400000e+01
      vertex  -5.221240e+01  5.487744e+00 -3.400000e+01
    endloop
  endfacet
  facet normal  0.000000e+00  0.000000e+00 -1.000000e+00
    outer loop
      vertex  -5.050000e+01  0.000000e+00 -3.400000e+01
      vertex  -5.221240e+01  5.487744e+00 -3.400000e+01
      vertex  -5.020397e+01  5.460010e+00 -3.400000e+01
    endloop
  endfacet
  facet normal  0.000000e+00  0.000000e+00 -1.000000e+00
    outer loop
      vertex  -5.020397e+01  5.460010e+00 -3.400000e+01
      vertex  -5.221240e+01  5.487744e+00 -3.400000e+01
      vertex  -5.135275e+01  1.091536e+01 -3.400000e+01
    endloop
  endfacet
  facet normal  0.000000e+00  0.000000e+00 -1.000000e+00
    outer loop
      vertex  -5.020397e+01  5.460010e+00 -3.400000e+01
      vertex  -5.135275e+01  1.091536e+01 -3.400000e+01
      vertex  -4.931934e+01  1.085601e+01 -3.400000e+01
    endloop
  endfacet
  facet normal  0.000000e+00  0.000000e+00 -1.000000e+00
    outer loop
      vertex  -4.931934e+01  1.085601e+01 -3.400000e+01
      vertex  -5.135275e+01  1.091536e+01 -3.400000e+01
      vertex  -4.993047e+01  1.622339e+01 -3.400000e+01
    endloop
  endfacet
  facet normal  0.000000e+00  0.000000e+00 -1.000000e+00
    outer loop
      vertex  -4.931934e+01  1.085601e+01 -3.400000e+01
      vertex  -4.993047e+01  1.622339e+01 -3.400000e+01
      vertex  -4.785648e+01  1.612473e+01 -3.400000e+01
    endloop
  endfacet
  facet normal  0.000000e+00  0.000000e+00 -1.000000e+00
    outer loop
      vertex  -4.785648e+01  1.612473e+01 -3.400000e+01
      vertex  -4.993047e+01  1.622339e+01 -3.400000e+01
      vertex  -4.796114e+01  2.135367e+01 -3.400000e+01
    endloop
  endfacet
  facet normal  0.000000e+00  0.000000e+00 -1.000000e+00
    outer loop
      vertex  -4.785648e+01  1.612473e+01 -3.400000e+01
      vertex  -4.796114e+01  2.135367e+01 -3.400000e+01
      vertex  -4.583256e+01  2.120440e+01 -3.400000e+01
    endloop
  endfacet
  facet normal  0.000000e+00  0.000000e+00 -1.000000e+00
    outer loop
      vertex  -4.583256e+01  2.120440e+01 -3.400000e+01
      vertex  -4.796114e+01  2.135367e+01 -3.400000e+01
      vertex  -4.546633e+01  2.625000e+01 -3.400000e+01
    endloop
  endfacet
  facet normal  0.000000e+00  0.000000e+00 -1.000000e+00
    outer loop
      vertex  -4.583256e+01  2.120440e+01 -3.400000e+01
      vertex  -4.546633e+01  2.625000e+01 -3.400000e+01
      vertex  -4.327129e+01  2.603547e+01 -3.400000e+01
    endloop
  endfacet
  facet normal  0.000000e+00  0.000000e+00 -1.000000e+00
    outer loop
      vertex  -4.327129e+01  2.603547e+01 -3.400000e+01
      vertex  -4.546633e+01  2.625000e+01 -3.400000e+01
      vertex  -4.247339e+01  3.085873e+01 -3.400000e+01
    endloop
  endfacet
  facet normal  0.000000e+00  0.000000e+00 -1.000000e+00
    outer loop
      vertex  -4.327129e+01  2.603547e+01 -3.400000e+01
      vertex  -4.247339e+01  3.085873e+01 -3.400000e+01
      vertex  -4.020270e+01  3.056130e+01 -3.400000e+01
    endloop
  endfacet
  facet normal  0.000000e+00  0.000000e+00 -1.000000e+00
    outer loop
      vertex  -4.020270e+01  3.056130e+01 -3.400000e+01
      vertex  -4.247339e+01  3.085873e+01 -3.400000e+01
      vertex  -3.901510e+01  3.512936e+01 -3.400000e+01
    endloop
  endfacet
  facet normal  0.000000e+00  0.000000e+00 -1.000000e+00
    outer loop
      vertex  -4.020270e+01  3.056130e+01 -3.400000e+01
      vertex  -3.901510e+01  3.512936e+01 -3.400000e+01
      vertex  -3.666277e+01  3.472882e+01 -3.400000e+01
    endloop
  endfacet
  facet normal  0.000000e+00  0.000000e+00 -1.000000e+00
    outer loop
      vertex  -3.666277e+01  3.472882e+01 -3.400000e+01
      vertex  -3.901510e+01  3.512936e+01 -3.400000e+01
      vertex  -3.512936e+01  3.901510e+01 -3.400000e+01
    endloop
  endfacet
  facet normal  0.000000e+00  0.000000e+00 -1.000000e+00
    outer loop
      vertex  -3.666277e+01  3.472882e+01 -3.400000e+01
      vertex  -3.512936e+01  3.901510e+01 -3.400000e+01
      vertex  -3.269301e+01  3.848919e+01 -3.400000e+01
    endloop
  endfacet
  facet normal  0.000000e+00  0.000000e+00 -1.000000e+00
    outer loop
      vertex  -3.269301e+01  3.848919e+01 -3.400000e+01
      vertex  -3.512936e+01  3.901510e+01 -3.400000e+01
      vertex  -3.085873e+01  4.247339e+01 -3.400000e+01
    endloop
  endfacet
  facet normal  0.000000e+00  0.000000e+00 -1.000000e+00
    outer loop
      vertex  -3.269301e+01  3.848919e+01 -3.400000e+01
      vertex  -3.085873e+01  4.247339e+01 -3.400000e+01
      vertex  -2.833995e+01  4.179829e+01 -3.400000e+01
    endloop
  endfacet
  facet normal  0.000000e+00  0.000000e+00 -1.000000e+00
    outer loop
      vertex  -2.833995e+01  4.179829e+01 -3.400000e+01
      vertex  -3.085873e+01  4.247339e+01 -3.400000e+01
      vertex  -2.625000e+01  4.546633e+01 -3.400000e+01
    endloop
  endfacet
  facet normal  0.000000e+00  0.000000e+00 -1.000000e+00
    outer loop
      vertex  -2.833995e+01  4.179829e+01 -3.400000e+01
      vertex  -2.625000e+01  4.546633e+01 -3.400000e+01
      vertex  -2.365462e+01  4.461736e+01 -3.400000e+01
    endloop
  endfacet
  facet normal  0.000000e+00  0.000000e+00 -1.000000e+00
    outer loop
      vertex  -2.365462e+01  4.461736e+01 -3.400000e+01
      vertex  -2.625000e+01  4.546633e+01 -3.400000e+01
      vertex  -2.135367e+01  4.796114e+01 -3.400000e+01
    endloop
  endfacet
  facet normal  0.000000e+00  0.000000e+00 -1.000000e+00
    outer loop
      vertex  -2.365462e+01  4.461736e+01 -3.400000e+01
      vertex  -2.135367e+01  4.796114e+01 -3.400000e+01
      vertex  -1.869198e+01  4.691332e+01 -3.400000e+01
    endloop
  endfacet
  facet normal  0.000000e+00  0.000000e+00 -1.000000e+00
    outer loop
      vertex  -1.869198e+01  4.691332e+01 -3.400000e+01
      vertex  -2.135367e+01  4.796114e+01 -3.400000e+01
      vertex  -1.622339e+01  4.993047e+01 -3.400000e+01
    endloop
  endfacet
  facet normal  0.000000e+00  0.000000e+00 -1.000000e+00
    outer loop
      vertex  -1.869198e+01  4.691332e+01 -3.400000e+01
      vertex  -1.622339e+01  4.993047e+01 -3.400000e+01
      vertex  -1.351018e+01  4.865928e+01 -3.400000e+01
    endloop
  endfacet
  facet normal  0.000000e+00  0.000000e+00 -1.000000e+00
    outer loop
      vertex  -1.351018e+01  4.865928e+01 -3.400000e+01
      vertex  -1.622339e+01  4.993047e+01 -3.400000e+01
      vertex  -1.091536e+01  5.135275e+01 -3.400000e+01
    endloop
  endfacet
  facet normal  0.000000e+00  0.000000e+00 -1.000000e+00
    outer loop
      vertex  -1.351018e+01  4.865928e+01 -3.400000e+01
      vertex  -1.091536e+01  5.135275e+01 -3.400000e+01
      vertex  -8.169991e+00  4.983474e+01 -3.400000e+01
    endloop
  endfacet
  facet normal  0.000000e+00  0.000000e+00 -1.000000e+00
    outer loop
      vertex  -8.169991e+00  4.983474e+01 -3.400000e+01
      vertex  -1.091536e+01  5.135275e+01 -3.400000e+01
      vertex  -5.487744e+00  5.221240e+01 -3.400000e+01
    endloop
  endfacet
  facet normal  0.000000e+00  0.000000e+00 -1.000000e+00
    outer loop
      vertex  -8.169991e+00  4.983474e+01 -3.400000e+01
      vertex  -5.487744e+00  5.221240e+01 -3.400000e+01
      vertex  -2.734015e+00  5.042594e+01 -3.400000e+01
    endloop
  endfacet
  facet normal  0.000000e+00  0.000000e+00 -1.000000e+00
    outer loop
      vertex  -2.734015e+00  5.042594e+01 -3.400000e+01
      vertex  -5.487744e+00  5.221240e+01 -3.400000e+01
      vertex   0.000000e+00  5.250000e+01 -3.400000e+01
    endloop
  endfacet
  facet normal  0.000000e+00  0.000000e+00 -1.000000e+00
    outer loop
      vertex  -2.734015e+00  5.042594e+01 -3.400000e+01
      vertex   0.000000e+00  5.250000e+01 -3.400000e+01
      vertex   2.734015e+00  5.042594e+01 -3.400000e+01
    endloop
  endfacet
  facet normal  0.000000e+00  0.000000e+00 -1.000000e+00
    outer loop
      vertex   2.734015e+00  5.042594e+01 -3.400000e+01
      vertex   0.000000e+00  5.250000e+01 -3.400000e+01
      vertex   5.487744e+00  5.221240e+01 -3.400000e+01
    endloop
  endfacet
  facet normal  0.000000e+00  0.000000e+00 -1.000000e+00
    outer loop
      vertex   2.734015e+00  5.042594e+01 -3.400000e+01
      vertex   5.487744e+00  5.221240e+01 -3.400000e+01
      vertex   8.169991e+00  4.983474e+01 -3.400000e+01
    endloop
  endfacet
  facet normal  0.000000e+00  0.000000e+00 -1.000000e+00
    outer loop
      vertex   8.169991e+00  4.983474e+01 -3.400000e+01
      vertex   5.487744e+00  5.221240e+01 -3.400000e+01
      vertex   1.091536e+01  5.135275e+01 -3.400000e+01
    endloop
  endfacet
  facet normal  0.000000e+00  0.000000e+00 -1.000000e+00
    outer loop
      vertex   8.169991e+00  4.983474e+01 -3.400000e+01
      vertex   1.091536e+01  5.135275e+01 -3.400000e+01
      vertex   1.351018e+01  4.865928e+01 -3.400000e+01
    endloop
  endfacet
  facet normal  0.000000e+00  0.000000e+00 -1.000000e+00
    outer loop
      vertex   1.351018e+01  4.865928e+01 -3.400000e+01
      vertex   1.091536e+01  5.135275e+01 -3.400000e+01
      vertex   1.622339e+01  4.993047e+01 -3.400000e+01
    endloop
  endfacet
  facet normal  0.000000e+00  0.000000e+00 -1.000000e+00
    outer loop
      vertex   1.351018e+01  4.865928e+01 -3.400000e+01
      vertex   1.622339e+01  4.993047e+01 -3.400000e+01
      vertex   1.869198e+01  4.691332e+01 -3.400000e+01
    endloop
  endfacet
  facet normal  0.000000e+00  0.000000e+00 -1.000000e+00
    outer loop
      vertex   1.869198e+01  4.691332e+01 -3.400000e+01
      vertex   1.622339e+01  4.993047e+01 -3.400000e+01
      vertex   2.135367e+01  4.796114e+01 -3.400000e+01
    endloop
  endfacet
  facet normal  0.000000e+00  0.000000e+00 -1.000000e+00
    outer loop
      vertex   1.869198e+01  4.691332e+01 -3.400000e+01
      vertex   2.135367e+01  4.796114e+01 -3.400000e+01
      vertex   2.365462e+01  4.461736e+01 -3.400000e+01
    endloop
  endfacet
  facet normal  0.000000e+00  0.000000e+00 -1.000000e+00
    outer loop
      vertex   2.365462e+01  4.461736e+01 -3.400000e+01
      vertex   2.135367e+01  4.796114e+01 -3.400000e+01
      vertex   2.625000e+01  4.546633e+01 -3.400000e+01
    endloop
  endfacet
  facet normal  0.000000e+00  0.000000e+00 -1.000000e+00
    outer loop
      vertex   2.365462e+01  4.461736e+01 -3.400000e+01
      vertex   2.625000e+01  4.546633e+01 -3.400000e+01
      vertex   2.833995e+01  4.179829e+01 -3.400000e+01
    endloop
  endfacet
  facet normal  0.000000e+00  0.000000e+00 -1.000000e+00
    outer loop
      vertex   2.833995e+01  4.179829e+01 -3.400000e+01
      vertex   2.625000e+01  4.546633e+01 -3.400000e+01
      vertex   3.085873e+01  4.247339e+01 -3.400000e+01
    endloop
  endfacet
  facet normal  0.000000e+00  0.000000e+00 -1.000000e+00
    outer loop
      vertex   2.833995e+01  4.179829e+01 -3.400000e+01
      vertex   3.085873e+01  4.247339e+01 -3.400000e+01
      vertex   3.269301e+01  3.848919e+01 -3.400000e+01
    endloop
  endfacet
  facet normal  0.000000e+00  0.000000e+00 -1.000000e+00
    outer loop
      vertex   3.269301e+01  3.848919e+01 -3.400000e+01
      vertex   3.085873e+01  4.247339e+01 -3.400000e+01
      vertex   3.512936e+01  3.901510e+01 -3.400000e+01
    endloop
  endfacet
  facet normal  0.000000e+00  0.000000e+00 -1.000000e+00
    outer loop
      vertex   3.269301e+01  3.848919e+01 -3.400000e+01
      vertex   3.512936e+01  3.901510e+01 -3.400000e+01
      vertex   3.666277e+01  3.472882e+01 -3.400000e+01
    endloop
  endfacet
  facet normal  0.000000e+00  0.000000e+00 -1.000000e+00
    outer loop
      vertex   3.666277e+01  3.472882e+01 -3.400000e+01
      vertex   3.512936e+01  3.901510e+01 -3.400000e+01
      vertex   3.901510e+01  3.512936e+01 -3.400000e+01
    endloop
  endfacet
  facet normal  0.000000e+00  0.000000e+00 -1.000000e+00
    outer loop
      vertex   3.666277e+01  3.472882e+01 -3.400000e+01
      vertex   3.901510e+01  3.512936e+01 -3.400000e+01
      vertex   4.020270e+01  3.056130e+01 -3.400000e+01
    endloop
  endfacet
  facet normal  0.000000e+00  0.000000e+00 -1.000000e+00
    outer loop
      vertex   4.020270e+01  3.056130e+01 -3.400000e+01
      vertex   3.901510e+01  3.512936e+01 -3.400000e+01
      vertex   4.247339e+01  3.085873e+01 -3.400000e+01
    endloop
  endfacet
  facet normal  0.000000e+00  0.000000e+00 -1.000000e+00
    outer loop
      vertex   4.020270e+01  3.056130e+01 -3.400000e+01
      vertex   4.247339e+01  3.085873e+01 -3.400000e+01
      vertex   4.327129e+01  2.603547e+01 -3.400000e+01
    endloop
  endfacet
  facet normal  0.000000e+00  0.000000e+00 -1.000000e+00
    outer loop
      vertex   4.327129e+01  2.603547e+01 -3.400000e+01
      vertex   4.247339e+01  3.085873e+01 -3.400000e+01
      vertex   4.546633e+01  2.625000e+01 -3.400000e+01
    endloop
  endfacet
  facet normal  0.000000e+00  0.000000e+00 -1.000000e+00
    outer loop
      vertex   4.327129e+01  2.603547e+01 -3.400000e+01
      vertex   4.546633e+01  2.625000e+01 -3.400000e+01
      vertex   4.583256e+01  2.120440e+01 -3.400000e+01
    endloop
  endfacet
  facet normal  0.000000e+00  0.000000e+00 -1.000000e+00
    outer loop
      vertex   4.583256e+01  2.120440e+01 -3.400000e+01
      vertex   4.546633e+01  2.625000e+01 -3.400000e+01
      vertex   4.796114e+01  2.135367e+01 -3.400000e+01
    endloop
  endfacet
  facet normal  0.000000e+00  0.000000e+00 -1.000000e+00
    outer loop
      vertex   4.583256e+01  2.120440e+01 -3.400000e+01
      vertex   4.796114e+01  2.135367e+01 -3.400000e+01
      vertex   4.785648e+01  1.612473e+01 -3.400000e+01
    endloop
  endfacet
  facet normal  0.000000e+00  0.000000e+00 -1.000000e+00
    outer loop
      vertex   4.785648e+01  1.612473e+01 -3.400000e+01
      vertex   4.796114e+01  2.135367e+01 -3.400000e+01
      vertex   4.993047e+01  1.622339e+01 -3.400000e+01
    endloop
  endfacet
  facet normal  0.000000e+00  0.000000e+00 -1.000000e+00
    outer loop
      vertex   4.785648e+01  1.612473e+01 -3.400000e+01
      vertex   4.993047e+01  1.622339e+01 -3.400000e+01
      vertex   4.931934e+01  1.085601e+01 -3.400000e+01
    endloop
  endfacet
  facet normal  0.000000e+00  0.000000e+00 -1.000000e+00
    outer loop
      vertex   4.931934e+01  1.085601e+01 -3.400000e+01
      vertex   4.993047e+01  1.622339e+01 -3.400000e+01
      vertex   5.135275e+01  1.091536e+01 -3.400000e+01
    endloop
  endfacet
  facet normal  0.000000e+00  0.000000e+00 -1.000000e+00
    outer loop
      vertex   4.931934e+01  1.085601e+01 -3.400000e+01
      vertex   5.135275e+01  1.091536e+01 -3.400000e+01
      vertex   5.020397e+01  5.460010e+00 -3.400000e+01
    endloop
  endfacet
  facet normal  0.000000e+00  0.000000e+00 -1.000000e+00
    outer loop
      vertex   5.020397e+01  5.460010e+00 -3.400000e+01
      vertex   5.135275e+01  1.091536e+01 -3.400000e+01
      vertex   5.221240e+01  5.487744e+00 -3.400000e+01
    endloop
  endfacet
  facet normal  0.000000e+00  0.000000e+00 -1.000000e+00
    outer loop
      vertex   5.020397e+01  5.460010e+00 -3.400000e+01
      vertex   5.221240e+01  5.487744e+00 -3.400000e+01
      vertex   5.050000e+01  0.000000e+00 -3.400000e+01
    endloop
  endfacet
  facet normal  9.986296e-01  5.233544e-02  0.000000e+00
    outer loop
      vertex   5.221240e+01  5.487744e+00 -4.000000e+01
      vertex   5.250000e+01  0.000000e+00 -3.600000e+01
      vertex   5.250000e+01  0.000000e+00 -4.000000e+01
    endloop
  endfacet
  facet normal  9.986296e-01 -5.233544e-02  0.000000e+00
    outer loop
      vertex   5.250000e+01  0.000000e+00 -4.000000e+01
      vertex   5.250000e+01  0.000000e+00 -3.600000e+01
      vertex   5.221240e+01 -5.487744e+00 -3.600000e+01
    endloop
  endfacet
  facet normal  9.986296e-01 -5.233544e-02  0.000000e+00
    outer loop
      vertex   5.250000e+01  0.000000e+00 -4.000000e+01
      vertex   5.221240e+01 -5.487744e+00 -3.600000e+01
      vertex   5.221240e+01 -5.487744e+00 -4.000000e+01
    endloop
  endfacet
  facet normal  9.876882e-01 -1.564350e-01  0.000000e+00
    outer loop
      vertex   5.221240e+01 -5.487744e+00 -4.000000e+01
      vertex   5.221240e+01 -5.487744e+00 -3.600000e+01
      vertex   5.135275e+01 -1.091536e+01 -3.600000e+01
    endloop
  endfacet
  facet normal  9.876882e-01 -1.564350e-01  0.000000e+00
    outer loop
      vertex   5.221240e+01 -5.487744e+00 -4.000000e+01
      vertex   5.135275e+01 -1.091536e+01 -3.600000e+01
      vertex   5.135275e+01 -1.091536e+01 -4.000000e+01
    endloop
  endfacet
  facet normal  9.659258e-01 -2.588193e-01  0.000000e+00
    outer loop
      vertex   5.135275e+01 -1.091536e+01 -4.000000e+01
      vertex   5.135275e+01 -1.091536e+01 -3.600000e+01
      vertex   4.993047e+01 -1.622339e+01 -3.600000e+01
    endloop
  endfacet
  facet normal  9.659258e-01 -2.588193e-01  0.000000e+00
    outer loop
      vertex   5.135275e+01 -1.091536e+01 -4.000000e+01
      vertex   4.993047e+01 -1.622339e+01 -3.600000e+01
      vertex   4.993047e+01 -1.622339e+01 -4.000000e+01
    endloop
  endfacet
  facet normal  9.335805e-01 -3.583678e-01  0.000000e+00
    outer loop
      vertex   4.993047e+01 -1.622339e+01 -4.000000e+01
      vertex   4.993047e+01 -1.622339e+01 -3.600000e+01
      vertex   4.796114e+01 -2.135367e+01 -3.600000e+01
    endloop
  endfacet
  facet normal  9.335805e-01 -3.583678e-01  0.000000e+00
    outer loop
      vertex   4.993047e+01 -1.622339e+01 -4.000000e+01
      vertex   4.796114e+01 -2.135367e+01 -3.600000e+01
      vertex   4.796114e+01 -2.135367e+01 -4.000000e+01
    endloop
  endfacet
  facet normal  8.910064e-01 -4.539907e-01  0.000000e+00
    outer loop
      vertex   4.796114e+01 -2.135367e+01 -4.000000e+01
      vertex   4.796114e+01 -2.135367e+01 -3.600000e+01
      vertex   4.546633e+01 -2.625000e+01 -3.600000e+01
    endloop
  endfacet
  facet normal  8.910064e-01 -4.539907e-01  0.000000e+00
    outer loop
      vertex   4.796114e+01 -2.135367e+01 -4.000000e+01
      vertex   4.546633e+01 -2.625000e+01 -3.600000e+01
      vertex   4.546633e+01 -2.625000e+01 -4.000000e+01
    endloop
  endfacet
  facet normal  8.386708e-01 -5.446387e-01  0.000000e+00
    outer loop
      vertex   4.546633e+01 -2.625000e+01 -4.000000e+01
      vertex   4.546633e+01 -2.625000e+01 -3.600000e+01
      vertex   4.247339e+01 -3.085873e+01 -3.600000e+01
    endloop
  endfacet
  facet normal  8.386708e-01 -5.446387e-01  0.000000e+00
    outer loop
      vertex   4.546633e+01 -2.625000e+01 -4.000000e+01
      vertex   4.247339e+01 -3.085873e+01 -3.600000e+01
      vertex   4.247339e+01 -3.085873e+01 -4.000000e+01
    endloop
  endfacet
  facet normal  7.771458e-01 -6.293207e-01  0.000000e+00
    outer loop
      vertex   4.247339e+01 -3.085873e+01 -4.000000e+01
      vertex   4.247339e+01 -3.085873e+01 -3.600000e+01
      vertex   3.901510e+01 -3.512936e+01 -3.600000e+01
    endloop
  endfacet
  facet normal  7.771458e-01 -6.293207e-01  0.000000e+00
    outer loop
      vertex   4.247339e+01 -3.085873e+01 -4.000000e+01
      vertex   3.901510e+01 -3.512936e+01 -3.600000e+01
      vertex   3.901510e+01 -3.512936e+01 -4.000000e+01
    endloop
  endfacet
  facet normal  7.071068e-01 -7.071068e-01  0.000000e+00
    outer loop
      vertex   3.901510e+01 -3.512936e+01 -4.000000e+01
      vertex   3.901510e+01 -3.512936e+01 -3.600000e+01
      vertex   3.512936e+01 -3.901510e+01 -3.600000e+01
    endloop
  endfacet
  facet normal  7.071068e-01 -7.071068e-01  0.000000e+00
    outer loop
      vertex   3.901510e+01 -3.512936e+01 -4.000000e+01
      vertex   3.512936e+01 -3.901510e+01 -3.600000e+01
      vertex   3.512936e+01 -3.901510e+01 -4.000000e+01
    endloop
  endfacet
  facet normal  6.293207e-01 -7.771458e-01  0.000000e+00
    outer loop
      vertex   3.512936e+01 -3.901510e+01 -4.000000e+01
      vertex   3.512936e+01 -3.901510e+01 -3.600000e+01
      vertex   3.085873e+01 -4.247339e+01 -3.600000e+01
    endloop
  endfacet
  facet normal  6.293207e-01 -7.771458e-01  0.000000e+00
    outer loop
      vertex   3.512936e+01 -3.901510e+01 -4.000000e+01
      vertex   3.085873e+01 -4.247339e+01 -3.600000e+01
      vertex   3.085873e+01 -4.247339e+01 -4.000000e+01
    endloop
  endfacet
  facet normal  5.446387e-01 -8.386708e-01  0.000000e+00
    outer loop
      vertex   3.085873e+01 -4.247339e+01 -4.000000e+01
      vertex   3.085873e+01 -4.247339e+01 -3.600000e+01
      vertex   2.625000e+01 -4.546633e+01 -3.600000e+01
    endloop
  endfacet
  facet normal  5.446387e-01 -8.386708e-01  0.000000e+00
    outer loop
      vertex   3.085873e+01 -4.247339e+01 -4.000000e+01
      vertex   2.625000e+01 -4.546633e+01 -3.600000e+01
      vertex   2.625000e+01 -4.546633e+01 -4.000000e+01
    endloop
  endfacet
  facet normal  4.539907e-01 -8.910064e-01  0.000000e+00
    outer loop
      vertex   2.625000e+01 -4.546633e+01 -4.000000e+01
      vertex   2.625000e+01 -4.546633e+01 -3.600000e+01
      vertex   2.135367e+01 -4.796114e+01 -3.600000e+01
    endloop
  endfacet
  facet normal  4.539907e-01 -8.910064e-01  0.000000e+00
    outer loop
      vertex   2.625000e+01 -4.546633e+01 -4.000000e+01
      vertex   2.135367e+01 -4.796114e+01 -3.600000e+01
      vertex   2.135367e+01 -4.796114e+01 -4.000000e+01
    endloop
  endfacet
  facet normal  3.583678e-01 -9.335805e-01  0.000000e+00
    outer loop
      vertex   2.135367e+01 -4.796114e+01 -4.000000e+01
      vertex   2.135367e+01 -4.796114e+01 -3.600000e+01
      vertex   1.622339e+01 -4.993047e+01 -3.600000e+01
    endloop
  endfacet
  facet normal  3.583678e-01 -9.335805e-01  0.000000e+00
    outer loop
      vertex   2.135367e+01 -4.796114e+01 -4.000000e+01
      vertex   1.622339e+01 -4.993047e+01 -3.600000e+01
      vertex   1.622339e+01 -4.993047e+01 -4.000000e+01
    endloop
  endfacet
  facet normal  2.588193e-01 -9.659258e-01  0.000000e+00
    outer loop
      vertex   1.622339e+01 -4.993047e+01 -4.000000e+01
      vertex   1.622339e+01 -4.993047e+01 -3.600000e+01
      vertex   1.091536e+01 -5.135275e+01 -3.600000e+01
    endloop
  endfacet
  facet normal  2.588193e-01 -9.659258e-01  0.000000e+00
    outer loop
      vertex   1.622339e+01 -4.993047e+01 -4.000000e+01
      vertex   1.091536e+01 -5.135275e+01 -3.600000e+01
      vertex   1.091536e+01 -5.135275e+01 -4.000000e+01
    endloop
  endfacet
  facet normal  1.564350e-01 -9.876882e-01  0.000000e+00
    outer loop
      vertex   1.091536e+01 -5.135275e+01 -4.000000e+01
      vertex   1.091536e+01 -5.135275e+01 -3.600000e+01
      vertex   5.487744e+00 -5.221240e+01 -3.600000e+01
    endloop
  endfacet
  facet normal  1.564350e-01 -9.876882e-01  0.000000e+00
    outer loop
      vertex   1.091536e+01 -5.135275e+01 -4.000000e+01
      vertex   5.487744e+00 -5.221240e+01 -3.600000e+01
      vertex   5.487744e+00 -5.221240e+01 -4.000000e+01
    endloop
  endfacet
  facet normal  5.233544e-02 -9.986296e-01  0.000000e+00
    outer loop
      vertex   5.487744e+00 -5.221240e+01 -4.000000e+01
      vertex   5.487744e+00 -5.221240e+01 -3.600000e+01
      vertex   0.000000e+00 -5.250000e+01 -3.600000e+01
    endloop
  endfacet
  facet normal  5.233544e-02 -9.986296e-01  0.000000e+00
    outer loop
      vertex   5.487744e+00 -5.221240e+01 -4.000000e+01
      vertex   0.000000e+00 -5.250000e+01 -3.600000e+01
      vertex   0.000000e+00 -5.250000e+01 -4.000000e+01
    endloop
  endfacet
  facet normal -5.233544e-02 -9.986296e-01  0.000000e+00
    outer loop
      vertex   0.000000e+00 -5.250000e+01 -4.000000e+01
      vertex   0.000000e+00 -5.250000e+01 -3.600000e+01
      vertex  -5.487744e+00 -5.221240e+01 -3.600000e+01
    endloop
  endfacet
  facet normal -5.233544e-02 -9.986296e-01  0.000000e+00
    outer loop
      vertex   0.000000e+00 -5.250000e+01 -4.000000e+01
      vertex  -5.487744e+00 -5.221240e+01 -3.600000e+01
      vertex  -5.487744e+00 -5.221240e+01 -4.000000e+01
    endloop
  endfacet
  facet normal -1.564350e-01 -9.876882e-01  0.000000e+00
    outer loop
      vertex  -5.487744e+00 -5.221240e+01 -4.000000e+01
      vertex  -5.487744e+00 -5.221240e+01 -3.600000e+01
      vertex  -1.091536e+01 -5.135275e+01 -3.600000e+01
    endloop
  endfacet
  facet normal -1.564350e-01 -9.876882e-01  0.000000e+00
    outer loop
      vertex  -5.487744e+00 -5.221240e+01 -4.000000e+01
      vertex  -1.091536e+01 -5.135275e+01 -3.600000e+01
      vertex  -1.091536e+01 -5.135275e+01 -4.000000e+01
    endloop
  endfacet
  facet normal -2.588193e-01 -9.659258e-01  0.000000e+00
    outer loop
      vertex  -1.091536e+01 -5.135275e+01 -4.000000e+01
      vertex  -1.091536e+01 -5.135275e+01 -3.600000e+01
      vertex  -1.622339e+01 -4.993047e+01 -3.600000e+01
    endloop
  endfacet
  facet normal -2.588193e-01 -9.659258e-01  0.000000e+00
    outer loop
      vertex  -1.091536e+01 -5.135275e+01 -4.000000e+01
      vertex  -1.622339e+01 -4.993047e+01 -3.600000e+01
      vertex  -1.622339e+01 -4.993047e+01 -4.000000e+01
    endloop
  endfacet
  facet normal -3.583678e-01 -9.335805e-01  0.000000e+00
    outer loop
      vertex  -1.622339e+01 -4.993047e+01 -4.000000e+01
      vertex  -1.622339e+01 -4.993047e+01 -3.600000e+01
      vertex  -2.135367e+01 -4.796114e+01 -3.600000e+01
    endloop
  endfacet
  facet normal -3.583678e-01 -9.335805e-01  0.000000e+00
    outer loop
      vertex  -1.622339e+01 -4.993047e+01 -4.000000e+01
      vertex  -2.135367e+01 -4.796114e+01 -3.600000e+01
      vertex  -2.135367e+01 -4.796114e+01 -4.000000e+01
    endloop
  endfacet
  facet normal -4.539907e-01 -8.910064e-01  0.000000e+00
    outer loop
      vertex  -2.135367e+01 -4.796114e+01 -4.000000e+01
      vertex  -2.135367e+01 -4.796114e+01 -3.600000e+01
      vertex  -2.625000e+01 -4.546633e+01 -3.600000e+01
    endloop
  endfacet
  facet normal -4.539907e-01 -8.910064e-01  0.000000e+00
    outer loop
      vertex  -2.135367e+01 -4.796114e+01 -4.000000e+01
      vertex  -2.625000e+01 -4.546633e+01 -3.600000e+01
      vertex  -2.625000e+01 -4.546633e+01 -4.000000e+01
    endloop
  endfacet
  facet normal -5.446387e-01 -8.386708e-01  0.000000e+00
    outer loop
      vertex  -2.625000e+01 -4.546633e+01 -4.000000e+01
      vertex  -2.625000e+01 -4.546633e+01 -3.600000e+01
      vertex  -3.085873e+01 -4.247339e+01 -3.600000e+01
    endloop
  endfacet
  facet normal -5.446387e-01 -8.386708e-01  0.000000e+00
    outer loop
      vertex  -2.625000e+01 -4.546633e+01 -4.000000e+01
      vertex  -3.085873e+01 -4.247339e+01 -3.600000e+01
      vertex  -3.085873e+01 -4.247339e+01 -4.000000e+01
    endloop
  endfacet
  facet normal -6.293207e-01 -7.771458e-01  0.000000e+00
    outer loop
      vertex  -3.085873e+01 -4.247339e+01 -4.000000e+01
      vertex  -3.085873e+01 -4.247339e+01 -3.600000e+01
      vertex  -3.512936e+01 -3.901510e+01 -3.600000e+01
    endloop
  endfacet
  facet normal -6.293207e-01 -7.771458e-01  0.000000e+00
    outer loop
      vertex  -3.085873e+01 -4.247339e+01 -4.000000e+01
      vertex  -3.512936e+01 -3.901510e+01 -3.600000e+01
      vertex  -3.512936e+01 -3.901510e+01 -4.000000e+01
    endloop
  endfacet
  facet normal -7.071068e-01 -7.071068e-01  0.000000e+00
    outer loop
      vertex  -3.512936e+01 -3.901510e+01 -4.000000e+01
      vertex  -3.512936e+01 -3.901510e+01 -3.600000e+01
      vertex  -3.901510e+01 -3.512936e+01 -3.600000e+01
    endloop
  endfacet
  facet normal -7.071068e-01 -7.071068e-01  0.000000e+00
    outer loop
      vertex  -3.512936e+01 -3.901510e+01 -4.000000e+01
      vertex  -3.901510e+01 -3.512936e+01 -3.600000e+01
      vertex  -3.901510e+01 -3.512936e+01 -4.000000e+01
    endloop
  endfacet
  facet normal -7.771458e-01 -6.293207e-01  0.000000e+00
    outer loop
      vertex  -3.901510e+01 -3.512936e+01 -4.000000e+01
      vertex  -3.901510e+01 -3.512936e+01 -3.600000e+01
      vertex  -4.247339e+01 -3.085873e+01 -3.600000e+01
    endloop
  endfacet
  facet normal -7.771458e-01 -6.293207e-01  0.000000e+00
    outer loop
      vertex  -3.901510e+01 -3.512936e+01 -4.000000e+01
      vertex  -4.247339e+01 -3.085873e+01 -3.600000e+01
      vertex  -4.247339e+01 -3.085873e+01 -4.000000e+01
    endloop
  endfacet
  facet normal -8.386708e-01 -5.446387e-01  0.000000e+00
    outer loop
      vertex  -4.247339e+01 -3.085873e+01 -4.000000e+01
      vertex  -4.247339e+01 -3.085873e+01 -3.600000e+01
      vertex  -4.546633e+01 -2.625000e+01 -3.600000e+01
    endloop
  endfacet
  facet normal -8.386708e-01 -5.446387e-01  0.000000e+00
    outer loop
      vertex  -4.247339e+01 -3.085873e+01 -4.000000e+01
      vertex  -4.546633e+01 -2.625000e+01 -3.600000e+01
      vertex  -4.546633e+01 -2.625000e+01 -4.000000e+01
    endloop
  endfacet
  facet normal -8.910064e-01 -4.539907e-01  0.000000e+00
    outer loop
      vertex  -4.546633e+01 -2.625000e+01 -4.000000e+01
      vertex  -4.546633e+01 -2.625000e+01 -3.600000e+01
      vertex  -4.796114e+01 -2.135367e+01 -3.600000e+01
    endloop
  endfacet
  facet normal -8.910064e-01 -4.539907e-01  0.000000e+00
    outer loop
      vertex  -4.546633e+01 -2.625000e+01 -4.000000e+01
      vertex  -4.796114e+01 -2.135367e+01 -3.600000e+01
      vertex  -4.796114e+01 -2.135367e+01 -4.000000e+01
    endloop
  endfacet
  facet normal -9.335805e-01 -3.583678e-01  0.000000e+00
    outer loop
      vertex  -4.796114e+01 -2.135367e+01 -4.000000e+01
      vertex  -4.796114e+01 -2.135367e+01 -3.600000e+01
      vertex  -4.993047e+01 -1.622339e+01 -3.600000e+01
    endloop
  endfacet
  facet normal -9.335805e-01 -3.583678e-01  0.000000e+00
    outer loop
      vertex  -4.796114e+01 -2.135367e+01 -4.000000e+01
      vertex  -4.993047e+01 -1.622339e+01 -3.600000e+01
      vertex  -4.993047e+01 -1.622339e+01 -4.000000e+01
    endloop
  endfacet
  facet normal -9.659258e-01 -2.588193e-01  0.000000e+00
    outer loop
      vertex  -4.993047e+01 -1.622339e+01 -4.000000e+01
      vertex  -4.993047e+01 -1.622339e+01 -3.600000e+01
      vertex  -5.135275e+01 -1.091536e+01 -3.600000e+01
    endloop
  endfacet
  facet normal -9.659258e-01 -2.588193e-01  0.000000e+00
    outer loop
      vertex  -4.993047e+01 -1.622339e+01 -4.000000e+01
      vertex  -5.135275e+01 -1.091536e+01 -3.600000e+01
      vertex  -5.135275e+01 -1.091536e+01 -4.000000e+01
    endloop
  endfacet
  facet normal -9.876882e-01 -1.564350e-01  0.000000e+00
    outer loop
      vertex  -5.135275e+01 -1.091536e+01 -4.000000e+01
      vertex  -5.135275e+01 -1.091536e+01 -3.600000e+01
      vertex  -5.221240e+01 -5.487744e+00 -3.600000e+01
    endloop
  endfacet
  facet normal -9.876882e-01 -1.564350e-01  0.000000e+00
    outer loop
      vertex  -5.135275e+01 -1.091536e+01 -4.000000e+01
      vertex  -5.221240e+01 -5.487744e+00 -3.600000e+01
      vertex  -5.221240e+01 -5.487744e+00 -4.000000e+01
    endloop
  endfacet
  facet normal -9.986296e-01 -5.233544e-02  0.000000e+00
    outer loop
      vertex  -5.221240e+01 -5.487744e+00 -4.000000e+01
      vertex  -5.221240e+01 -5.487744e+00 -3.600000e+01
      vertex  -5.250000e+01  0.000000e+00 -4.000000e+01
    endloop
  endfacet
  facet normal -9.986296e-01 -5.233544e-02  0.000000e+00
    outer loop
      vertex  -5.250000e+01  0.000000e+00 -4.000000e+01
      vertex  -5.221240e+01 -5.487744e+00 -3.600000e+01
      vertex  -5.250000e+01  0.000000e+00 -3.600000e+01
    endloop
  endfacet
  facet normal -9.986296e-01  5.233544e-02  0.000000e+00
    outer loop
      vertex  -5.250000e+01  0.000000e+00 -4.000000e+01
      vertex  -5.250000e+01  0.000000e+00 -3.600000e+01
      vertex  -5.221240e+01  5.487744e+00 -4.000000e+01
    endloop
  endfacet
  facet normal -9.986296e-01  5.233544e-02  0.000000e+00
    outer loop
      vertex  -5.221240e+01  5.487744e+00 -4.000000e+01
      vertex  -5.250000e+01  0.000000e+00 -3.600000e+01
      vertex  -5.221240e+01  5.487744e+00 -3.600000e+01
    endloop
  endfacet
  facet normal -9.876882e-01  1.564350e-01  0.000000e+00
    outer loop
      vertex  -5.221240e+01  5.487744e+00 -4.000000e+01
      vertex  -5.221240e+01  5.487744e+00 -3.600000e+01
      vertex  -5.135275e+01  1.091536e+01 -3.600000e+01
    endloop
  endfacet
  facet normal  9.986296e-01  5.233544e-02  0.000000e+00
    outer loop
      vertex   5.250000e+01  0.000000e+00 -3.600000e+01
      vertex   5.221240e+01  5.487744e+00 -4.000000e+01
      vertex   5.221240e+01  5.487744e+00 -3.600000e+01
    endloop
  endfacet
  facet normal  9.876882e-01  1.564350e-01  0.000000e+00
    outer loop
      vertex   5.221240e+01  5.487744e+00 -3.600000e+01
      vertex   5.221240e+01  5.487744e+00 -4.000000e+01
      vertex   5.135275e+01  1.091536e+01 -4.000000e+01
    endloop
  endfacet
  facet normal  9.876882e-01  1.564350e-01  0.000000e+00
    outer loop
      vertex   5.221240e+01  5.487744e+00 -3.600000e+01
      vertex   5.135275e+01  1.091536e+01 -4.000000e+01
      vertex   5.135275e+01  1.091536e+01 -3.600000e+01
    endloop
  endfacet
  facet normal  9.659258e-01  2.588193e-01  0.000000e+00
    outer loop
      vertex   5.135275e+01  1.091536e+01 -3.600000e+01
      vertex   5.135275e+01  1.091536e+01 -4.000000e+01
      vertex   4.993047e+01  1.622339e+01 -4.000000e+01
    endloop
  endfacet
  facet normal  9.659258e-01  2.588193e-01  0.000000e+00
    outer loop
      vertex   5.135275e+01  1.091536e+01 -3.600000e+01
      vertex   4.993047e+01  1.622339e+01 -4.000000e+01
      vertex   4.993047e+01  1.622339e+01 -3.600000e+01
    endloop
  endfacet
  facet normal  9.335805e-01  3.583678e-01  0.000000e+00
    outer loop
      vertex   4.993047e+01  1.622339e+01 -3.600000e+01
      vertex   4.993047e+01  1.622339e+01 -4.000000e+01
      vertex   4.796114e+01  2.135367e+01 -4.000000e+01
    endloop
  endfacet
  facet normal  9.335805e-01  3.583678e-01  0.000000e+00
    outer loop
      vertex   4.993047e+01  1.622339e+01 -3.600000e+01
      vertex   4.796114e+01  2.135367e+01 -4.000000e+01
      vertex   4.796114e+01  2.135367e+01 -3.600000e+01
    endloop
  endfacet
  facet normal  8.910064e-01  4.539907e-01  0.000000e+00
    outer loop
      vertex   4.796114e+01  2.135367e+01 -3.600000e+01
      vertex   4.796114e+01  2.135367e+01 -4.000000e+01
      vertex   4.546633e+01  2.625000e+01 -4.000000e+01
    endloop
  endfacet
  facet normal  8.910064e-01  4.539907e-01  0.000000e+00
    outer loop
      vertex   4.796114e+01  2.135367e+01 -3.600000e+01
      vertex   4.546633e+01  2.625000e+01 -4.000000e+01
      vertex   4.546633e+01  2.625000e+01 -3.600000e+01
    endloop
  endfacet
  facet normal  8.386708e-01  5.446387e-01  0.000000e+00
    outer loop
      vertex   4.546633e+01  2.625000e+01 -3.600000e+01
      vertex   4.546633e+01  2.625000e+01 -4.000000e+01
      vertex   4.247339e+01  3.085873e+01 -4.000000e+01
    endloop
  endfacet
  facet normal  8.386708e-01  5.446387e-01  0.000000e+00
    outer loop
      vertex   4.546633e+01  2.625000e+01 -3.600000e+01
      vertex   4.247339e+01  3.085873e+01 -4.000000e+01
      vertex   4.247339e+01  3.085873e+01 -3.600000e+01
    endloop
  endfacet
  facet normal  7.771458e-01  6.293207e-01  0.000000e+00
    outer loop
      vertex   4.247339e+01  3.085873e+01 -3.600000e+01
      vertex   4.247339e+01  3.085873e+01 -4.000000e+01
      vertex   3.901510e+01  3.512936e+01 -4.000000e+01
    endloop
  endfacet
  facet normal  7.771458e-01  6.293207e-01  0.000000e+00
    outer loop
      vertex   4.247339e+01  3.085873e+01 -3.600000e+01
      vertex   3.901510e+01  3.512936e+01 -4.000000e+01
      vertex   3.901510e+01  3.512936e+01 -3.600000e+01
    endloop
  endfacet
  facet normal  7.071068e-01  7.071068e-01  0.000000e+00
    outer loop
      vertex   3.901510e+01  3.512936e+01 -3.600000e+01
      vertex   3.901510e+01  3.512936e+01 -4.000000e+01
      vertex   3.512936e+01  3.901510e+01 -4.000000e+01
    endloop
  endfacet
  facet normal  7.071068e-01  7.071068e-01  0.000000e+00
    outer loop
      vertex   3.901510e+01  3.512936e+01 -3.600000e+01
      vertex   3.512936e+01  3.901510e+01 -4.000000e+01
      vertex   3.512936e+01  3.901510e+01 -3.600000e+01
    endloop
  endfacet
  facet normal  6.293207e-01  7.771458e-01  0.000000e+00
    outer loop
      vertex   3.512936e+01  3.901510e+01 -3.600000e+01
      vertex   3.512936e+01  3.901510e+01 -4.000000e+01
      vertex   3.085873e+01  4.247339e+01 -4.000000e+01
    endloop
  endfacet
  facet normal  6.293207e-01  7.771458e-01  0.000000e+00
    outer loop
      vertex   3.512936e+01  3.901510e+01 -3.600000e+01
      vertex   3.085873e+01  4.247339e+01 -4.000000e+01
      vertex   3.085873e+01  4.247339e+01 -3.600000e+01
    endloop
  endfacet
  facet normal  5.446387e-01  8.386708e-01  0.000000e+00
    outer loop
      vertex   3.085873e+01  4.247339e+01 -3.600000e+01
      vertex   3.085873e+01  4.247339e+01 -4.000000e+01
      vertex   2.625000e+01  4.546633e+01 -4.000000e+01
    endloop
  endfacet
  facet normal  5.446387e-01  8.386708e-01  0.000000e+00
    outer loop
      vertex   3.085873e+01  4.247339e+01 -3.600000e+01
      vertex   2.625000e+01  4.546633e+01 -4.000000e+01
      vertex   2.625000e+01  4.546633e+01 -3.600000e+01
    endloop
  endfacet
  facet normal  4.539907e-01  8.910064e-01  0.000000e+00
    outer loop
      vertex   2.625000e+01  4.546633e+01 -3.600000e+01
      vertex   2.625000e+01  4.546633e+01 -4.000000e+01
      vertex   2.135367e+01  4.796114e+01 -4.000000e+01
    endloop
  endfacet
  facet normal  4.539907e-01  8.910064e-01  0.000000e+00
    outer loop
      vertex   2.625000e+01  4.546633e+01 -3.600000e+01
      vertex   2.135367e+01  4.796114e+01 -4.000000e+01
      vertex   2.135367e+01  4.796114e+01 -3.600000e+01
    endloop
  endfacet
  facet normal  3.583678e-01  9.335805e-01  0.000000e+00
    outer loop
      vertex   2.135367e+01  4.796114e+01 -3.600000e+01
      vertex   2.135367e+01  4.796114e+01 -4.000000e+01
      vertex   1.622339e+01  4.993047e+01 -4.000000e+01
    endloop
  endfacet
  facet normal  3.583678e-01  9.335805e-01  0.000000e+00
    outer loop
      vertex   2.135367e+01  4.796114e+01 -3.600000e+01
      vertex   1.622339e+01  4.993047e+01 -4.000000e+01
      vertex   1.622339e+01  4.993047e+01 -3.600000e+01
    endloop
  endfacet
  facet normal  2.588193e-01  9.659258e-01  0.000000e+00
    outer loop
      vertex   1.622339e+01  4.993047e+01 -3.600000e+01
      vertex   1.622339e+01  4.993047e+01 -4.000000e+01
      vertex   1.091536e+01  5.135275e+01 -4.000000e+01
    endloop
  endfacet
  facet normal  2.588193e-01  9.659258e-01  0.000000e+00
    outer loop
      vertex   1.622339e+01  4.993047e+01 -3.600000e+01
      vertex   1.091536e+01  5.135275e+01 -4.000000e+01
      vertex   1.091536e+01  5.135275e+01 -3.600000e+01
    endloop
  endfacet
  facet normal  1.564350e-01  9.876882e-01  0.000000e+00
    outer loop
      vertex   1.091536e+01  5.135275e+01 -3.600000e+01
      vertex   1.091536e+01  5.135275e+01 -4.000000e+01
      vertex   5.487744e+00  5.221240e+01 -4.000000e+01
    endloop
  endfacet
  facet normal  1.564350e-01  9.876882e-01  0.000000e+00
    outer loop
      vertex   1.091536e+01  5.135275e+01 -3.600000e+01
      vertex   5.487744e+00  5.221240e+01 -4.000000e+01
      vertex   5.487744e+00  5.221240e+01 -3.600000e+01
    endloop
  endfacet
  facet normal  5.233544e-02  9.986296e-01  0.000000e+00
    outer loop
      vertex   5.487744e+00  5.221240e+01 -3.600000e+01
      vertex   5.487744e+00  5.221240e+01 -4.000000e+01
      vertex   0.000000e+00  5.250000e+01 -4.000000e+01
    endloop
  endfacet
  facet normal  5.233544e-02  9.986296e-01  0.000000e+00
    outer loop
      vertex   5.487744e+00  5.221240e+01 -3.600000e+01
      vertex   0.000000e+00  5.250000e+01 -4.000000e+01
      vertex   0.000000e+00  5.250000e+01 -3.600000e+01
    endloop
  endfacet
  facet normal -5.233544e-02  9.986296e-01  0.000000e+00
    outer loop
      vertex   0.000000e+00  5.250000e+01 -3.600000e+01
      vertex   0.000000e+00  5.250000e+01 -4.000000e+01
      vertex  -5.487744e+00  5.221240e+01 -4.000000e+01
    endloop
  endfacet
  facet normal -5.233544e-02  9.986296e-01  0.000000e+00
    outer loop
      vertex   0.000000e+00  5.250000e+01 -3.600000e+01
      vertex  -5.487744e+00  5.221240e+01 -4.000000e+01
      vertex  -5.487744e+00  5.221240e+01 -3.600000e+01
    endloop
  endfacet
  facet normal -1.564350e-01  9.876882e-01  0.000000e+00
    outer loop
      vertex  -5.487744e+00  5.221240e+01 -3.600000e+01
      vertex  -5.487744e+00  5.221240e+01 -4.000000e+01
      vertex  -1.091536e+01  5.135275e+01 -4.000000e+01
    endloop
  endfacet
  facet normal -1.564350e-01  9.876882e-01  0.000000e+00
    outer loop
      vertex  -5.487744e+00  5.221240e+01 -3.600000e+01
      vertex  -1.091536e+01  5.135275e+01 -4.000000e+01
      vertex  -1.091536e+01  5.135275e+01 -3.600000e+01
    endloop
  endfacet
  facet normal -2.588193e-01  9.659258e-01  0.000000e+00
    outer loop
      vertex  -1.091536e+01  5.135275e+01 -3.600000e+01
      vertex  -1.091536e+01  5.135275e+01 -4.000000e+01
      vertex  -1.622339e+01  4.993047e+01 -4.000000e+01
    endloop
  endfacet
  facet normal -2.588193e-01  9.659258e-01  0.000000e+00
    outer loop
      vertex  -1.091536e+01  5.135275e+01 -3.600000e+01
      vertex  -1.622339e+01  4.993047e+01 -4.000000e+01
      vertex  -1.622339e+01  4.993047e+01 -3.600000e+01
    endloop
  endfacet
  facet normal -3.583678e-01  9.335805e-01  0.000000e+00
    outer loop
      vertex  -1.622339e+01  4.993047e+01 -3.600000e+01
      vertex  -1.622339e+01  4.993047e+01 -4.000000e+01
      vertex  -2.135367e+01  4.796114e+01 -4.000000e+01
    endloop
  endfacet
  facet normal -3.583678e-01  9.335805e-01  0.000000e+00
    outer loop
      vertex  -1.622339e+01  4.993047e+01 -3.600000e+01
      vertex  -2.135367e+01  4.796114e+01 -4.000000e+01
      vertex  -2.135367e+01  4.796114e+01 -3.600000e+01
    endloop
  endfacet
  facet normal -4.539907e-01  8.910064e-01  0.000000e+00
    outer loop
      vertex  -2.135367e+01  4.796114e+01 -3.600000e+01
      vertex  -2.135367e+01  4.796114e+01 -4.000000e+01
      vertex  -2.625000e+01  4.546633e+01 -4.000000e+01
    endloop
  endfacet
  facet normal -4.539907e-01  8.910064e-01  0.000000e+00
    outer loop
      vertex  -2.135367e+01  4.796114e+01 -3.600000e+01
      vertex  -2.625000e+01  4.546633e+01 -4.000000e+01
      vertex  -2.625000e+01  4.546633e+01 -3.600000e+01
    endloop
  endfacet
  facet normal -5.446387e-01  8.386708e-01  0.000000e+00
    outer loop
      vertex  -2.625000e+01  4.546633e+01 -3.600000e+01
      vertex  -2.625000e+01  4.546633e+01 -4.000000e+01
      vertex  -3.085873e+01  4.247339e+01 -4.000000e+01
    endloop
  endfacet
  facet normal -5.446387e-01  8.386708e-01  0.000000e+00
    outer loop
      vertex  -2.625000e+01  4.546633e+01 -3.600000e+01
      vertex  -3.085873e+01  4.247339e+01 -4.000000e+01
      vertex  -3.085873e+01  4.247339e+01 -3.600000e+01
    endloop
  endfacet
  facet normal -6.293207e-01  7.771458e-01  0.000000e+00
    outer loop
      vertex  -3.085873e+01  4.247339e+01 -3.600000e+01
      vertex  -3.085873e+01  4.247339e+01 -4.000000e+01
      vertex  -3.512936e+01  3.901510e+01 -4.000000e+01
    endloop
  endfacet
  facet normal -6.293207e-01  7.771458e-01  0.000000e+00
    outer loop
      vertex  -3.085873e+01  4.247339e+01 -3.600000e+01
      vertex  -3.512936e+01  3.901510e+01 -4.000000e+01
      vertex  -3.512936e+01  3.901510e+01 -3.600000e+01
    endloop
  endfacet
  facet normal -7.071068e-01  7.071068e-01  0.000000e+00
    outer loop
      vertex  -3.512936e+01  3.901510e+01 -3.600000e+01
      vertex  -3.512936e+01  3.901510e+01 -4.000000e+01
      vertex  -3.901510e+01  3.512936e+01 -4.000000e+01
    endloop
  endfacet
  facet normal -7.071068e-01  7.071068e-01  0.000000e+00
    outer loop
      vertex  -3.512936e+01  3.901510e+01 -3.600000e+01
      vertex  -3.901510e+01  3.512936e+01 -4.000000e+01
      vertex  -3.901510e+01  3.512936e+01 -3.600000e+01
    endloop
  endfacet
  facet normal -7.771458e-01  6.293207e-01  0.000000e+00
    outer loop
      vertex  -3.901510e+01  3.512936e+01 -3.600000e+01
      vertex  -3.901510e+01  3.512936e+01 -4.000000e+01
      vertex  -4.247339e+01  3.085873e+01 -4.000000e+01
    endloop
  endfacet
  facet normal -7.771458e-01  6.293207e-01  0.000000e+00
    outer loop
      vertex  -3.901510e+01  3.512936e+01 -3.600000e+01
      vertex  -4.247339e+01  3.085873e+01 -4.000000e+01
      vertex  -4.247339e+01  3.085873e+01 -3.600000e+01
    endloop
  endfacet
  facet normal -8.386708e-01  5.446387e-01  0.000000e+00
    outer loop
      vertex  -4.247339e+01  3.085873e+01 -3.600000e+01
      vertex  -4.247339e+01  3.085873e+01 -4.000000e+01
      vertex  -4.546633e+01  2.625000e+01 -4.000000e+01
    endloop
  endfacet
  facet normal -8.386708e-01  5.446387e-01  0.000000e+00
    outer loop
      vertex  -4.247339e+01  3.085873e+01 -3.600000e+01
      vertex  -4.546633e+01  2.625000e+01 -4.000000e+01
      vertex  -4.546633e+01  2.625000e+01 -3.600000e+01
    endloop
  endfacet
  facet normal -8.910064e-01  4.539907e-01  0.000000e+00
    outer loop
      vertex  -4.546633e+01  2.625000e+01 -3.600000e+01
      vertex  -4.546633e+01  2.625000e+01 -4.000000e+01
      vertex  -4.796114e+01  2.135367e+01 -4.000000e+01
    endloop
  endfacet
  facet normal -8.910064e-01  4.539907e-01  0.000000e+00
    outer loop
      vertex  -4.546633e+01  2.625000e+01 -3.600000e+01
      vertex  -4.796114e+01  2.135367e+01 -4.000000e+01
      vertex  -4.796114e+01  2.135367e+01 -3.600000e+01
    endloop
  endfacet
  facet normal -9.335805e-01  3.583678e-01  0.000000e+00
    outer loop
      vertex  -4.796114e+01  2.135367e+01 -3.600000e+01
      vertex  -4.796114e+01  2.135367e+01 -4.000000e+01
      vertex  -4.993047e+01  1.622339e+01 -4.000000e+01
    endloop
  endfacet
  facet normal -9.335805e-01  3.583678e-01  0.000000e+00
    outer loop
      vertex  -4.796114e+01  2.135367e+01 -3.600000e+01
      vertex  -4.993047e+01  1.622339e+01 -4.000000e+01
      vertex  -4.993047e+01  1.622339e+01 -3.600000e+01
    endloop
  endfacet
  facet normal -9.659258e-01  2.588193e-01  0.000000e+00
    outer loop
      vertex  -4.993047e+01  1.622339e+01 -3.600000e+01
      vertex  -4.993047e+01  1.622339e+01 -4.000000e+01
      vertex  -5.135275e+01  1.091536e+01 -4.000000e+01
    endloop
  endfacet
  facet normal -9.659258e-01  2.588193e-01  0.000000e+00
    outer loop
      vertex  -4.993047e+01  1.622339e+01 -3.600000e+01
      vertex  -5.135275e+01  1.091536e+01 -4.000000e+01
      vertex  -5.135275e+01  1.091536e+01 -3.600000e+01
    endloop
  endfacet
  facet normal -9.876882e-01  1.564350e-01  0.000000e+00
    outer loop
      vertex  -5.135275e+01  1.091536e+01 -3.600000e+01
      vertex  -5.135275e+01  1.091536e+01 -4.000000e+01
      vertex  -5.221240e+01  5.487744e+00 -4.000000e+01
    endloop
  endfacet
  facet normal -9.985334e-01  5.413869e-02  0.000000e+00
    outer loop
      vertex   5.020397e+01 -5.460010e+00 -4.000000e+01
      vertex   5.020397e+01 -5.460010e+00 -3.600000e+01
      vertex   5.050000e+01  0.000000e+00 -4.000000e+01
    endloop
  endfacet
  facet normal -9.985334e-01  5.413869e-02  0.000000e+00
    outer loop
      vertex   5.050000e+01  0.000000e+00 -4.000000e+01
      vertex   5.020397e+01 -5.460010e+00 -3.600000e+01
      vertex   5.050000e+01  0.000000e+00 -3.600000e+01
    endloop
  endfacet
  facet normal -9.985334e-01 -5.413869e-02  0.000000e+00
    outer loop
      vertex   5.050000e+01  0.000000e+00 -4.000000e+01
      vertex   5.050000e+01  0.000000e+00 -3.600000e+01
      vertex   5.020397e+01  5.460010e+00 -4.000000e+01
    endloop
  endfacet
  facet normal -9.985334e-01 -5.413869e-02  0.000000e+00
    outer loop
      vertex   5.020397e+01  5.460010e+00 -4.000000e+01
      vertex   5.050000e+01  0.000000e+00 -3.600000e+01
      vertex   5.020397e+01  5.460010e+00 -3.600000e+01
    endloop
  endfacet
  facet normal -9.868265e-01 -1.617819e-01  0.000000e+00
    outer loop
      vertex   5.020397e+01  5.460010e+00 -4.000000e+01
      vertex   5.020397e+01  5.460010e+00 -3.600000e+01
      vertex   4.931934e+01  1.085601e+01 -4.000000e+01
    endloop
  endfacet
  facet normal -9.868265e-01 -1.617819e-01  0.000000e+00
    outer loop
      vertex   4.931934e+01  1.085601e+01 -4.000000e+01
      vertex   5.020397e+01  5.460010e+00 -3.600000e+01
      vertex   4.931934e+01  1.085601e+01 -3.600000e+01
    endloop
  endfacet
  facet normal -9.635498e-01 -2.675289e-01  0.000000e+00
    outer loop
      vertex   4.931934e+01  1.085601e+01 -4.000000e+01
      vertex   4.931934e+01  1.085601e+01 -3.600000e+01
      vertex   4.785648e+01  1.612473e+01 -4.000000e+01
    endloop
  endfacet
  facet normal -9.635498e-01 -2.675289e-01  0.000000e+00
    outer loop
      vertex   4.785648e+01  1.612473e+01 -4.000000e+01
      vertex   4.931934e+01  1.085601e+01 -3.600000e+01
      vertex   4.785648e+01  1.612473e+01 -3.600000e+01
    endloop
  endfacet
  facet normal -9.289768e-01 -3.701381e-01  0.000000e+00
    outer loop
      vertex   4.785648e+01  1.612473e+01 -4.000000e+01
      vertex   4.785648e+01  1.612473e+01 -3.600000e+01
      vertex   4.583256e+01  2.120440e+01 -4.000000e+01
    endloop
  endfacet
  facet normal -9.289768e-01 -3.701381e-01  0.000000e+00
    outer loop
      vertex   4.583256e+01  2.120440e+01 -4.000000e+01
      vertex   4.785648e+01  1.612473e+01 -3.600000e+01
      vertex   4.583256e+01  2.120440e+01 -3.600000e+01
    endloop
  endfacet
  facet normal -8.835124e-01 -4.684078e-01  0.000000e+00
    outer loop
      vertex   4.583256e+01  2.120440e+01 -4.000000e+01
      vertex   4.583256e+01  2.120440e+01 -3.600000e+01
      vertex   4.327129e+01  2.603547e+01 -4.000000e+01
    endloop
  endfacet
  facet normal -8.835124e-01 -4.684078e-01  0.000000e+00
    outer loop
      vertex   4.327129e+01  2.603547e+01 -4.000000e+01
      vertex   4.583256e+01  2.120440e+01 -3.600000e+01
      vertex   4.327129e+01  2.603547e+01 -3.600000e+01
    endloop
  endfacet
  facet normal -8.276885e-01 -5.611879e-01  0.000000e+00
    outer loop
      vertex   4.327129e+01  2.603547e+01 -4.000000e+01
      vertex   4.327129e+01  2.603547e+01 -3.600000e+01
      vertex   4.020270e+01  3.056130e+01 -4.000000e+01
    endloop
  endfacet
  facet normal -8.276885e-01 -5.611879e-01  0.000000e+00
    outer loop
      vertex   4.020270e+01  3.056130e+01 -4.000000e+01
      vertex   4.327129e+01  2.603547e+01 -3.600000e+01
      vertex   4.020270e+01  3.056130e+01 -3.600000e+01
    endloop
  endfacet
  facet normal -7.621623e-01 -6.473860e-01  0.000000e+00
    outer loop
      vertex   4.020270e+01  3.056130e+01 -4.000000e+01
      vertex   4.020270e+01  3.056130e+01 -3.600000e+01
      vertex   3.666277e+01  3.472882e+01 -4.000000e+01
    endloop
  endfacet
  facet normal -7.621623e-01 -6.473860e-01  0.000000e+00
    outer loop
      vertex   3.666277e+01  3.472882e+01 -4.000000e+01
      vertex   4.020270e+01  3.056130e+01 -3.600000e+01
      vertex   3.666277e+01  3.472882e+01 -3.600000e+01
    endloop
  endfacet
  facet normal -6.876998e-01 -7.259952e-01  0.000000e+00
    outer loop
      vertex   3.666277e+01  3.472882e+01 -4.000000e+01
      vertex   3.666277e+01  3.472882e+01 -3.600000e+01
      vertex   3.269301e+01  3.848919e+01 -4.000000e+01
    endloop
  endfacet
  facet normal -6.876998e-01 -7.259952e-01  0.000000e+00
    outer loop
      vertex   3.269301e+01  3.848919e+01 -4.000000e+01
      vertex   3.666277e+01  3.472882e+01 -3.600000e+01
      vertex   3.269301e+01  3.848919e+01 -3.600000e+01
    endloop
  endfacet
  facet normal -6.051739e-01 -7.960933e-01  0.000000e+00
    outer loop
      vertex   3.269301e+01  3.848919e+01 -4.000000e+01
      vertex   3.269301e+01  3.848919e+01 -3.600000e+01
      vertex   2.833995e+01  4.179829e+01 -4.000000e+01
    endloop
  endfacet
  facet normal -6.051739e-01 -7.960933e-01  0.000000e+00
    outer loop
      vertex   2.833995e+01  4.179829e+01 -4.000000e+01
      vertex   3.269301e+01  3.848919e+01 -3.600000e+01
      vertex   2.833995e+01  4.179829e+01 -3.600000e+01
    endloop
  endfacet
  facet normal -5.155534e-01 -8.568575e-01  0.000000e+00
    outer loop
      vertex   2.833995e+01  4.179829e+01 -4.000000e+01
      vertex   2.833995e+01  4.179829e+01 -3.600000e+01
      vertex   2.365462e+01  4.461736e+01 -4.000000e+01
    endloop
  endfacet
  facet normal -5.155534e-01 -8.568575e-01  0.000000e+00
    outer loop
      vertex   2.365462e+01  4.461736e+01 -4.000000e+01
      vertex   2.833995e+01  4.179829e+01 -3.600000e+01
      vertex   2.365462e+01  4.461736e+01 -3.600000e+01
    endloop
  endfacet
  facet normal -4.198893e-01 -9.075754e-01  0.000000e+00
    outer loop
      vertex   2.365462e+01  4.461736e+01 -4.000000e+01
      vertex   2.365462e+01  4.461736e+01 -3.600000e+01
      vertex   1.869198e+01  4.691332e+01 -4.000000e+01
    endloop
  endfacet
  facet normal -4.198893e-01 -9.075754e-01  0.000000e+00
    outer loop
      vertex   1.869198e+01  4.691332e+01 -4.000000e+01
      vertex   2.365462e+01  4.461736e+01 -3.600000e+01
      vertex   1.869198e+01  4.691332e+01 -3.600000e+01
    endloop
  endfacet
  facet normal -3.193025e-01 -9.476528e-01  0.000000e+00
    outer loop
      vertex   1.869198e+01  4.691332e+01 -4.000000e+01
      vertex   1.869198e+01  4.691332e+01 -3.600000e+01
      vertex   1.351018e+01  4.865928e+01 -4.000000e+01
    endloop
  endfacet
  facet normal -3.193025e-01 -9.476528e-01  0.000000e+00
    outer loop
      vertex   1.351018e+01  4.865928e+01 -4.000000e+01
      vertex   1.869198e+01  4.691332e+01 -3.600000e+01
      vertex   1.351018e+01  4.865928e+01 -3.600000e+01
    endloop
  endfacet
  facet normal -2.149698e-01 -9.766207e-01  0.000000e+00
    outer loop
      vertex   1.351018e+01  4.865928e+01 -4.000000e+01
      vertex   1.351018e+01  4.865928e+01 -3.600000e+01
      vertex   8.169991e+00  4.983474e+01 -4.000000e+01
    endloop
  endfacet
  facet normal -2.149698e-01 -9.766207e-01  0.000000e+00
    outer loop
      vertex   8.169991e+00  4.983474e+01 -4.000000e+01
      vertex   1.351018e+01  4.865928e+01 -3.600000e+01
      vertex   8.169991e+00  4.983474e+01 -3.600000e+01
    endloop
  endfacet
  facet normal -1.081197e-01 -9.941378e-01  0.000000e+00
    outer loop
      vertex   8.169991e+00  4.983474e+01 -4.000000e+01
      vertex   8.169991e+00  4.983474e+01 -3.600000e+01
      vertex   2.734015e+00  5.042594e+01 -4.000000e+01
    endloop
  endfacet
  facet normal -1.081197e-01 -9.941378e-01  0.000000e+00
    outer loop
      vertex   2.734015e+00  5.042594e+01 -4.000000e+01
      vertex   8.169991e+00  4.983474e+01 -3.600000e+01
      vertex   2.734015e+00  5.042594e+01 -3.600000e+01
    endloop
  endfacet
  facet normal  0.000000e+00 -1.000000e+00  0.000000e+00
    outer loop
      vertex   2.734015e+00  5.042594e+01 -4.000000e+01
      vertex   2.734015e+00  5.042594e+01 -3.600000e+01
      vertex  -2.734015e+00  5.042594e+01 -4.000000e+01
    endloop
  endfacet
  facet normal  0.000000e+00 -1.000000e+00  0.000000e+00
    outer loop
      vertex  -2.734015e+00  5.042594e+01 -4.000000e+01
      vertex   2.734015e+00  5.042594e+01 -3.600000e+01
      vertex  -2.734015e+00  5.042594e+01 -3.600000e+01
    endloop
  endfacet
  facet normal  1.081197e-01 -9.941378e-01  0.000000e+00
    outer loop
      vertex  -2.734015e+00  5.042594e+01 -4.000000e+01
      vertex  -2.734015e+00  5.042594e+01 -3.600000e+01
      vertex  -8.169991e+00  4.983474e+01 -4.000000e+01
    endloop
  endfacet
  facet normal  1.081197e-01 -9.941378e-01  0.000000e+00
    outer loop
      vertex  -8.169991e+00  4.983474e+01 -4.000000e+01
      vertex  -2.734015e+00  5.042594e+01 -3.600000e+01
      vertex  -8.169991e+00  4.983474e+01 -3.600000e+01
    endloop
  endfacet
  facet normal  2.149698e-01 -9.766207e-01  0.000000e+00
    outer loop
      vertex  -8.169991e+00  4.983474e+01 -4.000000e+01
      vertex  -8.169991e+00  4.983474e+01 -3.600000e+01
      vertex  -1.351018e+01  4.865928e+01 -4.000000e+01
    endloop
  endfacet
  facet normal  2.149698e-01 -9.766207e-01  0.000000e+00
    outer loop
      vertex  -1.351018e+01  4.865928e+01 -4.000000e+01
      vertex  -8.169991e+00  4.983474e+01 -3.600000e+01
      vertex  -1.351018e+01  4.865928e+01 -3.600000e+01
    endloop
  endfacet
  facet normal  3.193025e-01 -9.476528e-01  0.000000e+00
    outer loop
      vertex  -1.351018e+01  4.865928e+01 -4.000000e+01
      vertex  -1.351018e+01  4.865928e+01 -3.600000e+01
      vertex  -1.869198e+01  4.691332e+01 -4.000000e+01
    endloop
  endfacet
  facet normal  3.193025e-01 -9.476528e-01  0.000000e+00
    outer loop
      vertex  -1.869198e+01  4.691332e+01 -4.000000e+01
      vertex  -1.351018e+01  4.865928e+01 -3.600000e+01
      vertex  -1.869198e+01  4.691332e+01 -3.600000e+01
    endloop
  endfacet
  facet normal  4.198893e-01 -9.075754e-01  0.000000e+00
    outer loop
      vertex  -1.869198e+01  4.691332e+01 -4.000000e+01
      vertex  -1.869198e+01  4.691332e+01 -3.600000e+01
      vertex  -2.365462e+01  4.461736e+01 -4.000000e+01
    endloop
  endfacet
  facet normal  4.198893e-01 -9.075754e-01  0.000000e+00
    outer loop
      vertex  -2.365462e+01  4.461736e+01 -4.000000e+01
      vertex  -1.869198e+01  4.691332e+01 -3.600000e+01
      vertex  -2.365462e+01  4.461736e+01 -3.600000e+01
    endloop
  endfacet
  facet normal  5.155534e-01 -8.568575e-01  0.000000e+00
    outer loop
      vertex  -2.365462e+01  4.461736e+01 -4.000000e+01
      vertex  -2.365462e+01  4.461736e+01 -3.600000e+01
      vertex  -2.833995e+01  4.179829e+01 -4.000000e+01
    endloop
  endfacet
  facet normal  5.155534e-01 -8.568575e-01  0.000000e+00
    outer loop
      vertex  -2.833995e+01  4.179829e+01 -4.000000e+01
      vertex  -2.365462e+01  4.461736e+01 -3.600000e+01
      vertex  -2.833995e+01  4.179829e+01 -3.600000e+01
    endloop
  endfacet
  facet normal  6.051739e-01 -7.960933e-01  0.000000e+00
    outer loop
      vertex  -2.833995e+01  4.179829e+01 -4.000000e+01
      vertex  -2.833995e+01  4.179829e+01 -3.600000e+01
      vertex  -3.269301e+01  3.848919e+01 -4.000000e+01
    endloop
  endfacet
  facet normal  6.051739e-01 -7.960933e-01  0.000000e+00
    outer loop
      vertex  -3.269301e+01  3.848919e+01 -4.000000e+01
      vertex  -2.833995e+01  4.179829e+01 -3.600000e+01
      vertex  -3.269301e+01  3.848919e+01 -3.600000e+01
    endloop
  endfacet
  facet normal  6.876998e-01 -7.259952e-01  0.000000e+00
    outer loop
      vertex  -3.269301e+01  3.848919e+01 -4.000000e+01
      vertex  -3.269301e+01  3.848919e+01 -3.600000e+01
      vertex  -3.666277e+01  3.472882e+01 -4.000000e+01
    endloop
  endfacet
  facet normal  6.876998e-01 -7.259952e-01  0.000000e+00
    outer loop
      vertex  -3.666277e+01  3.472882e+01 -4.000000e+01
      vertex  -3.269301e+01  3.848919e+01 -3.600000e+01
      vertex  -3.666277e+01  3.472882e+01 -3.600000e+01
    endloop
  endfacet
  facet normal  7.621623e-01 -6.473860e-01  0.000000e+00
    outer loop
      vertex  -3.666277e+01  3.472882e+01 -4.000000e+01
      vertex  -3.666277e+01  3.472882e+01 -3.600000e+01
      vertex  -4.020270e+01  3.056130e+01 -4.000000e+01
    endloop
  endfacet
  facet normal  7.621623e-01 -6.473860e-01  0.000000e+00
    outer loop
      vertex  -4.020270e+01  3.056130e+01 -4.000000e+01
      vertex  -3.666277e+01  3.472882e+01 -3.600000e+01
      vertex  -4.020270e+01  3.056130e+01 -3.600000e+01
    endloop
  endfacet
  facet normal  8.276885e-01 -5.611879e-01  0.000000e+00
    outer loop
      vertex  -4.020270e+01  3.056130e+01 -4.000000e+01
      vertex  -4.020270e+01  3.056130e+01 -3.600000e+01
      vertex  -4.327129e+01  2.603547e+01 -4.000000e+01
    endloop
  endfacet
  facet normal  8.276885e-01 -5.611879e-01  0.000000e+00
    outer loop
      vertex  -4.327129e+01  2.603547e+01 -4.000000e+01
      vertex  -4.020270e+01  3.056130e+01 -3.600000e+01
      vertex  -4.327129e+01  2.603547e+01 -3.600000e+01
    endloop
  endfacet
  facet normal  8.835124e-01 -4.684078e-01  0.000000e+00
    outer loop
      vertex  -4.327129e+01  2.603547e+01 -4.000000e+01
      vertex  -4.327129e+01  2.603547e+01 -3.600000e+01
      vertex  -4.583256e+01  2.120440e+01 -4.000000e+01
    endloop
  endfacet
  facet normal  8.835124e-01 -4.684078e-01  0.000000e+00
    outer loop
      vertex  -4.583256e+01  2.120440e+01 -4.000000e+01
      vertex  -4.327129e+01  2.603547e+01 -3.600000e+01
      vertex  -4.583256e+01  2.120440e+01 -3.600000e+01
    endloop
  endfacet
  facet normal  9.289768e-01 -3.701381e-01  0.000000e+00
    outer loop
      vertex  -4.583256e+01  2.120440e+01 -4.000000e+01
      vertex  -4.583256e+01  2.120440e+01 -3.600000e+01
      vertex  -4.785648e+01  1.612473e+01 -4.000000e+01
    endloop
  endfacet
  facet normal  9.289768e-01 -3.701381e-01  0.000000e+00
    outer loop
      vertex  -4.785648e+01  1.612473e+01 -4.000000e+01
      vertex  -4.583256e+01  2.120440e+01 -3.600000e+01
      vertex  -4.785648e+01  1.612473e+01 -3.600000e+01
    endloop
  endfacet
  facet normal  9.635498e-01 -2.675289e-01  0.000000e+00
    outer loop
      vertex  -4.785648e+01  1.612473e+01 -4.000000e+01
      vertex  -4.785648e+01  1.612473e+01 -3.600000e+01
      vertex  -4.931934e+01  1.085601e+01 -4.000000e+01
    endloop
  endfacet
  facet normal  9.635498e-01 -2.675289e-01  0.000000e+00
    outer loop
      vertex  -4.931934e+01  1.085601e+01 -4.000000e+01
      vertex  -4.785648e+01  1.612473e+01 -3.600000e+01
      vertex  -4.931934e+01  1.085601e+01 -3.600000e+01
    endloop
  endfacet
  facet normal  9.868265e-01 -1.617819e-01  0.000000e+00
    outer loop
      vertex  -4.931934e+01  1.085601e+01 -4.000000e+01
      vertex  -4.931934e+01  1.085601e+01 -3.600000e+01
      vertex  -5.020397e+01  5.460010e+00 -4.000000e+01
    endloop
  endfacet
  facet normal  9.868265e-01 -1.617819e-01  0.000000e+00
    outer loop
      vertex  -5.020397e+01  5.460010e+00 -4.000000e+01
      vertex  -4.931934e+01  1.085601e+01 -3.600000e+01
      vertex  -5.020397e+01  5.460010e+00 -3.600000e+01
    endloop
  endfacet
  facet normal  9.985334e-01 -5.413869e-02  0.000000e+00
    outer loop
      vertex  -5.020397e+01  5.460010e+00 -4.000000e+01
      vertex  -5.020397e+01  5.460010e+00 -3.600000e+01
      vertex  -5.050000e+01  0.000000e+00 -4.000000e+01
    endloop
  endfacet
  facet normal  9.985334e-01 -5.413869e-02  0.000000e+00
    outer loop
      vertex  -5.050000e+01  0.000000e+00 -4.000000e+01
      vertex  -5.020397e+01  5.460010e+00 -3.600000e+01
      vertex  -5.050000e+01  0.000000e+00 -3.600000e+01
    endloop
  endfacet
  facet normal  9.985334e-01  5.413869e-02 -0.000000e+00
    outer loop
      vertex  -5.050000e+01  0.000000e+00 -4.000000e+01
      vertex  -5.050000e+01  0.000000e+00 -3.600000e+01
      vertex  -5.020397e+01 -5.460010e+00 -4.000000e+01
    endloop
  endfacet
  facet normal  9.985334e-01  5.413869e-02 -0.000000e+00
    outer loop
      vertex  -5.020397e+01 -5.460010e+00 -4.000000e+01
      vertex  -5.050000e+01  0.000000e+00 -3.600000e+01
      vertex  -5.020397e+01 -5.460010e+00 -3.600000e+01
    endloop
  endfacet
  facet normal  9.868265e-01  1.617819e-01 -0.000000e+00
    outer loop
      vertex  -5.020397e+01 -5.460010e+00 -4.000000e+01
      vertex  -5.020397e+01 -5.460010e+00 -3.600000e+01
      vertex  -4.931934e+01 -1.085601e+01 -4.000000e+01
    endloop
  endfacet
  facet normal  9.868265e-01  1.617819e-01 -0.000000e+00
    outer loop
      vertex  -4.931934e+01 -1.085601e+01 -4.000000e+01
      vertex  -5.020397e+01 -5.460010e+00 -3.600000e+01
      vertex  -4.931934e+01 -1.085601e+01 -3.600000e+01
    endloop
  endfacet
  facet normal  9.635498e-01  2.675289e-01 -0.000000e+00
    outer loop
      vertex  -4.931934e+01 -1.085601e+01 -4.000000e+01
      vertex  -4.931934e+01 -1.085601e+01 -3.600000e+01
      vertex  -4.785648e+01 -1.612473e+01 -4.000000e+01
    endloop
  endfacet
  facet normal  9.635498e-01  2.675289e-01 -0.000000e+00
    outer loop
      vertex  -4.785648e+01 -1.612473e+01 -4.000000e+01
      vertex  -4.931934e+01 -1.085601e+01 -3.600000e+01
      vertex  -4.785648e+01 -1.612473e+01 -3.600000e+01
    endloop
  endfacet
  facet normal  9.289768e-01  3.701381e-01 -0.000000e+00
    outer loop
      vertex  -4.785648e+01 -1.612473e+01 -4.000000e+01
      vertex  -4.785648e+01 -1.612473e+01 -3.600000e+01
      vertex  -4.583256e+01 -2.120440e+01 -4.000000e+01
    endloop
  endfacet
  facet normal  9.289768e-01  3.701381e-01 -0.000000e+00
    outer loop
      vertex  -4.583256e+01 -2.120440e+01 -4.000000e+01
      vertex  -4.785648e+01 -1.612473e+01 -3.600000e+01
      vertex  -4.583256e+01 -2.120440e+01 -3.600000e+01
    endloop
  endfacet
  facet normal  8.835124e-01  4.684078e-01 -0.000000e+00
    outer loop
      vertex  -4.583256e+01 -2.120440e+01 -4.000000e+01
      vertex  -4.583256e+01 -2.120440e+01 -3.600000e+01
      vertex  -4.327129e+01 -2.603547e+01 -4.000000e+01
    endloop
  endfacet
  facet normal  8.835124e-01  4.684078e-01 -0.000000e+00
    outer loop
      vertex  -4.327129e+01 -2.603547e+01 -4.000000e+01
      vertex  -4.583256e+01 -2.120440e+01 -3.600000e+01
      vertex  -4.327129e+01 -2.603547e+01 -3.600000e+01
    endloop
  endfacet
  facet normal  8.276885e-01  5.611879e-01 -0.000000e+00
    outer loop
      vertex  -4.327129e+01 -2.603547e+01 -4.000000e+01
      vertex  -4.327129e+01 -2.603547e+01 -3.600000e+01
      vertex  -4.020270e+01 -3.056130e+01 -4.000000e+01
    endloop
  endfacet
  facet normal  8.276885e-01  5.611879e-01 -0.000000e+00
    outer loop
      vertex  -4.020270e+01 -3.056130e+01 -4.000000e+01
      vertex  -4.327129e+01 -2.603547e+01 -3.600000e+01
      vertex  -4.020270e+01 -3.056130e+01 -3.600000e+01
    endloop
  endfacet
  facet normal  7.621623e-01  6.473860e-01 -0.000000e+00
    outer loop
      vertex  -4.020270e+01 -3.056130e+01 -4.000000e+01
      vertex  -4.020270e+01 -3.056130e+01 -3.600000e+01
      vertex  -3.666277e+01 -3.472882e+01 -4.000000e+01
    endloop
  endfacet
  facet normal  7.621623e-01  6.473860e-01 -0.000000e+00
    outer loop
      vertex  -3.666277e+01 -3.472882e+01 -4.000000e+01
      vertex  -4.020270e+01 -3.056130e+01 -3.600000e+01
      vertex  -3.666277e+01 -3.472882e+01 -3.600000e+01
    endloop
  endfacet
  facet normal  6.876998e-01  7.259952e-01 -0.000000e+00
    outer loop
      vertex  -3.666277e+01 -3.472882e+01 -4.000000e+01
      vertex  -3.666277e+01 -3.472882e+01 -3.600000e+01
      vertex  -3.269301e+01 -3.848919e+01 -4.000000e+01
    endloop
  endfacet
  facet normal  6.876998e-01  7.259952e-01 -0.000000e+00
    outer loop
      vertex  -3.269301e+01 -3.848919e+01 -4.000000e+01
      vertex  -3.666277e+01 -3.472882e+01 -3.600000e+01
      vertex  -3.269301e+01 -3.848919e+01 -3.600000e+01
    endloop
  endfacet
  facet normal  6.051739e-01  7.960933e-01 -0.000000e+00
    outer loop
      vertex  -3.269301e+01 -3.848919e+01 -4.000000e+01
      vertex  -3.269301e+01 -3.848919e+01 -3.600000e+01
      vertex  -2.833995e+01 -4.179829e+01 -4.000000e+01
    endloop
  endfacet
  facet normal  6.051739e-01  7.960933e-01 -0.000000e+00
    outer loop
      vertex  -2.833995e+01 -4.179829e+01 -4.000000e+01
      vertex  -3.269301e+01 -3.848919e+01 -3.600000e+01
      vertex  -2.833995e+01 -4.179829e+01 -3.600000e+01
    endloop
  endfacet
  facet normal  5.155534e-01  8.568575e-01 -0.000000e+00
    outer loop
      vertex  -2.833995e+01 -4.179829e+01 -4.000000e+01
      vertex  -2.833995e+01 -4.179829e+01 -3.600000e+01
      vertex  -2.365462e+01 -4.461736e+01 -4.000000e+01
    endloop
  endfacet
  facet normal  5.155534e-01  8.568575e-01 -0.000000e+00
    outer loop
      vertex  -2.365462e+01 -4.461736e+01 -4.000000e+01
      vertex  -2.833995e+01 -4.179829e+01 -3.600000e+01
      vertex  -2.365462e+01 -4.461736e+01 -3.600000e+01
    endloop
  endfacet
  facet normal  4.198893e-01  9.075754e-01 -0.000000e+00
    outer loop
      vertex  -2.365462e+01 -4.461736e+01 -4.000000e+01
      vertex  -2.365462e+01 -4.461736e+01 -3.600000e+01
      vertex  -1.869198e+01 -4.691332e+01 -4.000000e+01
    endloop
  endfacet
  facet normal  4.198893e-01  9.075754e-01 -0.000000e+00
    outer loop
      vertex  -1.869198e+01 -4.691332e+01 -4.000000e+01
      vertex  -2.365462e+01 -4.461736e+01 -3.600000e+01
      vertex  -1.869198e+01 -4.691332e+01 -3.600000e+01
    endloop
  endfacet
  facet normal  3.193025e-01  9.476528e-01 -0.000000e+00
    outer loop
      vertex  -1.869198e+01 -4.691332e+01 -4.000000e+01
      vertex  -1.869198e+01 -4.691332e+01 -3.600000e+01
      vertex  -1.351018e+01 -4.865928e+01 -4.000000e+01
    endloop
  endfacet
  facet normal  3.193025e-01  9.476528e-01 -0.000000e+00
    outer loop
      vertex  -1.351018e+01 -4.865928e+01 -4.000000e+01
      vertex  -1.869198e+01 -4.691332e+01 -3.600000e+01
      vertex  -1.351018e+01 -4.865928e+01 -3.600000e+01
    endloop
  endfacet
  facet normal  2.149698e-01  9.766207e-01 -0.000000e+00
    outer loop
      vertex  -1.351018e+01 -4.865928e+01 -4.000000e+01
      vertex  -1.351018e+01 -4.865928e+01 -3.600000e+01
      vertex  -8.169991e+00 -4.983474e+01 -4.000000e+01
    endloop
  endfacet
  facet normal  2.149698e-01  9.766207e-01 -0.000000e+00
    outer loop
      vertex  -8.169991e+00 -4.983474e+01 -4.000000e+01
      vertex  -1.351018e+01 -4.865928e+01 -3.600000e+01
      vertex  -8.169991e+00 -4.983474e+01 -3.600000e+01
    endloop
  endfacet
  facet normal  1.081197e-01  9.941378e-01 -0.000000e+00
    outer loop
      vertex  -8.169991e+00 -4.983474e+01 -4.000000e+01
      vertex  -8.169991e+00 -4.983474e+01 -3.600000e+01
      vertex  -2.734015e+00 -5.042594e+01 -4.000000e+01
    endloop
  endfacet
  facet normal  1.081197e-01  9.941378e-01 -0.000000e+00
    outer loop
      vertex  -2.734015e+00 -5.042594e+01 -4.000000e+01
      vertex  -8.169991e+00 -4.983474e+01 -3.600000e+01
      vertex  -2.734015e+00 -5.042594e+01 -3.600000e+01
    endloop
  endfacet
  facet normal  0.000000e+00  1.000000e+00  0.000000e+00
    outer loop
      vertex  -2.734015e+00 -5.042594e+01 -4.000000e+01
      vertex  -2.734015e+00 -5.042594e+01 -3.600000e+01
      vertex   2.734015e+00 -5.042594e+01 -4.000000e+01
    endloop
  endfacet
  facet normal  0.000000e+00  1.000000e+00 -0.000000e+00
    outer loop
      vertex   2.734015e+00 -5.042594e+01 -4.000000e+01
      vertex  -2.734015e+00 -5.042594e+01 -3.600000e+01
      vertex   2.734015e+00 -5.042594e+01 -3.600000e+01
    endloop
  endfacet
  facet normal -1.081197e-01  9.941378e-01  0.000000e+00
    outer loop
      vertex   2.734015e+00 -5.042594e+01 -4.000000e+01
      vertex   2.734015e+00 -5.042594e+01 -3.600000e+01
      vertex   8.169991e+00 -4.983474e+01 -4.000000e+01
    endloop
  endfacet
  facet normal -1.081197e-01  9.941378e-01  0.000000e+00
    outer loop
      vertex   8.169991e+00 -4.983474e+01 -4.000000e+01
      vertex   2.734015e+00 -5.042594e+01 -3.600000e+01
      vertex   8.169991e+00 -4.983474e+01 -3.600000e+01
    endloop
  endfacet
  facet normal -2.149698e-01  9.766207e-01  0.000000e+00
    outer loop
      vertex   8.169991e+00 -4.983474e+01 -4.000000e+01
      vertex   8.169991e+00 -4.983474e+01 -3.600000e+01
      vertex   1.351018e+01 -4.865928e+01 -4.000000e+01
    endloop
  endfacet
  facet normal -2.149698e-01  9.766207e-01  0.000000e+00
    outer loop
      vertex   1.351018e+01 -4.865928e+01 -4.000000e+01
      vertex   8.169991e+00 -4.983474e+01 -3.600000e+01
      vertex   1.351018e+01 -4.865928e+01 -3.600000e+01
    endloop
  endfacet
  facet normal -3.193025e-01  9.476528e-01  0.000000e+00
    outer loop
      vertex   1.351018e+01 -4.865928e+01 -4.000000e+01
      vertex   1.351018e+01 -4.865928e+01 -3.600000e+01
      vertex   1.869198e+01 -4.691332e+01 -4.000000e+01
    endloop
  endfacet
  facet normal -3.193025e-01  9.476528e-01  0.000000e+00
    outer loop
      vertex   1.869198e+01 -4.691332e+01 -4.000000e+01
      vertex   1.351018e+01 -4.865928e+01 -3.600000e+01
      vertex   1.869198e+01 -4.691332e+01 -3.600000e+01
    endloop
  endfacet
  facet normal -4.198893e-01  9.075754e-01  0.000000e+00
    outer loop
      vertex   1.869198e+01 -4.691332e+01 -4.000000e+01
      vertex   1.869198e+01 -4.691332e+01 -3.600000e+01
      vertex   2.365462e+01 -4.461736e+01 -4.000000e+01
    endloop
  endfacet
  facet normal -4.198893e-01  9.075754e-01  0.000000e+00
    outer loop
      vertex   2.365462e+01 -4.461736e+01 -4.000000e+01
      vertex   1.869198e+01 -4.691332e+01 -3.600000e+01
      vertex   2.365462e+01 -4.461736e+01 -3.600000e+01
    endloop
  endfacet
  facet normal -5.155534e-01  8.568575e-01  0.000000e+00
    outer loop
      vertex   2.365462e+01 -4.461736e+01 -4.000000e+01
      vertex   2.365462e+01 -4.461736e+01 -3.600000e+01
      vertex   2.833995e+01 -4.179829e+01 -4.000000e+01
    endloop
  endfacet
  facet normal -5.155534e-01  8.568575e-01  0.000000e+00
    outer loop
      vertex   2.833995e+01 -4.179829e+01 -4.000000e+01
      vertex   2.365462e+01 -4.461736e+01 -3.600000e+01
      vertex   2.833995e+01 -4.179829e+01 -3.600000e+01
    endloop
  endfacet
  facet normal -6.051739e-01  7.960933e-01  0.000000e+00
    outer loop
      vertex   2.833995e+01 -4.179829e+01 -4.000000e+01
      vertex   2.833995e+01 -4.179829e+01 -3.600000e+01
      vertex   3.269301e+01 -3.848919e+01 -4.000000e+01
    endloop
  endfacet
  facet normal -6.051739e-01  7.960933e-01  0.000000e+00
    outer loop
      vertex   3.269301e+01 -3.848919e+01 -4.000000e+01
      vertex   2.833995e+01 -4.179829e+01 -3.600000e+01
      vertex   3.269301e+01 -3.848919e+01 -3.600000e+01
    endloop
  endfacet
  facet normal -6.876998e-01  7.259952e-01  0.000000e+00
    outer loop
      vertex   3.269301e+01 -3.848919e+01 -4.000000e+01
      vertex   3.269301e+01 -3.848919e+01 -3.600000e+01
      vertex   3.666277e+01 -3.472882e+01 -4.000000e+01
    endloop
  endfacet
  facet normal -6.876998e-01  7.259952e-01  0.000000e+00
    outer loop
      vertex   3.666277e+01 -3.472882e+01 -4.000000e+01
      vertex   3.269301e+01 -3.848919e+01 -3.600000e+01
      vertex   3.666277e+01 -3.472882e+01 -3.600000e+01
    endloop
  endfacet
  facet normal -7.621623e-01  6.473860e-01  0.000000e+00
    outer loop
      vertex   3.666277e+01 -3.472882e+01 -4.000000e+01
      vertex   3.666277e+01 -3.472882e+01 -3.600000e+01
      vertex   4.020270e+01 -3.056130e+01 -4.000000e+01
    endloop
  endfacet
  facet normal -7.621623e-01  6.473860e-01  0.000000e+00
    outer loop
      vertex   4.020270e+01 -3.056130e+01 -4.000000e+01
      vertex   3.666277e+01 -3.472882e+01 -3.600000e+01
      vertex   4.020270e+01 -3.056130e+01 -3.600000e+01
    endloop
  endfacet
  facet normal -8.276885e-01  5.611879e-01  0.000000e+00
    outer loop
      vertex   4.020270e+01 -3.056130e+01 -4.000000e+01
      vertex   4.020270e+01 -3.056130e+01 -3.600000e+01
      vertex   4.327129e+01 -2.603547e+01 -4.000000e+01
    endloop
  endfacet
  facet normal -8.276885e-01  5.611879e-01  0.000000e+00
    outer loop
      vertex   4.327129e+01 -2.603547e+01 -4.000000e+01
      vertex   4.020270e+01 -3.056130e+01 -3.600000e+01
      vertex   4.327129e+01 -2.603547e+01 -3.600000e+01
    endloop
  endfacet
  facet normal -8.835124e-01  4.684078e-01  0.000000e+00
    outer loop
      vertex   4.327129e+01 -2.603547e+01 -4.000000e+01
      vertex   4.327129e+01 -2.603547e+01 -3.600000e+01
      vertex   4.583256e+01 -2.120440e+01 -4.000000e+01
    endloop
  endfacet
  facet normal -8.835124e-01  4.684078e-01  0.000000e+00
    outer loop
      vertex   4.583256e+01 -2.120440e+01 -4.000000e+01
      vertex   4.327129e+01 -2.603547e+01 -3.600000e+01
      vertex   4.583256e+01 -2.120440e+01 -3.600000e+01
    endloop
  endfacet
  facet normal -9.289768e-01  3.701381e-01  0.000000e+00
    outer loop
      vertex   4.583256e+01 -2.120440e+01 -4.000000e+01
      vertex   4.583256e+01 -2.120440e+01 -3.600000e+01
      vertex   4.785648e+01 -1.612473e+01 -4.000000e+01
    endloop
  endfacet
  facet normal -9.289768e-01  3.701381e-01  0.000000e+00
    outer loop
      vertex   4.785648e+01 -1.612473e+01 -4.000000e+01
      vertex   4.583256e+01 -2.120440e+01 -3.600000e+01
      vertex   4.785648e+01 -1.612473e+01 -3.600000e+01
    endloop
  endfacet
  facet normal -9.635498e-01  2.675289e-01  0.000000e+00
    outer loop
      vertex   4.785648e+01 -1.612473e+01 -4.000000e+01
      vertex   4.785648e+01 -1.612473e+01 -3.600000e+01
      vertex   4.931934e+01 -1.085601e+01 -4.000000e+01
    endloop
  endfacet
  facet normal -9.635498e-01  2.675289e-01  0.000000e+00
    outer loop
      vertex   4.931934e+01 -1.085601e+01 -4.000000e+01
      vertex   4.785648e+01 -1.612473e+01 -3.600000e+01
      vertex   4.931934e+01 -1.085601e+01 -3.600000e+01
    endloop
  endfacet
  facet normal -9.868265e-01  1.617819e-01  0.000000e+00
    outer loop
      vertex   4.931934e+01 -1.085601e+01 -4.000000e+01
      vertex   4.931934e+01 -1.085601e+01 -3.600000e+01
      vertex   5.020397e+01 -5.460010e+00 -4.000000e+01
    endloop
  endfacet
  facet normal -9.868265e-01  1.617819e-01  0.000000e+00
    outer loop
      vertex   5.020397e+01 -5.460010e+00 -4.000000e+01
      vertex   4.931934e+01 -1.085601e+01 -3.600000e+01
      vertex   5.020397e+01 -5.460010e+00 -3.600000e+01
    endloop
  endfacet
  facet normal  0.000000e+00 -0.000000e+00  1.000000e+00
    outer loop
      vertex   5.221240e+01 -5.487744e+00 -3.600000e+01
      vertex   5.250000e+01  0.000000e+00 -3.600000e+01
      vertex   5.050000e+01  0.000000e+00 -3.600000e+01
    endloop
  endfacet
  facet normal  0.000000e+00  0.000000e+00  1.000000e+00
    outer loop
      vertex   5.050000e+01  0.000000e+00 -3.600000e+01
      vertex   5.250000e+01  0.000000e+00 -3.600000e+01
      vertex   5.221240e+01  5.487744e+00 -3.600000e+01
    endloop
  endfacet
  facet normal  0.000000e+00 -0.000000e+00  1.000000e+00
    outer loop
      vertex   5.050000e+01  0.000000e+00 -3.600000e+01
      vertex   5.221240e+01  5.487744e+00 -3.600000e+01
      vertex   5.020397e+01  5.460010e+00 -3.600000e+01
    endloop
  endfacet
  facet normal  0.000000e+00  0.000000e+00  1.000000e+00
    outer loop
      vertex   5.020397e+01  5.460010e+00 -3.600000e+01
      vertex   5.221240e+01  5.487744e+00 -3.600000e+01
      vertex   5.135275e+01  1.091536e+01 -3.600000e+01
    endloop
  endfacet
  facet normal  0.000000e+00 -0.000000e+00  1.000000e+00
    outer loop
      vertex   5.020397e+01  5.460010e+00 -3.600000e+01
      vertex   5.135275e+01  1.091536e+01 -3.600000e+01
      vertex   4.931934e+01  1.085601e+01 -3.600000e+01
    endloop
  endfacet
  facet normal  0.000000e+00  0.000000e+00  1.000000e+00
    outer loop
      vertex   4.931934e+01  1.085601e+01 -3.600000e+01
      vertex   5.135275e+01  1.091536e+01 -3.600000e+01
      vertex   4.993047e+01  1.622339e+01 -3.600000e+01
    endloop
  endfacet
  facet normal  0.000000e+00 -0.000000e+00  1.000000e+00
    outer loop
      vertex   4.931934e+01  1.085601e+01 -3.600000e+01
      vertex   4.993047e+01  1.622339e+01 -3.600000e+01
      vertex   4.785648e+01  1.612473e+01 -3.600000e+01
    endloop
  endfacet
  facet normal  0.000000e+00  0.000000e+00  1.000000e+00
    outer loop
      vertex   4.785648e+01  1.612473e+01 -3.600000e+01
      vertex   4.993047e+01  1.622339e+01 -3.600000e+01
      vertex   4.796114e+01  2.135367e+01 -3.600000e+01
    endloop
  endfacet
  facet normal  0.000000e+00 -0.000000e+00  1.000000e+00
    outer loop
      vertex   4.785648e+01  1.612473e+01 -3.600000e+01
      vertex   4.796114e+01  2.135367e+01 -3.600000e+01
      vertex   4.583256e+01  2.120440e+01 -3.600000e+01
    endloop
  endfacet
  facet normal  0.000000e+00 -0.000000e+00  1.000000e+00
    outer loop
      vertex   4.583256e+01  2.120440e+01 -3.600000e+01
      vertex   4.796114e+01  2.135367e+01 -3.600000e+01
      vertex   4.546633e+01  2.625000e+01 -3.600000e+01
    endloop
  endfacet
  facet normal  0.000000e+00  0.000000e+00  1.000000e+00
    outer loop
      vertex   4.583256e+01  2.120440e+01 -3.600000e+01
      vertex   4.546633e+01  2.625000e+01 -3.600000e+01
      vertex   4.327129e+01  2.603547e+01 -3.600000e+01
    endloop
  endfacet
  facet normal  0.000000e+00 -0.000000e+00  1.000000e+00
    outer loop
      vertex   4.327129e+01  2.603547e+01 -3.600000e+01
      vertex   4.546633e+01  2.625000e+01 -3.600000e+01
      vertex   4.247339e+01  3.085873e+01 -3.600000e+01
    endloop
  endfacet
  facet normal  0.000000e+00  0.000000e+00  1.000000e+00
    outer loop
      vertex   4.327129e+01  2.603547e+01 -3.600000e+01
      vertex   4.247339e+01  3.085873e+01 -3.600000e+01
      vertex   4.020270e+01  3.056130e+01 -3.600000e+01
    endloop
  endfacet
  facet normal  0.000000e+00 -0.000000e+00  1.000000e+00
    outer loop
      vertex   4.020270e+01  3.056130e+01 -3.600000e+01
      vertex   4.247339e+01  3.085873e+01 -3.600000e+01
      vertex   3.901510e+01  3.512936e+01 -3.600000e+01
    endloop
  endfacet
  facet normal  0.000000e+00  0.000000e+00  1.000000e+00
    outer loop
      vertex   4.020270e+01  3.056130e+01 -3.600000e+01
      vertex   3.901510e+01  3.512936e+01 -3.600000e+01
      vertex   3.666277e+01  3.472882e+01 -3.600000e+01
    endloop
  endfacet
  facet normal  0.000000e+00 -0.000000e+00  1.000000e+00
    outer loop
      vertex   3.666277e+01  3.472882e+01 -3.600000e+01
      vertex   3.901510e+01  3.512936e+01 -3.600000e+01
      vertex   3.512936e+01  3.901510e+01 -3.600000e+01
    endloop
  endfacet
  facet normal  0.000000e+00  0.000000e+00  1.000000e+00
    outer loop
      vertex   3.666277e+01  3.472882e+01 -3.600000e+01
      vertex   3.512936e+01  3.901510e+01 -3.600000e+01
      vertex   3.269301e+01  3.848919e+01 -3.600000e+01
    endloop
  endfacet
  facet normal  0.000000e+00 -0.000000e+00  1.000000e+00
    outer loop
      vertex   3.269301e+01  3.848919e+01 -3.600000e+01
      vertex   3.512936e+01  3.901510e+01 -3.600000e+01
      vertex   3.085873e+01  4.247339e+01 -3.600000e+01
    endloop
  endfacet
  facet normal  0.000000e+00  0.000000e+00  1.000000e+00
    outer loop
      vertex   3.269301e+01  3.848919e+01 -3.600000e+01
      vertex   3.085873e+01  4.247339e+01 -3.600000e+01
      vertex   2.833995e+01  4.179829e+01 -3.600000e+01
    endloop
  endfacet
  facet normal  0.000000e+00 -0.000000e+00  1.000000e+00
    outer loop
      vertex   2.833995e+01  4.179829e+01 -3.600000e+01
      vertex   3.085873e+01  4.247339e+01 -3.600000e+01
      vertex   2.625000e+01  4.546633e+01 -3.600000e+01
    endloop
  endfacet
  facet normal  0.000000e+00  0.000000e+00  1.000000e+00
    outer loop
      vertex   2.833995e+01  4.179829e+01 -3.600000e+01
      vertex   2.625000e+01  4.546633e+01 -3.600000e+01
      vertex   2.365462e+01  4.461736e+01 -3.600000e+01
    endloop
  endfacet
  facet normal  0.000000e+00 -0.000000e+00  1.000000e+00
    outer loop
      vertex   2.365462e+01  4.461736e+01 -3.600000e+01
      vertex   2.625000e+01  4.546633e+01 -3.600000e+01
      vertex   2.135367e+01  4.796114e+01 -3.600000e+01
    endloop
  endfacet
  facet normal  0.000000e+00  0.000000e+00  1.000000e+00
    outer loop
      vertex   2.365462e+01  4.461736e+01 -3.600000e+01
      vertex   2.135367e+01  4.796114e+01 -3.600000e+01
      vertex   1.869198e+01  4.691332e+01 -3.600000e+01
    endloop
  endfacet
  facet normal  0.000000e+00 -0.000000e+00  1.000000e+00
    outer loop
      vertex   1.869198e+01  4.691332e+01 -3.600000e+01
      vertex   2.135367e+01  4.796114e+01 -3.600000e+01
      vertex   1.622339e+01  4.993047e+01 -3.600000e+01
    endloop
  endfacet
  facet normal  0.000000e+00  0.000000e+00  1.000000e+00
    outer loop
      vertex   1.869198e+01  4.691332e+01 -3.600000e+01
      vertex   1.622339e+01  4.993047e+01 -3.600000e+01
      vertex   1.351018e+01  4.865928e+01 -3.600000e+01
    endloop
  endfacet
  facet normal  0.000000e+00 -0.000000e+00  1.000000e+00
    outer loop
      vertex   1.351018e+01  4.865928e+01 -3.600000e+01
      vertex   1.622339e+01  4.993047e+01 -3.600000e+01
      vertex   1.091536e+01  5.135275e+01 -3.600000e+01
    endloop
  endfacet
  facet normal  0.000000e+00  0.000000e+00  1.000000e+00
    outer loop
      vertex   1.351018e+01  4.865928e+01 -3.600000e+01
      vertex   1.091536e+01  5.135275e+01 -3.600000e+01
      vertex   8.169991e+00  4.983474e+01 -3.600000e+01
    endloop
  endfacet
  facet normal  0.000000e+00 -0.000000e+00  1.000000e+00
    outer loop
      vertex   8.169991e+00  4.983474e+01 -3.600000e+01
      vertex   1.091536e+01  5.135275e+01 -3.600000e+01
      vertex   5.487744e+00  5.221240e+01 -3.600000e+01
    endloop
  endfacet
  facet normal  0.000000e+00  0.000000e+00  1.000000e+00
    outer loop
      vertex   8.169991e+00  4.983474e+01 -3.600000e+01
      vertex   5.487744e+00  5.221240e+01 -3.600000e+01
      vertex   2.734015e+00  5.042594e+01 -3.600000e+01
    endloop
  endfacet
  facet normal  0.000000e+00 -0.000000e+00  1.000000e+00
    outer loop
      vertex   2.734015e+00  5.042594e+01 -3.600000e+01
      vertex   5.487744e+00  5.221240e+01 -3.600000e+01
      vertex   0.000000e+00  5.250000e+01 -3.600000e+01
    endloop
  endfacet
  facet normal  0.000000e+00  0.000000e+00  1.000000e+00
    outer loop
      vertex   2.734015e+00  5.042594e+01 -3.600000e+01
      vertex   0.000000e+00  5.250000e+01 -3.600000e+01
      vertex  -2.734015e+00  5.042594e+01 -3.600000e+01
    endloop
  endfacet
  facet normal  0.000000e+00 -0.000000e+00  1.000000e+00
    outer loop
      vertex  -2.734015e+00  5.042594e+01 -3.600000e+01
      vertex   0.000000e+00  5.250000e+01 -3.600000e+01
      vertex  -5.487744e+00  5.221240e+01 -3.600000e+01
    endloop
  endfacet
  facet normal  0.000000e+00  0.000000e+00  1.000000e+00
    outer loop
      vertex  -2.734015e+00  5.042594e+01 -3.600000e+01
      vertex  -5.487744e+00  5.221240e+01 -3.600000e+01
      vertex  -8.169991e+00  4.983474e+01 -3.600000e+01
    endloop
  endfacet
  facet normal  0.000000e+00 -0.000000e+00  1.000000e+00
    outer loop
      vertex  -8.169991e+00  4.983474e+01 -3.600000e+01
      vertex  -5.487744e+00  5.221240e+01 -3.600000e+01
      vertex  -1.091536e+01  5.135275e+01 -3.600000e+01
    endloop
  endfacet
  facet normal  0.000000e+00  0.000000e+00  1.000000e+00
    outer loop
      vertex  -8.169991e+00  4.983474e+01 -3.600000e+01
      vertex  -1.091536e+01  5.135275e+01 -3.600000e+01
      vertex  -1.351018e+01  4.865928e+01 -3.600000e+01
    endloop
  endfacet
  facet normal  0.000000e+00 -0.000000e+00  1.000000e+00
    outer loop
      vertex  -1.351018e+01  4.865928e+01 -3.600000e+01
      vertex  -1.091536e+01  5.135275e+01 -3.600000e+01
      vertex  -1.622339e+01  4.993047e+01 -3.600000e+01
    endloop
  endfacet
  facet normal  0.000000e+00  0.000000e+00  1.000000e+00
    outer loop
      vertex  -1.351018e+01  4.865928e+01 -3.600000e+01
      vertex  -1.622339e+01  4.993047e+01 -3.600000e+01
      vertex  -1.869198e+01  4.691332e+01 -3.600000e+01
    endloop
  endfacet
  facet normal  0.000000e+00 -0.000000e+00  1.000000e+00
    outer loop
      vertex  -1.869198e+01  4.691332e+01 -3.600000e+01
      vertex  -1.622339e+01  4.993047e+01 -3.600000e+01
      vertex  -2.135367e+01  4.796114e+01 -3.600000e+01
    endloop
  endfacet
  facet normal  0.000000e+00  0.000000e+00  1.000000e+00
    outer loop
      vertex  -1.869198e+01  4.691332e+01 -3.600000e+01
      vertex  -2.135367e+01  4.796114e+01 -3.600000e+01
      vertex  -2.365462e+01  4.461736e+01 -3.600000e+01
    endloop
  endfacet
  facet normal  0.000000e+00 -0.000000e+00  1.000000e+00
    outer loop
      vertex  -2.365462e+01  4.461736e+01 -3.600000e+01
      vertex  -2.135367e+01  4.796114e+01 -3.600000e+01
      vertex  -2.625000e+01  4.546633e+01 -3.600000e+01
    endloop
  endfacet
  facet normal  0.000000e+00  0.000000e+00  1.000000e+00
    outer loop
      vertex  -2.365462e+01  4.461736e+01 -3.600000e+01
      vertex  -2.625000e+01  4.546633e+01 -3.600000e+01
      vertex  -2.833995e+01  4.179829e+01 -3.600000e+01
    endloop
  endfacet
  facet normal  0.000000e+00 -0.000000e+00  1.000000e+00
    outer loop
      vertex  -2.833995e+01  4.179829e+01 -3.600000e+01
      vertex  -2.625000e+01  4.546633e+01 -3.600000e+01
      vertex  -3.085873e+01  4.247339e+01 -3.600000e+01
    endloop
  endfacet
  facet normal  0.000000e+00  0.000000e+00  1.000000e+00
    outer loop
      vertex  -2.833995e+01  4.179829e+01 -3.600000e+01
      vertex  -3.085873e+01  4.247339e+01 -3.600000e+01
      vertex  -3.269301e+01  3.848919e+01 -3.600000e+01
    endloop
  endfacet
  facet normal  0.000000e+00 -0.000000e+00  1.000000e+00
    outer loop
      vertex  -3.269301e+01  3.848919e+01 -3.600000e+01
      vertex  -3.085873e+01  4.247339e+01 -3.600000e+01
      vertex  -3.512936e+01  3.901510e+01 -3.600000e+01
    endloop
  endfacet
  facet normal  0.000000e+00  0.000000e+00  1.000000e+00
    outer loop
      vertex  -3.269301e+01  3.848919e+01 -3.600000e+01
      vertex  -3.512936e+01  3.901510e+01 -3.600000e+01
      vertex  -3.666277e+01  3.472882e+01 -3.600000e+01
    endloop
  endfacet
  facet normal  0.000000e+00 -0.000000e+00  1.000000e+00
    outer loop
      vertex  -3.666277e+01  3.472882e+01 -3.600000e+01
      vertex  -3.512936e+01  3.901510e+01 -3.600000e+01
      vertex  -3.901510e+01  3.512936e+01 -3.600000e+01
    endloop
  endfacet
  facet normal  0.000000e+00  0.000000e+00  1.000000e+00
    outer loop
      vertex  -3.666277e+01  3.472882e+01 -3.600000e+01
      vertex  -3.901510e+01  3.512936e+01 -3.600000e+01
      vertex  -4.020270e+01  3.056130e+01 -3.600000e+01
    endloop
  endfacet
  facet normal  0.000000e+00 -0.000000e+00  1.000000e+00
    outer loop
      vertex  -4.020270e+01  3.056130e+01 -3.600000e+01
      vertex  -3.901510e+01  3.512936e+01 -3.600000e+01
      vertex  -4.247339e+01  3.085873e+01 -3.600000e+01
    endloop
  endfacet
  facet normal  0.000000e+00  0.000000e+00  1.000000e+00
    outer loop
      vertex  -4.020270e+01  3.056130e+01 -3.600000e+01
      vertex  -4.247339e+01  3.085873e+01 -3.600000e+01
      vertex  -4.327129e+01  2.603547e+01 -3.600000e+01
    endloop
  endfacet
  facet normal  0.000000e+00 -0.000000e+00  1.000000e+00
    outer loop
      vertex  -4.327129e+01  2.603547e+01 -3.600000e+01
      vertex  -4.247339e+01  3.085873e+01 -3.600000e+01
      vertex  -4.546633e+01  2.625000e+01 -3.600000e+01
    endloop
  endfacet
  facet normal  0.000000e+00  0.000000e+00  1.000000e+00
    outer loop
      vertex  -4.327129e+01  2.603547e+01 -3.600000e+01
      vertex  -4.546633e+01  2.625000e+01 -3.600000e+01
      vertex  -4.583256e+01  2.120440e+01 -3.600000e+01
    endloop
  endfacet
  facet normal  0.000000e+00 -0.000000e+00  1.000000e+00
    outer loop
      vertex  -4.583256e+01  2.120440e+01 -3.600000e+01
      vertex  -4.546633e+01  2.625000e+01 -3.600000e+01
      vertex  -4.796114e+01  2.135367e+01 -3.600000e+01
    endloop
  endfacet
  facet normal  0.000000e+00  0.000000e+00  1.000000e+00
    outer loop
      vertex  -4.583256e+01  2.120440e+01 -3.600000e+01
      vertex  -4.796114e+01  2.135367e+01 -3.600000e+01
      vertex  -4.785648e+01  1.612473e+01 -3.600000e+01
    endloop
  endfacet
  facet normal  0.000000e+00  0.000000e+00  1.000000e+00
    outer loop
      vertex  -4.785648e+01  1.612473e+01 -3.600000e+01
      vertex  -4.796114e+01  2.135367e+01 -3.600000e+01
      vertex  -4.993047e+01  1.622339e+01 -3.600000e+01
    endloop
  endfacet
  facet normal  0.000000e+00  0.000000e+00  1.000000e+00
    outer loop
      vertex  -4.785648e+01  1.612473e+01 -3.600000e+01
      vertex  -4.993047e+01  1.622339e+01 -3.600000e+01
      vertex  -4.931934e+01  1.085601e+01 -3.600000e+01
    endloop
  endfacet
  facet normal  0.000000e+00  0.000000e+00  1.000000e+00
    outer loop
      vertex  -4.931934e+01  1.085601e+01 -3.600000e+01
      vertex  -4.993047e+01  1.622339e+01 -3.600000e+01
      vertex  -5.135275e+01  1.091536e+01 -3.600000e+01
    endloop
  endfacet
  facet normal  0.000000e+00  0.000000e+00  1.000000e+00
    outer loop
      vertex  -4.931934e+01  1.085601e+01 -3.600000e+01
      vertex  -5.135275e+01  1.091536e+01 -3.600000e+01
      vertex  -5.020397e+01  5.460010e+00 -3.600000e+01
    endloop
  endfacet
  facet normal  0.000000e+00  0.000000e+00  1.000000e+00
    outer loop
      vertex  -5.020397e+01  5.460010e+00 -3.600000e+01
      vertex  -5.135275e+01  1.091536e+01 -3.600000e+01
      vertex  -5.221240e+01  5.487744e+00 -3.600000e+01
    endloop
  endfacet
  facet normal  0.000000e+00  0.000000e+00  1.000000e+00
    outer loop
      vertex  -5.020397e+01  5.460010e+00 -3.600000e+01
      vertex  -5.221240e+01  5.487744e+00 -3.600000e+01
      vertex  -5.050000e+01  0.000000e+00 -3.600000e+01
    endloop
  endfacet
  facet normal  0.000000e+00  0.000000e+00  1.000000e+00
    outer loop
      vertex  -5.050000e+01  0.000000e+00 -3.600000e+01
      vertex  -5.221240e+01  5.487744e+00 -3.600000e+01
      vertex  -5.250000e+01  0.000000e+00 -3.600000e+01
    endloop
  endfacet
  facet normal  0.000000e+00  0.000000e+00  1.000000e+00
    outer loop
      vertex  -5.050000e+01  0.000000e+00 -3.600000e+01
      vertex  -5.250000e+01  0.000000e+00 -3.600000e+01
      vertex  -5.221240e+01 -5.487744e+00 -3.600000e+01
    endloop
  endfacet
  facet normal  0.000000e+00  0.000000e+00  1.000000e+00
    outer loop
      vertex  -5.050000e+01  0.000000e+00 -3.600000e+01
      vertex  -5.221240e+01 -5.487744e+00 -3.600000e+01
      vertex  -5.020397e+01 -5.460010e+00 -3.600000e+01
    endloop
  endfacet
  facet normal  0.000000e+00  0.000000e+00  1.000000e+00
    outer loop
      vertex  -5.020397e+01 -5.460010e+00 -3.600000e+01
      vertex  -5.221240e+01 -5.487744e+00 -3.600000e+01
      vertex  -5.135275e+01 -1.091536e+01 -3.600000e+01
    endloop
  endfacet
  facet normal  0.000000e+00  0.000000e+00  1.000000e+00
    outer loop
      vertex  -5.020397e+01 -5.460010e+00 -3.600000e+01
      vertex  -5.135275e+01 -1.091536e+01 -3.600000e+01
      vertex  -4.931934e+01 -1.085601e+01 -3.600000e+01
    endloop
  endfacet
  facet normal  0.000000e+00  0.000000e+00  1.000000e+00
    outer loop
      vertex  -4.931934e+01 -1.085601e+01 -3.600000e+01
      vertex  -5.135275e+01 -1.091536e+01 -3.600000e+01
      vertex  -4.993047e+01 -1.622339e+01 -3.600000e+01
    endloop
  endfacet
  facet normal  0.000000e+00  0.000000e+00  1.000000e+00
    outer loop
      vertex  -4.931934e+01 -1.085601e+01 -3.600000e+01
      vertex  -4.993047e+01 -1.622339e+01 -3.600000e+01
      vertex  -4.785648e+01 -1.612473e+01 -3.600000e+01
    endloop
  endfacet
  facet normal  0.000000e+00  0.000000e+00  1.000000e+00
    outer loop
      vertex  -4.785648e+01 -1.612473e+01 -3.600000e+01
      vertex  -4.993047e+01 -1.622339e+01 -3.600000e+01
      vertex  -4.796114e+01 -2.135367e+01 -3.600000e+01
    endloop
  endfacet
  facet normal  0.000000e+00  0.000000e+00  1.000000e+00
    outer loop
      vertex  -4.785648e+01 -1.612473e+01 -3.600000e+01
      vertex  -4.796114e+01 -2.135367e+01 -3.600000e+01
      vertex  -4.583256e+01 -2.120440e+01 -3.600000e+01
    endloop
  endfacet
  facet normal  0.000000e+00  0.000000e+00  1.000000e+00
    outer loop
      vertex  -4.583256e+01 -2.120440e+01 -3.600000e+01
      vertex  -4.796114e+01 -2.135367e+01 -3.600000e+01
      vertex  -4.546633e+01 -2.625000e+01 -3.600000e+01
    endloop
  endfacet
  facet normal  0.000000e+00  0.000000e+00  1.000000e+00
    outer loop
      vertex  -4.583256e+01 -2.120440e+01 -3.600000e+01
      vertex  -4.546633e+01 -2.625000e+01 -3.600000e+01
      vertex  -4.327129e+01 -2.603547e+01 -3.600000e+01
    endloop
  endfacet
  facet normal  0.000000e+00  0.000000e+00  1.000000e+00
    outer loop
      vertex  -4.327129e+01 -2.603547e+01 -3.600000e+01
      vertex  -4.546633e+01 -2.625000e+01 -3.600000e+01
      vertex  -4.247339e+01 -3.085873e+01 -3.600000e+01
    endloop
  endfacet
  facet normal  0.000000e+00  0.000000e+00  1.000000e+00
    outer loop
      vertex  -4.327129e+01 -2.603547e+01 -3.600000e+01
      vertex  -4.247339e+01 -3.085873e+01 -3.600000e+01
      vertex  -4.020270e+01 -3.056130e+01 -3.600000e+01
    endloop
  endfacet
  facet normal  0.000000e+00  0.000000e+00  1.000000e+00
    outer loop
      vertex  -4.020270e+01 -3.056130e+01 -3.600000e+01
      vertex  -4.247339e+01 -3.085873e+01 -3.600000e+01
      vertex  -3.901510e+01 -3.512936e+01 -3.600000e+01
    endloop
  endfacet
  facet normal  0.000000e+00  0.000000e+00  1.000000e+00
    outer loop
      vertex  -4.020270e+01 -3.056130e+01 -3.600000e+01
      vertex  -3.901510e+01 -3.512936e+01 -3.600000e+01
      vertex  -3.666277e+01 -3.472882e+01 -3.600000e+01
    endloop
  endfacet
  facet normal  0.000000e+00  0.000000e+00  1.000000e+00
    outer loop
      vertex  -3.666277e+01 -3.472882e+01 -3.600000e+01
      vertex  -3.901510e+01 -3.512936e+01 -3.600000e+01
      vertex  -3.512936e+01 -3.901510e+01 -3.600000e+01
    endloop
  endfacet
  facet normal  0.000000e+00  0.000000e+00  1.000000e+00
    outer loop
      vertex  -3.666277e+01 -3.472882e+01 -3.600000e+01
      vertex  -3.512936e+01 -3.901510e+01 -3.600000e+01
      vertex  -3.269301e+01 -3.848919e+01 -3.600000e+01
    endloop
  endfacet
  facet normal  0.000000e+00  0.000000e+00  1.000000e+00
    outer loop
      vertex  -3.269301e+01 -3.848919e+01 -3.600000e+01
      vertex  -3.512936e+01 -3.901510e+01 -3.600000e+01
      vertex  -3.085873e+01 -4.247339e+01 -3.600000e+01
    endloop
  endfacet
  facet normal  0.000000e+00  0.000000e+00  1.000000e+00
    outer loop
      vertex  -3.269301e+01 -3.848919e+01 -3.600000e+01
      vertex  -3.085873e+01 -4.247339e+01 -3.600000e+01
      vertex  -2.833995e+01 -4.179829e+01 -3.600000e+01
    endloop
  endfacet
  facet normal  0.000000e+00  0.000000e+00  1.000000e+00
    outer loop
      vertex  -2.833995e+01 -4.179829e+01 -3.600000e+01
      vertex  -3.085873e+01 -4.247339e+01 -3.600000e+01
      vertex  -2.625000e+01 -4.546633e+01 -3.600000e+01
    endloop
  endfacet
  facet normal  0.000000e+00  0.000000e+00  1.000000e+00
    outer loop
      vertex  -2.833995e+01 -4.179829e+01 -3.600000e+01
      vertex  -2.625000e+01 -4.546633e+01 -3.600000e+01
      vertex  -2.365462e+01 -4.461736e+01 -3.600000e+01
    endloop
  endfacet
  facet normal  0.000000e+00  0.000000e+00  1.000000e+00
    outer loop
      vertex  -2.365462e+01 -4.461736e+01 -3.600000e+01
      vertex  -2.625000e+01 -4.546633e+01 -3.600000e+01
      vertex  -2.135367e+01 -4.796114e+01 -3.600000e+01
    endloop
  endfacet
  facet normal  0.000000e+00  0.000000e+00  1.000000e+00
    outer loop
      vertex  -2.365462e+01 -4.461736e+01 -3.600000e+01
      vertex  -2.135367e+01 -4.796114e+01 -3.600000e+01
      vertex  -1.869198e+01 -4.691332e+01 -3.600000e+01
    endloop
  endfacet
  facet normal  0.000000e+00  0.000000e+00  1.000000e+00
    outer loop
      vertex  -1.869198e+01 -4.691332e+01 -3.600000e+01
      vertex  -2.135367e+01 -4.796114e+01 -3.600000e+01
      vertex  -1.622339e+01 -4.993047e+01 -3.600000e+01
    endloop
  endfacet
  facet normal  0.000000e+00  0.000000e+00  1.000000e+00
    outer loop
      vertex  -1.869198e+01 -4.691332e+01 -3.600000e+01
      vertex  -1.622339e+01 -4.993047e+01 -3.600000e+01
      vertex  -1.351018e+01 -4.865928e+01 -3.600000e+01
    endloop
  endfacet
  facet normal  0.000000e+00  0.000000e+00  1.000000e+00
    outer loop
      vertex  -1.351018e+01 -4.865928e+01 -3.600000e+01
      vertex  -1.622339e+01 -4.993047e+01 -3.600000e+01
      vertex  -1.091536e+01 -5.135275e+01 -3.600000e+01
    endloop
  endfacet
  facet normal  0.000000e+00  0.000000e+00  1.000000e+00
    outer loop
      vertex  -1.351018e+01 -4.865928e+01 -3.600000e+01
      vertex  -1.091536e+01 -5.135275e+01 -3.600000e+01
      vertex  -8.169991e+00 -4.983474e+01 -3.600000e+01
    endloop
  endfacet
  facet normal  0.000000e+00  0.000000e+00  1.000000e+00
    outer loop
      vertex  -8.169991e+00 -4.983474e+01 -3.600000e+01
      vertex  -1.091536e+01 -5.135275e+01 -3.600000e+01
      vertex  -5.487744e+00 -5.221240e+01 -3.600000e+01
    endloop
  endfacet
  facet normal  0.000000e+00  0.000000e+00  1.000000e+00
    outer loop
      vertex  -8.169991e+00 -4.983474e+01 -3.600000e+01
      vertex  -5.487744e+00 -5.221240e+01 -3.600000e+01
      vertex  -2.734015e+00 -5.042594e+01 -3.600000e+01
    endloop
  endfacet
  facet normal  0.000000e+00  0.000000e+00  1.000000e+00
    outer loop
      vertex  -2.734015e+00 -5.042594e+01 -3.600000e+01
      vertex  -5.487744e+00 -5.221240e+01 -3.600000e+01
      vertex   0.000000e+00 -5.250000e+01 -3.600000e+01
    endloop
  endfacet
  facet normal -0.000000e+00  0.000000e+00  1.000000e+00
    outer loop
      vertex  -2.734015e+00 -5.042594e+01 -3.600000e+01
      vertex   0.000000e+00 -5.250000e+01 -3.600000e+01
      vertex   2.734015e+00 -5.042594e+01 -3.600000e+01
    endloop
  endfacet
  facet normal  0.000000e+00  0.000000e+00  1.000000e+00
    outer loop
      vertex   2.734015e+00 -5.042594e+01 -3.600000e+01
      vertex   0.000000e+00 -5.250000e+01 -3.600000e+01
      vertex   5.487744e+00 -5.221240e+01 -3.600000e+01
    endloop
  endfacet
  facet normal -0.000000e+00  0.000000e+00  1.000000e+00
    outer loop
      vertex   2.734015e+00 -5.042594e+01 -3.600000e+01
      vertex   5.487744e+00 -5.221240e+01 -3.600000e+01
      vertex   8.169991e+00 -4.983474e+01 -3.600000e+01
    endloop
  endfacet
  facet normal  0.000000e+00  0.000000e+00  1.000000e+00
    outer loop
      vertex   8.169991e+00 -4.983474e+01 -3.600000e+01
      vertex   5.487744e+00 -5.221240e+01 -3.600000e+01
      vertex   1.091536e+01 -5.135275e+01 -3.600000e+01
    endloop
  endfacet
  facet normal -0.000000e+00  0.000000e+00  1.000000e+00
    outer loop
      vertex   8.169991e+00 -4.983474e+01 -3.600000e+01
      vertex   1.091536e+01 -5.135275e+01 -3.600000e+01
      vertex   1.351018e+01 -4.865928e+01 -3.600000e+01
    endloop
  endfacet
  facet normal  0.000000e+00  0.000000e+00  1.000000e+00
    outer loop
      vertex   1.351018e+01 -4.865928e+01 -3.600000e+01
      vertex   1.091536e+01 -5.135275e+01 -3.600000e+01
      vertex   1.622339e+01 -4.993047e+01 -3.600000e+01
    endloop
  endfacet
  facet normal -0.000000e+00  0.000000e+00  1.000000e+00
    outer loop
      vertex   1.351018e+01 -4.865928e+01 -3.600000e+01
      vertex   1.622339e+01 -4.993047e+01 -3.600000e+01
      vertex   1.869198e+01 -4.691332e+01 -3.600000e+01
    endloop
  endfacet
  facet normal  0.000000e+00  0.000000e+00  1.000000e+00
    outer loop
      vertex   1.869198e+01 -4.691332e+01 -3.600000e+01
      vertex   1.622339e+01 -4.993047e+01 -3.600000e+01
      vertex   2.135367e+01 -4.796114e+01 -3.600000e+01
    endloop
  endfacet
  facet normal -0.000000e+00  0.000000e+00  1.000000e+00
    outer loop
      vertex   1.869198e+01 -4.691332e+01 -3.600000e+01
      vertex   2.135367e+01 -4.796114e+01 -3.600000e+01
      vertex   2.365462e+01 -4.461736e+01 -3.600000e+01
    endloop
  endfacet
  facet normal  0.000000e+00  0.000000e+00  1.000000e+00
    outer loop
      vertex   2.365462e+01 -4.461736e+01 -3.600000e+01
      vertex   2.135367e+01 -4.796114e+01 -3.600000e+01
      vertex   2.625000e+01 -4.546633e+01 -3.600000e+01
    endloop
  endfacet
  facet normal -0.000000e+00  0.000000e+00  1.000000e+00
    outer loop
      vertex   2.365462e+01 -4.461736e+01 -3.600000e+01
      vertex   2.625000e+01 -4.546633e+01 -3.600000e+01
      vertex   2.833995e+01 -4.179829e+01 -3.600000e+01
    endloop
  endfacet
  facet normal  0.000000e+00  0.000000e+00  1.000000e+00
    outer loop
      vertex   2.833995e+01 -4.179829e+01 -3.600000e+01
      vertex   2.625000e+01 -4.546633e+01 -3.600000e+01
      vertex   3.085873e+01 -4.247339e+01 -3.600000e+01
    endloop
  endfacet
  facet normal -0.000000e+00  0.000000e+00  1.000000e+00
    outer loop
      vertex   2.833995e+01 -4.179829e+01 -3.600000e+01
      vertex   3.085873e+01 -4.247339e+01 -3.600000e+01
      vertex   3.269301e+01 -3.848919e+01 -3.600000e+01
    endloop
  endfacet
  facet normal  0.000000e+00  0.000000e+00  1.000000e+00
    outer loop
      vertex   3.269301e+01 -3.848919e+01 -3.600000e+01
      vertex   3.085873e+01 -4.247339e+01 -3.600000e+01
      vertex   3.512936e+01 -3.901510e+01 -3.600000e+01
    endloop
  endfacet
  facet normal -0.000000e+00  0.000000e+00  1.000000e+00
    outer loop
      vertex   3.269301e+01 -3.848919e+01 -3.600000e+01
      vertex   3.512936e+01 -3.901510e+01 -3.600000e+01
      vertex   3.666277e+01 -3.472882e+01 -3.600000e+01
    endloop
  endfacet
  facet normal  0.000000e+00  0.000000e+00  1.000000e+00
    outer loop
      vertex   3.666277e+01 -3.472882e+01 -3.600000e+01
      vertex   3.512936e+01 -3.901510e+01 -3.600000e+01
      vertex   3.901510e+01 -3.512936e+01 -3.600000e+01
    endloop
  endfacet
  facet normal -0.000000e+00  0.000000e+00  1.000000e+00
    outer loop
      vertex   3.666277e+01 -3.472882e+01 -3.600000e+01
      vertex   3.901510e+01 -3.512936e+01 -3.600000e+01
      vertex   4.020270e+01 -3.056130e+01 -3.600000e+01
    endloop
  endfacet
  facet normal  0.000000e+00  0.000000e+00  1.000000e+00
    outer loop
      vertex   4.020270e+01 -3.056130e+01 -3.600000e+01
      vertex   3.901510e+01 -3.512936e+01 -3.600000e+01
      vertex   4.247339e+01 -3.085873e+01 -3.600000e+01
    endloop
  endfacet
  facet normal -0.000000e+00  0.000000e+00  1.000000e+00
    outer loop
      vertex   4.020270e+01 -3.056130e+01 -3.600000e+01
      vertex   4.247339e+01 -3.085873e+01 -3.600000e+01
      vertex   4.327129e+01 -2.603547e+01 -3.600000e+01
    endloop
  endfacet
  facet normal  0.000000e+00  0.000000e+00  1.000000e+00
    outer loop
      vertex   4.327129e+01 -2.603547e+01 -3.600000e+01
      vertex   4.247339e+01 -3.085873e+01 -3.600000e+01
      vertex   4.546633e+01 -2.625000e+01 -3.600000e+01
    endloop
  endfacet
  facet normal -0.000000e+00  0.000000e+00  1.000000e+00
    outer loop
      vertex   4.327129e+01 -2.603547e+01 -3.600000e+01
      vertex   4.546633e+01 -2.625000e+01 -3.600000e+01
      vertex   4.583256e+01 -2.120440e+01 -3.600000e+01
    endloop
  endfacet
  facet normal  0.000000e+00  0.000000e+00  1.000000e+00
    outer loop
      vertex   4.583256e+01 -2.120440e+01 -3.600000e+01
      vertex   4.546633e+01 -2.625000e+01 -3.600000e+01
      vertex   4.796114e+01 -2.135367e+01 -3.600000e+01
    endloop
  endfacet
  facet normal -0.000000e+00  0.000000e+00  1.000000e+00
    outer loop
      vertex   4.583256e+01 -2.120440e+01 -3.600000e+01
      vertex   4.796114e+01 -2.135367e+01 -3.600000e+01
      vertex   4.785648e+01 -1.612473e+01 -3.600000e+01
    endloop
  endfacet
  facet normal  0.000000e+00  0.000000e+00  1.000000e+00
    outer loop
      vertex   4.785648e+01 -1.612473e+01 -3.600000e+01
      vertex   4.796114e+01 -2.135367e+01 -3.600000e+01
      vertex   4.993047e+01 -1.622339e+01 -3.600000e+01
    endloop
  endfacet
  facet normal -0.000000e+00  0.000000e+00  1.000000e+00
    outer loop
      vertex   4.785648e+01 -1.612473e+01 -3.600000e+01
      vertex   4.993047e+01 -1.622339e+01 -3.600000e+01
      vertex   4.931934e+01 -1.085601e+01 -3.600000e+01
    endloop
  endfacet
  facet normal  0.000000e+00  0.000000e+00  1.000000e+00
    outer loop
      vertex   4.931934e+01 -1.085601e+01 -3.600000e+01
      vertex   4.993047e+01 -1.622339e+01 -3.600000e+01
      vertex   5.135275e+01 -1.091536e+01 -3.600000e+01
    endloop
  endfacet
  facet normal -0.000000e+00  0.000000e+00  1.000000e+00
    outer loop
      vertex   4.931934e+01 -1.085601e+01 -3.600000e+01
      vertex   5.135275e+01 -1.091536e+01 -3.600000e+01
      vertex   5.020397e+01 -5.460010e+00 -3.600000e+01
    endloop
  endfacet
  facet normal  0.000000e+00  0.000000e+00  1.000000e+00
    outer loop
      vertex   5.020397e+01 -5.460010e+00 -3.600000e+01
      vertex   5.135275e+01 -1.091536e+01 -3.600000e+01
      vertex   5.221240e+01 -5.487744e+00 -3.600000e+01
    endloop
  endfacet
  facet normal -0.000000e+00  0.000000e+00  1.000000e+00
    outer loop
      vertex   5.020397e+01 -5.460010e+00 -3.600000e+01
      vertex   5.221240e+01 -5.487744e+00 -3.600000e+01
      vertex   5.050000e+01  0.000000e+00 -3.600000e+01
    endloop
  endfacet
  facet normal  0.000000e+00 -0.000000e+00 -1.000000e+00
    outer loop
      vertex   5.221240e+01  5.487744e+00 -4.000000e+01
      vertex   5.250000e+01  0.000000e+00 -4.000000e+01
      vertex   5.050000e+01  0.000000e+00 -4.000000e+01
    endloop
  endfacet
  facet normal  0.000000e+00  0.000000e+00 -1.000000e+00
    outer loop
      vertex   5.050000e+01  0.000000e+00 -4.000000e+01
      vertex   5.250000e+01  0.000000e+00 -4.000000e+01
      vertex   5.221240e+01 -5.487744e+00 -4.000000e+01
    endloop
  endfacet
  facet normal  0.000000e+00 -0.000000e+00 -1.000000e+00
    outer loop
      vertex   5.050000e+01  0.000000e+00 -4.000000e+01
      vertex   5.221240e+01 -5.487744e+00 -4.000000e+01
      vertex   5.020397e+01 -5.460010e+00 -4.000000e+01
    endloop
  endfacet
  facet normal  0.000000e+00  0.000000e+00 -1.000000e+00
    outer loop
      vertex   5.020397e+01 -5.460010e+00 -4.000000e+01
      vertex   5.221240e+01 -5.487744e+00 -4.000000e+01
      vertex   5.135275e+01 -1.091536e+01 -4.000000e+01
    endloop
  endfacet
  facet normal  0.000000e+00 -0.000000e+00 -1.000000e+00
    outer loop
      vertex   5.020397e+01 -5.460010e+00 -4.000000e+01
      vertex   5.135275e+01 -1.091536e+01 -4.000000e+01
      vertex   4.931934e+01 -1.085601e+01 -4.000000e+01
    endloop
  endfacet
  facet normal  0.000000e+00  0.000000e+00 -1.000000e+00
    outer loop
      vertex   4.931934e+01 -1.085601e+01 -4.000000e+01
      vertex   5.135275e+01 -1.091536e+01 -4.000000e+01
      vertex   4.993047e+01 -1.622339e+01 -4.000000e+01
    endloop
  endfacet
  facet normal  0.000000e+00 -0.000000e+00 -1.000000e+00
    outer loop
      vertex   4.931934e+01 -1.085601e+01 -4.000000e+01
      vertex   4.993047e+01 -1.622339e+01 -4.000000e+01
      vertex   4.785648e+01 -1.612473e+01 -4.000000e+01
    endloop
  endfacet
  facet normal  0.000000e+00  0.000000e+00 -1.000000e+00
    outer loop
      vertex   4.785648e+01 -1.612473e+01 -4.000000e+01
      vertex   4.993047e+01 -1.622339e+01 -4.000000e+01
      vertex   4.796114e+01 -2.135367e+01 -4.000000e+01
    endloop
  endfacet
  facet normal  0.000000e+00 -0.000000e+00 -1.000000e+00
    outer loop
      vertex   4.785648e+01 -1.612473e+01 -4.000000e+01
      vertex   4.796114e+01 -2.135367e+01 -4.000000e+01
      vertex   4.583256e+01 -2.120440e+01 -4.000000e+01
    endloop
  endfacet
  facet normal  0.000000e+00 -0.000000e+00 -1.000000e+00
    outer loop
      vertex   4.583256e+01 -2.120440e+01 -4.000000e+01
      vertex   4.796114e+01 -2.135367e+01 -4.000000e+01
      vertex   4.546633e+01 -2.625000e+01 -4.000000e+01
    endloop
  endfacet
  facet normal  0.000000e+00  0.000000e+00 -1.000000e+00
    outer loop
      vertex   4.583256e+01 -2.120440e+01 -4.000000e+01
      vertex   4.546633e+01 -2.625000e+01 -4.000000e+01
      vertex   4.327129e+01 -2.603547e+01 -4.000000e+01
    endloop
  endfacet
  facet normal  0.000000e+00 -0.000000e+00 -1.000000e+00
    outer loop
      vertex   4.327129e+01 -2.603547e+01 -4.000000e+01
      vertex   4.546633e+01 -2.625000e+01 -4.000000e+01
      vertex   4.247339e+01 -3.085873e+01 -4.000000e+01
    endloop
  endfacet
  facet normal  0.000000e+00  0.000000e+00 -1.000000e+00
    outer loop
      vertex   4.327129e+01 -2.603547e+01 -4.000000e+01
      vertex   4.247339e+01 -3.085873e+01 -4.000000e+01
      vertex   4.020270e+01 -3.056130e+01 -4.000000e+01
    endloop
  endfacet
  facet normal  0.000000e+00 -0.000000e+00 -1.000000e+00
    outer loop
      vertex   4.020270e+01 -3.056130e+01 -4.000000e+01
      vertex   4.247339e+01 -3.085873e+01 -4.000000e+01
      vertex   3.901510e+01 -3.512936e+01 -4.000000e+01
    endloop
  endfacet
  facet normal  0.000000e+00  0.000000e+00 -1.000000e+00
    outer loop
      vertex   4.020270e+01 -3.056130e+01 -4.000000e+01
      vertex   3.901510e+01 -3.512936e+01 -4.000000e+01
      vertex   3.666277e+01 -3.472882e+01 -4.000000e+01
    endloop
  endfacet
  facet normal  0.000000e+00 -0.000000e+00 -1.000000e+00
    outer loop
      vertex   3.666277e+01 -3.472882e+01 -4.000000e+01
      vertex   3.901510e+01 -3.512936e+01 -4.000000e+01
      vertex   3.512936e+01 -3.901510e+01 -4.000000e+01
    endloop
  endfacet
  facet normal  0.000000e+00  0.000000e+00 -1.000000e+00
    outer loop
      vertex   3.666277e+01 -3.472882e+01 -4.000000e+01
      vertex   3.512936e+01 -3.901510e+01 -4.000000e+01
      vertex   3.269301e+01 -3.848919e+01 -4.000000e+01
    endloop
  endfacet
  facet normal  0.000000e+00 -0.000000e+00 -1.000000e+00
    outer loop
      vertex   3.269301e+01 -3.848919e+01 -4.000000e+01
      vertex   3.512936e+01 -3.901510e+01 -4.000000e+01
      vertex   3.085873e+01 -4.247339e+01 -4.000000e+01
    endloop
  endfacet
  facet normal  0.000000e+00  0.000000e+00 -1.000000e+00
    outer loop
      vertex   3.269301e+01 -3.848919e+01 -4.000000e+01
      vertex   3.085873e+01 -4.247339e+01 -4.000000e+01
      vertex   2.833995e+01 -4.179829e+01 -4.000000e+01
    endloop
  endfacet
  facet normal  0.000000e+00 -0.000000e+00 -1.000000e+00
    outer loop
      vertex   2.833995e+01 -4.179829e+01 -4.000000e+01
      vertex   3.085873e+01 -4.247339e+01 -4.000000e+01
      vertex   2.625000e+01 -4.546633e+01 -4.000000e+01
    endloop
  endfacet
  facet normal  0.000000e+00  0.000000e+00 -1.000000e+00
    outer loop
      vertex   2.833995e+01 -4.179829e+01 -4.000000e+01
      vertex   2.625000e+01 -4.546633e+01 -4.000000e+01
      vertex   2.365462e+01 -4.461736e+01 -4.000000e+01
    endloop
  endfacet
  facet normal  0.000000e+00 -0.000000e+00 -1.000000e+00
    outer loop
      vertex   2.365462e+01 -4.461736e+01 -4.000000e+01
      vertex   2.625000e+01 -4.546633e+01 -4.000000e+01
      vertex   2.135367e+01 -4.796114e+01 -4.000000e+01
    endloop
  endfacet
  facet normal  0.000000e+00  0.000000e+00 -1.000000e+00
    outer loop
      vertex   2.365462e+01 -4.461736e+01 -4.000000e+01
      vertex   2.135367e+01 -4.796114e+01 -4.000000e+01
      vertex   1.869198e+01 -4.691332e+01 -4.000000e+01
    endloop
  endfacet
  facet normal  0.000000e+00 -0.000000e+00 -1.000000e+00
    outer loop
      vertex   1.869198e+01 -4.691332e+01 -4.000000e+01
      vertex   2.135367e+01 -4.796114e+01 -4.000000e+01
      vertex   1.622339e+01 -4.993047e+01 -4.000000e+01
    endloop
  endfacet
  facet normal  0.000000e+00  0.000000e+00 -1.000000e+00
    outer loop
      vertex   1.869198e+01 -4.691332e+01 -4.000000e+01
      vertex   1.622339e+01 -4.993047e+01 -4.000000e+01
      vertex   1.351018e+01 -4.865928e+01 -4.000000e+01
    endloop
  endfacet
  facet normal  0.000000e+00 -0.000000e+00 -1.000000e+00
    outer loop
      vertex   1.351018e+01 -4.865928e+01 -4.000000e+01
      vertex   1.622339e+01 -4.993047e+01 -4.000000e+01
      vertex   1.091536e+01 -5.135275e+01 -4.000000e+01
    endloop
  endfacet
  facet normal  0.000000e+00  0.000000e+00 -1.000000e+00
    outer loop
      vertex   1.351018e+01 -4.865928e+01 -4.000000e+01
      vertex   1.091536e+01 -5.135275e+01 -4.000000e+01
      vertex   8.169991e+00 -4.983474e+01 -4.000000e+01
    endloop
  endfacet
  facet normal  0.000000e+00 -0.000000e+00 -1.000000e+00
    outer loop
      vertex   8.169991e+00 -4.983474e+01 -4.000000e+01
      vertex   1.091536e+01 -5.135275e+01 -4.000000e+01
      vertex   5.487744e+00 -5.221240e+01 -4.000000e+01
    endloop
  endfacet
  facet normal  0.000000e+00  0.000000e+00 -1.000000e+00
    outer loop
      vertex   8.169991e+00 -4.983474e+01 -4.000000e+01
      vertex   5.487744e+00 -5.221240e+01 -4.000000e+01
      vertex   2.734015e+00 -5.042594e+01 -4.000000e+01
    endloop
  endfacet
  facet normal  0.000000e+00 -0.000000e+00 -1.000000e+00
    outer loop
      vertex   2.734015e+00 -5.042594e+01 -4.000000e+01
      vertex   5.487744e+00 -5.221240e+01 -4.000000e+01
      vertex   0.000000e+00 -5.250000e+01 -4.000000e+01
    endloop
  endfacet
  facet normal -0.000000e+00  0.000000e+00 -1.000000e+00
    outer loop
      vertex   2.734015e+00 -5.042594e+01 -4.000000e+01
      vertex   0.000000e+00 -5.250000e+01 -4.000000e+01
      vertex  -2.734015e+00 -5.042594e+01 -4.000000e+01
    endloop
  endfacet
  facet normal  0.000000e+00 -0.000000e+00 -1.000000e+00
    outer loop
      vertex  -2.734015e+00 -5.042594e+01 -4.000000e+01
      vertex   0.000000e+00 -5.250000e+01 -4.000000e+01
      vertex  -5.487744e+00 -5.221240e+01 -4.000000e+01
    endloop
  endfacet
  facet normal -0.000000e+00  0.000000e+00 -1.000000e+00
    outer loop
      vertex  -2.734015e+00 -5.042594e+01 -4.000000e+01
      vertex  -5.487744e+00 -5.221240e+01 -4.000000e+01
      vertex  -8.169991e+00 -4.983474e+01 -4.000000e+01
    endloop
  endfacet
  facet normal  0.000000e+00 -0.000000e+00 -1.000000e+00
    outer loop
      vertex  -8.169991e+00 -4.983474e+01 -4.000000e+01
      vertex  -5.487744e+00 -5.221240e+01 -4.000000e+01
      vertex  -1.091536e+01 -5.135275e+01 -4.000000e+01
    endloop
  endfacet
  facet normal -0.000000e+00  0.000000e+00 -1.000000e+00
    outer loop
      vertex  -8.169991e+00 -4.983474e+01 -4.000000e+01
      vertex  -1.091536e+01 -5.135275e+01 -4.000000e+01
      vertex  -1.351018e+01 -4.865928e+01 -4.000000e+01
    endloop
  endfacet
  facet normal  0.000000e+00 -0.000000e+00 -1.000000e+00
    outer loop
      vertex  -1.351018e+01 -4.865928e+01 -4.000000e+01
      vertex  -1.091536e+01 -5.135275e+01 -4.000000e+01
      vertex  -1.622339e+01 -4.993047e+01 -4.000000e+01
    endloop
  endfacet
  facet normal -0.000000e+00  0.000000e+00 -1.000000e+00
    outer loop
      vertex  -1.351018e+01 -4.865928e+01 -4.000000e+01
      vertex  -1.622339e+01 -4.993047e+01 -4.000000e+01
      vertex  -1.869198e+01 -4.691332e+01 -4.000000e+01
    endloop
  endfacet
  facet normal  0.000000e+00 -0.000000e+00 -1.000000e+00
    outer loop
      vertex  -1.869198e+01 -4.691332e+01 -4.000000e+01
      vertex  -1.622339e+01 -4.993047e+01 -4.000000e+01
      vertex  -2.135367e+01 -4.796114e+01 -4.000000e+01
    endloop
  endfacet
  facet normal -0.000000e+00  0.000000e+00 -1.000000e+00
    outer loop
      vertex  -1.869198e+01 -4.691332e+01 -4.000000e+01
      vertex  -2.135367e+01 -4.796114e+01 -4.000000e+01
      vertex  -2.365462e+01 -4.461736e+01 -4.000000e+01
    endloop
  endfacet
  facet normal  0.000000e+00 -0.000000e+00 -1.000000e+00
    outer loop
      vertex  -2.365462e+01 -4.461736e+01 -4.000000e+01
      vertex  -2.135367e+01 -4.796114e+01 -4.000000e+01
      vertex  -2.625000e+01 -4.546633e+01 -4.000000e+01
    endloop
  endfacet
  facet normal -0.000000e+00  0.000000e+00 -1.000000e+00
    outer loop
      vertex  -2.365462e+01 -4.461736e+01 -4.000000e+01
      vertex  -2.625000e+01 -4.546633e+01 -4.000000e+01
      vertex  -2.833995e+01 -4.179829e+01 -4.000000e+01
    endloop
  endfacet
  facet normal  0.000000e+00 -0.000000e+00 -1.000000e+00
    outer loop
      vertex  -2.833995e+01 -4.179829e+01 -4.000000e+01
      vertex  -2.625000e+01 -4.546633e+01 -4.000000e+01
      vertex  -3.085873e+01 -4.247339e+01 -4.000000e+01
    endloop
  endfacet
  facet normal -0.000000e+00  0.000000e+00 -1.000000e+00
    outer loop
      vertex  -2.833995e+01 -4.179829e+01 -4.000000e+01
      vertex  -3.085873e+01 -4.247339e+01 -4.000000e+01
      vertex  -3.269301e+01 -3.848919e+01 -4.000000e+01
    endloop
  endfacet
  facet normal  0.000000e+00 -0.000000e+00 -1.000000e+00
    outer loop
      vertex  -3.269301e+01 -3.848919e+01 -4.000000e+01
      vertex  -3.085873e+01 -4.247339e+01 -4.000000e+01
      vertex  -3.512936e+01 -3.901510e+01 -4.000000e+01
    endloop
  endfacet
  facet normal -0.000000e+00  0.000000e+00 -1.000000e+00
    outer loop
      vertex  -3.269301e+01 -3.848919e+01 -4.000000e+01
      vertex  -3.512936e+01 -3.901510e+01 -4.000000e+01
      vertex  -3.666277e+01 -3.472882e+01 -4.000000e+01
    endloop
  endfacet
  facet normal  0.000000e+00 -0.000000e+00 -1.000000e+00
    outer loop
      vertex  -3.666277e+01 -3.472882e+01 -4.000000e+01
      vertex  -3.512936e+01 -3.901510e+01 -4.000000e+01
      vertex  -3.901510e+01 -3.512936e+01 -4.000000e+01
    endloop
  endfacet
  facet normal -0.000000e+00  0.000000e+00 -1.000000e+00
    outer loop
      vertex  -3.666277e+01 -3.472882e+01 -4.000000e+01
      vertex  -3.901510e+01 -3.512936e+01 -4.000000e+01
      vertex  -4.020270e+01 -3.056130e+01 -4.000000e+01
    endloop
  endfacet
  facet normal  0.000000e+00 -0.000000e+00 -1.000000e+00
    outer loop
      vertex  -4.020270e+01 -3.056130e+01 -4.000000e+01
      vertex  -3.901510e+01 -3.512936e+01 -4.000000e+01
      vertex  -4.247339e+01 -3.085873e+01 -4.000000e+01
    endloop
  endfacet
  facet normal -0.000000e+00  0.000000e+00 -1.000000e+00
    outer loop
      vertex  -4.020270e+01 -3.056130e+01 -4.000000e+01
      vertex  -4.247339e+01 -3.085873e+01 -4.000000e+01
      vertex  -4.327129e+01 -2.603547e+01 -4.000000e+01
    endloop
  endfacet
  facet normal  0.000000e+00 -0.000000e+00 -1.000000e+00
    outer loop
      vertex  -4.327129e+01 -2.603547e+01 -4.000000e+01
      vertex  -4.247339e+01 -3.085873e+01 -4.000000e+01
      vertex  -4.546633e+01 -2.625000e+01 -4.000000e+01
    endloop
  endfacet
  facet normal -0.000000e+00  0.000000e+00 -1.000000e+00
    outer loop
      vertex  -4.327129e+01 -2.603547e+01 -4.000000e+01
      vertex  -4.546633e+01 -2.625000e+01 -4.000000e+01
      vertex  -4.583256e+01 -2.120440e+01 -4.000000e+01
    endloop
  endfacet
  facet normal  0.000000e+00 -0.000000e+00 -1.000000e+00
    outer loop
      vertex  -4.583256e+01 -2.120440e+01 -4.000000e+01
      vertex  -4.546633e+01 -2.625000e+01 -4.000000e+01
      vertex  -4.796114e+01 -2.135367e+01 -4.000000e+01
    endloop
  endfacet
  facet normal -0.000000e+00  0.000000e+00 -1.000000e+00
    outer loop
      vertex  -4.583256e+01 -2.120440e+01 -4.000000e+01
      vertex  -4.796114e+01 -2.135367e+01 -4.000000e+01
      vertex  -4.785648e+01 -1.612473e+01 -4.000000e+01
    endloop
  endfacet
  facet normal  0.000000e+00  0.000000e+00 -1.000000e+00
    outer loop
      vertex  -4.785648e+01 -1.612473e+01 -4.000000e+01
      vertex  -4.796114e+01 -2.135367e+01 -4.000000e+01
      vertex  -4.993047e+01 -1.622339e+01 -4.000000e+01
    endloop
  endfacet
  facet normal -0.000000e+00  0.000000e+00 -1.000000e+00
    outer loop
      vertex  -4.785648e+01 -1.612473e+01 -4.000000e+01
      vertex  -4.993047e+01 -1.622339e+01 -4.000000e+01
      vertex  -4.931934e+01 -1.085601e+01 -4.000000e+01
    endloop
  endfacet
  facet normal  0.000000e+00  0.000000e+00 -1.000000e+00
    outer loop
      vertex  -4.931934e+01 -1.085601e+01 -4.000000e+01
      vertex  -4.993047e+01 -1.622339e+01 -4.000000e+01
      vertex  -5.135275e+01 -1.091536e+01 -4.000000e+01
    endloop
  endfacet
  facet normal -0.000000e+00  0.000000e+00 -1.000000e+00
    outer loop
      vertex  -4.931934e+01 -1.085601e+01 -4.000000e+01
      vertex  -5.135275e+01 -1.091536e+01 -4.000000e+01
      vertex  -5.020397e+01 -5.460010e+00 -4.000000e+01
    endloop
  endfacet
  facet normal  0.000000e+00  0.000000e+00 -1.000000e+00
    outer loop
      vertex  -5.020397e+01 -5.460010e+00 -4.000000e+01
      vertex  -5.135275e+01 -1.091536e+01 -4.000000e+01
      vertex  -5.221240e+01 -5.487744e+00 -4.000000e+01
    endloop
  endfacet
  facet normal -0.000000e+00  0.000000e+00 -1.000000e+00
    outer loop
      vertex  -5.020397e+01 -5.460010e+00 -4.000000e+01
      vertex  -5.221240e+01 -5.487744e+00 -4.000000e+01
      vertex  -5.050000e+01  0.000000e+00 -4.000000e+01
    endloop
  endfacet
  facet normal -0.000000e+00  0.000000e+00 -1.000000e+00
    outer loop
      vertex  -5.050000e+01  0.000000e+00 -4.000000e+01
      vertex  -5.221240e+01 -5.487744e+00 -4.000000e+01
      vertex  -5.250000e+01  0.000000e+00 -4.000000e+01
    endloop
  endfacet
  facet normal  0.000000e+00  0.000000e+00 -1.000000e+00
    outer loop
      vertex  -5.050000e+01  0.000000e+00 -4.000000e+01
      vertex  -5.250000e+01  0.000000e+00 -4.000000e+01
      vertex  -5.221240e+01  5.487744e+00 -4.000000e+01
    endloop
  endfacet
  facet normal  0.000000e+00  0.000000e+00 -1.000000e+00
    outer loop
      vertex  -5.050000e+01  0.000000e+00 -4.000000e+01
      vertex  -5.221240e+01  5.487744e+00 -4.000000e+01
      vertex  -5.020397e+01  5.460010e+00 -4.000000e+01
    endloop
  endfacet
  facet normal  0.000000e+00  0.000000e+00 -1.000000e+00
    outer loop
      vertex  -5.020397e+01  5.460010e+00 -4.000000e+01
      vertex  -5.221240e+01  5.487744e+00 -4.000000e+01
      vertex  -5.135275e+01  1.091536e+01 -4.000000e+01
    endloop
  endfacet
  facet normal  0.000000e+00  0.000000e+00 -1.000000e+00
    outer loop
      vertex  -5.020397e+01  5.460010e+00 -4.000000e+01
      vertex  -5.135275e+01  1.091536e+01 -4.000000e+01
      vertex  -4.931934e+01  1.085601e+01 -4.000000e+01
    endloop
  endfacet
  facet normal  0.000000e+00  0.000000e+00 -1.000000e+00
    outer loop
      vertex  -4.931934e+01  1.085601e+01 -4.000000e+01
      vertex  -5.135275e+01  1.091536e+01 -4.000000e+01
      vertex  -4.993047e+01  1.622339e+01 -4.000000e+01
    endloop
  endfacet
  facet normal  0.000000e+00  0.000000e+00 -1.000000e+00
    outer loop
      vertex  -4.931934e+01  1.085601e+01 -4.000000e+01
      vertex  -4.993047e+01  1.622339e+01 -4.000000e+01
      vertex  -4.785648e+01  1.612473e+01 -4.000000e+01
    endloop
  endfacet
  facet normal  0.000000e+00  0.000000e+00 -1.000000e+00
    outer loop
      vertex  -4.785648e+01  1.612473e+01 -4.000000e+01
      vertex  -4.993047e+01  1.622339e+01 -4.000000e+01
      vertex  -4.796114e+01  2.135367e+01 -4.000000e+01
    endloop
  endfacet
  facet normal  0.000000e+00  0.000000e+00 -1.000000e+00
    outer loop
      vertex  -4.785648e+01  1.612473e+01 -4.000000e+01
      vertex  -4.796114e+01  2.135367e+01 -4.000000e+01
      vertex  -4.583256e+01  2.120440e+01 -4.000000e+01
    endloop
  endfacet
  facet normal  0.000000e+00  0.000000e+00 -1.000000e+00
    outer loop
      vertex  -4.583256e+01  2.120440e+01 -4.000000e+01
      vertex  -4.796114e+01  2.135367e+01 -4.000000e+01
      vertex  -4.546633e+01  2.625000e+01 -4.000000e+01
    endloop
  endfacet
  facet normal  0.000000e+00  0.000000e+00 -1.000000e+00
    outer loop
      vertex  -4.583256e+01  2.120440e+01 -4.000000e+01
      vertex  -4.546633e+01  2.625000e+01 -4.000000e+01
      vertex  -4.327129e+01  2.603547e+01 -4.000000e+01
    endloop
  endfacet
  facet normal  0.000000e+00  0.000000e+00 -1.000000e+00
    outer loop
      vertex  -4.327129e+01  2.603547e+01 -4.000000e+01
      vertex  -4.546633e+01  2.625000e+01 -4.000000e+01
      vertex  -4.247339e+01  3.085873e+01 -4.000000e+01
    endloop
  endfacet
  facet normal  0.000000e+00  0.000000e+00 -1.000000e+00
    outer loop
      vertex  -4.327129e+01  2.603547e+01 -4.000000e+01
      vertex  -4.247339e+01  3.085873e+01 -4.000000e+01
      vertex  -4.020270e+01  3.056130e+01 -4.000000e+01
    endloop
  endfacet
  facet normal  0.000000e+00  0.000000e+00 -1.000000e+00
    outer loop
      vertex  -4.020270e+01  3.056130e+01 -4.000000e+01
      vertex  -4.247339e+01  3.085873e+01 -4.000000e+01
      vertex  -3.901510e+01  3.512936e+01 -4.000000e+01
    endloop
  endfacet
  facet normal  0.000000e+00  0.000000e+00 -1.000000e+00
    outer loop
      vertex  -4.020270e+01  3.056130e+01 -4.000000e+01
      vertex  -3.901510e+01  3.512936e+01 -4.000000e+01
      vertex  -3.666277e+01  3.472882e+01 -4.000000e+01
    endloop
  endfacet
  facet normal  0.000000e+00  0.000000e+00 -1.000000e+00
    outer loop
      vertex  -3.666277e+01  3.472882e+01 -4.000000e+01
      vertex  -3.901510e+01  3.512936e+01 -4.000000e+01
      vertex  -3.512936e+01  3.901510e+01 -4.000000e+01
    endloop
  endfacet
  facet normal  0.000000e+00  0.000000e+00 -1.000000e+00
    outer loop
      vertex  -3.666277e+01  3.472882e+01 -4.000000e+01
      vertex  -3.512936e+01  3.901510e+01 -4.000000e+01
      vertex  -3.269301e+01  3.848919e+01 -4.000000e+01
    endloop
  endfacet
  facet normal  0.000000e+00  0.000000e+00 -1.000000e+00
    outer loop
      vertex  -3.269301e+01  3.848919e+01 -4.000000e+01
      vertex  -3.512936e+01  3.901510e+01 -4.000000e+01
      vertex  -3.085873e+01  4.247339e+01 -4.000000e+01
    endloop
  endfacet
  facet normal  0.000000e+00  0.000000e+00 -1.000000e+00
    outer loop
      vertex  -3.269301e+01  3.848919e+01 -4.000000e+01
      vertex  -3.085873e+01  4.247339e+01 -4.000000e+01
      vertex  -2.833995e+01  4.179829e+01 -4.000000e+01
    endloop
  endfacet
  facet normal  0.000000e+00  0.000000e+00 -1.000000e+00
    outer loop
      vertex  -2.833995e+01  4.179829e+01 -4.000000e+01
      vertex  -3.085873e+01  4.247339e+01 -4.000000e+01
      vertex  -2.625000e+01  4.546633e+01 -4.000000e+01
    endloop
  endfacet
  facet normal  0.000000e+00  0.000000e+00 -1.000000e+00
    outer loop
      vertex  -2.833995e+01  4.179829e+01 -4.000000e+01
      vertex  -2.625000e+01  4.546633e+01 -4.000000e+01
      vertex  -2.365462e+01  4.461736e+01 -4.000000e+01
    endloop
  endfacet
  facet normal  0.000000e+00  0.000000e+00 -1.000000e+00
    outer loop
      vertex  -2.365462e+01  4.461736e+01 -4.000000e+01
      vertex  -2.625000e+01  4.546633e+01 -4.000000e+01
      vertex  -2.135367e+01  4.796114e+01 -4.000000e+01
    endloop
  endfacet
  facet normal  0.000000e+00  0.000000e+00 -1.000000e+00
    outer loop
      vertex  -2.365462e+01  4.461736e+01 -4.000000e+01
      vertex  -2.135367e+01  4.796114e+01 -4.000000e+01
      vertex  -1.869198e+01  4.691332e+01 -4.000000e+01
    endloop
  endfacet
  facet normal  0.000000e+00  0.000000e+00 -1.000000e+00
    outer loop
      vertex  -1.869198e+01  4.691332e+01 -4.000000e+01
      vertex  -2.135367e+01  4.796114e+01 -4.000000e+01
      vertex  -1.622339e+01  4.993047e+01 -4.000000e+01
    endloop
  endfacet
  facet normal  0.000000e+00  0.000000e+00 -1.000000e+00
    outer loop
      vertex  -1.869198e+01  4.691332e+01 -4.000000e+01
      vertex  -1.622339e+01  4.993047e+01 -4.000000e+01
      vertex  -1.351018e+01  4.865928e+01 -4.000000e+01
    endloop
  endfacet
  facet normal  0.000000e+00  0.000000e+00 -1.000000e+00
    outer loop
      vertex  -1.351018e+01  4.865928e+01 -4.000000e+01
      vertex  -1.622339e+01  4.993047e+01 -4.000000e+01
      vertex  -1.091536e+01  5.135275e+01 -4.000000e+01
    endloop
  endfacet
  facet normal  0.000000e+00  0.000000e+00 -1.000000e+00
    outer loop
      vertex  -1.351018e+01  4.865928e+01 -4.000000e+01
      vertex  -1.091536e+01  5.135275e+01 -4.000000e+01
      vertex  -8.169991e+00  4.983474e+01 -4.000000e+01
    endloop
  endfacet
  facet normal  0.000000e+00  0.000000e+00 -1.000000e+00
    outer loop
      vertex  -8.169991e+00  4.983474e+01 -4.000000e+01
      vertex  -1.091536e+01  5.135275e+01 -4.000000e+01
      vertex  -5.487744e+00  5.221240e+01 -4.000000e+01
    endloop
  endfacet
  facet normal  0.000000e+00  0.000000e+00 -1.000000e+00
    outer loop
      vertex  -8.169991e+00  4.983474e+01 -4.000000e+01
      vertex  -5.487744e+00  5.221240e+01 -4.000000e+01
      vertex  -2.734015e+00  5.042594e+01 -4.000000e+01
    endloop
  endfacet
  facet normal  0.000000e+00  0.000000e+00 -1.000000e+00
    outer loop
      vertex  -2.734015e+00  5.042594e+01 -4.000000e+01
      vertex  -5.487744e+00  5.221240e+01 -4.000000e+01
      vertex   0.000000e+00  5.250000e+01 -4.000000e+01
    endloop
  endfacet
  facet normal  0.000000e+00  0.000000e+00 -1.000000e+00
    outer loop
      vertex  -2.734015e+00  5.042594e+01 -4.000000e+01
      vertex   0.000000e+00  5.250000e+01 -4.000000e+01
      vertex   2.734015e+00  5.042594e+01 -4.000000e+01
    endloop
  endfacet
  facet normal  0.000000e+00  0.000000e+00 -1.000000e+00
    outer loop
      vertex   2.734015e+00  5.042594e+01 -4.000000e+01
      vertex   0.000000e+00  5.250000e+01 -4.000000e+01
      vertex   5.487744e+00  5.221240e+01 -4.000000e+01
    endloop
  endfacet
  facet normal  0.000000e+00  0.000000e+00 -1.000000e+00
    outer loop
      vertex   2.734015e+00  5.042594e+01 -4.000000e+01
      vertex   5.487744e+00  5.221240e+01 -4.000000e+01
      vertex   8.169991e+00  4.983474e+01 -4.000000e+01
    endloop
  endfacet
  facet normal  0.000000e+00  0.000000e+00 -1.000000e+00
    outer loop
      vertex   8.169991e+00  4.983474e+01 -4.000000e+01
      vertex   5.487744e+00  5.221240e+01 -4.000000e+01
      vertex   1.091536e+01  5.135275e+01 -4.000000e+01
    endloop
  endfacet
  facet normal  0.000000e+00  0.000000e+00 -1.000000e+00
    outer loop
      vertex   8.169991e+00  4.983474e+01 -4.000000e+01
      vertex   1.091536e+01  5.135275e+01 -4.000000e+01
      vertex   1.351018e+01  4.865928e+01 -4.000000e+01
    endloop
  endfacet
  facet normal  0.000000e+00  0.000000e+00 -1.000000e+00
    outer loop
      vertex   1.351018e+01  4.865928e+01 -4.000000e+01
      vertex   1.091536e+01  5.135275e+01 -4.000000e+01
      vertex   1.622339e+01  4.993047e+01 -4.000000e+01
    endloop
  endfacet
  facet normal  0.000000e+00  0.000000e+00 -1.000000e+00
    outer loop
      vertex   1.351018e+01  4.865928e+01 -4.000000e+01
      vertex   1.622339e+01  4.993047e+01 -4.000000e+01
      vertex   1.869198e+01  4.691332e+01 -4.000000e+01
    endloop
  endfacet
  facet normal  0.000000e+00  0.000000e+00 -1.000000e+00
    outer loop
      vertex   1.869198e+01  4.691332e+01 -4.000000e+01
      vertex   1.622339e+01  4.993047e+01 -4.000000e+01
      vertex   2.135367e+01  4.796114e+01 -4.000000e+01
    endloop
  endfacet
  facet normal  0.000000e+00  0.000000e+00 -1.000000e+00
    outer loop
      vertex   1.869198e+01  4.691332e+01 -4.000000e+01
      vertex   2.135367e+01  4.796114e+01 -4.000000e+01
      vertex   2.365462e+01  4.461736e+01 -4.000000e+01
    endloop
  endfacet
  facet normal  0.000000e+00  0.000000e+00 -1.000000e+00
    outer loop
      vertex   2.365462e+01  4.461736e+01 -4.000000e+01
      vertex   2.135367e+01  4.796114e+01 -4.000000e+01
      vertex   2.625000e+01  4.546633e+01 -4.000000e+01
    endloop
  endfacet
  facet normal  0.000000e+00  0.000000e+00 -1.000000e+00
    outer loop
      vertex   2.365462e+01  4.461736e+01 -4.000000e+01
      vertex   2.625000e+01  4.546633e+01 -4.000000e+01
      vertex   2.833995e+01  4.179829e+01 -4.000000e+01
    endloop
  endfacet
  facet normal  0.000000e+00  0.000000e+00 -1.000000e+00
    outer loop
      vertex   2.833995e+01  4.179829e+01 -4.000000e+01
      vertex   2.625000e+01  4.546633e+01 -4.000000e+01
      vertex   3.085873e+01  4.247339e+01 -4.000000e+01
    endloop
  endfacet
  facet normal  0.000000e+00  0.000000e+00 -1.000000e+00
    outer loop
      vertex   2.833995e+01  4.179829e+01 -4.000000e+01
      vertex   3.085873e+01  4.247339e+01 -4.000000e+01
      vertex   3.269301e+01  3.848919e+01 -4.000000e+01
    endloop
  endfacet
  facet normal  0.000000e+00  0.000000e+00 -1.000000e+00
    outer loop
      vertex   3.269301e+01  3.848919e+01 -4.000000e+01
      vertex   3.085873e+01  4.247339e+01 -4.000000e+01
      vertex   3.512936e+01  3.901510e+01 -4.000000e+01
    endloop
  endfacet
  facet normal  0.000000e+00  0.000000e+00 -1.000000e+00
    outer loop
      vertex   3.269301e+01  3.848919e+01 -4.000000e+01
      vertex   3.512936e+01  3.901510e+01 -4.000000e+01
      vertex   3.666277e+01  3.472882e+01 -4.000000e+01
    endloop
  endfacet
  facet normal  0.000000e+00  0.000000e+00 -1.000000e+00
    outer loop
      vertex   3.666277e+01  3.472882e+01 -4.000000e+01
      vertex   3.512936e+01  3.901510e+01 -4.000000e+01
      vertex   3.901510e+01  3.512936e+01 -4.000000e+01
    endloop
  endfacet
  facet normal  0.000000e+00  0.000000e+00 -1.000000e+00
    outer loop
      vertex   3.666277e+01  3.472882e+01 -4.000000e+01
      vertex   3.901510e+01  3.512936e+01 -4.000000e+01
      vertex   4.020270e+01  3.056130e+01 -4.000000e+01
    endloop
  endfacet
  facet normal  0.000000e+00  0.000000e+00 -1.000000e+00
    outer loop
      vertex   4.020270e+01  3.056130e+01 -4.000000e+01
      vertex   3.901510e+01  3.512936e+01 -4.000000e+01
      vertex   4.247339e+01  3.085873e+01 -4.000000e+01
    endloop
  endfacet
  facet normal  0.000000e+00  0.000000e+00 -1.000000e+00
    outer loop
      vertex   4.020270e+01  3.056130e+01 -4.000000e+01
      vertex   4.247339e+01  3.085873e+01 -4.000000e+01
      vertex   4.327129e+01  2.603547e+01 -4.000000e+01
    endloop
  endfacet
  facet normal  0.000000e+00  0.000000e+00 -1.000000e+00
    outer loop
      vertex   4.327129e+01  2.603547e+01 -4.000000e+01
      vertex   4.247339e+01  3.085873e+01 -4.000000e+01
      vertex   4.546633e+01  2.625000e+01 -4.000000e+01
    endloop
  endfacet
  facet normal  0.000000e+00  0.000000e+00 -1.000000e+00
    outer loop
      vertex   4.327129e+01  2.603547e+01 -4.000000e+01
      vertex   4.546633e+01  2.625000e+01 -4.000000e+01
      vertex   4.583256e+01  2.120440e+01 -4.000000e+01
    endloop
  endfacet
  facet normal  0.000000e+00  0.000000e+00 -1.000000e+00
    outer loop
      vertex   4.583256e+01  2.120440e+01 -4.000000e+01
      vertex   4.546633e+01  2.625000e+01 -4.000000e+01
      vertex   4.796114e+01  2.135367e+01 -4.000000e+01
    endloop
  endfacet
  facet normal  0.000000e+00  0.000000e+00 -1.000000e+00
    outer loop
      vertex   4.583256e+01  2.120440e+01 -4.000000e+01
      vertex   4.796114e+01  2.135367e+01 -4.000000e+01
      vertex   4.785648e+01  1.612473e+01 -4.000000e+01
    endloop
  endfacet
  facet normal  0.000000e+00  0.000000e+00 -1.000000e+00
    outer loop
      vertex   4.785648e+01  1.612473e+01 -4.000000e+01
      vertex   4.796114e+01  2.135367e+01 -4.000000e+01
      vertex   4.993047e+01  1.622339e+01 -4.000000e+01
    endloop
  endfacet
  facet normal  0.000000e+00  0.000000e+00 -1.000000e+00
    outer loop
      vertex   4.785648e+01  1.612473e+01 -4.000000e+01
      vertex   4.993047e+01  1.622339e+01 -4.000000e+01
      vertex   4.931934e+01  1.085601e+01 -4.000000e+01
    endloop
  endfacet
  facet normal  0.000000e+00  0.000000e+00 -1.000000e+00
    outer loop
      vertex   4.931934e+01  1.085601e+01 -4.000000e+01
      vertex   4.993047e+01  1.622339e+01 -4.000000e+01
      vertex   5.135275e+01  1.091536e+01 -4.000000e+01
    endloop
  endfacet
  facet normal  0.000000e+00  0.000000e+00 -1.000000e+00
    outer loop
      vertex   4.931934e+01  1.085601e+01 -4.000000e+01
      vertex   5.135275e+01  1.091536e+01 -4.000000e+01
      vertex   5.020397e+01  5.460010e+00 -4.000000e+01
    endloop
  endfacet
  facet normal  0.000000e+00  0.000000e+00 -1.000000e+00
    outer loop
      vertex   5.020397e+01  5.460010e+00 -4.000000e+01
      vertex   5.135275e+01  1.091536e+01 -4.000000e+01
      vertex   5.221240e+01  5.487744e+00 -4.000000e+01
    endloop
  endfacet
  facet normal  0.000000e+00  0.000000e+00 -1.000000e+00
    outer loop
      vertex   5.020397e+01  5.460010e+00 -4.000000e+01
      vertex   5.221240e+01  5.487744e+00 -4.000000e+01
      vertex   5.050000e+01  0.000000e+00 -4.000000e+01
    endloop
  endfacet
endsolid vcg
