solid STL generated by MeshLab
  facet normal  9.986296e-01  0.000000e+00 -5.233622e-02
    outer loop
      vertex   5.022335e+01  0.000000e+00 -5.278687e+00
      vertex   5.022335e+01  4.000000e+00 -5.278687e+00
      vertex   5.050000e+01  0.000000e+00  0.000000e+00
    endloop
  endfacet
  facet normal  9.986296e-01  0.000000e+00 -5.233622e-02
    outer loop
      vertex   5.050000e+01  0.000000e+00  0.000000e+00
      vertex   5.022335e+01  4.000000e+00 -5.278687e+00
      vertex   5.050000e+01  4.000000e+00  0.000000e+00
    endloop
  endfacet
  facet normal  9.986296e-01 -0.000000e+00  5.233622e-02
    outer loop
      vertex   5.050000e+01  0.000000e+00  0.000000e+00
      vertex   5.050000e+01  4.000000e+00  0.000000e+00
      vertex   5.022335e+01  0.000000e+00  5.278687e+00
    endloop
  endfacet
  facet normal  9.986296e-01 -0.000000e+00  5.233622e-02
    outer loop
      vertex   5.022335e+01  0.000000e+00  5.278687e+00
      vertex   5.050000e+01  4.000000e+00  0.000000e+00
      vertex   5.022335e+01  4.000000e+00  5.278687e+00
    endloop
  endfacet
  facet normal  9.876884e-01 -0.000000e+00  1.564342e-01
    outer loop
      vertex   5.022335e+01  0.000000e+00  5.278687e+00
      vertex   5.022335e+01  4.000000e+00  5.278687e+00
      vertex   4.939645e+01  4.000000e+00  1.049954e+01
    endloop
  endfacet
  facet normal  9.876884e-01  0.000000e+00 -1.564342e-01
    outer loop
      vertex   5.022335e+01  0.000000e+00 -5.278687e+00
      vertex   4.939645e+01  0.000000e+00 -1.049954e+01
      vertex   5.022335e+01  4.000000e+00 -5.278687e+00
    endloop
  endfacet
  facet normal  9.876884e-01  0.000000e+00 -1.564342e-01
    outer loop
      vertex   5.022335e+01  4.000000e+00 -5.278687e+00
      vertex   4.939645e+01  0.000000e+00 -1.049954e+01
      vertex   4.939645e+01  4.000000e+00 -1.049954e+01
    endloop
  endfacet
  facet normal  9.659258e-01  0.000000e+00 -2.588190e-01
    outer loop
      vertex   4.939645e+01  4.000000e+00 -1.049954e+01
      vertex   4.939645e+01  0.000000e+00 -1.049954e+01
      vertex   4.802835e+01  0.000000e+00 -1.560536e+01
    endloop
  endfacet
  facet normal  9.659258e-01  0.000000e+00 -2.588190e-01
    outer loop
      vertex   4.939645e+01  4.000000e+00 -1.049954e+01
      vertex   4.802835e+01  0.000000e+00 -1.560536e+01
      vertex   4.802835e+01  4.000000e+00 -1.560536e+01
    endloop
  endfacet
  facet normal  9.335806e-01  0.000000e+00 -3.583675e-01
    outer loop
      vertex   4.802835e+01  4.000000e+00 -1.560536e+01
      vertex   4.802835e+01  0.000000e+00 -1.560536e+01
      vertex   4.613405e+01  0.000000e+00 -2.054020e+01
    endloop
  endfacet
  facet normal  9.335806e-01  0.000000e+00 -3.583675e-01
    outer loop
      vertex   4.802835e+01  4.000000e+00 -1.560536e+01
      vertex   4.613405e+01  0.000000e+00 -2.054020e+01
      vertex   4.613405e+01  4.000000e+00 -2.054020e+01
    endloop
  endfacet
  facet normal  8.910063e-01  0.000000e+00 -4.539909e-01
    outer loop
      vertex   4.613405e+01  4.000000e+00 -2.054020e+01
      vertex   4.613405e+01  0.000000e+00 -2.054020e+01
      vertex   4.373428e+01  0.000000e+00 -2.525000e+01
    endloop
  endfacet
  facet normal  8.910063e-01  0.000000e+00 -4.539909e-01
    outer loop
      vertex   4.613405e+01  4.000000e+00 -2.054020e+01
      vertex   4.373428e+01  0.000000e+00 -2.525000e+01
      vertex   4.373428e+01  4.000000e+00 -2.525000e+01
    endloop
  endfacet
  facet normal  8.386708e-01  0.000000e+00 -5.446386e-01
    outer loop
      vertex   4.373428e+01  4.000000e+00 -2.525000e+01
      vertex   4.373428e+01  0.000000e+00 -2.525000e+01
      vertex   4.085536e+01  0.000000e+00 -2.968316e+01
    endloop
  endfacet
  facet normal  8.386708e-01  0.000000e+00 -5.446386e-01
    outer loop
      vertex   4.373428e+01  4.000000e+00 -2.525000e+01
      vertex   4.085536e+01  0.000000e+00 -2.968316e+01
      vertex   4.085536e+01  4.000000e+00 -2.968316e+01
    endloop
  endfacet
  facet normal  7.771455e-01  0.000000e+00 -6.293209e-01
    outer loop
      vertex   4.085536e+01  4.000000e+00 -2.968316e+01
      vertex   4.085536e+01  0.000000e+00 -2.968316e+01
      vertex   3.752881e+01  0.000000e+00 -3.379110e+01
    endloop
  endfacet
  facet normal  7.771455e-01  0.000000e+00 -6.293209e-01
    outer loop
      vertex   4.085536e+01  4.000000e+00 -2.968316e+01
      vertex   3.752881e+01  0.000000e+00 -3.379110e+01
      vertex   3.752881e+01  4.000000e+00 -3.379110e+01
    endloop
  endfacet
  facet normal  7.071068e-01  0.000000e+00 -7.071068e-01
    outer loop
      vertex   3.752881e+01  4.000000e+00 -3.379110e+01
      vertex   3.752881e+01  0.000000e+00 -3.379110e+01
      vertex   3.379110e+01  0.000000e+00 -3.752881e+01
    endloop
  endfacet
  facet normal  7.071068e-01  0.000000e+00 -7.071068e-01
    outer loop
      vertex   3.752881e+01  4.000000e+00 -3.379110e+01
      vertex   3.379110e+01  0.000000e+00 -3.752881e+01
      vertex   3.379110e+01  4.000000e+00 -3.752881e+01
    endloop
  endfacet
  facet normal  6.293209e-01  0.000000e+00 -7.771455e-01
    outer loop
      vertex   3.379110e+01  4.000000e+00 -3.752881e+01
      vertex   3.379110e+01  0.000000e+00 -3.752881e+01
      vertex   2.968316e+01  0.000000e+00 -4.085536e+01
    endloop
  endfacet
  facet normal  6.293209e-01  0.000000e+00 -7.771455e-01
    outer loop
      vertex   3.379110e+01  4.000000e+00 -3.752881e+01
      vertex   2.968316e+01  0.000000e+00 -4.085536e+01
      vertex   2.968316e+01  4.000000e+00 -4.085536e+01
    endloop
  endfacet
  facet normal  5.446386e-01  0.000000e+00 -8.386708e-01
    outer loop
      vertex   2.968316e+01  4.000000e+00 -4.085536e+01
      vertex   2.968316e+01  0.000000e+00 -4.085536e+01
      vertex   2.525000e+01  0.000000e+00 -4.373428e+01
    endloop
  endfacet
  facet normal  5.446386e-01  0.000000e+00 -8.386708e-01
    outer loop
      vertex   2.968316e+01  4.000000e+00 -4.085536e+01
      vertex   2.525000e+01  0.000000e+00 -4.373428e+01
      vertex   2.525000e+01  4.000000e+00 -4.373428e+01
    endloop
  endfacet
  facet normal  4.539909e-01  0.000000e+00 -8.910063e-01
    outer loop
      vertex   2.525000e+01  4.000000e+00 -4.373428e+01
      vertex   2.525000e+01  0.000000e+00 -4.373428e+01
      vertex   2.054020e+01  0.000000e+00 -4.613405e+01
    endloop
  endfacet
  facet normal  4.539909e-01  0.000000e+00 -8.910063e-01
    outer loop
      vertex   2.525000e+01  4.000000e+00 -4.373428e+01
      vertex   2.054020e+01  0.000000e+00 -4.613405e+01
      vertex   2.054020e+01  4.000000e+00 -4.613405e+01
    endloop
  endfacet
  facet normal  3.583675e-01  0.000000e+00 -9.335806e-01
    outer loop
      vertex   2.054020e+01  4.000000e+00 -4.613405e+01
      vertex   2.054020e+01  0.000000e+00 -4.613405e+01
      vertex   1.560536e+01  0.000000e+00 -4.802835e+01
    endloop
  endfacet
  facet normal  3.583675e-01  0.000000e+00 -9.335806e-01
    outer loop
      vertex   2.054020e+01  4.000000e+00 -4.613405e+01
      vertex   1.560536e+01  0.000000e+00 -4.802835e+01
      vertex   1.560536e+01  4.000000e+00 -4.802835e+01
    endloop
  endfacet
  facet normal  2.588190e-01  0.000000e+00 -9.659258e-01
    outer loop
      vertex   1.560536e+01  4.000000e+00 -4.802835e+01
      vertex   1.560536e+01  0.000000e+00 -4.802835e+01
      vertex   1.049954e+01  0.000000e+00 -4.939645e+01
    endloop
  endfacet
  facet normal  2.588190e-01  0.000000e+00 -9.659258e-01
    outer loop
      vertex   1.560536e+01  4.000000e+00 -4.802835e+01
      vertex   1.049954e+01  0.000000e+00 -4.939645e+01
      vertex   1.049954e+01  4.000000e+00 -4.939645e+01
    endloop
  endfacet
  facet normal  1.564342e-01  0.000000e+00 -9.876884e-01
    outer loop
      vertex   1.049954e+01  4.000000e+00 -4.939645e+01
      vertex   1.049954e+01  0.000000e+00 -4.939645e+01
      vertex   5.278687e+00  0.000000e+00 -5.022335e+01
    endloop
  endfacet
  facet normal  1.564342e-01  0.000000e+00 -9.876884e-01
    outer loop
      vertex   1.049954e+01  4.000000e+00 -4.939645e+01
      vertex   5.278687e+00  0.000000e+00 -5.022335e+01
      vertex   5.278687e+00  4.000000e+00 -5.022335e+01
    endloop
  endfacet
  facet normal  5.233622e-02  0.000000e+00 -9.986296e-01
    outer loop
      vertex   5.278687e+00  4.000000e+00 -5.022335e+01
      vertex   5.278687e+00  0.000000e+00 -5.022335e+01
      vertex   0.000000e+00  0.000000e+00 -5.050000e+01
    endloop
  endfacet
  facet normal  5.233622e-02  0.000000e+00 -9.986296e-01
    outer loop
      vertex   5.278687e+00  4.000000e+00 -5.022335e+01
      vertex   0.000000e+00  0.000000e+00 -5.050000e+01
      vertex   0.000000e+00  4.000000e+00 -5.050000e+01
    endloop
  endfacet
  facet normal -5.233622e-02 -0.000000e+00 -9.986296e-01
    outer loop
      vertex   0.000000e+00  4.000000e+00 -5.050000e+01
      vertex   0.000000e+00  0.000000e+00 -5.050000e+01
      vertex  -5.278687e+00  0.000000e+00 -5.022335e+01
    endloop
  endfacet
  facet normal -5.233622e-02  0.000000e+00 -9.986296e-01
    outer loop
      vertex   0.000000e+00  4.000000e+00 -5.050000e+01
      vertex  -5.278687e+00  0.000000e+00 -5.022335e+01
      vertex  -5.278687e+00  4.000000e+00 -5.022335e+01
    endloop
  endfacet
  facet normal -1.564342e-01 -0.000000e+00 -9.876884e-01
    outer loop
      vertex  -5.278687e+00  4.000000e+00 -5.022335e+01
      vertex  -5.278687e+00  0.000000e+00 -5.022335e+01
      vertex  -1.049954e+01  0.000000e+00 -4.939645e+01
    endloop
  endfacet
  facet normal -1.564342e-01  0.000000e+00 -9.876884e-01
    outer loop
      vertex  -5.278687e+00  4.000000e+00 -5.022335e+01
      vertex  -1.049954e+01  0.000000e+00 -4.939645e+01
      vertex  -1.049954e+01  4.000000e+00 -4.939645e+01
    endloop
  endfacet
  facet normal -2.588190e-01 -0.000000e+00 -9.659258e-01
    outer loop
      vertex  -1.049954e+01  4.000000e+00 -4.939645e+01
      vertex  -1.049954e+01  0.000000e+00 -4.939645e+01
      vertex  -1.560536e+01  0.000000e+00 -4.802835e+01
    endloop
  endfacet
  facet normal -2.588190e-01  0.000000e+00 -9.659258e-01
    outer loop
      vertex  -1.049954e+01  4.000000e+00 -4.939645e+01
      vertex  -1.560536e+01  0.000000e+00 -4.802835e+01
      vertex  -1.560536e+01  4.000000e+00 -4.802835e+01
    endloop
  endfacet
  facet normal -3.583675e-01 -0.000000e+00 -9.335806e-01
    outer loop
      vertex  -1.560536e+01  4.000000e+00 -4.802835e+01
      vertex  -1.560536e+01  0.000000e+00 -4.802835e+01
      vertex  -2.054020e+01  0.000000e+00 -4.613405e+01
    endloop
  endfacet
  facet normal -3.583675e-01  0.000000e+00 -9.335806e-01
    outer loop
      vertex  -1.560536e+01  4.000000e+00 -4.802835e+01
      vertex  -2.054020e+01  0.000000e+00 -4.613405e+01
      vertex  -2.054020e+01  4.000000e+00 -4.613405e+01
    endloop
  endfacet
  facet normal -4.539909e-01 -0.000000e+00 -8.910063e-01
    outer loop
      vertex  -2.054020e+01  4.000000e+00 -4.613405e+01
      vertex  -2.054020e+01  0.000000e+00 -4.613405e+01
      vertex  -2.525000e+01  0.000000e+00 -4.373428e+01
    endloop
  endfacet
  facet normal -4.539909e-01  0.000000e+00 -8.910063e-01
    outer loop
      vertex  -2.054020e+01  4.000000e+00 -4.613405e+01
      vertex  -2.525000e+01  0.000000e+00 -4.373428e+01
      vertex  -2.525000e+01  4.000000e+00 -4.373428e+01
    endloop
  endfacet
  facet normal -5.446386e-01 -0.000000e+00 -8.386708e-01
    outer loop
      vertex  -2.525000e+01  4.000000e+00 -4.373428e+01
      vertex  -2.525000e+01  0.000000e+00 -4.373428e+01
      vertex  -2.968316e+01  0.000000e+00 -4.085536e+01
    endloop
  endfacet
  facet normal -5.446386e-01  0.000000e+00 -8.386708e-01
    outer loop
      vertex  -2.525000e+01  4.000000e+00 -4.373428e+01
      vertex  -2.968316e+01  0.000000e+00 -4.085536e+01
      vertex  -2.968316e+01  4.000000e+00 -4.085536e+01
    endloop
  endfacet
  facet normal -6.293209e-01 -0.000000e+00 -7.771455e-01
    outer loop
      vertex  -2.968316e+01  4.000000e+00 -4.085536e+01
      vertex  -2.968316e+01  0.000000e+00 -4.085536e+01
      vertex  -3.379110e+01  0.000000e+00 -3.752881e+01
    endloop
  endfacet
  facet normal -6.293209e-01  0.000000e+00 -7.771455e-01
    outer loop
      vertex  -2.968316e+01  4.000000e+00 -4.085536e+01
      vertex  -3.379110e+01  0.000000e+00 -3.752881e+01
      vertex  -3.379110e+01  4.000000e+00 -3.752881e+01
    endloop
  endfacet
  facet normal -7.071068e-01 -0.000000e+00 -7.071068e-01
    outer loop
      vertex  -3.379110e+01  4.000000e+00 -3.752881e+01
      vertex  -3.379110e+01  0.000000e+00 -3.752881e+01
      vertex  -3.752881e+01  0.000000e+00 -3.379110e+01
    endloop
  endfacet
  facet normal -7.071068e-01  0.000000e+00 -7.071068e-01
    outer loop
      vertex  -3.379110e+01  4.000000e+00 -3.752881e+01
      vertex  -3.752881e+01  0.000000e+00 -3.379110e+01
      vertex  -3.752881e+01  4.000000e+00 -3.379110e+01
    endloop
  endfacet
  facet normal -7.771455e-01 -0.000000e+00 -6.293209e-01
    outer loop
      vertex  -3.752881e+01  4.000000e+00 -3.379110e+01
      vertex  -3.752881e+01  0.000000e+00 -3.379110e+01
      vertex  -4.085536e+01  0.000000e+00 -2.968316e+01
    endloop
  endfacet
  facet normal -7.771455e-01  0.000000e+00 -6.293209e-01
    outer loop
      vertex  -3.752881e+01  4.000000e+00 -3.379110e+01
      vertex  -4.085536e+01  0.000000e+00 -2.968316e+01
      vertex  -4.085536e+01  4.000000e+00 -2.968316e+01
    endloop
  endfacet
  facet normal -8.386708e-01 -0.000000e+00 -5.446386e-01
    outer loop
      vertex  -4.085536e+01  4.000000e+00 -2.968316e+01
      vertex  -4.085536e+01  0.000000e+00 -2.968316e+01
      vertex  -4.373428e+01  0.000000e+00 -2.525000e+01
    endloop
  endfacet
  facet normal -8.386708e-01  0.000000e+00 -5.446386e-01
    outer loop
      vertex  -4.085536e+01  4.000000e+00 -2.968316e+01
      vertex  -4.373428e+01  0.000000e+00 -2.525000e+01
      vertex  -4.373428e+01  4.000000e+00 -2.525000e+01
    endloop
  endfacet
  facet normal -8.910063e-01 -0.000000e+00 -4.539909e-01
    outer loop
      vertex  -4.373428e+01  4.000000e+00 -2.525000e+01
      vertex  -4.373428e+01  0.000000e+00 -2.525000e+01
      vertex  -4.613405e+01  0.000000e+00 -2.054020e+01
    endloop
  endfacet
  facet normal -8.910063e-01  0.000000e+00 -4.539909e-01
    outer loop
      vertex  -4.373428e+01  4.000000e+00 -2.525000e+01
      vertex  -4.613405e+01  0.000000e+00 -2.054020e+01
      vertex  -4.613405e+01  4.000000e+00 -2.054020e+01
    endloop
  endfacet
  facet normal -9.335806e-01 -0.000000e+00 -3.583675e-01
    outer loop
      vertex  -4.613405e+01  4.000000e+00 -2.054020e+01
      vertex  -4.613405e+01  0.000000e+00 -2.054020e+01
      vertex  -4.802835e+01  0.000000e+00 -1.560536e+01
    endloop
  endfacet
  facet normal -9.335806e-01  0.000000e+00 -3.583675e-01
    outer loop
      vertex  -4.613405e+01  4.000000e+00 -2.054020e+01
      vertex  -4.802835e+01  0.000000e+00 -1.560536e+01
      vertex  -4.802835e+01  4.000000e+00 -1.560536e+01
    endloop
  endfacet
  facet normal -9.659258e-01 -0.000000e+00 -2.588190e-01
    outer loop
      vertex  -4.802835e+01  4.000000e+00 -1.560536e+01
      vertex  -4.802835e+01  0.000000e+00 -1.560536e+01
      vertex  -4.939645e+01  0.000000e+00 -1.049954e+01
    endloop
  endfacet
  facet normal -9.659258e-01  0.000000e+00 -2.588190e-01
    outer loop
      vertex  -4.802835e+01  4.000000e+00 -1.560536e+01
      vertex  -4.939645e+01  0.000000e+00 -1.049954e+01
      vertex  -4.939645e+01  4.000000e+00 -1.049954e+01
    endloop
  endfacet
  facet normal -9.876884e-01 -0.000000e+00 -1.564342e-01
    outer loop
      vertex  -4.939645e+01  4.000000e+00 -1.049954e+01
      vertex  -4.939645e+01  0.000000e+00 -1.049954e+01
      vertex  -5.022335e+01  0.000000e+00 -5.278687e+00
    endloop
  endfacet
  facet normal -9.876884e-01  0.000000e+00 -1.564342e-01
    outer loop
      vertex  -4.939645e+01  4.000000e+00 -1.049954e+01
      vertex  -5.022335e+01  0.000000e+00 -5.278687e+00
      vertex  -5.022335e+01  4.000000e+00 -5.278687e+00
    endloop
  endfacet
  facet normal -9.986296e-01 -0.000000e+00 -5.233622e-02
    outer loop
      vertex  -5.022335e+01  4.000000e+00 -5.278687e+00
      vertex  -5.022335e+01  0.000000e+00 -5.278687e+00
      vertex  -5.050000e+01  0.000000e+00  0.000000e+00
    endloop
  endfacet
  facet normal -9.986296e-01  0.000000e+00 -5.233622e-02
    outer loop
      vertex  -5.022335e+01  4.000000e+00 -5.278687e+00
      vertex  -5.050000e+01  0.000000e+00  0.000000e+00
      vertex  -5.050000e+01  4.000000e+00  0.000000e+00
    endloop
  endfacet
  facet normal -9.986296e-01  0.000000e+00  5.233622e-02
    outer loop
      vertex  -5.050000e+01  4.000000e+00  0.000000e+00
      vertex  -5.050000e+01  0.000000e+00  0.000000e+00
      vertex  -5.022335e+01  0.000000e+00  5.278687e+00
    endloop
  endfacet
  facet normal -9.986296e-01  0.000000e+00  5.233622e-02
    outer loop
      vertex  -5.050000e+01  4.000000e+00  0.000000e+00
      vertex  -5.022335e+01  0.000000e+00  5.278687e+00
      vertex  -5.022335e+01  4.000000e+00  5.278687e+00
    endloop
  endfacet
  facet normal -9.876884e-01  0.000000e+00  1.564342e-01
    outer loop
      vertex  -5.022335e+01  4.000000e+00  5.278687e+00
      vertex  -5.022335e+01  0.000000e+00  5.278687e+00
      vertex  -4.939645e+01  0.000000e+00  1.049954e+01
    endloop
  endfacet
  facet normal -9.876884e-01  0.000000e+00  1.564342e-01
    outer loop
      vertex  -5.022335e+01  4.000000e+00  5.278687e+00
      vertex  -4.939645e+01  0.000000e+00  1.049954e+01
      vertex  -4.939645e+01  4.000000e+00  1.049954e+01
    endloop
  endfacet
  facet normal -9.659258e-01  0.000000e+00  2.588190e-01
    outer loop
      vertex  -4.939645e+01  4.000000e+00  1.049954e+01
      vertex  -4.939645e+01  0.000000e+00  1.049954e+01
      vertex  -4.802835e+01  0.000000e+00  1.560536e+01
    endloop
  endfacet
  facet normal -9.659258e-01  0.000000e+00  2.588190e-01
    outer loop
      vertex  -4.939645e+01  4.000000e+00  1.049954e+01
      vertex  -4.802835e+01  0.000000e+00  1.560536e+01
      vertex  -4.802835e+01  4.000000e+00  1.560536e+01
    endloop
  endfacet
  facet normal -9.335806e-01  0.000000e+00  3.583675e-01
    outer loop
      vertex  -4.802835e+01  4.000000e+00  1.560536e+01
      vertex  -4.802835e+01  0.000000e+00  1.560536e+01
      vertex  -4.613405e+01  0.000000e+00  2.054020e+01
    endloop
  endfacet
  facet normal -9.335806e-01  0.000000e+00  3.583675e-01
    outer loop
      vertex  -4.802835e+01  4.000000e+00  1.560536e+01
      vertex  -4.613405e+01  0.000000e+00  2.054020e+01
      vertex  -4.613405e+01  4.000000e+00  2.054020e+01
    endloop
  endfacet
  facet normal -8.910063e-01  0.000000e+00  4.539909e-01
    outer loop
      vertex  -4.613405e+01  4.000000e+00  2.054020e+01
      vertex  -4.613405e+01  0.000000e+00  2.054020e+01
      vertex  -4.373428e+01  0.000000e+00  2.525000e+01
    endloop
  endfacet
  facet normal -8.910063e-01  0.000000e+00  4.539909e-01
    outer loop
      vertex  -4.613405e+01  4.000000e+00  2.054020e+01
      vertex  -4.373428e+01  0.000000e+00  2.525000e+01
      vertex  -4.373428e+01  4.000000e+00  2.525000e+01
    endloop
  endfacet
  facet normal -8.386708e-01  0.000000e+00  5.446386e-01
    outer loop
      vertex  -4.373428e+01  4.000000e+00  2.525000e+01
      vertex  -4.373428e+01  0.000000e+00  2.525000e+01
      vertex  -4.085536e+01  0.000000e+00  2.968316e+01
    endloop
  endfacet
  facet normal -8.386708e-01  0.000000e+00  5.446386e-01
    outer loop
      vertex  -4.373428e+01  4.000000e+00  2.525000e+01
      vertex  -4.085536e+01  0.000000e+00  2.968316e+01
      vertex  -4.085536e+01  4.000000e+00  2.968316e+01
    endloop
  endfacet
  facet normal -7.771455e-01  0.000000e+00  6.293209e-01
    outer loop
      vertex  -4.085536e+01  4.000000e+00  2.968316e+01
      vertex  -4.085536e+01  0.000000e+00  2.968316e+01
      vertex  -3.752881e+01  0.000000e+00  3.379110e+01
    endloop
  endfacet
  facet normal -7.771455e-01  0.000000e+00  6.293209e-01
    outer loop
      vertex  -4.085536e+01  4.000000e+00  2.968316e+01
      vertex  -3.752881e+01  0.000000e+00  3.379110e+01
      vertex  -3.752881e+01  4.000000e+00  3.379110e+01
    endloop
  endfacet
  facet normal -7.071068e-01  0.000000e+00  7.071068e-01
    outer loop
      vertex  -3.752881e+01  4.000000e+00  3.379110e+01
      vertex  -3.752881e+01  0.000000e+00  3.379110e+01
      vertex  -3.379110e+01  0.000000e+00  3.752881e+01
    endloop
  endfacet
  facet normal -7.071068e-01  0.000000e+00  7.071068e-01
    outer loop
      vertex  -3.752881e+01  4.000000e+00  3.379110e+01
      vertex  -3.379110e+01  0.000000e+00  3.752881e+01
      vertex  -3.379110e+01  4.000000e+00  3.752881e+01
    endloop
  endfacet
  facet normal -6.293209e-01  0.000000e+00  7.771455e-01
    outer loop
      vertex  -3.379110e+01  4.000000e+00  3.752881e+01
      vertex  -3.379110e+01  0.000000e+00  3.752881e+01
      vertex  -2.968316e+01  0.000000e+00  4.085536e+01
    endloop
  endfacet
  facet normal -6.293209e-01  0.000000e+00  7.771455e-01
    outer loop
      vertex  -3.379110e+01  4.000000e+00  3.752881e+01
      vertex  -2.968316e+01  0.000000e+00  4.085536e+01
      vertex  -2.968316e+01  4.000000e+00  4.085536e+01
    endloop
  endfacet
  facet normal -5.446386e-01  0.000000e+00  8.386708e-01
    outer loop
      vertex  -2.968316e+01  4.000000e+00  4.085536e+01
      vertex  -2.968316e+01  0.000000e+00  4.085536e+01
      vertex  -2.525000e+01  0.000000e+00  4.373428e+01
    endloop
  endfacet
  facet normal -5.446386e-01  0.000000e+00  8.386708e-01
    outer loop
      vertex  -2.968316e+01  4.000000e+00  4.085536e+01
      vertex  -2.525000e+01  0.000000e+00  4.373428e+01
      vertex  -2.525000e+01  4.000000e+00  4.373428e+01
    endloop
  endfacet
  facet normal -4.539909e-01  0.000000e+00  8.910063e-01
    outer loop
      vertex  -2.525000e+01  4.000000e+00  4.373428e+01
      vertex  -2.525000e+01  0.000000e+00  4.373428e+01
      vertex  -2.054020e+01  0.000000e+00  4.613405e+01
    endloop
  endfacet
  facet normal -4.539909e-01  0.000000e+00  8.910063e-01
    outer loop
      vertex  -2.525000e+01  4.000000e+00  4.373428e+01
      vertex  -2.054020e+01  0.000000e+00  4.613405e+01
      vertex  -2.054020e+01  4.000000e+00  4.613405e+01
    endloop
  endfacet
  facet normal -3.583675e-01  0.000000e+00  9.335806e-01
    outer loop
      vertex  -2.054020e+01  4.000000e+00  4.613405e+01
      vertex  -2.054020e+01  0.000000e+00  4.613405e+01
      vertex  -1.560536e+01  0.000000e+00  4.802835e+01
    endloop
  endfacet
  facet normal -3.583675e-01  0.000000e+00  9.335806e-01
    outer loop
      vertex  -2.054020e+01  4.000000e+00  4.613405e+01
      vertex  -1.560536e+01  0.000000e+00  4.802835e+01
      vertex  -1.560536e+01  4.000000e+00  4.802835e+01
    endloop
  endfacet
  facet normal -2.588190e-01  0.000000e+00  9.659258e-01
    outer loop
      vertex  -1.560536e+01  4.000000e+00  4.802835e+01
      vertex  -1.560536e+01  0.000000e+00  4.802835e+01
      vertex  -1.049954e+01  0.000000e+00  4.939645e+01
    endloop
  endfacet
  facet normal -2.588190e-01  0.000000e+00  9.659258e-01
    outer loop
      vertex  -1.560536e+01  4.000000e+00  4.802835e+01
      vertex  -1.049954e+01  0.000000e+00  4.939645e+01
      vertex  -1.049954e+01  4.000000e+00  4.939645e+01
    endloop
  endfacet
  facet normal -1.564342e-01  0.000000e+00  9.876884e-01
    outer loop
      vertex  -1.049954e+01  4.000000e+00  4.939645e+01
      vertex  -1.049954e+01  0.000000e+00  4.939645e+01
      vertex  -5.278687e+00  0.000000e+00  5.022335e+01
    endloop
  endfacet
  facet normal -1.564342e-01  0.000000e+00  9.876884e-01
    outer loop
      vertex  -1.049954e+01  4.000000e+00  4.939645e+01
      vertex  -5.278687e+00  0.000000e+00  5.022335e+01
      vertex  -5.278687e+00  4.000000e+00  5.022335e+01
    endloop
  endfacet
  facet normal -5.233622e-02  0.000000e+00  9.986296e-01
    outer loop
      vertex  -5.278687e+00  4.000000e+00  5.022335e+01
      vertex  -5.278687e+00  0.000000e+00  5.022335e+01
      vertex   0.000000e+00  0.000000e+00  5.050000e+01
    endloop
  endfacet
  facet normal -5.233622e-02  0.000000e+00  9.986296e-01
    outer loop
      vertex  -5.278687e+00  4.000000e+00  5.022335e+01
      vertex   0.000000e+00  0.000000e+00  5.050000e+01
      vertex   0.000000e+00  4.000000e+00  5.050000e+01
    endloop
  endfacet
  facet normal  5.233622e-02  0.000000e+00  9.986296e-01
    outer loop
      vertex   0.000000e+00  4.000000e+00  5.050000e+01
      vertex   0.000000e+00  0.000000e+00  5.050000e+01
      vertex   5.278687e+00  0.000000e+00  5.022335e+01
    endloop
  endfacet
  facet normal  5.233622e-02  0.000000e+00  9.986296e-01
    outer loop
      vertex   0.000000e+00  4.000000e+00  5.050000e+01
      vertex   5.278687e+00  0.000000e+00  5.022335e+01
      vertex   5.278687e+00  4.000000e+00  5.022335e+01
    endloop
  endfacet
  facet normal  1.564342e-01  0.000000e+00  9.876884e-01
    outer loop
      vertex   5.278687e+00  4.000000e+00  5.022335e+01
      vertex   5.278687e+00  0.000000e+00  5.022335e+01
      vertex   1.049954e+01  0.000000e+00  4.939645e+01
    endloop
  endfacet
  facet normal  1.564342e-01  0.000000e+00  9.876884e-01
    outer loop
      vertex   5.278687e+00  4.000000e+00  5.022335e+01
      vertex   1.049954e+01  0.000000e+00  4.939645e+01
      vertex   1.049954e+01  4.000000e+00  4.939645e+01
    endloop
  endfacet
  facet normal  2.588190e-01  0.000000e+00  9.659258e-01
    outer loop
      vertex   1.049954e+01  4.000000e+00  4.939645e+01
      vertex   1.049954e+01  0.000000e+00  4.939645e+01
      vertex   1.560536e+01  0.000000e+00  4.802835e+01
    endloop
  endfacet
  facet normal  2.588190e-01  0.000000e+00  9.659258e-01
    outer loop
      vertex   1.049954e+01  4.000000e+00  4.939645e+01
      vertex   1.560536e+01  0.000000e+00  4.802835e+01
      vertex   1.560536e+01  4.000000e+00  4.802835e+01
    endloop
  endfacet
  facet normal  3.583675e-01  0.000000e+00  9.335806e-01
    outer loop
      vertex   1.560536e+01  4.000000e+00  4.802835e+01
      vertex   1.560536e+01  0.000000e+00  4.802835e+01
      vertex   2.054020e+01  0.000000e+00  4.613405e+01
    endloop
  endfacet
  facet normal  3.583675e-01  0.000000e+00  9.335806e-01
    outer loop
      vertex   1.560536e+01  4.000000e+00  4.802835e+01
      vertex   2.054020e+01  0.000000e+00  4.613405e+01
      vertex   2.054020e+01  4.000000e+00  4.613405e+01
    endloop
  endfacet
  facet normal  4.539909e-01  0.000000e+00  8.910063e-01
    outer loop
      vertex   2.054020e+01  4.000000e+00  4.613405e+01
      vertex   2.054020e+01  0.000000e+00  4.613405e+01
      vertex   2.525000e+01  0.000000e+00  4.373428e+01
    endloop
  endfacet
  facet normal  4.539909e-01  0.000000e+00  8.910063e-01
    outer loop
      vertex   2.054020e+01  4.000000e+00  4.613405e+01
      vertex   2.525000e+01  0.000000e+00  4.373428e+01
      vertex   2.525000e+01  4.000000e+00  4.373428e+01
    endloop
  endfacet
  facet normal  5.446386e-01  0.000000e+00  8.386708e-01
    outer loop
      vertex   2.525000e+01  4.000000e+00  4.373428e+01
      vertex   2.525000e+01  0.000000e+00  4.373428e+01
      vertex   2.968316e+01  0.000000e+00  4.085536e+01
    endloop
  endfacet
  facet normal  5.446386e-01  0.000000e+00  8.386708e-01
    outer loop
      vertex   2.525000e+01  4.000000e+00  4.373428e+01
      vertex   2.968316e+01  0.000000e+00  4.085536e+01
      vertex   2.968316e+01  4.000000e+00  4.085536e+01
    endloop
  endfacet
  facet normal  6.293209e-01  0.000000e+00  7.771455e-01
    outer loop
      vertex   2.968316e+01  4.000000e+00  4.085536e+01
      vertex   2.968316e+01  0.000000e+00  4.085536e+01
      vertex   3.379110e+01  0.000000e+00  3.752881e+01
    endloop
  endfacet
  facet normal  6.293209e-01  0.000000e+00  7.771455e-01
    outer loop
      vertex   2.968316e+01  4.000000e+00  4.085536e+01
      vertex   3.379110e+01  0.000000e+00  3.752881e+01
      vertex   3.379110e+01  4.000000e+00  3.752881e+01
    endloop
  endfacet
  facet normal  7.071068e-01  0.000000e+00  7.071068e-01
    outer loop
      vertex   3.379110e+01  4.000000e+00  3.752881e+01
      vertex   3.379110e+01  0.000000e+00  3.752881e+01
      vertex   3.752881e+01  0.000000e+00  3.379110e+01
    endloop
  endfacet
  facet normal  7.071068e-01  0.000000e+00  7.071068e-01
    outer loop
      vertex   3.379110e+01  4.000000e+00  3.752881e+01
      vertex   3.752881e+01  0.000000e+00  3.379110e+01
      vertex   3.752881e+01  4.000000e+00  3.379110e+01
    endloop
  endfacet
  facet normal  7.771455e-01  0.000000e+00  6.293209e-01
    outer loop
      vertex   3.752881e+01  4.000000e+00  3.379110e+01
      vertex   3.752881e+01  0.000000e+00  3.379110e+01
      vertex   4.085536e+01  0.000000e+00  2.968316e+01
    endloop
  endfacet
  facet normal  7.771455e-01  0.000000e+00  6.293209e-01
    outer loop
      vertex   3.752881e+01  4.000000e+00  3.379110e+01
      vertex   4.085536e+01  0.000000e+00  2.968316e+01
      vertex   4.085536e+01  4.000000e+00  2.968316e+01
    endloop
  endfacet
  facet normal  8.386708e-01  0.000000e+00  5.446386e-01
    outer loop
      vertex   4.085536e+01  4.000000e+00  2.968316e+01
      vertex   4.085536e+01  0.000000e+00  2.968316e+01
      vertex   4.373428e+01  0.000000e+00  2.525000e+01
    endloop
  endfacet
  facet normal  8.386708e-01  0.000000e+00  5.446386e-01
    outer loop
      vertex   4.085536e+01  4.000000e+00  2.968316e+01
      vertex   4.373428e+01  0.000000e+00  2.525000e+01
      vertex   4.373428e+01  4.000000e+00  2.525000e+01
    endloop
  endfacet
  facet normal  8.910063e-01  0.000000e+00  4.539909e-01
    outer loop
      vertex   4.373428e+01  4.000000e+00  2.525000e+01
      vertex   4.373428e+01  0.000000e+00  2.525000e+01
      vertex   4.613405e+01  0.000000e+00  2.054020e+01
    endloop
  endfacet
  facet normal  8.910063e-01  0.000000e+00  4.539909e-01
    outer loop
      vertex   4.373428e+01  4.000000e+00  2.525000e+01
      vertex   4.613405e+01  0.000000e+00  2.054020e+01
      vertex   4.613405e+01  4.000000e+00  2.054020e+01
    endloop
  endfacet
  facet normal  9.335806e-01  0.000000e+00  3.583675e-01
    outer loop
      vertex   4.613405e+01  4.000000e+00  2.054020e+01
      vertex   4.613405e+01  0.000000e+00  2.054020e+01
      vertex   4.802835e+01  0.000000e+00  1.560536e+01
    endloop
  endfacet
  facet normal  9.335806e-01  0.000000e+00  3.583675e-01
    outer loop
      vertex   4.613405e+01  4.000000e+00  2.054020e+01
      vertex   4.802835e+01  0.000000e+00  1.560536e+01
      vertex   4.802835e+01  4.000000e+00  1.560536e+01
    endloop
  endfacet
  facet normal  9.659258e-01  0.000000e+00  2.588190e-01
    outer loop
      vertex   4.802835e+01  4.000000e+00  1.560536e+01
      vertex   4.802835e+01  0.000000e+00  1.560536e+01
      vertex   4.939645e+01  0.000000e+00  1.049954e+01
    endloop
  endfacet
  facet normal  9.659258e-01  0.000000e+00  2.588190e-01
    outer loop
      vertex   4.802835e+01  4.000000e+00  1.560536e+01
      vertex   4.939645e+01  0.000000e+00  1.049954e+01
      vertex   4.939645e+01  4.000000e+00  1.049954e+01
    endloop
  endfacet
  facet normal  9.876884e-01  0.000000e+00  1.564342e-01
    outer loop
      vertex   4.939645e+01  4.000000e+00  1.049954e+01
      vertex   4.939645e+01  0.000000e+00  1.049954e+01
      vertex   5.022335e+01  0.000000e+00  5.278687e+00
    endloop
  endfacet
  facet normal  0.000000e+00  1.000000e+00 -0.000000e+00
    outer loop
      vertex   5.022335e+01  4.000000e+00 -5.278687e+00
      vertex   4.743034e+01  4.000000e+00 -2.571598e+00
      vertex   5.050000e+01  4.000000e+00  0.000000e+00
    endloop
  endfacet
  facet normal  0.000000e+00  1.000000e+00  0.000000e+00
    outer loop
      vertex   5.050000e+01  4.000000e+00  0.000000e+00
      vertex   4.743034e+01  4.000000e+00 -2.571598e+00
      vertex   4.743034e+01  4.000000e+00  2.571598e+00
    endloop
  endfacet
  facet normal  0.000000e+00  1.000000e+00  0.000000e+00
    outer loop
      vertex   5.050000e+01  4.000000e+00  0.000000e+00
      vertex   4.743034e+01  4.000000e+00  2.571598e+00
      vertex   5.022335e+01  4.000000e+00  5.278687e+00
    endloop
  endfacet
  facet normal  0.000000e+00  1.000000e+00  0.000000e+00
    outer loop
      vertex   5.022335e+01  4.000000e+00  5.278687e+00
      vertex   4.743034e+01  4.000000e+00  2.571598e+00
      vertex   4.687426e+01  4.000000e+00  7.684645e+00
    endloop
  endfacet
  facet normal  0.000000e+00  1.000000e+00  0.000000e+00
    outer loop
      vertex   5.022335e+01  4.000000e+00  5.278687e+00
      vertex   4.687426e+01  4.000000e+00  7.684645e+00
      vertex   4.939645e+01  4.000000e+00  1.049954e+01
    endloop
  endfacet
  facet normal  0.000000e+00  1.000000e+00  0.000000e+00
    outer loop
      vertex   4.939645e+01  4.000000e+00  1.049954e+01
      vertex   4.687426e+01  4.000000e+00  7.684645e+00
      vertex   4.576862e+01  4.000000e+00  1.270760e+01
    endloop
  endfacet
  facet normal  0.000000e+00  1.000000e+00  0.000000e+00
    outer loop
      vertex   4.939645e+01  4.000000e+00  1.049954e+01
      vertex   4.576862e+01  4.000000e+00  1.270760e+01
      vertex   4.802835e+01  4.000000e+00  1.560536e+01
    endloop
  endfacet
  facet normal  0.000000e+00  1.000000e+00  0.000000e+00
    outer loop
      vertex   4.802835e+01  4.000000e+00  1.560536e+01
      vertex   4.576862e+01  4.000000e+00  1.270760e+01
      vertex   4.412640e+01  4.000000e+00  1.758156e+01
    endloop
  endfacet
  facet normal  0.000000e+00  1.000000e+00  0.000000e+00
    outer loop
      vertex   4.802835e+01  4.000000e+00  1.560536e+01
      vertex   4.412640e+01  4.000000e+00  1.758156e+01
      vertex   4.613405e+01  4.000000e+00  2.054020e+01
    endloop
  endfacet
  facet normal  0.000000e+00  1.000000e+00  0.000000e+00
    outer loop
      vertex   4.613405e+01  4.000000e+00  2.054020e+01
      vertex   4.412640e+01  4.000000e+00  1.758156e+01
      vertex   4.196682e+01  4.000000e+00  2.224940e+01
    endloop
  endfacet
  facet normal  0.000000e+00  1.000000e+00  0.000000e+00
    outer loop
      vertex   4.613405e+01  4.000000e+00  2.054020e+01
      vertex   4.196682e+01  4.000000e+00  2.224940e+01
      vertex   4.373428e+01  4.000000e+00  2.525000e+01
    endloop
  endfacet
  facet normal  0.000000e+00  1.000000e+00  0.000000e+00
    outer loop
      vertex   4.373428e+01  4.000000e+00  2.525000e+01
      vertex   4.196682e+01  4.000000e+00  2.224940e+01
      vertex   3.931523e+01  4.000000e+00  2.665638e+01
    endloop
  endfacet
  facet normal  0.000000e+00  1.000000e+00  0.000000e+00
    outer loop
      vertex   4.373428e+01  4.000000e+00  2.525000e+01
      vertex   3.931523e+01  4.000000e+00  2.665638e+01
      vertex   4.085536e+01  4.000000e+00  2.968316e+01
    endloop
  endfacet
  facet normal  0.000000e+00  1.000000e+00  0.000000e+00
    outer loop
      vertex   4.085536e+01  4.000000e+00  2.968316e+01
      vertex   3.931523e+01  4.000000e+00  2.665638e+01
      vertex   3.620270e+01  4.000000e+00  3.075085e+01
    endloop
  endfacet
  facet normal  0.000000e+00  1.000000e+00  0.000000e+00
    outer loop
      vertex   4.085536e+01  4.000000e+00  2.968316e+01
      vertex   3.620270e+01  4.000000e+00  3.075085e+01
      vertex   3.752881e+01  4.000000e+00  3.379110e+01
    endloop
  endfacet
  facet normal  0.000000e+00  1.000000e+00  0.000000e+00
    outer loop
      vertex   3.752881e+01  4.000000e+00  3.379110e+01
      vertex   3.620270e+01  4.000000e+00  3.075085e+01
      vertex   3.266573e+01  4.000000e+00  3.448479e+01
    endloop
  endfacet
  facet normal  0.000000e+00  1.000000e+00  0.000000e+00
    outer loop
      vertex   3.752881e+01  4.000000e+00  3.379110e+01
      vertex   3.266573e+01  4.000000e+00  3.448479e+01
      vertex   3.379110e+01  4.000000e+00  3.752881e+01
    endloop
  endfacet
  facet normal  0.000000e+00  1.000000e+00  0.000000e+00
    outer loop
      vertex   3.379110e+01  4.000000e+00  3.752881e+01
      vertex   3.266573e+01  4.000000e+00  3.448479e+01
      vertex   2.874578e+01  4.000000e+00  3.781442e+01
    endloop
  endfacet
  facet normal  0.000000e+00  1.000000e+00  0.000000e+00
    outer loop
      vertex   3.379110e+01  4.000000e+00  3.752881e+01
      vertex   2.874578e+01  4.000000e+00  3.781442e+01
      vertex   2.968316e+01  4.000000e+00  4.085536e+01
    endloop
  endfacet
  facet normal  0.000000e+00  1.000000e+00  0.000000e+00
    outer loop
      vertex   2.968316e+01  4.000000e+00  4.085536e+01
      vertex   2.874578e+01  4.000000e+00  3.781442e+01
      vertex   2.448881e+01  4.000000e+00  4.070072e+01
    endloop
  endfacet
  facet normal  0.000000e+00  1.000000e+00  0.000000e+00
    outer loop
      vertex   2.968316e+01  4.000000e+00  4.085536e+01
      vertex   2.448881e+01  4.000000e+00  4.070072e+01
      vertex   2.525000e+01  4.000000e+00  4.373428e+01
    endloop
  endfacet
  facet normal  0.000000e+00  1.000000e+00  0.000000e+00
    outer loop
      vertex   2.525000e+01  4.000000e+00  4.373428e+01
      vertex   2.448881e+01  4.000000e+00  4.070072e+01
      vertex   1.994473e+01  4.000000e+00  4.310983e+01
    endloop
  endfacet
  facet normal  0.000000e+00  1.000000e+00  0.000000e+00
    outer loop
      vertex   2.525000e+01  4.000000e+00  4.373428e+01
      vertex   1.994473e+01  4.000000e+00  4.310983e+01
      vertex   2.054020e+01  4.000000e+00  4.613405e+01
    endloop
  endfacet
  facet normal  0.000000e+00  1.000000e+00  0.000000e+00
    outer loop
      vertex   2.054020e+01  4.000000e+00  4.613405e+01
      vertex   1.994473e+01  4.000000e+00  4.310983e+01
      vertex   1.516682e+01  4.000000e+00  4.501353e+01
    endloop
  endfacet
  facet normal  0.000000e+00  1.000000e+00  0.000000e+00
    outer loop
      vertex   2.054020e+01  4.000000e+00  4.613405e+01
      vertex   1.516682e+01  4.000000e+00  4.501353e+01
      vertex   1.560536e+01  4.000000e+00  4.802835e+01
    endloop
  endfacet
  facet normal  0.000000e+00  1.000000e+00  0.000000e+00
    outer loop
      vertex   1.560536e+01  4.000000e+00  4.802835e+01
      vertex   1.516682e+01  4.000000e+00  4.501353e+01
      vertex   1.021110e+01  4.000000e+00  4.638947e+01
    endloop
  endfacet
  facet normal  0.000000e+00  1.000000e+00  0.000000e+00
    outer loop
      vertex   1.560536e+01  4.000000e+00  4.802835e+01
      vertex   1.021110e+01  4.000000e+00  4.638947e+01
      vertex   1.049954e+01  4.000000e+00  4.939645e+01
    endloop
  endfacet
  facet normal  0.000000e+00  1.000000e+00  0.000000e+00
    outer loop
      vertex   1.049954e+01  4.000000e+00  4.939645e+01
      vertex   1.021110e+01  4.000000e+00  4.638947e+01
      vertex   5.135653e+00  4.000000e+00  4.722155e+01
    endloop
  endfacet
  facet normal  0.000000e+00  1.000000e+00  0.000000e+00
    outer loop
      vertex   1.049954e+01  4.000000e+00  4.939645e+01
      vertex   5.135653e+00  4.000000e+00  4.722155e+01
      vertex   5.278687e+00  4.000000e+00  5.022335e+01
    endloop
  endfacet
  facet normal  0.000000e+00  1.000000e+00  0.000000e+00
    outer loop
      vertex   5.278687e+00  4.000000e+00  5.022335e+01
      vertex   5.135653e+00  4.000000e+00  4.722155e+01
      vertex   0.000000e+00  4.000000e+00  4.750000e+01
    endloop
  endfacet
  facet normal  0.000000e+00  1.000000e+00  0.000000e+00
    outer loop
      vertex   5.278687e+00  4.000000e+00  5.022335e+01
      vertex   0.000000e+00  4.000000e+00  4.750000e+01
      vertex   0.000000e+00  4.000000e+00  5.050000e+01
    endloop
  endfacet
  facet normal  0.000000e+00  1.000000e+00  0.000000e+00
    outer loop
      vertex   0.000000e+00  4.000000e+00  5.050000e+01
      vertex   0.000000e+00  4.000000e+00  4.750000e+01
      vertex  -5.278687e+00  4.000000e+00  5.022335e+01
    endloop
  endfacet
  facet normal  0.000000e+00  1.000000e+00  0.000000e+00
    outer loop
      vertex  -5.278687e+00  4.000000e+00  5.022335e+01
      vertex   0.000000e+00  4.000000e+00  4.750000e+01
      vertex  -5.135653e+00  4.000000e+00  4.722155e+01
    endloop
  endfacet
  facet normal  0.000000e+00  1.000000e+00  0.000000e+00
    outer loop
      vertex  -5.278687e+00  4.000000e+00  5.022335e+01
      vertex  -5.135653e+00  4.000000e+00  4.722155e+01
      vertex  -1.049954e+01  4.000000e+00  4.939645e+01
    endloop
  endfacet
  facet normal  0.000000e+00  1.000000e+00  0.000000e+00
    outer loop
      vertex  -1.049954e+01  4.000000e+00  4.939645e+01
      vertex  -5.135653e+00  4.000000e+00  4.722155e+01
      vertex  -1.021110e+01  4.000000e+00  4.638947e+01
    endloop
  endfacet
  facet normal  0.000000e+00  1.000000e+00  0.000000e+00
    outer loop
      vertex  -1.049954e+01  4.000000e+00  4.939645e+01
      vertex  -1.021110e+01  4.000000e+00  4.638947e+01
      vertex  -1.560536e+01  4.000000e+00  4.802835e+01
    endloop
  endfacet
  facet normal  0.000000e+00  1.000000e+00  0.000000e+00
    outer loop
      vertex  -1.560536e+01  4.000000e+00  4.802835e+01
      vertex  -1.021110e+01  4.000000e+00  4.638947e+01
      vertex  -1.516682e+01  4.000000e+00  4.501353e+01
    endloop
  endfacet
  facet normal  0.000000e+00  1.000000e+00  0.000000e+00
    outer loop
      vertex  -1.560536e+01  4.000000e+00  4.802835e+01
      vertex  -1.516682e+01  4.000000e+00  4.501353e+01
      vertex  -2.054020e+01  4.000000e+00  4.613405e+01
    endloop
  endfacet
  facet normal  0.000000e+00  1.000000e+00  0.000000e+00
    outer loop
      vertex  -2.054020e+01  4.000000e+00  4.613405e+01
      vertex  -1.516682e+01  4.000000e+00  4.501353e+01
      vertex  -1.994473e+01  4.000000e+00  4.310983e+01
    endloop
  endfacet
  facet normal  0.000000e+00  1.000000e+00  0.000000e+00
    outer loop
      vertex  -2.054020e+01  4.000000e+00  4.613405e+01
      vertex  -1.994473e+01  4.000000e+00  4.310983e+01
      vertex  -2.525000e+01  4.000000e+00  4.373428e+01
    endloop
  endfacet
  facet normal  0.000000e+00  1.000000e+00  0.000000e+00
    outer loop
      vertex  -2.525000e+01  4.000000e+00  4.373428e+01
      vertex  -1.994473e+01  4.000000e+00  4.310983e+01
      vertex  -2.448881e+01  4.000000e+00  4.070072e+01
    endloop
  endfacet
  facet normal  0.000000e+00  1.000000e+00  0.000000e+00
    outer loop
      vertex  -2.525000e+01  4.000000e+00  4.373428e+01
      vertex  -2.448881e+01  4.000000e+00  4.070072e+01
      vertex  -2.968316e+01  4.000000e+00  4.085536e+01
    endloop
  endfacet
  facet normal  0.000000e+00  1.000000e+00  0.000000e+00
    outer loop
      vertex  -2.968316e+01  4.000000e+00  4.085536e+01
      vertex  -2.448881e+01  4.000000e+00  4.070072e+01
      vertex  -2.874578e+01  4.000000e+00  3.781442e+01
    endloop
  endfacet
  facet normal  0.000000e+00  1.000000e+00  0.000000e+00
    outer loop
      vertex  -2.968316e+01  4.000000e+00  4.085536e+01
      vertex  -2.874578e+01  4.000000e+00  3.781442e+01
      vertex  -3.379110e+01  4.000000e+00  3.752881e+01
    endloop
  endfacet
  facet normal -0.000000e+00  1.000000e+00  0.000000e+00
    outer loop
      vertex  -3.379110e+01  4.000000e+00  3.752881e+01
      vertex  -2.874578e+01  4.000000e+00  3.781442e+01
      vertex  -3.266573e+01  4.000000e+00  3.448479e+01
    endloop
  endfacet
  facet normal  0.000000e+00  1.000000e+00  0.000000e+00
    outer loop
      vertex  -3.379110e+01  4.000000e+00  3.752881e+01
      vertex  -3.266573e+01  4.000000e+00  3.448479e+01
      vertex  -3.752881e+01  4.000000e+00  3.379110e+01
    endloop
  endfacet
  facet normal -0.000000e+00  1.000000e+00  0.000000e+00
    outer loop
      vertex  -3.752881e+01  4.000000e+00  3.379110e+01
      vertex  -3.266573e+01  4.000000e+00  3.448479e+01
      vertex  -3.620270e+01  4.000000e+00  3.075085e+01
    endloop
  endfacet
  facet normal  0.000000e+00  1.000000e+00  0.000000e+00
    outer loop
      vertex  -3.752881e+01  4.000000e+00  3.379110e+01
      vertex  -3.620270e+01  4.000000e+00  3.075085e+01
      vertex  -4.085536e+01  4.000000e+00  2.968316e+01
    endloop
  endfacet
  facet normal -0.000000e+00  1.000000e+00  0.000000e+00
    outer loop
      vertex  -4.085536e+01  4.000000e+00  2.968316e+01
      vertex  -3.620270e+01  4.000000e+00  3.075085e+01
      vertex  -3.931523e+01  4.000000e+00  2.665638e+01
    endloop
  endfacet
  facet normal  0.000000e+00  1.000000e+00  0.000000e+00
    outer loop
      vertex  -4.085536e+01  4.000000e+00  2.968316e+01
      vertex  -3.931523e+01  4.000000e+00  2.665638e+01
      vertex  -4.373428e+01  4.000000e+00  2.525000e+01
    endloop
  endfacet
  facet normal -0.000000e+00  1.000000e+00  0.000000e+00
    outer loop
      vertex  -4.373428e+01  4.000000e+00  2.525000e+01
      vertex  -3.931523e+01  4.000000e+00  2.665638e+01
      vertex  -4.196682e+01  4.000000e+00  2.224940e+01
    endloop
  endfacet
  facet normal  0.000000e+00  1.000000e+00  0.000000e+00
    outer loop
      vertex  -4.373428e+01  4.000000e+00  2.525000e+01
      vertex  -4.196682e+01  4.000000e+00  2.224940e+01
      vertex  -4.613405e+01  4.000000e+00  2.054020e+01
    endloop
  endfacet
  facet normal -0.000000e+00  1.000000e+00  0.000000e+00
    outer loop
      vertex  -4.613405e+01  4.000000e+00  2.054020e+01
      vertex  -4.196682e+01  4.000000e+00  2.224940e+01
      vertex  -4.412640e+01  4.000000e+00  1.758156e+01
    endloop
  endfacet
  facet normal  0.000000e+00  1.000000e+00  0.000000e+00
    outer loop
      vertex  -4.613405e+01  4.000000e+00  2.054020e+01
      vertex  -4.412640e+01  4.000000e+00  1.758156e+01
      vertex  -4.802835e+01  4.000000e+00  1.560536e+01
    endloop
  endfacet
  facet normal -0.000000e+00  1.000000e+00  0.000000e+00
    outer loop
      vertex  -4.802835e+01  4.000000e+00  1.560536e+01
      vertex  -4.412640e+01  4.000000e+00  1.758156e+01
      vertex  -4.576862e+01  4.000000e+00  1.270760e+01
    endloop
  endfacet
  facet normal  0.000000e+00  1.000000e+00  0.000000e+00
    outer loop
      vertex  -4.802835e+01  4.000000e+00  1.560536e+01
      vertex  -4.576862e+01  4.000000e+00  1.270760e+01
      vertex  -4.939645e+01  4.000000e+00  1.049954e+01
    endloop
  endfacet
  facet normal -0.000000e+00  1.000000e+00  0.000000e+00
    outer loop
      vertex  -4.939645e+01  4.000000e+00  1.049954e+01
      vertex  -4.576862e+01  4.000000e+00  1.270760e+01
      vertex  -4.687426e+01  4.000000e+00  7.684645e+00
    endloop
  endfacet
  facet normal  0.000000e+00  1.000000e+00  0.000000e+00
    outer loop
      vertex  -4.939645e+01  4.000000e+00  1.049954e+01
      vertex  -4.687426e+01  4.000000e+00  7.684645e+00
      vertex  -5.022335e+01  4.000000e+00  5.278687e+00
    endloop
  endfacet
  facet normal -0.000000e+00  1.000000e+00  0.000000e+00
    outer loop
      vertex  -5.022335e+01  4.000000e+00  5.278687e+00
      vertex  -4.687426e+01  4.000000e+00  7.684645e+00
      vertex  -4.743034e+01  4.000000e+00  2.571598e+00
    endloop
  endfacet
  facet normal  0.000000e+00  1.000000e+00  0.000000e+00
    outer loop
      vertex  -5.022335e+01  4.000000e+00  5.278687e+00
      vertex  -4.743034e+01  4.000000e+00  2.571598e+00
      vertex  -5.050000e+01  4.000000e+00  0.000000e+00
    endloop
  endfacet
  facet normal -0.000000e+00  1.000000e+00  0.000000e+00
    outer loop
      vertex  -5.050000e+01  4.000000e+00  0.000000e+00
      vertex  -4.743034e+01  4.000000e+00  2.571598e+00
      vertex  -4.743034e+01  4.000000e+00 -2.571598e+00
    endloop
  endfacet
  facet normal  0.000000e+00  1.000000e+00  0.000000e+00
    outer loop
      vertex  -5.050000e+01  4.000000e+00  0.000000e+00
      vertex  -4.743034e+01  4.000000e+00 -2.571598e+00
      vertex  -5.022335e+01  4.000000e+00 -5.278687e+00
    endloop
  endfacet
  facet normal -0.000000e+00  1.000000e+00  0.000000e+00
    outer loop
      vertex  -5.022335e+01  4.000000e+00 -5.278687e+00
      vertex  -4.743034e+01  4.000000e+00 -2.571598e+00
      vertex  -4.687426e+01  4.000000e+00 -7.684645e+00
    endloop
  endfacet
  facet normal  0.000000e+00  1.000000e+00  0.000000e+00
    outer loop
      vertex  -5.022335e+01  4.000000e+00 -5.278687e+00
      vertex  -4.687426e+01  4.000000e+00 -7.684645e+00
      vertex  -4.939645e+01  4.000000e+00 -1.049954e+01
    endloop
  endfacet
  facet normal -0.000000e+00  1.000000e+00  0.000000e+00
    outer loop
      vertex  -4.939645e+01  4.000000e+00 -1.049954e+01
      vertex  -4.687426e+01  4.000000e+00 -7.684645e+00
      vertex  -4.576862e+01  4.000000e+00 -1.270760e+01
    endloop
  endfacet
  facet normal  0.000000e+00  1.000000e+00  0.000000e+00
    outer loop
      vertex  -4.939645e+01  4.000000e+00 -1.049954e+01
      vertex  -4.576862e+01  4.000000e+00 -1.270760e+01
      vertex  -4.802835e+01  4.000000e+00 -1.560536e+01
    endloop
  endfacet
  facet normal -0.000000e+00  1.000000e+00  0.000000e+00
    outer loop
      vertex  -4.802835e+01  4.000000e+00 -1.560536e+01
      vertex  -4.576862e+01  4.000000e+00 -1.270760e+01
      vertex  -4.412640e+01  4.000000e+00 -1.758156e+01
    endloop
  endfacet
  facet normal  0.000000e+00  1.000000e+00  0.000000e+00
    outer loop
      vertex  -4.802835e+01  4.000000e+00 -1.560536e+01
      vertex  -4.412640e+01  4.000000e+00 -1.758156e+01
      vertex  -4.613405e+01  4.000000e+00 -2.054020e+01
    endloop
  endfacet
  facet normal -0.000000e+00  1.000000e+00  0.000000e+00
    outer loop
      vertex  -4.613405e+01  4.000000e+00 -2.054020e+01
      vertex  -4.412640e+01  4.000000e+00 -1.758156e+01
      vertex  -4.196682e+01  4.000000e+00 -2.224940e+01
    endloop
  endfacet
  facet normal  0.000000e+00  1.000000e+00  0.000000e+00
    outer loop
      vertex  -4.613405e+01  4.000000e+00 -2.054020e+01
      vertex  -4.196682e+01  4.000000e+00 -2.224940e+01
      vertex  -4.373428e+01  4.000000e+00 -2.525000e+01
    endloop
  endfacet
  facet normal -0.000000e+00  1.000000e+00  0.000000e+00
    outer loop
      vertex  -4.373428e+01  4.000000e+00 -2.525000e+01
      vertex  -4.196682e+01  4.000000e+00 -2.224940e+01
      vertex  -3.931523e+01  4.000000e+00 -2.665638e+01
    endloop
  endfacet
  facet normal  0.000000e+00  1.000000e+00  0.000000e+00
    outer loop
      vertex  -4.373428e+01  4.000000e+00 -2.525000e+01
      vertex  -3.931523e+01  4.000000e+00 -2.665638e+01
      vertex  -4.085536e+01  4.000000e+00 -2.968316e+01
    endloop
  endfacet
  facet normal -0.000000e+00  1.000000e+00  0.000000e+00
    outer loop
      vertex  -4.085536e+01  4.000000e+00 -2.968316e+01
      vertex  -3.931523e+01  4.000000e+00 -2.665638e+01
      vertex  -3.620270e+01  4.000000e+00 -3.075085e+01
    endloop
  endfacet
  facet normal  0.000000e+00  1.000000e+00  0.000000e+00
    outer loop
      vertex  -4.085536e+01  4.000000e+00 -2.968316e+01
      vertex  -3.620270e+01  4.000000e+00 -3.075085e+01
      vertex  -3.752881e+01  4.000000e+00 -3.379110e+01
    endloop
  endfacet
  facet normal -0.000000e+00  1.000000e+00  0.000000e+00
    outer loop
      vertex  -3.752881e+01  4.000000e+00 -3.379110e+01
      vertex  -3.620270e+01  4.000000e+00 -3.075085e+01
      vertex  -3.266573e+01  4.000000e+00 -3.448479e+01
    endloop
  endfacet
  facet normal  0.000000e+00  1.000000e+00  0.000000e+00
    outer loop
      vertex  -3.752881e+01  4.000000e+00 -3.379110e+01
      vertex  -3.266573e+01  4.000000e+00 -3.448479e+01
      vertex  -3.379110e+01  4.000000e+00 -3.752881e+01
    endloop
  endfacet
  facet normal -0.000000e+00  1.000000e+00  0.000000e+00
    outer loop
      vertex  -3.379110e+01  4.000000e+00 -3.752881e+01
      vertex  -3.266573e+01  4.000000e+00 -3.448479e+01
      vertex  -2.874578e+01  4.000000e+00 -3.781442e+01
    endloop
  endfacet
  facet normal  0.000000e+00  1.000000e+00  0.000000e+00
    outer loop
      vertex  -3.379110e+01  4.000000e+00 -3.752881e+01
      vertex  -2.874578e+01  4.000000e+00 -3.781442e+01
      vertex  -2.968316e+01  4.000000e+00 -4.085536e+01
    endloop
  endfacet
  facet normal  0.000000e+00  1.000000e+00  0.000000e+00
    outer loop
      vertex  -2.968316e+01  4.000000e+00 -4.085536e+01
      vertex  -2.874578e+01  4.000000e+00 -3.781442e+01
      vertex  -2.448881e+01  4.000000e+00 -4.070072e+01
    endloop
  endfacet
  facet normal -0.000000e+00  1.000000e+00  0.000000e+00
    outer loop
      vertex  -2.968316e+01  4.000000e+00 -4.085536e+01
      vertex  -2.448881e+01  4.000000e+00 -4.070072e+01
      vertex  -2.525000e+01  4.000000e+00 -4.373428e+01
    endloop
  endfacet
  facet normal  0.000000e+00  1.000000e+00  0.000000e+00
    outer loop
      vertex  -2.525000e+01  4.000000e+00 -4.373428e+01
      vertex  -2.448881e+01  4.000000e+00 -4.070072e+01
      vertex  -1.994473e+01  4.000000e+00 -4.310983e+01
    endloop
  endfacet
  facet normal -0.000000e+00  1.000000e+00  0.000000e+00
    outer loop
      vertex  -2.525000e+01  4.000000e+00 -4.373428e+01
      vertex  -1.994473e+01  4.000000e+00 -4.310983e+01
      vertex  -2.054020e+01  4.000000e+00 -4.613405e+01
    endloop
  endfacet
  facet normal  0.000000e+00  1.000000e+00  0.000000e+00
    outer loop
      vertex  -2.054020e+01  4.000000e+00 -4.613405e+01
      vertex  -1.994473e+01  4.000000e+00 -4.310983e+01
      vertex  -1.516682e+01  4.000000e+00 -4.501353e+01
    endloop
  endfacet
  facet normal -0.000000e+00  1.000000e+00  0.000000e+00
    outer loop
      vertex  -2.054020e+01  4.000000e+00 -4.613405e+01
      vertex  -1.516682e+01  4.000000e+00 -4.501353e+01
      vertex  -1.560536e+01  4.000000e+00 -4.802835e+01
    endloop
  endfacet
  facet normal  0.000000e+00  1.000000e+00  0.000000e+00
    outer loop
      vertex  -1.560536e+01  4.000000e+00 -4.802835e+01
      vertex  -1.516682e+01  4.000000e+00 -4.501353e+01
      vertex  -1.021110e+01  4.000000e+00 -4.638947e+01
    endloop
  endfacet
  facet normal -0.000000e+00  1.000000e+00  0.000000e+00
    outer loop
      vertex  -1.560536e+01  4.000000e+00 -4.802835e+01
      vertex  -1.021110e+01  4.000000e+00 -4.638947e+01
      vertex  -1.049954e+01  4.000000e+00 -4.939645e+01
    endloop
  endfacet
  facet normal  0.000000e+00  1.000000e+00  0.000000e+00
    outer loop
      vertex  -1.049954e+01  4.000000e+00 -4.939645e+01
      vertex  -1.021110e+01  4.000000e+00 -4.638947e+01
      vertex  -5.135653e+00  4.000000e+00 -4.722155e+01
    endloop
  endfacet
  facet normal -0.000000e+00  1.000000e+00  0.000000e+00
    outer loop
      vertex  -1.049954e+01  4.000000e+00 -4.939645e+01
      vertex  -5.135653e+00  4.000000e+00 -4.722155e+01
      vertex  -5.278687e+00  4.000000e+00 -5.022335e+01
    endloop
  endfacet
  facet normal  0.000000e+00  1.000000e+00  0.000000e+00
    outer loop
      vertex  -5.278687e+00  4.000000e+00 -5.022335e+01
      vertex  -5.135653e+00  4.000000e+00 -4.722155e+01
      vertex   0.000000e+00  4.000000e+00 -4.750000e+01
    endloop
  endfacet
  facet normal -0.000000e+00  1.000000e+00  0.000000e+00
    outer loop
      vertex  -5.278687e+00  4.000000e+00 -5.022335e+01
      vertex   0.000000e+00  4.000000e+00 -4.750000e+01
      vertex   0.000000e+00  4.000000e+00 -5.050000e+01
    endloop
  endfacet
  facet normal  0.000000e+00  1.000000e+00  0.000000e+00
    outer loop
      vertex   0.000000e+00  4.000000e+00 -5.050000e+01
      vertex   0.000000e+00  4.000000e+00 -4.750000e+01
      vertex   5.278687e+00  4.000000e+00 -5.022335e+01
    endloop
  endfacet
  facet normal  0.000000e+00  1.000000e+00  0.000000e+00
    outer loop
      vertex   5.278687e+00  4.000000e+00 -5.022335e+01
      vertex   0.000000e+00  4.000000e+00 -4.750000e+01
      vertex   5.135653e+00  4.000000e+00 -4.722155e+01
    endloop
  endfacet
  facet normal  0.000000e+00  1.000000e+00 -0.000000e+00
    outer loop
      vertex   5.278687e+00  4.000000e+00 -5.022335e+01
      vertex   5.135653e+00  4.000000e+00 -4.722155e+01
      vertex   1.049954e+01  4.000000e+00 -4.939645e+01
    endloop
  endfacet
  facet normal  0.000000e+00  1.000000e+00  0.000000e+00
    outer loop
      vertex   1.049954e+01  4.000000e+00 -4.939645e+01
      vertex   5.135653e+00  4.000000e+00 -4.722155e+01
      vertex   1.021110e+01  4.000000e+00 -4.638947e+01
    endloop
  endfacet
  facet normal  0.000000e+00  1.000000e+00 -0.000000e+00
    outer loop
      vertex   1.049954e+01  4.000000e+00 -4.939645e+01
      vertex   1.021110e+01  4.000000e+00 -4.638947e+01
      vertex   1.560536e+01  4.000000e+00 -4.802835e+01
    endloop
  endfacet
  facet normal  0.000000e+00  1.000000e+00  0.000000e+00
    outer loop
      vertex   1.560536e+01  4.000000e+00 -4.802835e+01
      vertex   1.021110e+01  4.000000e+00 -4.638947e+01
      vertex   1.516682e+01  4.000000e+00 -4.501353e+01
    endloop
  endfacet
  facet normal  0.000000e+00  1.000000e+00 -0.000000e+00
    outer loop
      vertex   1.560536e+01  4.000000e+00 -4.802835e+01
      vertex   1.516682e+01  4.000000e+00 -4.501353e+01
      vertex   2.054020e+01  4.000000e+00 -4.613405e+01
    endloop
  endfacet
  facet normal  0.000000e+00  1.000000e+00  0.000000e+00
    outer loop
      vertex   2.054020e+01  4.000000e+00 -4.613405e+01
      vertex   1.516682e+01  4.000000e+00 -4.501353e+01
      vertex   1.994473e+01  4.000000e+00 -4.310983e+01
    endloop
  endfacet
  facet normal  0.000000e+00  1.000000e+00 -0.000000e+00
    outer loop
      vertex   2.054020e+01  4.000000e+00 -4.613405e+01
      vertex   1.994473e+01  4.000000e+00 -4.310983e+01
      vertex   2.525000e+01  4.000000e+00 -4.373428e+01
    endloop
  endfacet
  facet normal  0.000000e+00  1.000000e+00  0.000000e+00
    outer loop
      vertex   2.525000e+01  4.000000e+00 -4.373428e+01
      vertex   1.994473e+01  4.000000e+00 -4.310983e+01
      vertex   2.448881e+01  4.000000e+00 -4.070072e+01
    endloop
  endfacet
  facet normal  0.000000e+00  1.000000e+00 -0.000000e+00
    outer loop
      vertex   2.525000e+01  4.000000e+00 -4.373428e+01
      vertex   2.448881e+01  4.000000e+00 -4.070072e+01
      vertex   2.968316e+01  4.000000e+00 -4.085536e+01
    endloop
  endfacet
  facet normal  0.000000e+00  1.000000e+00  0.000000e+00
    outer loop
      vertex   2.968316e+01  4.000000e+00 -4.085536e+01
      vertex   2.448881e+01  4.000000e+00 -4.070072e+01
      vertex   2.874578e+01  4.000000e+00 -3.781442e+01
    endloop
  endfacet
  facet normal  0.000000e+00  1.000000e+00 -0.000000e+00
    outer loop
      vertex   2.968316e+01  4.000000e+00 -4.085536e+01
      vertex   2.874578e+01  4.000000e+00 -3.781442e+01
      vertex   3.379110e+01  4.000000e+00 -3.752881e+01
    endloop
  endfacet
  facet normal  0.000000e+00  1.000000e+00  0.000000e+00
    outer loop
      vertex   3.379110e+01  4.000000e+00 -3.752881e+01
      vertex   2.874578e+01  4.000000e+00 -3.781442e+01
      vertex   3.266573e+01  4.000000e+00 -3.448479e+01
    endloop
  endfacet
  facet normal  0.000000e+00  1.000000e+00 -0.000000e+00
    outer loop
      vertex   3.379110e+01  4.000000e+00 -3.752881e+01
      vertex   3.266573e+01  4.000000e+00 -3.448479e+01
      vertex   3.752881e+01  4.000000e+00 -3.379110e+01
    endloop
  endfacet
  facet normal  0.000000e+00  1.000000e+00  0.000000e+00
    outer loop
      vertex   3.752881e+01  4.000000e+00 -3.379110e+01
      vertex   3.266573e+01  4.000000e+00 -3.448479e+01
      vertex   3.620270e+01  4.000000e+00 -3.075085e+01
    endloop
  endfacet
  facet normal  0.000000e+00  1.000000e+00 -0.000000e+00
    outer loop
      vertex   3.752881e+01  4.000000e+00 -3.379110e+01
      vertex   3.620270e+01  4.000000e+00 -3.075085e+01
      vertex   4.085536e+01  4.000000e+00 -2.968316e+01
    endloop
  endfacet
  facet normal  0.000000e+00  1.000000e+00  0.000000e+00
    outer loop
      vertex   4.085536e+01  4.000000e+00 -2.968316e+01
      vertex   3.620270e+01  4.000000e+00 -3.075085e+01
      vertex   3.931523e+01  4.000000e+00 -2.665638e+01
    endloop
  endfacet
  facet normal  0.000000e+00  1.000000e+00 -0.000000e+00
    outer loop
      vertex   4.085536e+01  4.000000e+00 -2.968316e+01
      vertex   3.931523e+01  4.000000e+00 -2.665638e+01
      vertex   4.373428e+01  4.000000e+00 -2.525000e+01
    endloop
  endfacet
  facet normal  0.000000e+00  1.000000e+00  0.000000e+00
    outer loop
      vertex   4.373428e+01  4.000000e+00 -2.525000e+01
      vertex   3.931523e+01  4.000000e+00 -2.665638e+01
      vertex   4.196682e+01  4.000000e+00 -2.224940e+01
    endloop
  endfacet
  facet normal  0.000000e+00  1.000000e+00 -0.000000e+00
    outer loop
      vertex   4.373428e+01  4.000000e+00 -2.525000e+01
      vertex   4.196682e+01  4.000000e+00 -2.224940e+01
      vertex   4.613405e+01  4.000000e+00 -2.054020e+01
    endloop
  endfacet
  facet normal  0.000000e+00  1.000000e+00  0.000000e+00
    outer loop
      vertex   4.613405e+01  4.000000e+00 -2.054020e+01
      vertex   4.196682e+01  4.000000e+00 -2.224940e+01
      vertex   4.412640e+01  4.000000e+00 -1.758156e+01
    endloop
  endfacet
  facet normal  0.000000e+00  1.000000e+00 -0.000000e+00
    outer loop
      vertex   4.613405e+01  4.000000e+00 -2.054020e+01
      vertex   4.412640e+01  4.000000e+00 -1.758156e+01
      vertex   4.802835e+01  4.000000e+00 -1.560536e+01
    endloop
  endfacet
  facet normal  0.000000e+00  1.000000e+00  0.000000e+00
    outer loop
      vertex   4.802835e+01  4.000000e+00 -1.560536e+01
      vertex   4.412640e+01  4.000000e+00 -1.758156e+01
      vertex   4.576862e+01  4.000000e+00 -1.270760e+01
    endloop
  endfacet
  facet normal  0.000000e+00  1.000000e+00 -0.000000e+00
    outer loop
      vertex   4.802835e+01  4.000000e+00 -1.560536e+01
      vertex   4.576862e+01  4.000000e+00 -1.270760e+01
      vertex   4.939645e+01  4.000000e+00 -1.049954e+01
    endloop
  endfacet
  facet normal  0.000000e+00  1.000000e+00  0.000000e+00
    outer loop
      vertex   4.939645e+01  4.000000e+00 -1.049954e+01
      vertex   4.576862e+01  4.000000e+00 -1.270760e+01
      vertex   4.687426e+01  4.000000e+00 -7.684645e+00
    endloop
  endfacet
  facet normal  0.000000e+00  1.000000e+00 -0.000000e+00
    outer loop
      vertex   4.939645e+01  4.000000e+00 -1.049954e+01
      vertex   4.687426e+01  4.000000e+00 -7.684645e+00
      vertex   5.022335e+01  4.000000e+00 -5.278687e+00
    endloop
  endfacet
  facet normal  0.000000e+00  1.000000e+00  0.000000e+00
    outer loop
      vertex   5.022335e+01  4.000000e+00 -5.278687e+00
      vertex   4.687426e+01  4.000000e+00 -7.684645e+00
      vertex   4.743034e+01  4.000000e+00 -2.571598e+00
    endloop
  endfacet
  facet normal  0.000000e+00 -1.000000e+00 -0.000000e+00
    outer loop
      vertex   5.022335e+01  0.000000e+00  5.278687e+00
      vertex   4.743034e+01  0.000000e+00  2.571598e+00
      vertex   5.050000e+01  0.000000e+00  0.000000e+00
    endloop
  endfacet
  facet normal -0.000000e+00 -1.000000e+00  0.000000e+00
    outer loop
      vertex   5.050000e+01  0.000000e+00  0.000000e+00
      vertex   4.743034e+01  0.000000e+00  2.571598e+00
      vertex   4.743034e+01  0.000000e+00 -2.571598e+00
    endloop
  endfacet
  facet normal  0.000000e+00 -1.000000e+00  0.000000e+00
    outer loop
      vertex   5.050000e+01  0.000000e+00  0.000000e+00
      vertex   4.743034e+01  0.000000e+00 -2.571598e+00
      vertex   5.022335e+01  0.000000e+00 -5.278687e+00
    endloop
  endfacet
  facet normal -0.000000e+00 -1.000000e+00  0.000000e+00
    outer loop
      vertex   5.022335e+01  0.000000e+00 -5.278687e+00
      vertex   4.743034e+01  0.000000e+00 -2.571598e+00
      vertex   4.687426e+01  0.000000e+00 -7.684645e+00
    endloop
  endfacet
  facet normal  0.000000e+00 -1.000000e+00  0.000000e+00
    outer loop
      vertex   5.022335e+01  0.000000e+00 -5.278687e+00
      vertex   4.687426e+01  0.000000e+00 -7.684645e+00
      vertex   4.939645e+01  0.000000e+00 -1.049954e+01
    endloop
  endfacet
  facet normal -0.000000e+00 -1.000000e+00  0.000000e+00
    outer loop
      vertex   4.939645e+01  0.000000e+00 -1.049954e+01
      vertex   4.687426e+01  0.000000e+00 -7.684645e+00
      vertex   4.576862e+01  0.000000e+00 -1.270760e+01
    endloop
  endfacet
  facet normal  0.000000e+00 -1.000000e+00  0.000000e+00
    outer loop
      vertex   4.939645e+01  0.000000e+00 -1.049954e+01
      vertex   4.576862e+01  0.000000e+00 -1.270760e+01
      vertex   4.802835e+01  0.000000e+00 -1.560536e+01
    endloop
  endfacet
  facet normal -0.000000e+00 -1.000000e+00  0.000000e+00
    outer loop
      vertex   4.802835e+01  0.000000e+00 -1.560536e+01
      vertex   4.576862e+01  0.000000e+00 -1.270760e+01
      vertex   4.412640e+01  0.000000e+00 -1.758156e+01
    endloop
  endfacet
  facet normal  0.000000e+00 -1.000000e+00  0.000000e+00
    outer loop
      vertex   4.802835e+01  0.000000e+00 -1.560536e+01
      vertex   4.412640e+01  0.000000e+00 -1.758156e+01
      vertex   4.613405e+01  0.000000e+00 -2.054020e+01
    endloop
  endfacet
  facet normal -0.000000e+00 -1.000000e+00  0.000000e+00
    outer loop
      vertex   4.613405e+01  0.000000e+00 -2.054020e+01
      vertex   4.412640e+01  0.000000e+00 -1.758156e+01
      vertex   4.196682e+01  0.000000e+00 -2.224940e+01
    endloop
  endfacet
  facet normal  0.000000e+00 -1.000000e+00  0.000000e+00
    outer loop
      vertex   4.613405e+01  0.000000e+00 -2.054020e+01
      vertex   4.196682e+01  0.000000e+00 -2.224940e+01
      vertex   4.373428e+01  0.000000e+00 -2.525000e+01
    endloop
  endfacet
  facet normal -0.000000e+00 -1.000000e+00  0.000000e+00
    outer loop
      vertex   4.373428e+01  0.000000e+00 -2.525000e+01
      vertex   4.196682e+01  0.000000e+00 -2.224940e+01
      vertex   3.931523e+01  0.000000e+00 -2.665638e+01
    endloop
  endfacet
  facet normal  0.000000e+00 -1.000000e+00  0.000000e+00
    outer loop
      vertex   4.373428e+01  0.000000e+00 -2.525000e+01
      vertex   3.931523e+01  0.000000e+00 -2.665638e+01
      vertex   4.085536e+01  0.000000e+00 -2.968316e+01
    endloop
  endfacet
  facet normal -0.000000e+00 -1.000000e+00  0.000000e+00
    outer loop
      vertex   4.085536e+01  0.000000e+00 -2.968316e+01
      vertex   3.931523e+01  0.000000e+00 -2.665638e+01
      vertex   3.620270e+01  0.000000e+00 -3.075085e+01
    endloop
  endfacet
  facet normal  0.000000e+00 -1.000000e+00  0.000000e+00
    outer loop
      vertex   4.085536e+01  0.000000e+00 -2.968316e+01
      vertex   3.620270e+01  0.000000e+00 -3.075085e+01
      vertex   3.752881e+01  0.000000e+00 -3.379110e+01
    endloop
  endfacet
  facet normal -0.000000e+00 -1.000000e+00  0.000000e+00
    outer loop
      vertex   3.752881e+01  0.000000e+00 -3.379110e+01
      vertex   3.620270e+01  0.000000e+00 -3.075085e+01
      vertex   3.266573e+01  0.000000e+00 -3.448479e+01
    endloop
  endfacet
  facet normal  0.000000e+00 -1.000000e+00  0.000000e+00
    outer loop
      vertex   3.752881e+01  0.000000e+00 -3.379110e+01
      vertex   3.266573e+01  0.000000e+00 -3.448479e+01
      vertex   3.379110e+01  0.000000e+00 -3.752881e+01
    endloop
  endfacet
  facet normal -0.000000e+00 -1.000000e+00  0.000000e+00
    outer loop
      vertex   3.379110e+01  0.000000e+00 -3.752881e+01
      vertex   3.266573e+01  0.000000e+00 -3.448479e+01
      vertex   2.874578e+01  0.000000e+00 -3.781442e+01
    endloop
  endfacet
  facet normal  0.000000e+00 -1.000000e+00  0.000000e+00
    outer loop
      vertex   3.379110e+01  0.000000e+00 -3.752881e+01
      vertex   2.874578e+01  0.000000e+00 -3.781442e+01
      vertex   2.968316e+01  0.000000e+00 -4.085536e+01
    endloop
  endfacet
  facet normal  0.000000e+00 -1.000000e+00  0.000000e+00
    outer loop
      vertex   2.968316e+01  0.000000e+00 -4.085536e+01
      vertex   2.874578e+01  0.000000e+00 -3.781442e+01
      vertex   2.448881e+01  0.000000e+00 -4.070072e+01
    endloop
  endfacet
  facet normal -0.000000e+00 -1.000000e+00  0.000000e+00
    outer loop
      vertex   2.968316e+01  0.000000e+00 -4.085536e+01
      vertex   2.448881e+01  0.000000e+00 -4.070072e+01
      vertex   2.525000e+01  0.000000e+00 -4.373428e+01
    endloop
  endfacet
  facet normal  0.000000e+00 -1.000000e+00  0.000000e+00
    outer loop
      vertex   2.525000e+01  0.000000e+00 -4.373428e+01
      vertex   2.448881e+01  0.000000e+00 -4.070072e+01
      vertex   1.994473e+01  0.000000e+00 -4.310983e+01
    endloop
  endfacet
  facet normal -0.000000e+00 -1.000000e+00  0.000000e+00
    outer loop
      vertex   2.525000e+01  0.000000e+00 -4.373428e+01
      vertex   1.994473e+01  0.000000e+00 -4.310983e+01
      vertex   2.054020e+01  0.000000e+00 -4.613405e+01
    endloop
  endfacet
  facet normal  0.000000e+00 -1.000000e+00  0.000000e+00
    outer loop
      vertex   2.054020e+01  0.000000e+00 -4.613405e+01
      vertex   1.994473e+01  0.000000e+00 -4.310983e+01
      vertex   1.516682e+01  0.000000e+00 -4.501353e+01
    endloop
  endfacet
  facet normal -0.000000e+00 -1.000000e+00  0.000000e+00
    outer loop
      vertex   2.054020e+01  0.000000e+00 -4.613405e+01
      vertex   1.516682e+01  0.000000e+00 -4.501353e+01
      vertex   1.560536e+01  0.000000e+00 -4.802835e+01
    endloop
  endfacet
  facet normal  0.000000e+00 -1.000000e+00  0.000000e+00
    outer loop
      vertex   1.560536e+01  0.000000e+00 -4.802835e+01
      vertex   1.516682e+01  0.000000e+00 -4.501353e+01
      vertex   1.021110e+01  0.000000e+00 -4.638947e+01
    endloop
  endfacet
  facet normal -0.000000e+00 -1.000000e+00  0.000000e+00
    outer loop
      vertex   1.560536e+01  0.000000e+00 -4.802835e+01
      vertex   1.021110e+01  0.000000e+00 -4.638947e+01
      vertex   1.049954e+01  0.000000e+00 -4.939645e+01
    endloop
  endfacet
  facet normal  0.000000e+00 -1.000000e+00  0.000000e+00
    outer loop
      vertex   1.049954e+01  0.000000e+00 -4.939645e+01
      vertex   1.021110e+01  0.000000e+00 -4.638947e+01
      vertex   5.135653e+00  0.000000e+00 -4.722155e+01
    endloop
  endfacet
  facet normal -0.000000e+00 -1.000000e+00  0.000000e+00
    outer loop
      vertex   1.049954e+01  0.000000e+00 -4.939645e+01
      vertex   5.135653e+00  0.000000e+00 -4.722155e+01
      vertex   5.278687e+00  0.000000e+00 -5.022335e+01
    endloop
  endfacet
  facet normal  0.000000e+00 -1.000000e+00  0.000000e+00
    outer loop
      vertex   5.278687e+00  0.000000e+00 -5.022335e+01
      vertex   5.135653e+00  0.000000e+00 -4.722155e+01
      vertex   0.000000e+00  0.000000e+00 -4.750000e+01
    endloop
  endfacet
  facet normal -0.000000e+00 -1.000000e+00  0.000000e+00
    outer loop
      vertex   5.278687e+00  0.000000e+00 -5.022335e+01
      vertex   0.000000e+00  0.000000e+00 -4.750000e+01
      vertex   0.000000e+00  0.000000e+00 -5.050000e+01
    endloop
  endfacet
  facet normal  0.000000e+00 -1.000000e+00  0.000000e+00
    outer loop
      vertex   0.000000e+00  0.000000e+00 -5.050000e+01
      vertex   0.000000e+00  0.000000e+00 -4.750000e+01
      vertex  -5.278687e+00  0.000000e+00 -5.022335e+01
    endloop
  endfacet
  facet normal  0.000000e+00 -1.000000e+00  0.000000e+00
    outer loop
      vertex  -5.278687e+00  0.000000e+00 -5.022335e+01
      vertex   0.000000e+00  0.000000e+00 -4.750000e+01
      vertex  -5.135653e+00  0.000000e+00 -4.722155e+01
    endloop
  endfacet
  facet normal  0.000000e+00 -1.000000e+00  0.000000e+00
    outer loop
      vertex  -5.278687e+00  0.000000e+00 -5.022335e+01
      vertex  -5.135653e+00  0.000000e+00 -4.722155e+01
      vertex  -1.049954e+01  0.000000e+00 -4.939645e+01
    endloop
  endfacet
  facet normal  0.000000e+00 -1.000000e+00  0.000000e+00
    outer loop
      vertex  -1.049954e+01  0.000000e+00 -4.939645e+01
      vertex  -5.135653e+00  0.000000e+00 -4.722155e+01
      vertex  -1.021110e+01  0.000000e+00 -4.638947e+01
    endloop
  endfacet
  facet normal  0.000000e+00 -1.000000e+00  0.000000e+00
    outer loop
      vertex  -1.049954e+01  0.000000e+00 -4.939645e+01
      vertex  -1.021110e+01  0.000000e+00 -4.638947e+01
      vertex  -1.560536e+01  0.000000e+00 -4.802835e+01
    endloop
  endfacet
  facet normal  0.000000e+00 -1.000000e+00  0.000000e+00
    outer loop
      vertex  -1.560536e+01  0.000000e+00 -4.802835e+01
      vertex  -1.021110e+01  0.000000e+00 -4.638947e+01
      vertex  -1.516682e+01  0.000000e+00 -4.501353e+01
    endloop
  endfacet
  facet normal  0.000000e+00 -1.000000e+00  0.000000e+00
    outer loop
      vertex  -1.560536e+01  0.000000e+00 -4.802835e+01
      vertex  -1.516682e+01  0.000000e+00 -4.501353e+01
      vertex  -2.054020e+01  0.000000e+00 -4.613405e+01
    endloop
  endfacet
  facet normal  0.000000e+00 -1.000000e+00  0.000000e+00
    outer loop
      vertex  -2.054020e+01  0.000000e+00 -4.613405e+01
      vertex  -1.516682e+01  0.000000e+00 -4.501353e+01
      vertex  -1.994473e+01  0.000000e+00 -4.310983e+01
    endloop
  endfacet
  facet normal  0.000000e+00 -1.000000e+00  0.000000e+00
    outer loop
      vertex  -2.054020e+01  0.000000e+00 -4.613405e+01
      vertex  -1.994473e+01  0.000000e+00 -4.310983e+01
      vertex  -2.525000e+01  0.000000e+00 -4.373428e+01
    endloop
  endfacet
  facet normal  0.000000e+00 -1.000000e+00  0.000000e+00
    outer loop
      vertex  -2.525000e+01  0.000000e+00 -4.373428e+01
      vertex  -1.994473e+01  0.000000e+00 -4.310983e+01
      vertex  -2.448881e+01  0.000000e+00 -4.070072e+01
    endloop
  endfacet
  facet normal  0.000000e+00 -1.000000e+00  0.000000e+00
    outer loop
      vertex  -2.525000e+01  0.000000e+00 -4.373428e+01
      vertex  -2.448881e+01  0.000000e+00 -4.070072e+01
      vertex  -2.968316e+01  0.000000e+00 -4.085536e+01
    endloop
  endfacet
  facet normal  0.000000e+00 -1.000000e+00  0.000000e+00
    outer loop
      vertex  -2.968316e+01  0.000000e+00 -4.085536e+01
      vertex  -2.448881e+01  0.000000e+00 -4.070072e+01
      vertex  -2.874578e+01  0.000000e+00 -3.781442e+01
    endloop
  endfacet
  facet normal  0.000000e+00 -1.000000e+00  0.000000e+00
    outer loop
      vertex  -2.968316e+01  0.000000e+00 -4.085536e+01
      vertex  -2.874578e+01  0.000000e+00 -3.781442e+01
      vertex  -3.379110e+01  0.000000e+00 -3.752881e+01
    endloop
  endfacet
  facet normal  0.000000e+00 -1.000000e+00  0.000000e+00
    outer loop
      vertex  -3.379110e+01  0.000000e+00 -3.752881e+01
      vertex  -2.874578e+01  0.000000e+00 -3.781442e+01
      vertex  -3.266573e+01  0.000000e+00 -3.448479e+01
    endloop
  endfacet
  facet normal  0.000000e+00 -1.000000e+00  0.000000e+00
    outer loop
      vertex  -3.379110e+01  0.000000e+00 -3.752881e+01
      vertex  -3.266573e+01  0.000000e+00 -3.448479e+01
      vertex  -3.752881e+01  0.000000e+00 -3.379110e+01
    endloop
  endfacet
  facet normal  0.000000e+00 -1.000000e+00  0.000000e+00
    outer loop
      vertex  -3.752881e+01  0.000000e+00 -3.379110e+01
      vertex  -3.266573e+01  0.000000e+00 -3.448479e+01
      vertex  -3.620270e+01  0.000000e+00 -3.075085e+01
    endloop
  endfacet
  facet normal  0.000000e+00 -1.000000e+00  0.000000e+00
    outer loop
      vertex  -3.752881e+01  0.000000e+00 -3.379110e+01
      vertex  -3.620270e+01  0.000000e+00 -3.075085e+01
      vertex  -4.085536e+01  0.000000e+00 -2.968316e+01
    endloop
  endfacet
  facet normal  0.000000e+00 -1.000000e+00  0.000000e+00
    outer loop
      vertex  -4.085536e+01  0.000000e+00 -2.968316e+01
      vertex  -3.620270e+01  0.000000e+00 -3.075085e+01
      vertex  -3.931523e+01  0.000000e+00 -2.665638e+01
    endloop
  endfacet
  facet normal  0.000000e+00 -1.000000e+00  0.000000e+00
    outer loop
      vertex  -4.085536e+01  0.000000e+00 -2.968316e+01
      vertex  -3.931523e+01  0.000000e+00 -2.665638e+01
      vertex  -4.373428e+01  0.000000e+00 -2.525000e+01
    endloop
  endfacet
  facet normal  0.000000e+00 -1.000000e+00  0.000000e+00
    outer loop
      vertex  -4.373428e+01  0.000000e+00 -2.525000e+01
      vertex  -3.931523e+01  0.000000e+00 -2.665638e+01
      vertex  -4.196682e+01  0.000000e+00 -2.224940e+01
    endloop
  endfacet
  facet normal  0.000000e+00 -1.000000e+00  0.000000e+00
    outer loop
      vertex  -4.373428e+01  0.000000e+00 -2.525000e+01
      vertex  -4.196682e+01  0.000000e+00 -2.224940e+01
      vertex  -4.613405e+01  0.000000e+00 -2.054020e+01
    endloop
  endfacet
  facet normal  0.000000e+00 -1.000000e+00  0.000000e+00
    outer loop
      vertex  -4.613405e+01  0.000000e+00 -2.054020e+01
      vertex  -4.196682e+01  0.000000e+00 -2.224940e+01
      vertex  -4.412640e+01  0.000000e+00 -1.758156e+01
    endloop
  endfacet
  facet normal  0.000000e+00 -1.000000e+00  0.000000e+00
    outer loop
      vertex  -4.613405e+01  0.000000e+00 -2.054020e+01
      vertex  -4.412640e+01  0.000000e+00 -1.758156e+01
      vertex  -4.802835e+01  0.000000e+00 -1.560536e+01
    endloop
  endfacet
  facet normal  0.000000e+00 -1.000000e+00  0.000000e+00
    outer loop
      vertex  -4.802835e+01  0.000000e+00 -1.560536e+01
      vertex  -4.412640e+01  0.000000e+00 -1.758156e+01
      vertex  -4.576862e+01  0.000000e+00 -1.270760e+01
    endloop
  endfacet
  facet normal  0.000000e+00 -1.000000e+00  0.000000e+00
    outer loop
      vertex  -4.802835e+01  0.000000e+00 -1.560536e+01
      vertex  -4.576862e+01  0.000000e+00 -1.270760e+01
      vertex  -4.939645e+01  0.000000e+00 -1.049954e+01
    endloop
  endfacet
  facet normal  0.000000e+00 -1.000000e+00  0.000000e+00
    outer loop
      vertex  -4.939645e+01  0.000000e+00 -1.049954e+01
      vertex  -4.576862e+01  0.000000e+00 -1.270760e+01
      vertex  -4.687426e+01  0.000000e+00 -7.684645e+00
    endloop
  endfacet
  facet normal  0.000000e+00 -1.000000e+00  0.000000e+00
    outer loop
      vertex  -4.939645e+01  0.000000e+00 -1.049954e+01
      vertex  -4.687426e+01  0.000000e+00 -7.684645e+00
      vertex  -5.022335e+01  0.000000e+00 -5.278687e+00
    endloop
  endfacet
  facet normal  0.000000e+00 -1.000000e+00  0.000000e+00
    outer loop
      vertex  -5.022335e+01  0.000000e+00 -5.278687e+00
      vertex  -4.687426e+01  0.000000e+00 -7.684645e+00
      vertex  -4.743034e+01  0.000000e+00 -2.571598e+00
    endloop
  endfacet
  facet normal  0.000000e+00 -1.000000e+00  0.000000e+00
    outer loop
      vertex  -5.022335e+01  0.000000e+00 -5.278687e+00
      vertex  -4.743034e+01  0.000000e+00 -2.571598e+00
      vertex  -5.050000e+01  0.000000e+00  0.000000e+00
    endloop
  endfacet
  facet normal  0.000000e+00 -1.000000e+00  0.000000e+00
    outer loop
      vertex  -5.050000e+01  0.000000e+00  0.000000e+00
      vertex  -4.743034e+01  0.000000e+00 -2.571598e+00
      vertex  -4.743034e+01  0.000000e+00  2.571598e+00
    endloop
  endfacet
  facet normal  0.000000e+00 -1.000000e+00  0.000000e+00
    outer loop
      vertex  -5.050000e+01  0.000000e+00  0.000000e+00
      vertex  -4.743034e+01  0.000000e+00  2.571598e+00
      vertex  -5.022335e+01  0.000000e+00  5.278687e+00
    endloop
  endfacet
  facet normal  0.000000e+00 -1.000000e+00  0.000000e+00
    outer loop
      vertex  -5.022335e+01  0.000000e+00  5.278687e+00
      vertex  -4.743034e+01  0.000000e+00  2.571598e+00
      vertex  -4.687426e+01  0.000000e+00  7.684645e+00
    endloop
  endfacet
  facet normal  0.000000e+00 -1.000000e+00  0.000000e+00
    outer loop
      vertex  -5.022335e+01  0.000000e+00  5.278687e+00
      vertex  -4.687426e+01  0.000000e+00  7.684645e+00
      vertex  -4.939645e+01  0.000000e+00  1.049954e+01
    endloop
  endfacet
  facet normal  0.000000e+00 -1.000000e+00  0.000000e+00
    outer loop
      vertex  -4.939645e+01  0.000000e+00  1.049954e+01
      vertex  -4.687426e+01  0.000000e+00  7.684645e+00
      vertex  -4.576862e+01  0.000000e+00  1.270760e+01
    endloop
  endfacet
  facet normal  0.000000e+00 -1.000000e+00  0.000000e+00
    outer loop
      vertex  -4.939645e+01  0.000000e+00  1.049954e+01
      vertex  -4.576862e+01  0.000000e+00  1.270760e+01
      vertex  -4.802835e+01  0.000000e+00  1.560536e+01
    endloop
  endfacet
  facet normal  0.000000e+00 -1.000000e+00  0.000000e+00
    outer loop
      vertex  -4.802835e+01  0.000000e+00  1.560536e+01
      vertex  -4.576862e+01  0.000000e+00  1.270760e+01
      vertex  -4.412640e+01  0.000000e+00  1.758156e+01
    endloop
  endfacet
  facet normal  0.000000e+00 -1.000000e+00  0.000000e+00
    outer loop
      vertex  -4.802835e+01  0.000000e+00  1.560536e+01
      vertex  -4.412640e+01  0.000000e+00  1.758156e+01
      vertex  -4.613405e+01  0.000000e+00  2.054020e+01
    endloop
  endfacet
  facet normal  0.000000e+00 -1.000000e+00  0.000000e+00
    outer loop
      vertex  -4.613405e+01  0.000000e+00  2.054020e+01
      vertex  -4.412640e+01  0.000000e+00  1.758156e+01
      vertex  -4.196682e+01  0.000000e+00  2.224940e+01
    endloop
  endfacet
  facet normal  0.000000e+00 -1.000000e+00  0.000000e+00
    outer loop
      vertex  -4.613405e+01  0.000000e+00  2.054020e+01
      vertex  -4.196682e+01  0.000000e+00  2.224940e+01
      vertex  -4.373428e+01  0.000000e+00  2.525000e+01
    endloop
  endfacet
  facet normal  0.000000e+00 -1.000000e+00  0.000000e+00
    outer loop
      vertex  -4.373428e+01  0.000000e+00  2.525000e+01
      vertex  -4.196682e+01  0.000000e+00  2.224940e+01
      vertex  -3.931523e+01  0.000000e+00  2.665638e+01
    endloop
  endfacet
  facet normal  0.000000e+00 -1.000000e+00  0.000000e+00
    outer loop
      vertex  -4.373428e+01  0.000000e+00  2.525000e+01
      vertex  -3.931523e+01  0.000000e+00  2.665638e+01
      vertex  -4.085536e+01  0.000000e+00  2.968316e+01
    endloop
  endfacet
  facet normal  0.000000e+00 -1.000000e+00  0.000000e+00
    outer loop
      vertex  -4.085536e+01  0.000000e+00  2.968316e+01
      vertex  -3.931523e+01  0.000000e+00  2.665638e+01
      vertex  -3.620270e+01  0.000000e+00  3.075085e+01
    endloop
  endfacet
  facet normal  0.000000e+00 -1.000000e+00  0.000000e+00
    outer loop
      vertex  -4.085536e+01  0.000000e+00  2.968316e+01
      vertex  -3.620270e+01  0.000000e+00  3.075085e+01
      vertex  -3.752881e+01  0.000000e+00  3.379110e+01
    endloop
  endfacet
  facet normal  0.000000e+00 -1.000000e+00  0.000000e+00
    outer loop
      vertex  -3.752881e+01  0.000000e+00  3.379110e+01
      vertex  -3.620270e+01  0.000000e+00  3.075085e+01
      vertex  -3.266573e+01  0.000000e+00  3.448479e+01
    endloop
  endfacet
  facet normal  0.000000e+00 -1.000000e+00  0.000000e+00
    outer loop
      vertex  -3.752881e+01  0.000000e+00  3.379110e+01
      vertex  -3.266573e+01  0.000000e+00  3.448479e+01
      vertex  -3.379110e+01  0.000000e+00  3.752881e+01
    endloop
  endfacet
  facet normal  0.000000e+00 -1.000000e+00  0.000000e+00
    outer loop
      vertex  -3.379110e+01  0.000000e+00  3.752881e+01
      vertex  -3.266573e+01  0.000000e+00  3.448479e+01
      vertex  -2.874578e+01  0.000000e+00  3.781442e+01
    endloop
  endfacet
  facet normal  0.000000e+00 -1.000000e+00  0.000000e+00
    outer loop
      vertex  -3.379110e+01  0.000000e+00  3.752881e+01
      vertex  -2.874578e+01  0.000000e+00  3.781442e+01
      vertex  -2.968316e+01  0.000000e+00  4.085536e+01
    endloop
  endfacet
  facet normal  0.000000e+00 -1.000000e+00  0.000000e+00
    outer loop
      vertex  -2.968316e+01  0.000000e+00  4.085536e+01
      vertex  -2.874578e+01  0.000000e+00  3.781442e+01
      vertex  -2.448881e+01  0.000000e+00  4.070072e+01
    endloop
  endfacet
  facet normal  0.000000e+00 -1.000000e+00  0.000000e+00
    outer loop
      vertex  -2.968316e+01  0.000000e+00  4.085536e+01
      vertex  -2.448881e+01  0.000000e+00  4.070072e+01
      vertex  -2.525000e+01  0.000000e+00  4.373428e+01
    endloop
  endfacet
  facet normal  0.000000e+00 -1.000000e+00  0.000000e+00
    outer loop
      vertex  -2.525000e+01  0.000000e+00  4.373428e+01
      vertex  -2.448881e+01  0.000000e+00  4.070072e+01
      vertex  -1.994473e+01  0.000000e+00  4.310983e+01
    endloop
  endfacet
  facet normal  0.000000e+00 -1.000000e+00  0.000000e+00
    outer loop
      vertex  -2.525000e+01  0.000000e+00  4.373428e+01
      vertex  -1.994473e+01  0.000000e+00  4.310983e+01
      vertex  -2.054020e+01  0.000000e+00  4.613405e+01
    endloop
  endfacet
  facet normal  0.000000e+00 -1.000000e+00  0.000000e+00
    outer loop
      vertex  -2.054020e+01  0.000000e+00  4.613405e+01
      vertex  -1.994473e+01  0.000000e+00  4.310983e+01
      vertex  -1.516682e+01  0.000000e+00  4.501353e+01
    endloop
  endfacet
  facet normal  0.000000e+00 -1.000000e+00  0.000000e+00
    outer loop
      vertex  -2.054020e+01  0.000000e+00  4.613405e+01
      vertex  -1.516682e+01  0.000000e+00  4.501353e+01
      vertex  -1.560536e+01  0.000000e+00  4.802835e+01
    endloop
  endfacet
  facet normal  0.000000e+00 -1.000000e+00  0.000000e+00
    outer loop
      vertex  -1.560536e+01  0.000000e+00  4.802835e+01
      vertex  -1.516682e+01  0.000000e+00  4.501353e+01
      vertex  -1.021110e+01  0.000000e+00  4.638947e+01
    endloop
  endfacet
  facet normal  0.000000e+00 -1.000000e+00  0.000000e+00
    outer loop
      vertex  -1.560536e+01  0.000000e+00  4.802835e+01
      vertex  -1.021110e+01  0.000000e+00  4.638947e+01
      vertex  -1.049954e+01  0.000000e+00  4.939645e+01
    endloop
  endfacet
  facet normal  0.000000e+00 -1.000000e+00  0.000000e+00
    outer loop
      vertex  -1.049954e+01  0.000000e+00  4.939645e+01
      vertex  -1.021110e+01  0.000000e+00  4.638947e+01
      vertex  -5.135653e+00  0.000000e+00  4.722155e+01
    endloop
  endfacet
  facet normal  0.000000e+00 -1.000000e+00  0.000000e+00
    outer loop
      vertex  -1.049954e+01  0.000000e+00  4.939645e+01
      vertex  -5.135653e+00  0.000000e+00  4.722155e+01
      vertex  -5.278687e+00  0.000000e+00  5.022335e+01
    endloop
  endfacet
  facet normal  0.000000e+00 -1.000000e+00  0.000000e+00
    outer loop
      vertex  -5.278687e+00  0.000000e+00  5.022335e+01
      vertex  -5.135653e+00  0.000000e+00  4.722155e+01
      vertex   0.000000e+00  0.000000e+00  4.750000e+01
    endloop
  endfacet
  facet normal  0.000000e+00 -1.000000e+00  0.000000e+00
    outer loop
      vertex  -5.278687e+00  0.000000e+00  5.022335e+01
      vertex   0.000000e+00  0.000000e+00  4.750000e+01
      vertex   0.000000e+00  0.000000e+00  5.050000e+01
    endloop
  endfacet
  facet normal  0.000000e+00 -1.000000e+00  0.000000e+00
    outer loop
      vertex   0.000000e+00  0.000000e+00  5.050000e+01
      vertex   0.000000e+00  0.000000e+00  4.750000e+01
      vertex   5.278687e+00  0.000000e+00  5.022335e+01
    endloop
  endfacet
  facet normal  0.000000e+00 -1.000000e+00  0.000000e+00
    outer loop
      vertex   5.278687e+00  0.000000e+00  5.022335e+01
      vertex   0.000000e+00  0.000000e+00  4.750000e+01
      vertex   5.135653e+00  0.000000e+00  4.722155e+01
    endloop
  endfacet
  facet normal  0.000000e+00 -1.000000e+00 -0.000000e+00
    outer loop
      vertex   5.278687e+00  0.000000e+00  5.022335e+01
      vertex   5.135653e+00  0.000000e+00  4.722155e+01
      vertex   1.049954e+01  0.000000e+00  4.939645e+01
    endloop
  endfacet
  facet normal  0.000000e+00 -1.000000e+00  0.000000e+00
    outer loop
      vertex   1.049954e+01  0.000000e+00  4.939645e+01
      vertex   5.135653e+00  0.000000e+00  4.722155e+01
      vertex   1.021110e+01  0.000000e+00  4.638947e+01
    endloop
  endfacet
  facet normal  0.000000e+00 -1.000000e+00 -0.000000e+00
    outer loop
      vertex   1.049954e+01  0.000000e+00  4.939645e+01
      vertex   1.021110e+01  0.000000e+00  4.638947e+01
      vertex   1.560536e+01  0.000000e+00  4.802835e+01
    endloop
  endfacet
  facet normal  0.000000e+00 -1.000000e+00  0.000000e+00
    outer loop
      vertex   1.560536e+01  0.000000e+00  4.802835e+01
      vertex   1.021110e+01  0.000000e+00  4.638947e+01
      vertex   1.516682e+01  0.000000e+00  4.501353e+01
    endloop
  endfacet
  facet normal  0.000000e+00 -1.000000e+00 -0.000000e+00
    outer loop
      vertex   1.560536e+01  0.000000e+00  4.802835e+01
      vertex   1.516682e+01  0.000000e+00  4.501353e+01
      vertex   2.054020e+01  0.000000e+00  4.613405e+01
    endloop
  endfacet
  facet normal  0.000000e+00 -1.000000e+00  0.000000e+00
    outer loop
      vertex   2.054020e+01  0.000000e+00  4.613405e+01
      vertex   1.516682e+01  0.000000e+00  4.501353e+01
      vertex   1.994473e+01  0.000000e+00  4.310983e+01
    endloop
  endfacet
  facet normal  0.000000e+00 -1.000000e+00 -0.000000e+00
    outer loop
      vertex   2.054020e+01  0.000000e+00  4.613405e+01
      vertex   1.994473e+01  0.000000e+00  4.310983e+01
      vertex   2.525000e+01  0.000000e+00  4.373428e+01
    endloop
  endfacet
  facet normal  0.000000e+00 -1.000000e+00  0.000000e+00
    outer loop
      vertex   2.525000e+01  0.000000e+00  4.373428e+01
      vertex   1.994473e+01  0.000000e+00  4.310983e+01
      vertex   2.448881e+01  0.000000e+00  4.070072e+01
    endloop
  endfacet
  facet normal  0.000000e+00 -1.000000e+00 -0.000000e+00
    outer loop
      vertex   2.525000e+01  0.000000e+00  4.373428e+01
      vertex   2.448881e+01  0.000000e+00  4.070072e+01
      vertex   2.968316e+01  0.000000e+00  4.085536e+01
    endloop
  endfacet
  facet normal  0.000000e+00 -1.000000e+00  0.000000e+00
    outer loop
      vertex   2.968316e+01  0.000000e+00  4.085536e+01
      vertex   2.448881e+01  0.000000e+00  4.070072e+01
      vertex   2.874578e+01  0.000000e+00  3.781442e+01
    endloop
  endfacet
  facet normal  0.000000e+00 -1.000000e+00 -0.000000e+00
    outer loop
      vertex   2.968316e+01  0.000000e+00  4.085536e+01
      vertex   2.874578e+01  0.000000e+00  3.781442e+01
      vertex   3.379110e+01  0.000000e+00  3.752881e+01
    endloop
  endfacet
  facet normal -0.000000e+00 -1.000000e+00  0.000000e+00
    outer loop
      vertex   3.379110e+01  0.000000e+00  3.752881e+01
      vertex   2.874578e+01  0.000000e+00  3.781442e+01
      vertex   3.266573e+01  0.000000e+00  3.448479e+01
    endloop
  endfacet
  facet normal  0.000000e+00 -1.000000e+00 -0.000000e+00
    outer loop
      vertex   3.379110e+01  0.000000e+00  3.752881e+01
      vertex   3.266573e+01  0.000000e+00  3.448479e+01
      vertex   3.752881e+01  0.000000e+00  3.379110e+01
    endloop
  endfacet
  facet normal -0.000000e+00 -1.000000e+00  0.000000e+00
    outer loop
      vertex   3.752881e+01  0.000000e+00  3.379110e+01
      vertex   3.266573e+01  0.000000e+00  3.448479e+01
      vertex   3.620270e+01  0.000000e+00  3.075085e+01
    endloop
  endfacet
  facet normal  0.000000e+00 -1.000000e+00 -0.000000e+00
    outer loop
      vertex   3.752881e+01  0.000000e+00  3.379110e+01
      vertex   3.620270e+01  0.000000e+00  3.075085e+01
      vertex   4.085536e+01  0.000000e+00  2.968316e+01
    endloop
  endfacet
  facet normal -0.000000e+00 -1.000000e+00  0.000000e+00
    outer loop
      vertex   4.085536e+01  0.000000e+00  2.968316e+01
      vertex   3.620270e+01  0.000000e+00  3.075085e+01
      vertex   3.931523e+01  0.000000e+00  2.665638e+01
    endloop
  endfacet
  facet normal  0.000000e+00 -1.000000e+00 -0.000000e+00
    outer loop
      vertex   4.085536e+01  0.000000e+00  2.968316e+01
      vertex   3.931523e+01  0.000000e+00  2.665638e+01
      vertex   4.373428e+01  0.000000e+00  2.525000e+01
    endloop
  endfacet
  facet normal -0.000000e+00 -1.000000e+00  0.000000e+00
    outer loop
      vertex   4.373428e+01  0.000000e+00  2.525000e+01
      vertex   3.931523e+01  0.000000e+00  2.665638e+01
      vertex   4.196682e+01  0.000000e+00  2.224940e+01
    endloop
  endfacet
  facet normal  0.000000e+00 -1.000000e+00 -0.000000e+00
    outer loop
      vertex   4.373428e+01  0.000000e+00  2.525000e+01
      vertex   4.196682e+01  0.000000e+00  2.224940e+01
      vertex   4.613405e+01  0.000000e+00  2.054020e+01
    endloop
  endfacet
  facet normal -0.000000e+00 -1.000000e+00  0.000000e+00
    outer loop
      vertex   4.613405e+01  0.000000e+00  2.054020e+01
      vertex   4.196682e+01  0.000000e+00  2.224940e+01
      vertex   4.412640e+01  0.000000e+00  1.758156e+01
    endloop
  endfacet
  facet normal  0.000000e+00 -1.000000e+00 -0.000000e+00
    outer loop
      vertex   4.613405e+01  0.000000e+00  2.054020e+01
      vertex   4.412640e+01  0.000000e+00  1.758156e+01
      vertex   4.802835e+01  0.000000e+00  1.560536e+01
    endloop
  endfacet
  facet normal -0.000000e+00 -1.000000e+00  0.000000e+00
    outer loop
      vertex   4.802835e+01  0.000000e+00  1.560536e+01
      vertex   4.412640e+01  0.000000e+00  1.758156e+01
      vertex   4.576862e+01  0.000000e+00  1.270760e+01
    endloop
  endfacet
  facet normal  0.000000e+00 -1.000000e+00 -0.000000e+00
    outer loop
      vertex   4.802835e+01  0.000000e+00  1.560536e+01
      vertex   4.576862e+01  0.000000e+00  1.270760e+01
      vertex   4.939645e+01  0.000000e+00  1.049954e+01
    endloop
  endfacet
  facet normal -0.000000e+00 -1.000000e+00  0.000000e+00
    outer loop
      vertex   4.939645e+01  0.000000e+00  1.049954e+01
      vertex   4.576862e+01  0.000000e+00  1.270760e+01
      vertex   4.687426e+01  0.000000e+00  7.684645e+00
    endloop
  endfacet
  facet normal  0.000000e+00 -1.000000e+00 -0.000000e+00
    outer loop
      vertex   4.939645e+01  0.000000e+00  1.049954e+01
      vertex   4.687426e+01  0.000000e+00  7.684645e+00
      vertex   5.022335e+01  0.000000e+00  5.278687e+00
    endloop
  endfacet
  facet normal -0.000000e+00 -1.000000e+00  0.000000e+00
    outer loop
      vertex   5.022335e+01  0.000000e+00  5.278687e+00
      vertex   4.687426e+01  0.000000e+00  7.684645e+00
      vertex   4.743034e+01  0.000000e+00  2.571598e+00
    endloop
  endfacet
  facet normal  5.413948e-02  0.000000e+00 -9.985334e-01
    outer loop
      vertex  -5.135653e+00  0.000000e+00  4.722155e+01
      vertex  -5.135653e+00  4.000000e+00  4.722155e+01
      vertex   0.000000e+00  0.000000e+00  4.750000e+01
    endloop
  endfacet
  facet normal  5.413948e-02  0.000000e+00 -9.985334e-01
    outer loop
      vertex   0.000000e+00  0.000000e+00  4.750000e+01
      vertex  -5.135653e+00  4.000000e+00  4.722155e+01
      vertex   0.000000e+00  4.000000e+00  4.750000e+01
    endloop
  endfacet
  facet normal -5.413948e-02  0.000000e+00 -9.985334e-01
    outer loop
      vertex   0.000000e+00  0.000000e+00  4.750000e+01
      vertex   0.000000e+00  4.000000e+00  4.750000e+01
      vertex   5.135653e+00  0.000000e+00  4.722155e+01
    endloop
  endfacet
  facet normal -5.413948e-02  0.000000e+00 -9.985334e-01
    outer loop
      vertex   5.135653e+00  0.000000e+00  4.722155e+01
      vertex   0.000000e+00  4.000000e+00  4.750000e+01
      vertex   5.135653e+00  4.000000e+00  4.722155e+01
    endloop
  endfacet
  facet normal -1.617821e-01  0.000000e+00 -9.868265e-01
    outer loop
      vertex   5.135653e+00  0.000000e+00  4.722155e+01
      vertex   5.135653e+00  4.000000e+00  4.722155e+01
      vertex   1.021110e+01  0.000000e+00  4.638947e+01
    endloop
  endfacet
  facet normal -1.617821e-01  0.000000e+00 -9.868265e-01
    outer loop
      vertex   1.021110e+01  0.000000e+00  4.638947e+01
      vertex   5.135653e+00  4.000000e+00  4.722155e+01
      vertex   1.021110e+01  4.000000e+00  4.638947e+01
    endloop
  endfacet
  facet normal -2.675275e-01  0.000000e+00 -9.635503e-01
    outer loop
      vertex   1.021110e+01  0.000000e+00  4.638947e+01
      vertex   1.021110e+01  4.000000e+00  4.638947e+01
      vertex   1.516682e+01  0.000000e+00  4.501353e+01
    endloop
  endfacet
  facet normal -2.675275e-01  0.000000e+00 -9.635503e-01
    outer loop
      vertex   1.516682e+01  0.000000e+00  4.501353e+01
      vertex   1.021110e+01  4.000000e+00  4.638947e+01
      vertex   1.516682e+01  4.000000e+00  4.501353e+01
    endloop
  endfacet
  facet normal -3.701383e-01  0.000000e+00 -9.289767e-01
    outer loop
      vertex   1.516682e+01  0.000000e+00  4.501353e+01
      vertex   1.516682e+01  4.000000e+00  4.501353e+01
      vertex   1.994473e+01  0.000000e+00  4.310983e+01
    endloop
  endfacet
  facet normal -3.701383e-01  0.000000e+00 -9.289767e-01
    outer loop
      vertex   1.994473e+01  0.000000e+00  4.310983e+01
      vertex   1.516682e+01  4.000000e+00  4.501353e+01
      vertex   1.994473e+01  4.000000e+00  4.310983e+01
    endloop
  endfacet
  facet normal -4.684081e-01  0.000000e+00 -8.835122e-01
    outer loop
      vertex   1.994473e+01  0.000000e+00  4.310983e+01
      vertex   1.994473e+01  4.000000e+00  4.310983e+01
      vertex   2.448881e+01  0.000000e+00  4.070072e+01
    endloop
  endfacet
  facet normal -4.684081e-01  0.000000e+00 -8.835122e-01
    outer loop
      vertex   2.448881e+01  0.000000e+00  4.070072e+01
      vertex   1.994473e+01  4.000000e+00  4.310983e+01
      vertex   2.448881e+01  4.000000e+00  4.070072e+01
    endloop
  endfacet
  facet normal -5.611872e-01  0.000000e+00 -8.276889e-01
    outer loop
      vertex   2.448881e+01  0.000000e+00  4.070072e+01
      vertex   2.448881e+01  4.000000e+00  4.070072e+01
      vertex   2.874578e+01  0.000000e+00  3.781442e+01
    endloop
  endfacet
  facet normal -5.611872e-01  0.000000e+00 -8.276889e-01
    outer loop
      vertex   2.874578e+01  0.000000e+00  3.781442e+01
      vertex   2.448881e+01  4.000000e+00  4.070072e+01
      vertex   2.874578e+01  4.000000e+00  3.781442e+01
    endloop
  endfacet
  facet normal -6.473863e-01  0.000000e+00 -7.621621e-01
    outer loop
      vertex   2.874578e+01  0.000000e+00  3.781442e+01
      vertex   2.874578e+01  4.000000e+00  3.781442e+01
      vertex   3.266573e+01  0.000000e+00  3.448479e+01
    endloop
  endfacet
  facet normal -6.473863e-01  0.000000e+00 -7.621621e-01
    outer loop
      vertex   3.266573e+01  0.000000e+00  3.448479e+01
      vertex   2.874578e+01  4.000000e+00  3.781442e+01
      vertex   3.266573e+01  4.000000e+00  3.448479e+01
    endloop
  endfacet
  facet normal -7.259957e-01  0.000000e+00 -6.876993e-01
    outer loop
      vertex   3.266573e+01  0.000000e+00  3.448479e+01
      vertex   3.266573e+01  4.000000e+00  3.448479e+01
      vertex   3.620270e+01  0.000000e+00  3.075085e+01
    endloop
  endfacet
  facet normal -7.259957e-01  0.000000e+00 -6.876993e-01
    outer loop
      vertex   3.620270e+01  0.000000e+00  3.075085e+01
      vertex   3.266573e+01  4.000000e+00  3.448479e+01
      vertex   3.620270e+01  4.000000e+00  3.075085e+01
    endloop
  endfacet
  facet normal -7.960933e-01  0.000000e+00 -6.051740e-01
    outer loop
      vertex   3.620270e+01  0.000000e+00  3.075085e+01
      vertex   3.620270e+01  4.000000e+00  3.075085e+01
      vertex   3.931523e+01  0.000000e+00  2.665638e+01
    endloop
  endfacet
  facet normal -7.960933e-01  0.000000e+00 -6.051740e-01
    outer loop
      vertex   3.931523e+01  0.000000e+00  2.665638e+01
      vertex   3.620270e+01  4.000000e+00  3.075085e+01
      vertex   3.931523e+01  4.000000e+00  2.665638e+01
    endloop
  endfacet
  facet normal -8.568572e-01  0.000000e+00 -5.155537e-01
    outer loop
      vertex   3.931523e+01  0.000000e+00  2.665638e+01
      vertex   3.931523e+01  4.000000e+00  2.665638e+01
      vertex   4.196682e+01  0.000000e+00  2.224940e+01
    endloop
  endfacet
  facet normal -8.568572e-01  0.000000e+00 -5.155537e-01
    outer loop
      vertex   4.196682e+01  0.000000e+00  2.224940e+01
      vertex   3.931523e+01  4.000000e+00  2.665638e+01
      vertex   4.196682e+01  4.000000e+00  2.224940e+01
    endloop
  endfacet
  facet normal -9.075751e-01  0.000000e+00 -4.198898e-01
    outer loop
      vertex   4.196682e+01  0.000000e+00  2.224940e+01
      vertex   4.196682e+01  4.000000e+00  2.224940e+01
      vertex   4.412640e+01  0.000000e+00  1.758156e+01
    endloop
  endfacet
  facet normal -9.075751e-01  0.000000e+00 -4.198898e-01
    outer loop
      vertex   4.412640e+01  0.000000e+00  1.758156e+01
      vertex   4.196682e+01  4.000000e+00  2.224940e+01
      vertex   4.412640e+01  4.000000e+00  1.758156e+01
    endloop
  endfacet
  facet normal -9.476534e-01  0.000000e+00 -3.193010e-01
    outer loop
      vertex   4.412640e+01  0.000000e+00  1.758156e+01
      vertex   4.412640e+01  4.000000e+00  1.758156e+01
      vertex   4.576862e+01  0.000000e+00  1.270760e+01
    endloop
  endfacet
  facet normal -9.476534e-01  0.000000e+00 -3.193010e-01
    outer loop
      vertex   4.576862e+01  0.000000e+00  1.270760e+01
      vertex   4.412640e+01  4.000000e+00  1.758156e+01
      vertex   4.576862e+01  4.000000e+00  1.270760e+01
    endloop
  endfacet
  facet normal -9.766205e-01  0.000000e+00 -2.149707e-01
    outer loop
      vertex   4.576862e+01  0.000000e+00  1.270760e+01
      vertex   4.576862e+01  4.000000e+00  1.270760e+01
      vertex   4.687426e+01  0.000000e+00  7.684645e+00
    endloop
  endfacet
  facet normal -9.766205e-01  0.000000e+00 -2.149707e-01
    outer loop
      vertex   4.687426e+01  0.000000e+00  7.684645e+00
      vertex   4.576862e+01  4.000000e+00  1.270760e+01
      vertex   4.687426e+01  4.000000e+00  7.684645e+00
    endloop
  endfacet
  facet normal -9.941379e-01  0.000000e+00 -1.081195e-01
    outer loop
      vertex   4.687426e+01  0.000000e+00  7.684645e+00
      vertex   4.687426e+01  4.000000e+00  7.684645e+00
      vertex   4.743034e+01  0.000000e+00  2.571598e+00
    endloop
  endfacet
  facet normal -9.941379e-01  0.000000e+00 -1.081195e-01
    outer loop
      vertex   4.743034e+01  0.000000e+00  2.571598e+00
      vertex   4.687426e+01  4.000000e+00  7.684645e+00
      vertex   4.743034e+01  4.000000e+00  2.571598e+00
    endloop
  endfacet
  facet normal -1.000000e+00  0.000000e+00  0.000000e+00
    outer loop
      vertex   4.743034e+01  0.000000e+00  2.571598e+00
      vertex   4.743034e+01  4.000000e+00  2.571598e+00
      vertex   4.743034e+01  0.000000e+00 -2.571598e+00
    endloop
  endfacet
  facet normal -1.000000e+00  0.000000e+00  0.000000e+00
    outer loop
      vertex   4.743034e+01  0.000000e+00 -2.571598e+00
      vertex   4.743034e+01  4.000000e+00  2.571598e+00
      vertex   4.743034e+01  4.000000e+00 -2.571598e+00
    endloop
  endfacet
  facet normal -9.941379e-01  0.000000e+00  1.081195e-01
    outer loop
      vertex   4.743034e+01  0.000000e+00 -2.571598e+00
      vertex   4.743034e+01  4.000000e+00 -2.571598e+00
      vertex   4.687426e+01  0.000000e+00 -7.684645e+00
    endloop
  endfacet
  facet normal -9.941379e-01  0.000000e+00  1.081195e-01
    outer loop
      vertex   4.687426e+01  0.000000e+00 -7.684645e+00
      vertex   4.743034e+01  4.000000e+00 -2.571598e+00
      vertex   4.687426e+01  4.000000e+00 -7.684645e+00
    endloop
  endfacet
  facet normal -9.766205e-01  0.000000e+00  2.149707e-01
    outer loop
      vertex   4.687426e+01  0.000000e+00 -7.684645e+00
      vertex   4.687426e+01  4.000000e+00 -7.684645e+00
      vertex   4.576862e+01  0.000000e+00 -1.270760e+01
    endloop
  endfacet
  facet normal -9.766205e-01  0.000000e+00  2.149707e-01
    outer loop
      vertex   4.576862e+01  0.000000e+00 -1.270760e+01
      vertex   4.687426e+01  4.000000e+00 -7.684645e+00
      vertex   4.576862e+01  4.000000e+00 -1.270760e+01
    endloop
  endfacet
  facet normal -9.476534e-01  0.000000e+00  3.193010e-01
    outer loop
      vertex   4.576862e+01  0.000000e+00 -1.270760e+01
      vertex   4.576862e+01  4.000000e+00 -1.270760e+01
      vertex   4.412640e+01  0.000000e+00 -1.758156e+01
    endloop
  endfacet
  facet normal -9.476534e-01  0.000000e+00  3.193010e-01
    outer loop
      vertex   4.412640e+01  0.000000e+00 -1.758156e+01
      vertex   4.576862e+01  4.000000e+00 -1.270760e+01
      vertex   4.412640e+01  4.000000e+00 -1.758156e+01
    endloop
  endfacet
  facet normal -9.075751e-01  0.000000e+00  4.198898e-01
    outer loop
      vertex   4.412640e+01  0.000000e+00 -1.758156e+01
      vertex   4.412640e+01  4.000000e+00 -1.758156e+01
      vertex   4.196682e+01  0.000000e+00 -2.224940e+01
    endloop
  endfacet
  facet normal -9.075751e-01  0.000000e+00  4.198898e-01
    outer loop
      vertex   4.196682e+01  0.000000e+00 -2.224940e+01
      vertex   4.412640e+01  4.000000e+00 -1.758156e+01
      vertex   4.196682e+01  4.000000e+00 -2.224940e+01
    endloop
  endfacet
  facet normal -8.568572e-01  0.000000e+00  5.155537e-01
    outer loop
      vertex   4.196682e+01  0.000000e+00 -2.224940e+01
      vertex   4.196682e+01  4.000000e+00 -2.224940e+01
      vertex   3.931523e+01  0.000000e+00 -2.665638e+01
    endloop
  endfacet
  facet normal -8.568572e-01  0.000000e+00  5.155537e-01
    outer loop
      vertex   3.931523e+01  0.000000e+00 -2.665638e+01
      vertex   4.196682e+01  4.000000e+00 -2.224940e+01
      vertex   3.931523e+01  4.000000e+00 -2.665638e+01
    endloop
  endfacet
  facet normal -7.960933e-01  0.000000e+00  6.051740e-01
    outer loop
      vertex   3.931523e+01  0.000000e+00 -2.665638e+01
      vertex   3.931523e+01  4.000000e+00 -2.665638e+01
      vertex   3.620270e+01  0.000000e+00 -3.075085e+01
    endloop
  endfacet
  facet normal -7.960933e-01  0.000000e+00  6.051740e-01
    outer loop
      vertex   3.620270e+01  0.000000e+00 -3.075085e+01
      vertex   3.931523e+01  4.000000e+00 -2.665638e+01
      vertex   3.620270e+01  4.000000e+00 -3.075085e+01
    endloop
  endfacet
  facet normal -7.259957e-01  0.000000e+00  6.876993e-01
    outer loop
      vertex   3.620270e+01  0.000000e+00 -3.075085e+01
      vertex   3.620270e+01  4.000000e+00 -3.075085e+01
      vertex   3.266573e+01  0.000000e+00 -3.448479e+01
    endloop
  endfacet
  facet normal -7.259957e-01  0.000000e+00  6.876993e-01
    outer loop
      vertex   3.266573e+01  0.000000e+00 -3.448479e+01
      vertex   3.620270e+01  4.000000e+00 -3.075085e+01
      vertex   3.266573e+01  4.000000e+00 -3.448479e+01
    endloop
  endfacet
  facet normal -6.473863e-01  0.000000e+00  7.621621e-01
    outer loop
      vertex   3.266573e+01  0.000000e+00 -3.448479e+01
      vertex   3.266573e+01  4.000000e+00 -3.448479e+01
      vertex   2.874578e+01  0.000000e+00 -3.781442e+01
    endloop
  endfacet
  facet normal -6.473863e-01  0.000000e+00  7.621621e-01
    outer loop
      vertex   2.874578e+01  0.000000e+00 -3.781442e+01
      vertex   3.266573e+01  4.000000e+00 -3.448479e+01
      vertex   2.874578e+01  4.000000e+00 -3.781442e+01
    endloop
  endfacet
  facet normal -5.611872e-01  0.000000e+00  8.276889e-01
    outer loop
      vertex   2.874578e+01  0.000000e+00 -3.781442e+01
      vertex   2.874578e+01  4.000000e+00 -3.781442e+01
      vertex   2.448881e+01  0.000000e+00 -4.070072e+01
    endloop
  endfacet
  facet normal -5.611872e-01  0.000000e+00  8.276889e-01
    outer loop
      vertex   2.448881e+01  0.000000e+00 -4.070072e+01
      vertex   2.874578e+01  4.000000e+00 -3.781442e+01
      vertex   2.448881e+01  4.000000e+00 -4.070072e+01
    endloop
  endfacet
  facet normal -4.684081e-01  0.000000e+00  8.835122e-01
    outer loop
      vertex   2.448881e+01  0.000000e+00 -4.070072e+01
      vertex   2.448881e+01  4.000000e+00 -4.070072e+01
      vertex   1.994473e+01  0.000000e+00 -4.310983e+01
    endloop
  endfacet
  facet normal -4.684081e-01  0.000000e+00  8.835122e-01
    outer loop
      vertex   1.994473e+01  0.000000e+00 -4.310983e+01
      vertex   2.448881e+01  4.000000e+00 -4.070072e+01
      vertex   1.994473e+01  4.000000e+00 -4.310983e+01
    endloop
  endfacet
  facet normal -3.701383e-01  0.000000e+00  9.289767e-01
    outer loop
      vertex   1.994473e+01  0.000000e+00 -4.310983e+01
      vertex   1.994473e+01  4.000000e+00 -4.310983e+01
      vertex   1.516682e+01  0.000000e+00 -4.501353e+01
    endloop
  endfacet
  facet normal -3.701383e-01  0.000000e+00  9.289767e-01
    outer loop
      vertex   1.516682e+01  0.000000e+00 -4.501353e+01
      vertex   1.994473e+01  4.000000e+00 -4.310983e+01
      vertex   1.516682e+01  4.000000e+00 -4.501353e+01
    endloop
  endfacet
  facet normal -2.675275e-01  0.000000e+00  9.635503e-01
    outer loop
      vertex   1.516682e+01  0.000000e+00 -4.501353e+01
      vertex   1.516682e+01  4.000000e+00 -4.501353e+01
      vertex   1.021110e+01  0.000000e+00 -4.638947e+01
    endloop
  endfacet
  facet normal -2.675275e-01  0.000000e+00  9.635503e-01
    outer loop
      vertex   1.021110e+01  0.000000e+00 -4.638947e+01
      vertex   1.516682e+01  4.000000e+00 -4.501353e+01
      vertex   1.021110e+01  4.000000e+00 -4.638947e+01
    endloop
  endfacet
  facet normal -1.617821e-01  0.000000e+00  9.868265e-01
    outer loop
      vertex   1.021110e+01  0.000000e+00 -4.638947e+01
      vertex   1.021110e+01  4.000000e+00 -4.638947e+01
      vertex   5.135653e+00  0.000000e+00 -4.722155e+01
    endloop
  endfacet
  facet normal -1.617821e-01  0.000000e+00  9.868265e-01
    outer loop
      vertex   5.135653e+00  0.000000e+00 -4.722155e+01
      vertex   1.021110e+01  4.000000e+00 -4.638947e+01
      vertex   5.135653e+00  4.000000e+00 -4.722155e+01
    endloop
  endfacet
  facet normal -5.413948e-02  0.000000e+00  9.985334e-01
    outer loop
      vertex   5.135653e+00  0.000000e+00 -4.722155e+01
      vertex   5.135653e+00  4.000000e+00 -4.722155e+01
      vertex   0.000000e+00  0.000000e+00 -4.750000e+01
    endloop
  endfacet
  facet normal -5.413948e-02  0.000000e+00  9.985334e-01
    outer loop
      vertex   0.000000e+00  0.000000e+00 -4.750000e+01
      vertex   5.135653e+00  4.000000e+00 -4.722155e+01
      vertex   0.000000e+00  4.000000e+00 -4.750000e+01
    endloop
  endfacet
  facet normal  5.413948e-02 -0.000000e+00  9.985334e-01
    outer loop
      vertex   0.000000e+00  0.000000e+00 -4.750000e+01
      vertex   0.000000e+00  4.000000e+00 -4.750000e+01
      vertex  -5.135653e+00  0.000000e+00 -4.722155e+01
    endloop
  endfacet
  facet normal  5.413948e-02 -0.000000e+00  9.985334e-01
    outer loop
      vertex  -5.135653e+00  0.000000e+00 -4.722155e+01
      vertex   0.000000e+00  4.000000e+00 -4.750000e+01
      vertex  -5.135653e+00  4.000000e+00 -4.722155e+01
    endloop
  endfacet
  facet normal  1.617821e-01 -0.000000e+00  9.868265e-01
    outer loop
      vertex  -5.135653e+00  0.000000e+00 -4.722155e+01
      vertex  -5.135653e+00  4.000000e+00 -4.722155e+01
      vertex  -1.021110e+01  0.000000e+00 -4.638947e+01
    endloop
  endfacet
  facet normal  1.617821e-01 -0.000000e+00  9.868265e-01
    outer loop
      vertex  -1.021110e+01  0.000000e+00 -4.638947e+01
      vertex  -5.135653e+00  4.000000e+00 -4.722155e+01
      vertex  -1.021110e+01  4.000000e+00 -4.638947e+01
    endloop
  endfacet
  facet normal  2.675275e-01 -0.000000e+00  9.635503e-01
    outer loop
      vertex  -1.021110e+01  0.000000e+00 -4.638947e+01
      vertex  -1.021110e+01  4.000000e+00 -4.638947e+01
      vertex  -1.516682e+01  0.000000e+00 -4.501353e+01
    endloop
  endfacet
  facet normal  2.675275e-01 -0.000000e+00  9.635503e-01
    outer loop
      vertex  -1.516682e+01  0.000000e+00 -4.501353e+01
      vertex  -1.021110e+01  4.000000e+00 -4.638947e+01
      vertex  -1.516682e+01  4.000000e+00 -4.501353e+01
    endloop
  endfacet
  facet normal  3.701383e-01 -0.000000e+00  9.289767e-01
    outer loop
      vertex  -1.516682e+01  0.000000e+00 -4.501353e+01
      vertex  -1.516682e+01  4.000000e+00 -4.501353e+01
      vertex  -1.994473e+01  0.000000e+00 -4.310983e+01
    endloop
  endfacet
  facet normal  3.701383e-01 -0.000000e+00  9.289767e-01
    outer loop
      vertex  -1.994473e+01  0.000000e+00 -4.310983e+01
      vertex  -1.516682e+01  4.000000e+00 -4.501353e+01
      vertex  -1.994473e+01  4.000000e+00 -4.310983e+01
    endloop
  endfacet
  facet normal  4.684081e-01 -0.000000e+00  8.835122e-01
    outer loop
      vertex  -1.994473e+01  0.000000e+00 -4.310983e+01
      vertex  -1.994473e+01  4.000000e+00 -4.310983e+01
      vertex  -2.448881e+01  0.000000e+00 -4.070072e+01
    endloop
  endfacet
  facet normal  4.684081e-01 -0.000000e+00  8.835122e-01
    outer loop
      vertex  -2.448881e+01  0.000000e+00 -4.070072e+01
      vertex  -1.994473e+01  4.000000e+00 -4.310983e+01
      vertex  -2.448881e+01  4.000000e+00 -4.070072e+01
    endloop
  endfacet
  facet normal  5.611872e-01 -0.000000e+00  8.276889e-01
    outer loop
      vertex  -2.448881e+01  0.000000e+00 -4.070072e+01
      vertex  -2.448881e+01  4.000000e+00 -4.070072e+01
      vertex  -2.874578e+01  0.000000e+00 -3.781442e+01
    endloop
  endfacet
  facet normal  5.611872e-01 -0.000000e+00  8.276889e-01
    outer loop
      vertex  -2.874578e+01  0.000000e+00 -3.781442e+01
      vertex  -2.448881e+01  4.000000e+00 -4.070072e+01
      vertex  -2.874578e+01  4.000000e+00 -3.781442e+01
    endloop
  endfacet
  facet normal  6.473863e-01 -0.000000e+00  7.621621e-01
    outer loop
      vertex  -2.874578e+01  0.000000e+00 -3.781442e+01
      vertex  -2.874578e+01  4.000000e+00 -3.781442e+01
      vertex  -3.266573e+01  0.000000e+00 -3.448479e+01
    endloop
  endfacet
  facet normal  6.473863e-01 -0.000000e+00  7.621621e-01
    outer loop
      vertex  -3.266573e+01  0.000000e+00 -3.448479e+01
      vertex  -2.874578e+01  4.000000e+00 -3.781442e+01
      vertex  -3.266573e+01  4.000000e+00 -3.448479e+01
    endloop
  endfacet
  facet normal  7.259957e-01 -0.000000e+00  6.876993e-01
    outer loop
      vertex  -3.266573e+01  0.000000e+00 -3.448479e+01
      vertex  -3.266573e+01  4.000000e+00 -3.448479e+01
      vertex  -3.620270e+01  0.000000e+00 -3.075085e+01
    endloop
  endfacet
  facet normal  7.259957e-01 -0.000000e+00  6.876993e-01
    outer loop
      vertex  -3.620270e+01  0.000000e+00 -3.075085e+01
      vertex  -3.266573e+01  4.000000e+00 -3.448479e+01
      vertex  -3.620270e+01  4.000000e+00 -3.075085e+01
    endloop
  endfacet
  facet normal  7.960933e-01 -0.000000e+00  6.051740e-01
    outer loop
      vertex  -3.620270e+01  0.000000e+00 -3.075085e+01
      vertex  -3.620270e+01  4.000000e+00 -3.075085e+01
      vertex  -3.931523e+01  0.000000e+00 -2.665638e+01
    endloop
  endfacet
  facet normal  7.960933e-01 -0.000000e+00  6.051740e-01
    outer loop
      vertex  -3.931523e+01  0.000000e+00 -2.665638e+01
      vertex  -3.620270e+01  4.000000e+00 -3.075085e+01
      vertex  -3.931523e+01  4.000000e+00 -2.665638e+01
    endloop
  endfacet
  facet normal  8.568572e-01 -0.000000e+00  5.155537e-01
    outer loop
      vertex  -3.931523e+01  0.000000e+00 -2.665638e+01
      vertex  -3.931523e+01  4.000000e+00 -2.665638e+01
      vertex  -4.196682e+01  0.000000e+00 -2.224940e+01
    endloop
  endfacet
  facet normal  8.568572e-01 -0.000000e+00  5.155537e-01
    outer loop
      vertex  -4.196682e+01  0.000000e+00 -2.224940e+01
      vertex  -3.931523e+01  4.000000e+00 -2.665638e+01
      vertex  -4.196682e+01  4.000000e+00 -2.224940e+01
    endloop
  endfacet
  facet normal  9.075751e-01 -0.000000e+00  4.198898e-01
    outer loop
      vertex  -4.196682e+01  0.000000e+00 -2.224940e+01
      vertex  -4.196682e+01  4.000000e+00 -2.224940e+01
      vertex  -4.412640e+01  0.000000e+00 -1.758156e+01
    endloop
  endfacet
  facet normal  9.075751e-01 -0.000000e+00  4.198898e-01
    outer loop
      vertex  -4.412640e+01  0.000000e+00 -1.758156e+01
      vertex  -4.196682e+01  4.000000e+00 -2.224940e+01
      vertex  -4.412640e+01  4.000000e+00 -1.758156e+01
    endloop
  endfacet
  facet normal  9.476534e-01 -0.000000e+00  3.193010e-01
    outer loop
      vertex  -4.412640e+01  0.000000e+00 -1.758156e+01
      vertex  -4.412640e+01  4.000000e+00 -1.758156e+01
      vertex  -4.576862e+01  0.000000e+00 -1.270760e+01
    endloop
  endfacet
  facet normal  9.476534e-01 -0.000000e+00  3.193010e-01
    outer loop
      vertex  -4.576862e+01  0.000000e+00 -1.270760e+01
      vertex  -4.412640e+01  4.000000e+00 -1.758156e+01
      vertex  -4.576862e+01  4.000000e+00 -1.270760e+01
    endloop
  endfacet
  facet normal  9.766205e-01 -0.000000e+00  2.149707e-01
    outer loop
      vertex  -4.576862e+01  0.000000e+00 -1.270760e+01
      vertex  -4.576862e+01  4.000000e+00 -1.270760e+01
      vertex  -4.687426e+01  0.000000e+00 -7.684645e+00
    endloop
  endfacet
  facet normal  9.766205e-01 -0.000000e+00  2.149707e-01
    outer loop
      vertex  -4.687426e+01  0.000000e+00 -7.684645e+00
      vertex  -4.576862e+01  4.000000e+00 -1.270760e+01
      vertex  -4.687426e+01  4.000000e+00 -7.684645e+00
    endloop
  endfacet
  facet normal  9.941379e-01 -0.000000e+00  1.081195e-01
    outer loop
      vertex  -4.687426e+01  0.000000e+00 -7.684645e+00
      vertex  -4.687426e+01  4.000000e+00 -7.684645e+00
      vertex  -4.743034e+01  0.000000e+00 -2.571598e+00
    endloop
  endfacet
  facet normal  9.941379e-01 -0.000000e+00  1.081195e-01
    outer loop
      vertex  -4.743034e+01  0.000000e+00 -2.571598e+00
      vertex  -4.687426e+01  4.000000e+00 -7.684645e+00
      vertex  -4.743034e+01  4.000000e+00 -2.571598e+00
    endloop
  endfacet
  facet normal  1.000000e+00  0.000000e+00  0.000000e+00
    outer loop
      vertex  -4.743034e+01  0.000000e+00 -2.571598e+00
      vertex  -4.743034e+01  4.000000e+00 -2.571598e+00
      vertex  -4.743034e+01  0.000000e+00  2.571598e+00
    endloop
  endfacet
  facet normal  1.000000e+00 -0.000000e+00  0.000000e+00
    outer loop
      vertex  -4.743034e+01  0.000000e+00  2.571598e+00
      vertex  -4.743034e+01  4.000000e+00 -2.571598e+00
      vertex  -4.743034e+01  4.000000e+00  2.571598e+00
    endloop
  endfacet
  facet normal  9.941379e-01  0.000000e+00 -1.081195e-01
    outer loop
      vertex  -4.743034e+01  0.000000e+00  2.571598e+00
      vertex  -4.743034e+01  4.000000e+00  2.571598e+00
      vertex  -4.687426e+01  0.000000e+00  7.684645e+00
    endloop
  endfacet
  facet normal  9.941379e-01  0.000000e+00 -1.081195e-01
    outer loop
      vertex  -4.687426e+01  0.000000e+00  7.684645e+00
      vertex  -4.743034e+01  4.000000e+00  2.571598e+00
      vertex  -4.687426e+01  4.000000e+00  7.684645e+00
    endloop
  endfacet
  facet normal  9.766205e-01  0.000000e+00 -2.149707e-01
    outer loop
      vertex  -4.687426e+01  0.000000e+00  7.684645e+00
      vertex  -4.687426e+01  4.000000e+00  7.684645e+00
      vertex  -4.576862e+01  0.000000e+00  1.270760e+01
    endloop
  endfacet
  facet normal  9.766205e-01  0.000000e+00 -2.149707e-01
    outer loop
      vertex  -4.576862e+01  0.000000e+00  1.270760e+01
      vertex  -4.687426e+01  4.000000e+00  7.684645e+00
      vertex  -4.576862e+01  4.000000e+00  1.270760e+01
    endloop
  endfacet
  facet normal  9.476534e-01  0.000000e+00 -3.193010e-01
    outer loop
      vertex  -4.576862e+01  0.000000e+00  1.270760e+01
      vertex  -4.576862e+01  4.000000e+00  1.270760e+01
      vertex  -4.412640e+01  0.000000e+00  1.758156e+01
    endloop
  endfacet
  facet normal  9.476534e-01  0.000000e+00 -3.193010e-01
    outer loop
      vertex  -4.412640e+01  0.000000e+00  1.758156e+01
      vertex  -4.576862e+01  4.000000e+00  1.270760e+01
      vertex  -4.412640e+01  4.000000e+00  1.758156e+01
    endloop
  endfacet
  facet normal  9.075751e-01  0.000000e+00 -4.198898e-01
    outer loop
      vertex  -4.412640e+01  0.000000e+00  1.758156e+01
      vertex  -4.412640e+01  4.000000e+00  1.758156e+01
      vertex  -4.196682e+01  0.000000e+00  2.224940e+01
    endloop
  endfacet
  facet normal  9.075751e-01  0.000000e+00 -4.198898e-01
    outer loop
      vertex  -4.196682e+01  0.000000e+00  2.224940e+01
      vertex  -4.412640e+01  4.000000e+00  1.758156e+01
      vertex  -4.196682e+01  4.000000e+00  2.224940e+01
    endloop
  endfacet
  facet normal  8.568572e-01  0.000000e+00 -5.155537e-01
    outer loop
      vertex  -4.196682e+01  0.000000e+00  2.224940e+01
      vertex  -4.196682e+01  4.000000e+00  2.224940e+01
      vertex  -3.931523e+01  0.000000e+00  2.665638e+01
    endloop
  endfacet
  facet normal  8.568572e-01  0.000000e+00 -5.155537e-01
    outer loop
      vertex  -3.931523e+01  0.000000e+00  2.665638e+01
      vertex  -4.196682e+01  4.000000e+00  2.224940e+01
      vertex  -3.931523e+01  4.000000e+00  2.665638e+01
    endloop
  endfacet
  facet normal  7.960933e-01  0.000000e+00 -6.051740e-01
    outer loop
      vertex  -3.931523e+01  0.000000e+00  2.665638e+01
      vertex  -3.931523e+01  4.000000e+00  2.665638e+01
      vertex  -3.620270e+01  0.000000e+00  3.075085e+01
    endloop
  endfacet
  facet normal  7.960933e-01  0.000000e+00 -6.051740e-01
    outer loop
      vertex  -3.620270e+01  0.000000e+00  3.075085e+01
      vertex  -3.931523e+01  4.000000e+00  2.665638e+01
      vertex  -3.620270e+01  4.000000e+00  3.075085e+01
    endloop
  endfacet
  facet normal  7.259957e-01  0.000000e+00 -6.876993e-01
    outer loop
      vertex  -3.620270e+01  0.000000e+00  3.075085e+01
      vertex  -3.620270e+01  4.000000e+00  3.075085e+01
      vertex  -3.266573e+01  0.000000e+00  3.448479e+01
    endloop
  endfacet
  facet normal  7.259957e-01  0.000000e+00 -6.876993e-01
    outer loop
      vertex  -3.266573e+01  0.000000e+00  3.448479e+01
      vertex  -3.620270e+01  4.000000e+00  3.075085e+01
      vertex  -3.266573e+01  4.000000e+00  3.448479e+01
    endloop
  endfacet
  facet normal  6.473863e-01  0.000000e+00 -7.621621e-01
    outer loop
      vertex  -3.266573e+01  0.000000e+00  3.448479e+01
      vertex  -3.266573e+01  4.000000e+00  3.448479e+01
      vertex  -2.874578e+01  0.000000e+00  3.781442e+01
    endloop
  endfacet
  facet normal  6.473863e-01  0.000000e+00 -7.621621e-01
    outer loop
      vertex  -2.874578e+01  0.000000e+00  3.781442e+01
      vertex  -3.266573e+01  4.000000e+00  3.448479e+01
      vertex  -2.874578e+01  4.000000e+00  3.781442e+01
    endloop
  endfacet
  facet normal  5.611872e-01  0.000000e+00 -8.276889e-01
    outer loop
      vertex  -2.874578e+01  0.000000e+00  3.781442e+01
      vertex  -2.874578e+01  4.000000e+00  3.781442e+01
      vertex  -2.448881e+01  0.000000e+00  4.070072e+01
    endloop
  endfacet
  facet normal  5.611872e-01  0.000000e+00 -8.276889e-01
    outer loop
      vertex  -2.448881e+01  0.000000e+00  4.070072e+01
      vertex  -2.874578e+01  4.000000e+00  3.781442e+01
      vertex  -2.448881e+01  4.000000e+00  4.070072e+01
    endloop
  endfacet
  facet normal  4.684081e-01  0.000000e+00 -8.835122e-01
    outer loop
      vertex  -2.448881e+01  0.000000e+00  4.070072e+01
      vertex  -2.448881e+01  4.000000e+00  4.070072e+01
      vertex  -1.994473e+01  0.000000e+00  4.310983e+01
    endloop
  endfacet
  facet normal  4.684081e-01  0.000000e+00 -8.835122e-01
    outer loop
      vertex  -1.994473e+01  0.000000e+00  4.310983e+01
      vertex  -2.448881e+01  4.000000e+00  4.070072e+01
      vertex  -1.994473e+01  4.000000e+00  4.310983e+01
    endloop
  endfacet
  facet normal  3.701383e-01  0.000000e+00 -9.289767e-01
    outer loop
      vertex  -1.994473e+01  0.000000e+00  4.310983e+01
      vertex  -1.994473e+01  4.000000e+00  4.310983e+01
      vertex  -1.516682e+01  0.000000e+00  4.501353e+01
    endloop
  endfacet
  facet normal  3.701383e-01  0.000000e+00 -9.289767e-01
    outer loop
      vertex  -1.516682e+01  0.000000e+00  4.501353e+01
      vertex  -1.994473e+01  4.000000e+00  4.310983e+01
      vertex  -1.516682e+01  4.000000e+00  4.501353e+01
    endloop
  endfacet
  facet normal  2.675275e-01  0.000000e+00 -9.635503e-01
    outer loop
      vertex  -1.516682e+01  0.000000e+00  4.501353e+01
      vertex  -1.516682e+01  4.000000e+00  4.501353e+01
      vertex  -1.021110e+01  0.000000e+00  4.638947e+01
    endloop
  endfacet
  facet normal  2.675275e-01  0.000000e+00 -9.635503e-01
    outer loop
      vertex  -1.021110e+01  0.000000e+00  4.638947e+01
      vertex  -1.516682e+01  4.000000e+00  4.501353e+01
      vertex  -1.021110e+01  4.000000e+00  4.638947e+01
    endloop
  endfacet
  facet normal  1.617821e-01  0.000000e+00 -9.868265e-01
    outer loop
      vertex  -1.021110e+01  0.000000e+00  4.638947e+01
      vertex  -1.021110e+01  4.000000e+00  4.638947e+01
      vertex  -5.135653e+00  0.000000e+00  4.722155e+01
    endloop
  endfacet
  facet normal  1.617821e-01  0.000000e+00 -9.868265e-01
    outer loop
      vertex  -5.135653e+00  0.000000e+00  4.722155e+01
      vertex  -1.021110e+01  4.000000e+00  4.638947e+01
      vertex  -5.135653e+00  4.000000e+00  4.722155e+01
    endloop
  endfacet
endsolid vcg
