solid STL generated by MeshLab
  facet normal -9.985334e-01  0.000000e+00 -5.413869e-02
    outer loop
      vertex   5.020397e+01  2.200000e+01  5.460010e+00
      vertex   5.020397e+01  2.400000e+01  5.460010e+00
      vertex   5.050000e+01  2.200000e+01  0.000000e+00
    endloop
  endfacet
  facet normal -9.985334e-01  0.000000e+00 -5.413869e-02
    outer loop
      vertex   5.050000e+01  2.200000e+01  0.000000e+00
      vertex   5.020397e+01  2.400000e+01  5.460010e+00
      vertex   5.050000e+01  2.400000e+01  0.000000e+00
    endloop
  endfacet
  facet normal -9.985334e-01  0.000000e+00  5.413869e-02
    outer loop
      vertex   5.050000e+01  2.200000e+01  0.000000e+00
      vertex   5.050000e+01  2.400000e+01  0.000000e+00
      vertex   5.020397e+01  2.200000e+01 -5.460010e+00
    endloop
  endfacet
  facet normal -9.985334e-01  0.000000e+00  5.413869e-02
    outer loop
      vertex   5.020397e+01  2.200000e+01 -5.460010e+00
      vertex   5.050000e+01  2.400000e+01  0.000000e+00
      vertex   5.020397e+01  2.400000e+01 -5.460010e+00
    endloop
  endfacet
  facet normal -9.868265e-01  0.000000e+00  1.617819e-01
    outer loop
      vertex   5.020397e+01  2.200000e+01 -5.460010e+00
      vertex   5.020397e+01  2.400000e+01 -5.460010e+00
      vertex   4.931934e+01  2.200000e+01 -1.085601e+01
    endloop
  endfacet
  facet normal -9.868265e-01  0.000000e+00  1.617819e-01
    outer loop
      vertex   4.931934e+01  2.200000e+01 -1.085601e+01
      vertex   5.020397e+01  2.400000e+01 -5.460010e+00
      vertex   4.931934e+01  2.400000e+01 -1.085601e+01
    endloop
  endfacet
  facet normal -9.635498e-01  0.000000e+00  2.675289e-01
    outer loop
      vertex   4.931934e+01  2.200000e+01 -1.085601e+01
      vertex   4.931934e+01  2.400000e+01 -1.085601e+01
      vertex   4.785648e+01  2.200000e+01 -1.612473e+01
    endloop
  endfacet
  facet normal -9.635498e-01  0.000000e+00  2.675289e-01
    outer loop
      vertex   4.785648e+01  2.200000e+01 -1.612473e+01
      vertex   4.931934e+01  2.400000e+01 -1.085601e+01
      vertex   4.785648e+01  2.400000e+01 -1.612473e+01
    endloop
  endfacet
  facet normal -9.289768e-01  0.000000e+00  3.701381e-01
    outer loop
      vertex   4.785648e+01  2.200000e+01 -1.612473e+01
      vertex   4.785648e+01  2.400000e+01 -1.612473e+01
      vertex   4.583256e+01  2.200000e+01 -2.120440e+01
    endloop
  endfacet
  facet normal -9.289768e-01  0.000000e+00  3.701381e-01
    outer loop
      vertex   4.583256e+01  2.200000e+01 -2.120440e+01
      vertex   4.785648e+01  2.400000e+01 -1.612473e+01
      vertex   4.583256e+01  2.400000e+01 -2.120440e+01
    endloop
  endfacet
  facet normal -8.835124e-01  0.000000e+00  4.684078e-01
    outer loop
      vertex   4.583256e+01  2.200000e+01 -2.120440e+01
      vertex   4.583256e+01  2.400000e+01 -2.120440e+01
      vertex   4.327129e+01  2.200000e+01 -2.603547e+01
    endloop
  endfacet
  facet normal -8.835124e-01  0.000000e+00  4.684078e-01
    outer loop
      vertex   4.327129e+01  2.200000e+01 -2.603547e+01
      vertex   4.583256e+01  2.400000e+01 -2.120440e+01
      vertex   4.327129e+01  2.400000e+01 -2.603547e+01
    endloop
  endfacet
  facet normal -8.276885e-01  0.000000e+00  5.611879e-01
    outer loop
      vertex   4.327129e+01  2.200000e+01 -2.603547e+01
      vertex   4.327129e+01  2.400000e+01 -2.603547e+01
      vertex   4.020270e+01  2.200000e+01 -3.056130e+01
    endloop
  endfacet
  facet normal -8.276885e-01  0.000000e+00  5.611879e-01
    outer loop
      vertex   4.020270e+01  2.200000e+01 -3.056130e+01
      vertex   4.327129e+01  2.400000e+01 -2.603547e+01
      vertex   4.020270e+01  2.400000e+01 -3.056130e+01
    endloop
  endfacet
  facet normal -7.621623e-01  0.000000e+00  6.473860e-01
    outer loop
      vertex   4.020270e+01  2.200000e+01 -3.056130e+01
      vertex   4.020270e+01  2.400000e+01 -3.056130e+01
      vertex   3.666277e+01  2.200000e+01 -3.472882e+01
    endloop
  endfacet
  facet normal -7.621623e-01  0.000000e+00  6.473860e-01
    outer loop
      vertex   3.666277e+01  2.200000e+01 -3.472882e+01
      vertex   4.020270e+01  2.400000e+01 -3.056130e+01
      vertex   3.666277e+01  2.400000e+01 -3.472882e+01
    endloop
  endfacet
  facet normal -6.876998e-01  0.000000e+00  7.259952e-01
    outer loop
      vertex   3.666277e+01  2.200000e+01 -3.472882e+01
      vertex   3.666277e+01  2.400000e+01 -3.472882e+01
      vertex   3.269301e+01  2.200000e+01 -3.848919e+01
    endloop
  endfacet
  facet normal -6.876998e-01  0.000000e+00  7.259952e-01
    outer loop
      vertex   3.269301e+01  2.200000e+01 -3.848919e+01
      vertex   3.666277e+01  2.400000e+01 -3.472882e+01
      vertex   3.269301e+01  2.400000e+01 -3.848919e+01
    endloop
  endfacet
  facet normal -6.051739e-01  0.000000e+00  7.960933e-01
    outer loop
      vertex   3.269301e+01  2.200000e+01 -3.848919e+01
      vertex   3.269301e+01  2.400000e+01 -3.848919e+01
      vertex   2.833995e+01  2.200000e+01 -4.179829e+01
    endloop
  endfacet
  facet normal -6.051739e-01  0.000000e+00  7.960933e-01
    outer loop
      vertex   2.833995e+01  2.200000e+01 -4.179829e+01
      vertex   3.269301e+01  2.400000e+01 -3.848919e+01
      vertex   2.833995e+01  2.400000e+01 -4.179829e+01
    endloop
  endfacet
  facet normal -5.155534e-01  0.000000e+00  8.568575e-01
    outer loop
      vertex   2.833995e+01  2.200000e+01 -4.179829e+01
      vertex   2.833995e+01  2.400000e+01 -4.179829e+01
      vertex   2.365462e+01  2.200000e+01 -4.461736e+01
    endloop
  endfacet
  facet normal -5.155534e-01  0.000000e+00  8.568575e-01
    outer loop
      vertex   2.365462e+01  2.200000e+01 -4.461736e+01
      vertex   2.833995e+01  2.400000e+01 -4.179829e+01
      vertex   2.365462e+01  2.400000e+01 -4.461736e+01
    endloop
  endfacet
  facet normal -4.198893e-01  0.000000e+00  9.075754e-01
    outer loop
      vertex   2.365462e+01  2.200000e+01 -4.461736e+01
      vertex   2.365462e+01  2.400000e+01 -4.461736e+01
      vertex   1.869198e+01  2.200000e+01 -4.691332e+01
    endloop
  endfacet
  facet normal -4.198893e-01  0.000000e+00  9.075754e-01
    outer loop
      vertex   1.869198e+01  2.200000e+01 -4.691332e+01
      vertex   2.365462e+01  2.400000e+01 -4.461736e+01
      vertex   1.869198e+01  2.400000e+01 -4.691332e+01
    endloop
  endfacet
  facet normal -3.193025e-01  0.000000e+00  9.476528e-01
    outer loop
      vertex   1.869198e+01  2.200000e+01 -4.691332e+01
      vertex   1.869198e+01  2.400000e+01 -4.691332e+01
      vertex   1.351018e+01  2.200000e+01 -4.865928e+01
    endloop
  endfacet
  facet normal -3.193025e-01  0.000000e+00  9.476528e-01
    outer loop
      vertex   1.351018e+01  2.200000e+01 -4.865928e+01
      vertex   1.869198e+01  2.400000e+01 -4.691332e+01
      vertex   1.351018e+01  2.400000e+01 -4.865928e+01
    endloop
  endfacet
  facet normal -2.149698e-01  0.000000e+00  9.766207e-01
    outer loop
      vertex   1.351018e+01  2.200000e+01 -4.865928e+01
      vertex   1.351018e+01  2.400000e+01 -4.865928e+01
      vertex   8.169991e+00  2.200000e+01 -4.983474e+01
    endloop
  endfacet
  facet normal -2.149698e-01  0.000000e+00  9.766207e-01
    outer loop
      vertex   8.169991e+00  2.200000e+01 -4.983474e+01
      vertex   1.351018e+01  2.400000e+01 -4.865928e+01
      vertex   8.169991e+00  2.400000e+01 -4.983474e+01
    endloop
  endfacet
  facet normal -1.081197e-01  0.000000e+00  9.941378e-01
    outer loop
      vertex   8.169991e+00  2.200000e+01 -4.983474e+01
      vertex   8.169991e+00  2.400000e+01 -4.983474e+01
      vertex   2.734015e+00  2.200000e+01 -5.042594e+01
    endloop
  endfacet
  facet normal -1.081197e-01  0.000000e+00  9.941378e-01
    outer loop
      vertex   2.734015e+00  2.200000e+01 -5.042594e+01
      vertex   8.169991e+00  2.400000e+01 -4.983474e+01
      vertex   2.734015e+00  2.400000e+01 -5.042594e+01
    endloop
  endfacet
  facet normal  0.000000e+00 -0.000000e+00  1.000000e+00
    outer loop
      vertex   2.734015e+00  2.200000e+01 -5.042594e+01
      vertex   2.734015e+00  2.400000e+01 -5.042594e+01
      vertex  -2.734015e+00  2.200000e+01 -5.042594e+01
    endloop
  endfacet
  facet normal  0.000000e+00  0.000000e+00  1.000000e+00
    outer loop
      vertex  -2.734015e+00  2.200000e+01 -5.042594e+01
      vertex   2.734015e+00  2.400000e+01 -5.042594e+01
      vertex  -2.734015e+00  2.400000e+01 -5.042594e+01
    endloop
  endfacet
  facet normal  1.081197e-01 -0.000000e+00  9.941378e-01
    outer loop
      vertex  -2.734015e+00  2.200000e+01 -5.042594e+01
      vertex  -2.734015e+00  2.400000e+01 -5.042594e+01
      vertex  -8.169991e+00  2.200000e+01 -4.983474e+01
    endloop
  endfacet
  facet normal  1.081197e-01 -0.000000e+00  9.941378e-01
    outer loop
      vertex  -8.169991e+00  2.200000e+01 -4.983474e+01
      vertex  -2.734015e+00  2.400000e+01 -5.042594e+01
      vertex  -8.169991e+00  2.400000e+01 -4.983474e+01
    endloop
  endfacet
  facet normal  2.149698e-01 -0.000000e+00  9.766207e-01
    outer loop
      vertex  -8.169991e+00  2.200000e+01 -4.983474e+01
      vertex  -8.169991e+00  2.400000e+01 -4.983474e+01
      vertex  -1.351018e+01  2.200000e+01 -4.865928e+01
    endloop
  endfacet
  facet normal  2.149698e-01 -0.000000e+00  9.766207e-01
    outer loop
      vertex  -1.351018e+01  2.200000e+01 -4.865928e+01
      vertex  -8.169991e+00  2.400000e+01 -4.983474e+01
      vertex  -1.351018e+01  2.400000e+01 -4.865928e+01
    endloop
  endfacet
  facet normal  3.193025e-01 -0.000000e+00  9.476528e-01
    outer loop
      vertex  -1.351018e+01  2.200000e+01 -4.865928e+01
      vertex  -1.351018e+01  2.400000e+01 -4.865928e+01
      vertex  -1.869198e+01  2.200000e+01 -4.691332e+01
    endloop
  endfacet
  facet normal  3.193025e-01 -0.000000e+00  9.476528e-01
    outer loop
      vertex  -1.869198e+01  2.200000e+01 -4.691332e+01
      vertex  -1.351018e+01  2.400000e+01 -4.865928e+01
      vertex  -1.869198e+01  2.400000e+01 -4.691332e+01
    endloop
  endfacet
  facet normal  4.198893e-01 -0.000000e+00  9.075754e-01
    outer loop
      vertex  -1.869198e+01  2.200000e+01 -4.691332e+01
      vertex  -1.869198e+01  2.400000e+01 -4.691332e+01
      vertex  -2.365462e+01  2.200000e+01 -4.461736e+01
    endloop
  endfacet
  facet normal  4.198893e-01 -0.000000e+00  9.075754e-01
    outer loop
      vertex  -2.365462e+01  2.200000e+01 -4.461736e+01
      vertex  -1.869198e+01  2.400000e+01 -4.691332e+01
      vertex  -2.365462e+01  2.400000e+01 -4.461736e+01
    endloop
  endfacet
  facet normal  5.155534e-01 -0.000000e+00  8.568575e-01
    outer loop
      vertex  -2.365462e+01  2.200000e+01 -4.461736e+01
      vertex  -2.365462e+01  2.400000e+01 -4.461736e+01
      vertex  -2.833995e+01  2.200000e+01 -4.179829e+01
    endloop
  endfacet
  facet normal  5.155534e-01 -0.000000e+00  8.568575e-01
    outer loop
      vertex  -2.833995e+01  2.200000e+01 -4.179829e+01
      vertex  -2.365462e+01  2.400000e+01 -4.461736e+01
      vertex  -2.833995e+01  2.400000e+01 -4.179829e+01
    endloop
  endfacet
  facet normal  6.051739e-01 -0.000000e+00  7.960933e-01
    outer loop
      vertex  -2.833995e+01  2.200000e+01 -4.179829e+01
      vertex  -2.833995e+01  2.400000e+01 -4.179829e+01
      vertex  -3.269301e+01  2.200000e+01 -3.848919e+01
    endloop
  endfacet
  facet normal  6.051739e-01 -0.000000e+00  7.960933e-01
    outer loop
      vertex  -3.269301e+01  2.200000e+01 -3.848919e+01
      vertex  -2.833995e+01  2.400000e+01 -4.179829e+01
      vertex  -3.269301e+01  2.400000e+01 -3.848919e+01
    endloop
  endfacet
  facet normal  6.876998e-01 -0.000000e+00  7.259952e-01
    outer loop
      vertex  -3.269301e+01  2.200000e+01 -3.848919e+01
      vertex  -3.269301e+01  2.400000e+01 -3.848919e+01
      vertex  -3.666277e+01  2.200000e+01 -3.472882e+01
    endloop
  endfacet
  facet normal  6.876998e-01 -0.000000e+00  7.259952e-01
    outer loop
      vertex  -3.666277e+01  2.200000e+01 -3.472882e+01
      vertex  -3.269301e+01  2.400000e+01 -3.848919e+01
      vertex  -3.666277e+01  2.400000e+01 -3.472882e+01
    endloop
  endfacet
  facet normal  7.621623e-01 -0.000000e+00  6.473860e-01
    outer loop
      vertex  -3.666277e+01  2.200000e+01 -3.472882e+01
      vertex  -3.666277e+01  2.400000e+01 -3.472882e+01
      vertex  -4.020270e+01  2.200000e+01 -3.056130e+01
    endloop
  endfacet
  facet normal  7.621623e-01 -0.000000e+00  6.473860e-01
    outer loop
      vertex  -4.020270e+01  2.200000e+01 -3.056130e+01
      vertex  -3.666277e+01  2.400000e+01 -3.472882e+01
      vertex  -4.020270e+01  2.400000e+01 -3.056130e+01
    endloop
  endfacet
  facet normal  8.276885e-01 -0.000000e+00  5.611879e-01
    outer loop
      vertex  -4.020270e+01  2.200000e+01 -3.056130e+01
      vertex  -4.020270e+01  2.400000e+01 -3.056130e+01
      vertex  -4.327129e+01  2.200000e+01 -2.603547e+01
    endloop
  endfacet
  facet normal  8.276885e-01 -0.000000e+00  5.611879e-01
    outer loop
      vertex  -4.327129e+01  2.200000e+01 -2.603547e+01
      vertex  -4.020270e+01  2.400000e+01 -3.056130e+01
      vertex  -4.327129e+01  2.400000e+01 -2.603547e+01
    endloop
  endfacet
  facet normal  8.835124e-01 -0.000000e+00  4.684078e-01
    outer loop
      vertex  -4.327129e+01  2.200000e+01 -2.603547e+01
      vertex  -4.327129e+01  2.400000e+01 -2.603547e+01
      vertex  -4.583256e+01  2.200000e+01 -2.120440e+01
    endloop
  endfacet
  facet normal  8.835124e-01 -0.000000e+00  4.684078e-01
    outer loop
      vertex  -4.583256e+01  2.200000e+01 -2.120440e+01
      vertex  -4.327129e+01  2.400000e+01 -2.603547e+01
      vertex  -4.583256e+01  2.400000e+01 -2.120440e+01
    endloop
  endfacet
  facet normal  9.289768e-01 -0.000000e+00  3.701381e-01
    outer loop
      vertex  -4.583256e+01  2.200000e+01 -2.120440e+01
      vertex  -4.583256e+01  2.400000e+01 -2.120440e+01
      vertex  -4.785648e+01  2.200000e+01 -1.612473e+01
    endloop
  endfacet
  facet normal  9.289768e-01 -0.000000e+00  3.701381e-01
    outer loop
      vertex  -4.785648e+01  2.200000e+01 -1.612473e+01
      vertex  -4.583256e+01  2.400000e+01 -2.120440e+01
      vertex  -4.785648e+01  2.400000e+01 -1.612473e+01
    endloop
  endfacet
  facet normal  9.635498e-01 -0.000000e+00  2.675289e-01
    outer loop
      vertex  -4.785648e+01  2.200000e+01 -1.612473e+01
      vertex  -4.785648e+01  2.400000e+01 -1.612473e+01
      vertex  -4.931934e+01  2.200000e+01 -1.085601e+01
    endloop
  endfacet
  facet normal  9.635498e-01 -0.000000e+00  2.675289e-01
    outer loop
      vertex  -4.931934e+01  2.200000e+01 -1.085601e+01
      vertex  -4.785648e+01  2.400000e+01 -1.612473e+01
      vertex  -4.931934e+01  2.400000e+01 -1.085601e+01
    endloop
  endfacet
  facet normal  9.868265e-01 -0.000000e+00  1.617819e-01
    outer loop
      vertex  -4.931934e+01  2.200000e+01 -1.085601e+01
      vertex  -4.931934e+01  2.400000e+01 -1.085601e+01
      vertex  -5.020397e+01  2.200000e+01 -5.460010e+00
    endloop
  endfacet
  facet normal  9.868265e-01 -0.000000e+00  1.617819e-01
    outer loop
      vertex  -5.020397e+01  2.200000e+01 -5.460010e+00
      vertex  -4.931934e+01  2.400000e+01 -1.085601e+01
      vertex  -5.020397e+01  2.400000e+01 -5.460010e+00
    endloop
  endfacet
  facet normal  9.985334e-01 -0.000000e+00  5.413869e-02
    outer loop
      vertex  -5.020397e+01  2.200000e+01 -5.460010e+00
      vertex  -5.020397e+01  2.400000e+01 -5.460010e+00
      vertex  -5.050000e+01  2.200000e+01  0.000000e+00
    endloop
  endfacet
  facet normal  9.985334e-01 -0.000000e+00  5.413869e-02
    outer loop
      vertex  -5.050000e+01  2.200000e+01  0.000000e+00
      vertex  -5.020397e+01  2.400000e+01 -5.460010e+00
      vertex  -5.050000e+01  2.400000e+01  0.000000e+00
    endloop
  endfacet
  facet normal  9.985334e-01  0.000000e+00 -5.413869e-02
    outer loop
      vertex  -5.050000e+01  2.200000e+01  0.000000e+00
      vertex  -5.050000e+01  2.400000e+01  0.000000e+00
      vertex  -5.020397e+01  2.200000e+01  5.460010e+00
    endloop
  endfacet
  facet normal  9.985334e-01  0.000000e+00 -5.413869e-02
    outer loop
      vertex  -5.020397e+01  2.200000e+01  5.460010e+00
      vertex  -5.050000e+01  2.400000e+01  0.000000e+00
      vertex  -5.020397e+01  2.400000e+01  5.460010e+00
    endloop
  endfacet
  facet normal  9.868265e-01  0.000000e+00 -1.617819e-01
    outer loop
      vertex  -5.020397e+01  2.200000e+01  5.460010e+00
      vertex  -5.020397e+01  2.400000e+01  5.460010e+00
      vertex  -4.931934e+01  2.200000e+01  1.085601e+01
    endloop
  endfacet
  facet normal  9.868265e-01  0.000000e+00 -1.617819e-01
    outer loop
      vertex  -4.931934e+01  2.200000e+01  1.085601e+01
      vertex  -5.020397e+01  2.400000e+01  5.460010e+00
      vertex  -4.931934e+01  2.400000e+01  1.085601e+01
    endloop
  endfacet
  facet normal  9.635498e-01  0.000000e+00 -2.675289e-01
    outer loop
      vertex  -4.931934e+01  2.200000e+01  1.085601e+01
      vertex  -4.931934e+01  2.400000e+01  1.085601e+01
      vertex  -4.785648e+01  2.200000e+01  1.612473e+01
    endloop
  endfacet
  facet normal  9.635498e-01  0.000000e+00 -2.675289e-01
    outer loop
      vertex  -4.785648e+01  2.200000e+01  1.612473e+01
      vertex  -4.931934e+01  2.400000e+01  1.085601e+01
      vertex  -4.785648e+01  2.400000e+01  1.612473e+01
    endloop
  endfacet
  facet normal  9.289768e-01  0.000000e+00 -3.701381e-01
    outer loop
      vertex  -4.785648e+01  2.200000e+01  1.612473e+01
      vertex  -4.785648e+01  2.400000e+01  1.612473e+01
      vertex  -4.583256e+01  2.200000e+01  2.120440e+01
    endloop
  endfacet
  facet normal  9.289768e-01  0.000000e+00 -3.701381e-01
    outer loop
      vertex  -4.583256e+01  2.200000e+01  2.120440e+01
      vertex  -4.785648e+01  2.400000e+01  1.612473e+01
      vertex  -4.583256e+01  2.400000e+01  2.120440e+01
    endloop
  endfacet
  facet normal  8.835124e-01  0.000000e+00 -4.684078e-01
    outer loop
      vertex  -4.583256e+01  2.200000e+01  2.120440e+01
      vertex  -4.583256e+01  2.400000e+01  2.120440e+01
      vertex  -4.327129e+01  2.200000e+01  2.603547e+01
    endloop
  endfacet
  facet normal  8.835124e-01  0.000000e+00 -4.684078e-01
    outer loop
      vertex  -4.327129e+01  2.200000e+01  2.603547e+01
      vertex  -4.583256e+01  2.400000e+01  2.120440e+01
      vertex  -4.327129e+01  2.400000e+01  2.603547e+01
    endloop
  endfacet
  facet normal  8.276885e-01  0.000000e+00 -5.611879e-01
    outer loop
      vertex  -4.327129e+01  2.200000e+01  2.603547e+01
      vertex  -4.327129e+01  2.400000e+01  2.603547e+01
      vertex  -4.020270e+01  2.200000e+01  3.056130e+01
    endloop
  endfacet
  facet normal  8.276885e-01  0.000000e+00 -5.611879e-01
    outer loop
      vertex  -4.020270e+01  2.200000e+01  3.056130e+01
      vertex  -4.327129e+01  2.400000e+01  2.603547e+01
      vertex  -4.020270e+01  2.400000e+01  3.056130e+01
    endloop
  endfacet
  facet normal  7.621623e-01  0.000000e+00 -6.473860e-01
    outer loop
      vertex  -4.020270e+01  2.200000e+01  3.056130e+01
      vertex  -4.020270e+01  2.400000e+01  3.056130e+01
      vertex  -3.666277e+01  2.200000e+01  3.472882e+01
    endloop
  endfacet
  facet normal  7.621623e-01  0.000000e+00 -6.473860e-01
    outer loop
      vertex  -3.666277e+01  2.200000e+01  3.472882e+01
      vertex  -4.020270e+01  2.400000e+01  3.056130e+01
      vertex  -3.666277e+01  2.400000e+01  3.472882e+01
    endloop
  endfacet
  facet normal  6.876998e-01  0.000000e+00 -7.259952e-01
    outer loop
      vertex  -3.666277e+01  2.200000e+01  3.472882e+01
      vertex  -3.666277e+01  2.400000e+01  3.472882e+01
      vertex  -3.269301e+01  2.200000e+01  3.848919e+01
    endloop
  endfacet
  facet normal  6.876998e-01  0.000000e+00 -7.259952e-01
    outer loop
      vertex  -3.269301e+01  2.200000e+01  3.848919e+01
      vertex  -3.666277e+01  2.400000e+01  3.472882e+01
      vertex  -3.269301e+01  2.400000e+01  3.848919e+01
    endloop
  endfacet
  facet normal  6.051739e-01  0.000000e+00 -7.960933e-01
    outer loop
      vertex  -3.269301e+01  2.200000e+01  3.848919e+01
      vertex  -3.269301e+01  2.400000e+01  3.848919e+01
      vertex  -2.833995e+01  2.200000e+01  4.179829e+01
    endloop
  endfacet
  facet normal  6.051739e-01  0.000000e+00 -7.960933e-01
    outer loop
      vertex  -2.833995e+01  2.200000e+01  4.179829e+01
      vertex  -3.269301e+01  2.400000e+01  3.848919e+01
      vertex  -2.833995e+01  2.400000e+01  4.179829e+01
    endloop
  endfacet
  facet normal  5.155534e-01  0.000000e+00 -8.568575e-01
    outer loop
      vertex  -2.833995e+01  2.200000e+01  4.179829e+01
      vertex  -2.833995e+01  2.400000e+01  4.179829e+01
      vertex  -2.365462e+01  2.200000e+01  4.461736e+01
    endloop
  endfacet
  facet normal  5.155534e-01  0.000000e+00 -8.568575e-01
    outer loop
      vertex  -2.365462e+01  2.200000e+01  4.461736e+01
      vertex  -2.833995e+01  2.400000e+01  4.179829e+01
      vertex  -2.365462e+01  2.400000e+01  4.461736e+01
    endloop
  endfacet
  facet normal  4.198893e-01  0.000000e+00 -9.075754e-01
    outer loop
      vertex  -2.365462e+01  2.200000e+01  4.461736e+01
      vertex  -2.365462e+01  2.400000e+01  4.461736e+01
      vertex  -1.869198e+01  2.200000e+01  4.691332e+01
    endloop
  endfacet
  facet normal  4.198893e-01  0.000000e+00 -9.075754e-01
    outer loop
      vertex  -1.869198e+01  2.200000e+01  4.691332e+01
      vertex  -2.365462e+01  2.400000e+01  4.461736e+01
      vertex  -1.869198e+01  2.400000e+01  4.691332e+01
    endloop
  endfacet
  facet normal  3.193025e-01  0.000000e+00 -9.476528e-01
    outer loop
      vertex  -1.869198e+01  2.200000e+01  4.691332e+01
      vertex  -1.869198e+01  2.400000e+01  4.691332e+01
      vertex  -1.351018e+01  2.200000e+01  4.865928e+01
    endloop
  endfacet
  facet normal  3.193025e-01  0.000000e+00 -9.476528e-01
    outer loop
      vertex  -1.351018e+01  2.200000e+01  4.865928e+01
      vertex  -1.869198e+01  2.400000e+01  4.691332e+01
      vertex  -1.351018e+01  2.400000e+01  4.865928e+01
    endloop
  endfacet
  facet normal  2.149698e-01  0.000000e+00 -9.766207e-01
    outer loop
      vertex  -1.351018e+01  2.200000e+01  4.865928e+01
      vertex  -1.351018e+01  2.400000e+01  4.865928e+01
      vertex  -8.169991e+00  2.200000e+01  4.983474e+01
    endloop
  endfacet
  facet normal  2.149698e-01  0.000000e+00 -9.766207e-01
    outer loop
      vertex  -8.169991e+00  2.200000e+01  4.983474e+01
      vertex  -1.351018e+01  2.400000e+01  4.865928e+01
      vertex  -8.169991e+00  2.400000e+01  4.983474e+01
    endloop
  endfacet
  facet normal  1.081197e-01  0.000000e+00 -9.941378e-01
    outer loop
      vertex  -8.169991e+00  2.200000e+01  4.983474e+01
      vertex  -8.169991e+00  2.400000e+01  4.983474e+01
      vertex  -2.734015e+00  2.200000e+01  5.042594e+01
    endloop
  endfacet
  facet normal  1.081197e-01  0.000000e+00 -9.941378e-01
    outer loop
      vertex  -2.734015e+00  2.200000e+01  5.042594e+01
      vertex  -8.169991e+00  2.400000e+01  4.983474e+01
      vertex  -2.734015e+00  2.400000e+01  5.042594e+01
    endloop
  endfacet
  facet normal  0.000000e+00  0.000000e+00 -1.000000e+00
    outer loop
      vertex  -2.734015e+00  2.200000e+01  5.042594e+01
      vertex  -2.734015e+00  2.400000e+01  5.042594e+01
      vertex   2.734015e+00  2.200000e+01  5.042594e+01
    endloop
  endfacet
  facet normal  0.000000e+00  0.000000e+00 -1.000000e+00
    outer loop
      vertex   2.734015e+00  2.200000e+01  5.042594e+01
      vertex  -2.734015e+00  2.400000e+01  5.042594e+01
      vertex   2.734015e+00  2.400000e+01  5.042594e+01
    endloop
  endfacet
  facet normal -1.081197e-01  0.000000e+00 -9.941378e-01
    outer loop
      vertex   2.734015e+00  2.200000e+01  5.042594e+01
      vertex   2.734015e+00  2.400000e+01  5.042594e+01
      vertex   8.169991e+00  2.200000e+01  4.983474e+01
    endloop
  endfacet
  facet normal -1.081197e-01  0.000000e+00 -9.941378e-01
    outer loop
      vertex   8.169991e+00  2.200000e+01  4.983474e+01
      vertex   2.734015e+00  2.400000e+01  5.042594e+01
      vertex   8.169991e+00  2.400000e+01  4.983474e+01
    endloop
  endfacet
  facet normal -2.149698e-01  0.000000e+00 -9.766207e-01
    outer loop
      vertex   8.169991e+00  2.200000e+01  4.983474e+01
      vertex   8.169991e+00  2.400000e+01  4.983474e+01
      vertex   1.351018e+01  2.200000e+01  4.865928e+01
    endloop
  endfacet
  facet normal -2.149698e-01  0.000000e+00 -9.766207e-01
    outer loop
      vertex   1.351018e+01  2.200000e+01  4.865928e+01
      vertex   8.169991e+00  2.400000e+01  4.983474e+01
      vertex   1.351018e+01  2.400000e+01  4.865928e+01
    endloop
  endfacet
  facet normal -3.193025e-01  0.000000e+00 -9.476528e-01
    outer loop
      vertex   1.351018e+01  2.200000e+01  4.865928e+01
      vertex   1.351018e+01  2.400000e+01  4.865928e+01
      vertex   1.869198e+01  2.200000e+01  4.691332e+01
    endloop
  endfacet
  facet normal -3.193025e-01  0.000000e+00 -9.476528e-01
    outer loop
      vertex   1.869198e+01  2.200000e+01  4.691332e+01
      vertex   1.351018e+01  2.400000e+01  4.865928e+01
      vertex   1.869198e+01  2.400000e+01  4.691332e+01
    endloop
  endfacet
  facet normal -4.198893e-01  0.000000e+00 -9.075754e-01
    outer loop
      vertex   1.869198e+01  2.200000e+01  4.691332e+01
      vertex   1.869198e+01  2.400000e+01  4.691332e+01
      vertex   2.365462e+01  2.200000e+01  4.461736e+01
    endloop
  endfacet
  facet normal -4.198893e-01  0.000000e+00 -9.075754e-01
    outer loop
      vertex   2.365462e+01  2.200000e+01  4.461736e+01
      vertex   1.869198e+01  2.400000e+01  4.691332e+01
      vertex   2.365462e+01  2.400000e+01  4.461736e+01
    endloop
  endfacet
  facet normal -5.155534e-01  0.000000e+00 -8.568575e-01
    outer loop
      vertex   2.365462e+01  2.200000e+01  4.461736e+01
      vertex   2.365462e+01  2.400000e+01  4.461736e+01
      vertex   2.833995e+01  2.200000e+01  4.179829e+01
    endloop
  endfacet
  facet normal -5.155534e-01  0.000000e+00 -8.568575e-01
    outer loop
      vertex   2.833995e+01  2.200000e+01  4.179829e+01
      vertex   2.365462e+01  2.400000e+01  4.461736e+01
      vertex   2.833995e+01  2.400000e+01  4.179829e+01
    endloop
  endfacet
  facet normal -6.051739e-01  0.000000e+00 -7.960933e-01
    outer loop
      vertex   2.833995e+01  2.200000e+01  4.179829e+01
      vertex   2.833995e+01  2.400000e+01  4.179829e+01
      vertex   3.269301e+01  2.200000e+01  3.848919e+01
    endloop
  endfacet
  facet normal -6.051739e-01  0.000000e+00 -7.960933e-01
    outer loop
      vertex   3.269301e+01  2.200000e+01  3.848919e+01
      vertex   2.833995e+01  2.400000e+01  4.179829e+01
      vertex   3.269301e+01  2.400000e+01  3.848919e+01
    endloop
  endfacet
  facet normal -6.876998e-01  0.000000e+00 -7.259952e-01
    outer loop
      vertex   3.269301e+01  2.200000e+01  3.848919e+01
      vertex   3.269301e+01  2.400000e+01  3.848919e+01
      vertex   3.666277e+01  2.200000e+01  3.472882e+01
    endloop
  endfacet
  facet normal -6.876998e-01  0.000000e+00 -7.259952e-01
    outer loop
      vertex   3.666277e+01  2.200000e+01  3.472882e+01
      vertex   3.269301e+01  2.400000e+01  3.848919e+01
      vertex   3.666277e+01  2.400000e+01  3.472882e+01
    endloop
  endfacet
  facet normal -7.621623e-01  0.000000e+00 -6.473860e-01
    outer loop
      vertex   3.666277e+01  2.200000e+01  3.472882e+01
      vertex   3.666277e+01  2.400000e+01  3.472882e+01
      vertex   4.020270e+01  2.200000e+01  3.056130e+01
    endloop
  endfacet
  facet normal -7.621623e-01  0.000000e+00 -6.473860e-01
    outer loop
      vertex   4.020270e+01  2.200000e+01  3.056130e+01
      vertex   3.666277e+01  2.400000e+01  3.472882e+01
      vertex   4.020270e+01  2.400000e+01  3.056130e+01
    endloop
  endfacet
  facet normal -8.276885e-01  0.000000e+00 -5.611879e-01
    outer loop
      vertex   4.020270e+01  2.200000e+01  3.056130e+01
      vertex   4.020270e+01  2.400000e+01  3.056130e+01
      vertex   4.327129e+01  2.200000e+01  2.603547e+01
    endloop
  endfacet
  facet normal -8.276885e-01  0.000000e+00 -5.611879e-01
    outer loop
      vertex   4.327129e+01  2.200000e+01  2.603547e+01
      vertex   4.020270e+01  2.400000e+01  3.056130e+01
      vertex   4.327129e+01  2.400000e+01  2.603547e+01
    endloop
  endfacet
  facet normal -8.835124e-01  0.000000e+00 -4.684078e-01
    outer loop
      vertex   4.327129e+01  2.200000e+01  2.603547e+01
      vertex   4.327129e+01  2.400000e+01  2.603547e+01
      vertex   4.583256e+01  2.200000e+01  2.120440e+01
    endloop
  endfacet
  facet normal -8.835124e-01  0.000000e+00 -4.684078e-01
    outer loop
      vertex   4.583256e+01  2.200000e+01  2.120440e+01
      vertex   4.327129e+01  2.400000e+01  2.603547e+01
      vertex   4.583256e+01  2.400000e+01  2.120440e+01
    endloop
  endfacet
  facet normal -9.289768e-01  0.000000e+00 -3.701381e-01
    outer loop
      vertex   4.583256e+01  2.200000e+01  2.120440e+01
      vertex   4.583256e+01  2.400000e+01  2.120440e+01
      vertex   4.785648e+01  2.200000e+01  1.612473e+01
    endloop
  endfacet
  facet normal -9.289768e-01  0.000000e+00 -3.701381e-01
    outer loop
      vertex   4.785648e+01  2.200000e+01  1.612473e+01
      vertex   4.583256e+01  2.400000e+01  2.120440e+01
      vertex   4.785648e+01  2.400000e+01  1.612473e+01
    endloop
  endfacet
  facet normal -9.635498e-01  0.000000e+00 -2.675289e-01
    outer loop
      vertex   4.785648e+01  2.200000e+01  1.612473e+01
      vertex   4.785648e+01  2.400000e+01  1.612473e+01
      vertex   4.931934e+01  2.200000e+01  1.085601e+01
    endloop
  endfacet
  facet normal -9.635498e-01  0.000000e+00 -2.675289e-01
    outer loop
      vertex   4.931934e+01  2.200000e+01  1.085601e+01
      vertex   4.785648e+01  2.400000e+01  1.612473e+01
      vertex   4.931934e+01  2.400000e+01  1.085601e+01
    endloop
  endfacet
  facet normal -9.868265e-01  0.000000e+00 -1.617819e-01
    outer loop
      vertex   4.931934e+01  2.200000e+01  1.085601e+01
      vertex   4.931934e+01  2.400000e+01  1.085601e+01
      vertex   5.020397e+01  2.200000e+01  5.460010e+00
    endloop
  endfacet
  facet normal -9.868265e-01  0.000000e+00 -1.617819e-01
    outer loop
      vertex   5.020397e+01  2.200000e+01  5.460010e+00
      vertex   4.931934e+01  2.400000e+01  1.085601e+01
      vertex   5.020397e+01  2.400000e+01  5.460010e+00
    endloop
  endfacet
  facet normal  0.000000e+00  1.000000e+00  0.000000e+00
    outer loop
      vertex   5.020397e+01  2.200000e+01  5.460010e+00
      vertex   5.050000e+01  2.200000e+01  0.000000e+00
      vertex   4.650000e+01  2.200000e+01  0.000000e+00
    endloop
  endfacet
  facet normal -0.000000e+00  1.000000e+00  0.000000e+00
    outer loop
      vertex   4.650000e+01  2.200000e+01  0.000000e+00
      vertex   5.050000e+01  2.200000e+01  0.000000e+00
      vertex   5.020397e+01  2.200000e+01 -5.460010e+00
    endloop
  endfacet
  facet normal  0.000000e+00  1.000000e+00  0.000000e+00
    outer loop
      vertex   4.650000e+01  2.200000e+01  0.000000e+00
      vertex   5.020397e+01  2.200000e+01 -5.460010e+00
      vertex   4.620762e+01  2.200000e+01 -5.206348e+00
    endloop
  endfacet
  facet normal  0.000000e+00  1.000000e+00  0.000000e+00
    outer loop
      vertex   4.620762e+01  2.200000e+01 -5.206348e+00
      vertex   5.020397e+01  2.200000e+01 -5.460010e+00
      vertex   4.931934e+01  2.200000e+01 -1.085601e+01
    endloop
  endfacet
  facet normal  0.000000e+00  1.000000e+00  0.000000e+00
    outer loop
      vertex   4.620762e+01  2.200000e+01 -5.206348e+00
      vertex   4.931934e+01  2.200000e+01 -1.085601e+01
      vertex   4.533415e+01  2.200000e+01 -1.034722e+01
    endloop
  endfacet
  facet normal  0.000000e+00  1.000000e+00  0.000000e+00
    outer loop
      vertex   4.533415e+01  2.200000e+01 -1.034722e+01
      vertex   4.931934e+01  2.200000e+01 -1.085601e+01
      vertex   4.785648e+01  2.200000e+01 -1.612473e+01
    endloop
  endfacet
  facet normal  0.000000e+00  1.000000e+00  0.000000e+00
    outer loop
      vertex   4.533415e+01  2.200000e+01 -1.034722e+01
      vertex   4.785648e+01  2.200000e+01 -1.612473e+01
      vertex   4.389058e+01  2.200000e+01 -1.535798e+01
    endloop
  endfacet
  facet normal  0.000000e+00  1.000000e+00  0.000000e+00
    outer loop
      vertex   4.389058e+01  2.200000e+01 -1.535798e+01
      vertex   4.785648e+01  2.200000e+01 -1.612473e+01
      vertex   4.583256e+01  2.200000e+01 -2.120440e+01
    endloop
  endfacet
  facet normal  0.000000e+00  1.000000e+00  0.000000e+00
    outer loop
      vertex   4.389058e+01  2.200000e+01 -1.535798e+01
      vertex   4.583256e+01  2.200000e+01 -2.120440e+01
      vertex   4.189505e+01  2.200000e+01 -2.017559e+01
    endloop
  endfacet
  facet normal  0.000000e+00  1.000000e+00  0.000000e+00
    outer loop
      vertex   4.189505e+01  2.200000e+01 -2.017559e+01
      vertex   4.583256e+01  2.200000e+01 -2.120440e+01
      vertex   4.327129e+01  2.200000e+01 -2.603547e+01
    endloop
  endfacet
  facet normal  0.000000e+00  1.000000e+00  0.000000e+00
    outer loop
      vertex   4.189505e+01  2.200000e+01 -2.017559e+01
      vertex   4.327129e+01  2.200000e+01 -2.603547e+01
      vertex   3.937268e+01  2.200000e+01 -2.473949e+01
    endloop
  endfacet
  facet normal  0.000000e+00  1.000000e+00  0.000000e+00
    outer loop
      vertex   3.937268e+01  2.200000e+01 -2.473949e+01
      vertex   4.327129e+01  2.200000e+01 -2.603547e+01
      vertex   4.020270e+01  2.200000e+01 -3.056130e+01
    endloop
  endfacet
  facet normal  0.000000e+00  1.000000e+00  0.000000e+00
    outer loop
      vertex   3.937268e+01  2.200000e+01 -2.473949e+01
      vertex   4.020270e+01  2.200000e+01 -3.056130e+01
      vertex   3.635516e+01  2.200000e+01 -2.899228e+01
    endloop
  endfacet
  facet normal  0.000000e+00  1.000000e+00  0.000000e+00
    outer loop
      vertex   3.635516e+01  2.200000e+01 -2.899228e+01
      vertex   4.020270e+01  2.200000e+01 -3.056130e+01
      vertex   3.666277e+01  2.200000e+01 -3.472882e+01
    endloop
  endfacet
  facet normal  0.000000e+00  1.000000e+00  0.000000e+00
    outer loop
      vertex   3.635516e+01  2.200000e+01 -2.899228e+01
      vertex   3.666277e+01  2.200000e+01 -3.472882e+01
      vertex   3.288047e+01  2.200000e+01 -3.288047e+01
    endloop
  endfacet
  facet normal  0.000000e+00  1.000000e+00  0.000000e+00
    outer loop
      vertex   3.288047e+01  2.200000e+01 -3.288047e+01
      vertex   3.666277e+01  2.200000e+01 -3.472882e+01
      vertex   3.269301e+01  2.200000e+01 -3.848919e+01
    endloop
  endfacet
  facet normal  0.000000e+00  1.000000e+00  0.000000e+00
    outer loop
      vertex   3.288047e+01  2.200000e+01 -3.288047e+01
      vertex   3.269301e+01  2.200000e+01 -3.848919e+01
      vertex   2.899228e+01  2.200000e+01 -3.635516e+01
    endloop
  endfacet
  facet normal  0.000000e+00  1.000000e+00  0.000000e+00
    outer loop
      vertex   2.899228e+01  2.200000e+01 -3.635516e+01
      vertex   3.269301e+01  2.200000e+01 -3.848919e+01
      vertex   2.833995e+01  2.200000e+01 -4.179829e+01
    endloop
  endfacet
  facet normal  0.000000e+00  1.000000e+00  0.000000e+00
    outer loop
      vertex   2.899228e+01  2.200000e+01 -3.635516e+01
      vertex   2.833995e+01  2.200000e+01 -4.179829e+01
      vertex   2.473949e+01  2.200000e+01 -3.937268e+01
    endloop
  endfacet
  facet normal  0.000000e+00  1.000000e+00  0.000000e+00
    outer loop
      vertex   2.473949e+01  2.200000e+01 -3.937268e+01
      vertex   2.833995e+01  2.200000e+01 -4.179829e+01
      vertex   2.365462e+01  2.200000e+01 -4.461736e+01
    endloop
  endfacet
  facet normal  0.000000e+00  1.000000e+00  0.000000e+00
    outer loop
      vertex   2.473949e+01  2.200000e+01 -3.937268e+01
      vertex   2.365462e+01  2.200000e+01 -4.461736e+01
      vertex   2.017559e+01  2.200000e+01 -4.189505e+01
    endloop
  endfacet
  facet normal  0.000000e+00  1.000000e+00  0.000000e+00
    outer loop
      vertex   2.017559e+01  2.200000e+01 -4.189505e+01
      vertex   2.365462e+01  2.200000e+01 -4.461736e+01
      vertex   1.869198e+01  2.200000e+01 -4.691332e+01
    endloop
  endfacet
  facet normal  0.000000e+00  1.000000e+00  0.000000e+00
    outer loop
      vertex   2.017559e+01  2.200000e+01 -4.189505e+01
      vertex   1.869198e+01  2.200000e+01 -4.691332e+01
      vertex   1.535798e+01  2.200000e+01 -4.389058e+01
    endloop
  endfacet
  facet normal  0.000000e+00  1.000000e+00  0.000000e+00
    outer loop
      vertex   1.535798e+01  2.200000e+01 -4.389058e+01
      vertex   1.869198e+01  2.200000e+01 -4.691332e+01
      vertex   1.351018e+01  2.200000e+01 -4.865928e+01
    endloop
  endfacet
  facet normal  0.000000e+00  1.000000e+00  0.000000e+00
    outer loop
      vertex   1.535798e+01  2.200000e+01 -4.389058e+01
      vertex   1.351018e+01  2.200000e+01 -4.865928e+01
      vertex   1.034722e+01  2.200000e+01 -4.533415e+01
    endloop
  endfacet
  facet normal  0.000000e+00  1.000000e+00  0.000000e+00
    outer loop
      vertex   1.034722e+01  2.200000e+01 -4.533415e+01
      vertex   1.351018e+01  2.200000e+01 -4.865928e+01
      vertex   8.169991e+00  2.200000e+01 -4.983474e+01
    endloop
  endfacet
  facet normal  0.000000e+00  1.000000e+00  0.000000e+00
    outer loop
      vertex   1.034722e+01  2.200000e+01 -4.533415e+01
      vertex   8.169991e+00  2.200000e+01 -4.983474e+01
      vertex   5.206348e+00  2.200000e+01 -4.620762e+01
    endloop
  endfacet
  facet normal  0.000000e+00  1.000000e+00  0.000000e+00
    outer loop
      vertex   5.206348e+00  2.200000e+01 -4.620762e+01
      vertex   8.169991e+00  2.200000e+01 -4.983474e+01
      vertex   2.734015e+00  2.200000e+01 -5.042594e+01
    endloop
  endfacet
  facet normal  0.000000e+00  1.000000e+00  0.000000e+00
    outer loop
      vertex   5.206348e+00  2.200000e+01 -4.620762e+01
      vertex   2.734015e+00  2.200000e+01 -5.042594e+01
      vertex   0.000000e+00  2.200000e+01 -4.650000e+01
    endloop
  endfacet
  facet normal  0.000000e+00  1.000000e+00  0.000000e+00
    outer loop
      vertex   0.000000e+00  2.200000e+01 -4.650000e+01
      vertex   2.734015e+00  2.200000e+01 -5.042594e+01
      vertex  -2.734015e+00  2.200000e+01 -5.042594e+01
    endloop
  endfacet
  facet normal  0.000000e+00  1.000000e+00  0.000000e+00
    outer loop
      vertex   0.000000e+00  2.200000e+01 -4.650000e+01
      vertex  -2.734015e+00  2.200000e+01 -5.042594e+01
      vertex  -5.206348e+00  2.200000e+01 -4.620762e+01
    endloop
  endfacet
  facet normal  0.000000e+00  1.000000e+00  0.000000e+00
    outer loop
      vertex  -5.206348e+00  2.200000e+01 -4.620762e+01
      vertex  -2.734015e+00  2.200000e+01 -5.042594e+01
      vertex  -8.169991e+00  2.200000e+01 -4.983474e+01
    endloop
  endfacet
  facet normal  0.000000e+00  1.000000e+00  0.000000e+00
    outer loop
      vertex  -5.206348e+00  2.200000e+01 -4.620762e+01
      vertex  -8.169991e+00  2.200000e+01 -4.983474e+01
      vertex  -1.034722e+01  2.200000e+01 -4.533415e+01
    endloop
  endfacet
  facet normal  0.000000e+00  1.000000e+00  0.000000e+00
    outer loop
      vertex  -1.034722e+01  2.200000e+01 -4.533415e+01
      vertex  -8.169991e+00  2.200000e+01 -4.983474e+01
      vertex  -1.351018e+01  2.200000e+01 -4.865928e+01
    endloop
  endfacet
  facet normal  0.000000e+00  1.000000e+00  0.000000e+00
    outer loop
      vertex  -1.034722e+01  2.200000e+01 -4.533415e+01
      vertex  -1.351018e+01  2.200000e+01 -4.865928e+01
      vertex  -1.535798e+01  2.200000e+01 -4.389058e+01
    endloop
  endfacet
  facet normal  0.000000e+00  1.000000e+00  0.000000e+00
    outer loop
      vertex  -1.535798e+01  2.200000e+01 -4.389058e+01
      vertex  -1.351018e+01  2.200000e+01 -4.865928e+01
      vertex  -1.869198e+01  2.200000e+01 -4.691332e+01
    endloop
  endfacet
  facet normal  0.000000e+00  1.000000e+00  0.000000e+00
    outer loop
      vertex  -1.535798e+01  2.200000e+01 -4.389058e+01
      vertex  -1.869198e+01  2.200000e+01 -4.691332e+01
      vertex  -2.017559e+01  2.200000e+01 -4.189505e+01
    endloop
  endfacet
  facet normal  0.000000e+00  1.000000e+00  0.000000e+00
    outer loop
      vertex  -2.017559e+01  2.200000e+01 -4.189505e+01
      vertex  -1.869198e+01  2.200000e+01 -4.691332e+01
      vertex  -2.365462e+01  2.200000e+01 -4.461736e+01
    endloop
  endfacet
  facet normal  0.000000e+00  1.000000e+00  0.000000e+00
    outer loop
      vertex  -2.017559e+01  2.200000e+01 -4.189505e+01
      vertex  -2.365462e+01  2.200000e+01 -4.461736e+01
      vertex  -2.473949e+01  2.200000e+01 -3.937268e+01
    endloop
  endfacet
  facet normal  0.000000e+00  1.000000e+00  0.000000e+00
    outer loop
      vertex  -2.473949e+01  2.200000e+01 -3.937268e+01
      vertex  -2.365462e+01  2.200000e+01 -4.461736e+01
      vertex  -2.833995e+01  2.200000e+01 -4.179829e+01
    endloop
  endfacet
  facet normal  0.000000e+00  1.000000e+00  0.000000e+00
    outer loop
      vertex  -2.473949e+01  2.200000e+01 -3.937268e+01
      vertex  -2.833995e+01  2.200000e+01 -4.179829e+01
      vertex  -2.899228e+01  2.200000e+01 -3.635516e+01
    endloop
  endfacet
  facet normal  0.000000e+00  1.000000e+00  0.000000e+00
    outer loop
      vertex  -2.899228e+01  2.200000e+01 -3.635516e+01
      vertex  -2.833995e+01  2.200000e+01 -4.179829e+01
      vertex  -3.269301e+01  2.200000e+01 -3.848919e+01
    endloop
  endfacet
  facet normal  0.000000e+00  1.000000e+00  0.000000e+00
    outer loop
      vertex  -2.899228e+01  2.200000e+01 -3.635516e+01
      vertex  -3.269301e+01  2.200000e+01 -3.848919e+01
      vertex  -3.288047e+01  2.200000e+01 -3.288047e+01
    endloop
  endfacet
  facet normal  0.000000e+00  1.000000e+00  0.000000e+00
    outer loop
      vertex  -3.288047e+01  2.200000e+01 -3.288047e+01
      vertex  -3.269301e+01  2.200000e+01 -3.848919e+01
      vertex  -3.666277e+01  2.200000e+01 -3.472882e+01
    endloop
  endfacet
  facet normal  0.000000e+00  1.000000e+00  0.000000e+00
    outer loop
      vertex  -3.288047e+01  2.200000e+01 -3.288047e+01
      vertex  -3.666277e+01  2.200000e+01 -3.472882e+01
      vertex  -3.635516e+01  2.200000e+01 -2.899228e+01
    endloop
  endfacet
  facet normal  0.000000e+00  1.000000e+00  0.000000e+00
    outer loop
      vertex  -3.635516e+01  2.200000e+01 -2.899228e+01
      vertex  -3.666277e+01  2.200000e+01 -3.472882e+01
      vertex  -4.020270e+01  2.200000e+01 -3.056130e+01
    endloop
  endfacet
  facet normal  0.000000e+00  1.000000e+00  0.000000e+00
    outer loop
      vertex  -3.635516e+01  2.200000e+01 -2.899228e+01
      vertex  -4.020270e+01  2.200000e+01 -3.056130e+01
      vertex  -3.937268e+01  2.200000e+01 -2.473949e+01
    endloop
  endfacet
  facet normal  0.000000e+00  1.000000e+00  0.000000e+00
    outer loop
      vertex  -3.937268e+01  2.200000e+01 -2.473949e+01
      vertex  -4.020270e+01  2.200000e+01 -3.056130e+01
      vertex  -4.327129e+01  2.200000e+01 -2.603547e+01
    endloop
  endfacet
  facet normal  0.000000e+00  1.000000e+00  0.000000e+00
    outer loop
      vertex  -3.937268e+01  2.200000e+01 -2.473949e+01
      vertex  -4.327129e+01  2.200000e+01 -2.603547e+01
      vertex  -4.189505e+01  2.200000e+01 -2.017559e+01
    endloop
  endfacet
  facet normal  0.000000e+00  1.000000e+00  0.000000e+00
    outer loop
      vertex  -4.189505e+01  2.200000e+01 -2.017559e+01
      vertex  -4.327129e+01  2.200000e+01 -2.603547e+01
      vertex  -4.583256e+01  2.200000e+01 -2.120440e+01
    endloop
  endfacet
  facet normal  0.000000e+00  1.000000e+00  0.000000e+00
    outer loop
      vertex  -4.189505e+01  2.200000e+01 -2.017559e+01
      vertex  -4.583256e+01  2.200000e+01 -2.120440e+01
      vertex  -4.389058e+01  2.200000e+01 -1.535798e+01
    endloop
  endfacet
  facet normal  0.000000e+00  1.000000e+00  0.000000e+00
    outer loop
      vertex  -4.389058e+01  2.200000e+01 -1.535798e+01
      vertex  -4.583256e+01  2.200000e+01 -2.120440e+01
      vertex  -4.785648e+01  2.200000e+01 -1.612473e+01
    endloop
  endfacet
  facet normal  0.000000e+00  1.000000e+00  0.000000e+00
    outer loop
      vertex  -4.389058e+01  2.200000e+01 -1.535798e+01
      vertex  -4.785648e+01  2.200000e+01 -1.612473e+01
      vertex  -4.533415e+01  2.200000e+01 -1.034722e+01
    endloop
  endfacet
  facet normal  0.000000e+00  1.000000e+00  0.000000e+00
    outer loop
      vertex  -4.533415e+01  2.200000e+01 -1.034722e+01
      vertex  -4.785648e+01  2.200000e+01 -1.612473e+01
      vertex  -4.931934e+01  2.200000e+01 -1.085601e+01
    endloop
  endfacet
  facet normal  0.000000e+00  1.000000e+00  0.000000e+00
    outer loop
      vertex  -4.533415e+01  2.200000e+01 -1.034722e+01
      vertex  -4.931934e+01  2.200000e+01 -1.085601e+01
      vertex  -4.620762e+01  2.200000e+01 -5.206348e+00
    endloop
  endfacet
  facet normal  0.000000e+00  1.000000e+00  0.000000e+00
    outer loop
      vertex  -4.620762e+01  2.200000e+01 -5.206348e+00
      vertex  -4.931934e+01  2.200000e+01 -1.085601e+01
      vertex  -5.020397e+01  2.200000e+01 -5.460010e+00
    endloop
  endfacet
  facet normal  0.000000e+00  1.000000e+00  0.000000e+00
    outer loop
      vertex  -4.620762e+01  2.200000e+01 -5.206348e+00
      vertex  -5.020397e+01  2.200000e+01 -5.460010e+00
      vertex  -4.650000e+01  2.200000e+01  0.000000e+00
    endloop
  endfacet
  facet normal  0.000000e+00  1.000000e+00  0.000000e+00
    outer loop
      vertex  -4.650000e+01  2.200000e+01  0.000000e+00
      vertex  -5.020397e+01  2.200000e+01 -5.460010e+00
      vertex  -5.050000e+01  2.200000e+01  0.000000e+00
    endloop
  endfacet
  facet normal  0.000000e+00  1.000000e+00  0.000000e+00
    outer loop
      vertex  -4.650000e+01  2.200000e+01  0.000000e+00
      vertex  -5.050000e+01  2.200000e+01  0.000000e+00
      vertex  -5.020397e+01  2.200000e+01  5.460010e+00
    endloop
  endfacet
  facet normal  0.000000e+00  1.000000e+00 -0.000000e+00
    outer loop
      vertex  -4.650000e+01  2.200000e+01  0.000000e+00
      vertex  -5.020397e+01  2.200000e+01  5.460010e+00
      vertex  -4.620762e+01  2.200000e+01  5.206348e+00
    endloop
  endfacet
  facet normal  0.000000e+00  1.000000e+00  0.000000e+00
    outer loop
      vertex  -4.620762e+01  2.200000e+01  5.206348e+00
      vertex  -5.020397e+01  2.200000e+01  5.460010e+00
      vertex  -4.931934e+01  2.200000e+01  1.085601e+01
    endloop
  endfacet
  facet normal  0.000000e+00  1.000000e+00 -0.000000e+00
    outer loop
      vertex  -4.620762e+01  2.200000e+01  5.206348e+00
      vertex  -4.931934e+01  2.200000e+01  1.085601e+01
      vertex  -4.533415e+01  2.200000e+01  1.034722e+01
    endloop
  endfacet
  facet normal  0.000000e+00  1.000000e+00  0.000000e+00
    outer loop
      vertex  -4.533415e+01  2.200000e+01  1.034722e+01
      vertex  -4.931934e+01  2.200000e+01  1.085601e+01
      vertex  -4.785648e+01  2.200000e+01  1.612473e+01
    endloop
  endfacet
  facet normal  0.000000e+00  1.000000e+00 -0.000000e+00
    outer loop
      vertex  -4.533415e+01  2.200000e+01  1.034722e+01
      vertex  -4.785648e+01  2.200000e+01  1.612473e+01
      vertex  -4.389058e+01  2.200000e+01  1.535798e+01
    endloop
  endfacet
  facet normal  0.000000e+00  1.000000e+00  0.000000e+00
    outer loop
      vertex  -4.389058e+01  2.200000e+01  1.535798e+01
      vertex  -4.785648e+01  2.200000e+01  1.612473e+01
      vertex  -4.583256e+01  2.200000e+01  2.120440e+01
    endloop
  endfacet
  facet normal  0.000000e+00  1.000000e+00 -0.000000e+00
    outer loop
      vertex  -4.389058e+01  2.200000e+01  1.535798e+01
      vertex  -4.583256e+01  2.200000e+01  2.120440e+01
      vertex  -4.189505e+01  2.200000e+01  2.017559e+01
    endloop
  endfacet
  facet normal  0.000000e+00  1.000000e+00  0.000000e+00
    outer loop
      vertex  -4.189505e+01  2.200000e+01  2.017559e+01
      vertex  -4.583256e+01  2.200000e+01  2.120440e+01
      vertex  -4.327129e+01  2.200000e+01  2.603547e+01
    endloop
  endfacet
  facet normal  0.000000e+00  1.000000e+00 -0.000000e+00
    outer loop
      vertex  -4.189505e+01  2.200000e+01  2.017559e+01
      vertex  -4.327129e+01  2.200000e+01  2.603547e+01
      vertex  -3.937268e+01  2.200000e+01  2.473949e+01
    endloop
  endfacet
  facet normal  0.000000e+00  1.000000e+00  0.000000e+00
    outer loop
      vertex  -3.937268e+01  2.200000e+01  2.473949e+01
      vertex  -4.327129e+01  2.200000e+01  2.603547e+01
      vertex  -4.020270e+01  2.200000e+01  3.056130e+01
    endloop
  endfacet
  facet normal  0.000000e+00  1.000000e+00 -0.000000e+00
    outer loop
      vertex  -3.937268e+01  2.200000e+01  2.473949e+01
      vertex  -4.020270e+01  2.200000e+01  3.056130e+01
      vertex  -3.635516e+01  2.200000e+01  2.899228e+01
    endloop
  endfacet
  facet normal  0.000000e+00  1.000000e+00  0.000000e+00
    outer loop
      vertex  -3.635516e+01  2.200000e+01  2.899228e+01
      vertex  -4.020270e+01  2.200000e+01  3.056130e+01
      vertex  -3.666277e+01  2.200000e+01  3.472882e+01
    endloop
  endfacet
  facet normal  0.000000e+00  1.000000e+00 -0.000000e+00
    outer loop
      vertex  -3.635516e+01  2.200000e+01  2.899228e+01
      vertex  -3.666277e+01  2.200000e+01  3.472882e+01
      vertex  -3.288047e+01  2.200000e+01  3.288047e+01
    endloop
  endfacet
  facet normal  0.000000e+00  1.000000e+00 -0.000000e+00
    outer loop
      vertex  -3.288047e+01  2.200000e+01  3.288047e+01
      vertex  -3.666277e+01  2.200000e+01  3.472882e+01
      vertex  -3.269301e+01  2.200000e+01  3.848919e+01
    endloop
  endfacet
  facet normal  0.000000e+00  1.000000e+00  0.000000e+00
    outer loop
      vertex  -3.288047e+01  2.200000e+01  3.288047e+01
      vertex  -3.269301e+01  2.200000e+01  3.848919e+01
      vertex  -2.899228e+01  2.200000e+01  3.635516e+01
    endloop
  endfacet
  facet normal  0.000000e+00  1.000000e+00 -0.000000e+00
    outer loop
      vertex  -2.899228e+01  2.200000e+01  3.635516e+01
      vertex  -3.269301e+01  2.200000e+01  3.848919e+01
      vertex  -2.833995e+01  2.200000e+01  4.179829e+01
    endloop
  endfacet
  facet normal  0.000000e+00  1.000000e+00  0.000000e+00
    outer loop
      vertex  -2.899228e+01  2.200000e+01  3.635516e+01
      vertex  -2.833995e+01  2.200000e+01  4.179829e+01
      vertex  -2.473949e+01  2.200000e+01  3.937268e+01
    endloop
  endfacet
  facet normal  0.000000e+00  1.000000e+00 -0.000000e+00
    outer loop
      vertex  -2.473949e+01  2.200000e+01  3.937268e+01
      vertex  -2.833995e+01  2.200000e+01  4.179829e+01
      vertex  -2.365462e+01  2.200000e+01  4.461736e+01
    endloop
  endfacet
  facet normal  0.000000e+00  1.000000e+00  0.000000e+00
    outer loop
      vertex  -2.473949e+01  2.200000e+01  3.937268e+01
      vertex  -2.365462e+01  2.200000e+01  4.461736e+01
      vertex  -2.017559e+01  2.200000e+01  4.189505e+01
    endloop
  endfacet
  facet normal  0.000000e+00  1.000000e+00 -0.000000e+00
    outer loop
      vertex  -2.017559e+01  2.200000e+01  4.189505e+01
      vertex  -2.365462e+01  2.200000e+01  4.461736e+01
      vertex  -1.869198e+01  2.200000e+01  4.691332e+01
    endloop
  endfacet
  facet normal  0.000000e+00  1.000000e+00  0.000000e+00
    outer loop
      vertex  -2.017559e+01  2.200000e+01  4.189505e+01
      vertex  -1.869198e+01  2.200000e+01  4.691332e+01
      vertex  -1.535798e+01  2.200000e+01  4.389058e+01
    endloop
  endfacet
  facet normal  0.000000e+00  1.000000e+00 -0.000000e+00
    outer loop
      vertex  -1.535798e+01  2.200000e+01  4.389058e+01
      vertex  -1.869198e+01  2.200000e+01  4.691332e+01
      vertex  -1.351018e+01  2.200000e+01  4.865928e+01
    endloop
  endfacet
  facet normal  0.000000e+00  1.000000e+00  0.000000e+00
    outer loop
      vertex  -1.535798e+01  2.200000e+01  4.389058e+01
      vertex  -1.351018e+01  2.200000e+01  4.865928e+01
      vertex  -1.034722e+01  2.200000e+01  4.533415e+01
    endloop
  endfacet
  facet normal  0.000000e+00  1.000000e+00 -0.000000e+00
    outer loop
      vertex  -1.034722e+01  2.200000e+01  4.533415e+01
      vertex  -1.351018e+01  2.200000e+01  4.865928e+01
      vertex  -8.169991e+00  2.200000e+01  4.983474e+01
    endloop
  endfacet
  facet normal  0.000000e+00  1.000000e+00  0.000000e+00
    outer loop
      vertex  -1.034722e+01  2.200000e+01  4.533415e+01
      vertex  -8.169991e+00  2.200000e+01  4.983474e+01
      vertex  -5.206348e+00  2.200000e+01  4.620762e+01
    endloop
  endfacet
  facet normal  0.000000e+00  1.000000e+00 -0.000000e+00
    outer loop
      vertex  -5.206348e+00  2.200000e+01  4.620762e+01
      vertex  -8.169991e+00  2.200000e+01  4.983474e+01
      vertex  -2.734015e+00  2.200000e+01  5.042594e+01
    endloop
  endfacet
  facet normal  0.000000e+00  1.000000e+00  0.000000e+00
    outer loop
      vertex  -5.206348e+00  2.200000e+01  4.620762e+01
      vertex  -2.734015e+00  2.200000e+01  5.042594e+01
      vertex   0.000000e+00  2.200000e+01  4.650000e+01
    endloop
  endfacet
  facet normal  0.000000e+00  1.000000e+00 -0.000000e+00
    outer loop
      vertex   0.000000e+00  2.200000e+01  4.650000e+01
      vertex  -2.734015e+00  2.200000e+01  5.042594e+01
      vertex   2.734015e+00  2.200000e+01  5.042594e+01
    endloop
  endfacet
  facet normal -0.000000e+00  1.000000e+00  0.000000e+00
    outer loop
      vertex   0.000000e+00  2.200000e+01  4.650000e+01
      vertex   2.734015e+00  2.200000e+01  5.042594e+01
      vertex   5.206348e+00  2.200000e+01  4.620762e+01
    endloop
  endfacet
  facet normal  0.000000e+00  1.000000e+00 -0.000000e+00
    outer loop
      vertex   5.206348e+00  2.200000e+01  4.620762e+01
      vertex   2.734015e+00  2.200000e+01  5.042594e+01
      vertex   8.169991e+00  2.200000e+01  4.983474e+01
    endloop
  endfacet
  facet normal -0.000000e+00  1.000000e+00  0.000000e+00
    outer loop
      vertex   5.206348e+00  2.200000e+01  4.620762e+01
      vertex   8.169991e+00  2.200000e+01  4.983474e+01
      vertex   1.034722e+01  2.200000e+01  4.533415e+01
    endloop
  endfacet
  facet normal  0.000000e+00  1.000000e+00 -0.000000e+00
    outer loop
      vertex   1.034722e+01  2.200000e+01  4.533415e+01
      vertex   8.169991e+00  2.200000e+01  4.983474e+01
      vertex   1.351018e+01  2.200000e+01  4.865928e+01
    endloop
  endfacet
  facet normal -0.000000e+00  1.000000e+00  0.000000e+00
    outer loop
      vertex   1.034722e+01  2.200000e+01  4.533415e+01
      vertex   1.351018e+01  2.200000e+01  4.865928e+01
      vertex   1.535798e+01  2.200000e+01  4.389058e+01
    endloop
  endfacet
  facet normal  0.000000e+00  1.000000e+00 -0.000000e+00
    outer loop
      vertex   1.535798e+01  2.200000e+01  4.389058e+01
      vertex   1.351018e+01  2.200000e+01  4.865928e+01
      vertex   1.869198e+01  2.200000e+01  4.691332e+01
    endloop
  endfacet
  facet normal -0.000000e+00  1.000000e+00  0.000000e+00
    outer loop
      vertex   1.535798e+01  2.200000e+01  4.389058e+01
      vertex   1.869198e+01  2.200000e+01  4.691332e+01
      vertex   2.017559e+01  2.200000e+01  4.189505e+01
    endloop
  endfacet
  facet normal  0.000000e+00  1.000000e+00 -0.000000e+00
    outer loop
      vertex   2.017559e+01  2.200000e+01  4.189505e+01
      vertex   1.869198e+01  2.200000e+01  4.691332e+01
      vertex   2.365462e+01  2.200000e+01  4.461736e+01
    endloop
  endfacet
  facet normal -0.000000e+00  1.000000e+00  0.000000e+00
    outer loop
      vertex   2.017559e+01  2.200000e+01  4.189505e+01
      vertex   2.365462e+01  2.200000e+01  4.461736e+01
      vertex   2.473949e+01  2.200000e+01  3.937268e+01
    endloop
  endfacet
  facet normal  0.000000e+00  1.000000e+00 -0.000000e+00
    outer loop
      vertex   2.473949e+01  2.200000e+01  3.937268e+01
      vertex   2.365462e+01  2.200000e+01  4.461736e+01
      vertex   2.833995e+01  2.200000e+01  4.179829e+01
    endloop
  endfacet
  facet normal -0.000000e+00  1.000000e+00  0.000000e+00
    outer loop
      vertex   2.473949e+01  2.200000e+01  3.937268e+01
      vertex   2.833995e+01  2.200000e+01  4.179829e+01
      vertex   2.899228e+01  2.200000e+01  3.635516e+01
    endloop
  endfacet
  facet normal  0.000000e+00  1.000000e+00 -0.000000e+00
    outer loop
      vertex   2.899228e+01  2.200000e+01  3.635516e+01
      vertex   2.833995e+01  2.200000e+01  4.179829e+01
      vertex   3.269301e+01  2.200000e+01  3.848919e+01
    endloop
  endfacet
  facet normal -0.000000e+00  1.000000e+00  0.000000e+00
    outer loop
      vertex   2.899228e+01  2.200000e+01  3.635516e+01
      vertex   3.269301e+01  2.200000e+01  3.848919e+01
      vertex   3.288047e+01  2.200000e+01  3.288047e+01
    endloop
  endfacet
  facet normal  0.000000e+00  1.000000e+00 -0.000000e+00
    outer loop
      vertex   3.288047e+01  2.200000e+01  3.288047e+01
      vertex   3.269301e+01  2.200000e+01  3.848919e+01
      vertex   3.666277e+01  2.200000e+01  3.472882e+01
    endloop
  endfacet
  facet normal -0.000000e+00  1.000000e+00  0.000000e+00
    outer loop
      vertex   3.288047e+01  2.200000e+01  3.288047e+01
      vertex   3.666277e+01  2.200000e+01  3.472882e+01
      vertex   3.635516e+01  2.200000e+01  2.899228e+01
    endloop
  endfacet
  facet normal  0.000000e+00  1.000000e+00  0.000000e+00
    outer loop
      vertex   3.635516e+01  2.200000e+01  2.899228e+01
      vertex   3.666277e+01  2.200000e+01  3.472882e+01
      vertex   4.020270e+01  2.200000e+01  3.056130e+01
    endloop
  endfacet
  facet normal -0.000000e+00  1.000000e+00  0.000000e+00
    outer loop
      vertex   3.635516e+01  2.200000e+01  2.899228e+01
      vertex   4.020270e+01  2.200000e+01  3.056130e+01
      vertex   3.937268e+01  2.200000e+01  2.473949e+01
    endloop
  endfacet
  facet normal  0.000000e+00  1.000000e+00  0.000000e+00
    outer loop
      vertex   3.937268e+01  2.200000e+01  2.473949e+01
      vertex   4.020270e+01  2.200000e+01  3.056130e+01
      vertex   4.327129e+01  2.200000e+01  2.603547e+01
    endloop
  endfacet
  facet normal -0.000000e+00  1.000000e+00  0.000000e+00
    outer loop
      vertex   3.937268e+01  2.200000e+01  2.473949e+01
      vertex   4.327129e+01  2.200000e+01  2.603547e+01
      vertex   4.189505e+01  2.200000e+01  2.017559e+01
    endloop
  endfacet
  facet normal  0.000000e+00  1.000000e+00  0.000000e+00
    outer loop
      vertex   4.189505e+01  2.200000e+01  2.017559e+01
      vertex   4.327129e+01  2.200000e+01  2.603547e+01
      vertex   4.583256e+01  2.200000e+01  2.120440e+01
    endloop
  endfacet
  facet normal -0.000000e+00  1.000000e+00  0.000000e+00
    outer loop
      vertex   4.189505e+01  2.200000e+01  2.017559e+01
      vertex   4.583256e+01  2.200000e+01  2.120440e+01
      vertex   4.389058e+01  2.200000e+01  1.535798e+01
    endloop
  endfacet
  facet normal  0.000000e+00  1.000000e+00  0.000000e+00
    outer loop
      vertex   4.389058e+01  2.200000e+01  1.535798e+01
      vertex   4.583256e+01  2.200000e+01  2.120440e+01
      vertex   4.785648e+01  2.200000e+01  1.612473e+01
    endloop
  endfacet
  facet normal -0.000000e+00  1.000000e+00  0.000000e+00
    outer loop
      vertex   4.389058e+01  2.200000e+01  1.535798e+01
      vertex   4.785648e+01  2.200000e+01  1.612473e+01
      vertex   4.533415e+01  2.200000e+01  1.034722e+01
    endloop
  endfacet
  facet normal  0.000000e+00  1.000000e+00  0.000000e+00
    outer loop
      vertex   4.533415e+01  2.200000e+01  1.034722e+01
      vertex   4.785648e+01  2.200000e+01  1.612473e+01
      vertex   4.931934e+01  2.200000e+01  1.085601e+01
    endloop
  endfacet
  facet normal -0.000000e+00  1.000000e+00  0.000000e+00
    outer loop
      vertex   4.533415e+01  2.200000e+01  1.034722e+01
      vertex   4.931934e+01  2.200000e+01  1.085601e+01
      vertex   4.620762e+01  2.200000e+01  5.206348e+00
    endloop
  endfacet
  facet normal  0.000000e+00  1.000000e+00  0.000000e+00
    outer loop
      vertex   4.620762e+01  2.200000e+01  5.206348e+00
      vertex   4.931934e+01  2.200000e+01  1.085601e+01
      vertex   5.020397e+01  2.200000e+01  5.460010e+00
    endloop
  endfacet
  facet normal -0.000000e+00  1.000000e+00  0.000000e+00
    outer loop
      vertex   4.620762e+01  2.200000e+01  5.206348e+00
      vertex   5.020397e+01  2.200000e+01  5.460010e+00
      vertex   4.650000e+01  2.200000e+01  0.000000e+00
    endloop
  endfacet
  facet normal  9.985334e-01  0.000000e+00  5.413869e-02
    outer loop
      vertex   5.020397e+01  2.000000e+00  5.460010e+00
      vertex   5.020397e+01  0.000000e+00  5.460010e+00
      vertex   5.050000e+01  2.000000e+00  0.000000e+00
    endloop
  endfacet
  facet normal  9.985334e-01  0.000000e+00  5.413869e-02
    outer loop
      vertex   5.050000e+01  2.000000e+00  0.000000e+00
      vertex   5.020397e+01  0.000000e+00  5.460010e+00
      vertex   5.050000e+01  0.000000e+00  0.000000e+00
    endloop
  endfacet
  facet normal  9.985334e-01  0.000000e+00 -5.413869e-02
    outer loop
      vertex   5.050000e+01  2.000000e+00  0.000000e+00
      vertex   5.050000e+01  0.000000e+00  0.000000e+00
      vertex   5.020397e+01  2.000000e+00 -5.460010e+00
    endloop
  endfacet
  facet normal  9.985334e-01  0.000000e+00 -5.413869e-02
    outer loop
      vertex   5.020397e+01  2.000000e+00 -5.460010e+00
      vertex   5.050000e+01  0.000000e+00  0.000000e+00
      vertex   5.020397e+01  0.000000e+00 -5.460010e+00
    endloop
  endfacet
  facet normal  9.868265e-01  0.000000e+00 -1.617819e-01
    outer loop
      vertex   5.020397e+01  2.000000e+00 -5.460010e+00
      vertex   5.020397e+01  0.000000e+00 -5.460010e+00
      vertex   4.931934e+01  2.000000e+00 -1.085601e+01
    endloop
  endfacet
  facet normal  9.868265e-01  0.000000e+00 -1.617819e-01
    outer loop
      vertex   4.931934e+01  2.000000e+00 -1.085601e+01
      vertex   5.020397e+01  0.000000e+00 -5.460010e+00
      vertex   4.931934e+01  0.000000e+00 -1.085601e+01
    endloop
  endfacet
  facet normal  9.635498e-01  0.000000e+00 -2.675289e-01
    outer loop
      vertex   4.931934e+01  2.000000e+00 -1.085601e+01
      vertex   4.931934e+01  0.000000e+00 -1.085601e+01
      vertex   4.785648e+01  2.000000e+00 -1.612473e+01
    endloop
  endfacet
  facet normal  9.635498e-01  0.000000e+00 -2.675289e-01
    outer loop
      vertex   4.785648e+01  2.000000e+00 -1.612473e+01
      vertex   4.931934e+01  0.000000e+00 -1.085601e+01
      vertex   4.785648e+01  0.000000e+00 -1.612473e+01
    endloop
  endfacet
  facet normal  9.289768e-01  0.000000e+00 -3.701381e-01
    outer loop
      vertex   4.785648e+01  2.000000e+00 -1.612473e+01
      vertex   4.785648e+01  0.000000e+00 -1.612473e+01
      vertex   4.583256e+01  2.000000e+00 -2.120440e+01
    endloop
  endfacet
  facet normal  9.289768e-01  0.000000e+00 -3.701381e-01
    outer loop
      vertex   4.583256e+01  2.000000e+00 -2.120440e+01
      vertex   4.785648e+01  0.000000e+00 -1.612473e+01
      vertex   4.583256e+01  0.000000e+00 -2.120440e+01
    endloop
  endfacet
  facet normal  8.835124e-01  0.000000e+00 -4.684078e-01
    outer loop
      vertex   4.583256e+01  2.000000e+00 -2.120440e+01
      vertex   4.583256e+01  0.000000e+00 -2.120440e+01
      vertex   4.327129e+01  2.000000e+00 -2.603547e+01
    endloop
  endfacet
  facet normal  8.835124e-01  0.000000e+00 -4.684078e-01
    outer loop
      vertex   4.327129e+01  2.000000e+00 -2.603547e+01
      vertex   4.583256e+01  0.000000e+00 -2.120440e+01
      vertex   4.327129e+01  0.000000e+00 -2.603547e+01
    endloop
  endfacet
  facet normal  8.276885e-01  0.000000e+00 -5.611879e-01
    outer loop
      vertex   4.327129e+01  2.000000e+00 -2.603547e+01
      vertex   4.327129e+01  0.000000e+00 -2.603547e+01
      vertex   4.020270e+01  2.000000e+00 -3.056130e+01
    endloop
  endfacet
  facet normal  8.276885e-01  0.000000e+00 -5.611879e-01
    outer loop
      vertex   4.020270e+01  2.000000e+00 -3.056130e+01
      vertex   4.327129e+01  0.000000e+00 -2.603547e+01
      vertex   4.020270e+01  0.000000e+00 -3.056130e+01
    endloop
  endfacet
  facet normal  7.621623e-01  0.000000e+00 -6.473860e-01
    outer loop
      vertex   4.020270e+01  2.000000e+00 -3.056130e+01
      vertex   4.020270e+01  0.000000e+00 -3.056130e+01
      vertex   3.666277e+01  2.000000e+00 -3.472882e+01
    endloop
  endfacet
  facet normal  7.621623e-01  0.000000e+00 -6.473860e-01
    outer loop
      vertex   3.666277e+01  2.000000e+00 -3.472882e+01
      vertex   4.020270e+01  0.000000e+00 -3.056130e+01
      vertex   3.666277e+01  0.000000e+00 -3.472882e+01
    endloop
  endfacet
  facet normal  6.876998e-01  0.000000e+00 -7.259952e-01
    outer loop
      vertex   3.666277e+01  2.000000e+00 -3.472882e+01
      vertex   3.666277e+01  0.000000e+00 -3.472882e+01
      vertex   3.269301e+01  2.000000e+00 -3.848919e+01
    endloop
  endfacet
  facet normal  6.876998e-01  0.000000e+00 -7.259952e-01
    outer loop
      vertex   3.269301e+01  2.000000e+00 -3.848919e+01
      vertex   3.666277e+01  0.000000e+00 -3.472882e+01
      vertex   3.269301e+01  0.000000e+00 -3.848919e+01
    endloop
  endfacet
  facet normal  6.051739e-01  0.000000e+00 -7.960933e-01
    outer loop
      vertex   3.269301e+01  2.000000e+00 -3.848919e+01
      vertex   3.269301e+01  0.000000e+00 -3.848919e+01
      vertex   2.833995e+01  2.000000e+00 -4.179829e+01
    endloop
  endfacet
  facet normal  6.051739e-01  0.000000e+00 -7.960933e-01
    outer loop
      vertex   2.833995e+01  2.000000e+00 -4.179829e+01
      vertex   3.269301e+01  0.000000e+00 -3.848919e+01
      vertex   2.833995e+01  0.000000e+00 -4.179829e+01
    endloop
  endfacet
  facet normal  5.155534e-01  0.000000e+00 -8.568575e-01
    outer loop
      vertex   2.833995e+01  2.000000e+00 -4.179829e+01
      vertex   2.833995e+01  0.000000e+00 -4.179829e+01
      vertex   2.365462e+01  2.000000e+00 -4.461736e+01
    endloop
  endfacet
  facet normal  5.155534e-01  0.000000e+00 -8.568575e-01
    outer loop
      vertex   2.365462e+01  2.000000e+00 -4.461736e+01
      vertex   2.833995e+01  0.000000e+00 -4.179829e+01
      vertex   2.365462e+01  0.000000e+00 -4.461736e+01
    endloop
  endfacet
  facet normal  4.198893e-01  0.000000e+00 -9.075754e-01
    outer loop
      vertex   2.365462e+01  2.000000e+00 -4.461736e+01
      vertex   2.365462e+01  0.000000e+00 -4.461736e+01
      vertex   1.869198e+01  2.000000e+00 -4.691332e+01
    endloop
  endfacet
  facet normal  4.198893e-01  0.000000e+00 -9.075754e-01
    outer loop
      vertex   1.869198e+01  2.000000e+00 -4.691332e+01
      vertex   2.365462e+01  0.000000e+00 -4.461736e+01
      vertex   1.869198e+01  0.000000e+00 -4.691332e+01
    endloop
  endfacet
  facet normal  3.193025e-01  0.000000e+00 -9.476528e-01
    outer loop
      vertex   1.869198e+01  2.000000e+00 -4.691332e+01
      vertex   1.869198e+01  0.000000e+00 -4.691332e+01
      vertex   1.351018e+01  2.000000e+00 -4.865928e+01
    endloop
  endfacet
  facet normal  3.193025e-01  0.000000e+00 -9.476528e-01
    outer loop
      vertex   1.351018e+01  2.000000e+00 -4.865928e+01
      vertex   1.869198e+01  0.000000e+00 -4.691332e+01
      vertex   1.351018e+01  0.000000e+00 -4.865928e+01
    endloop
  endfacet
  facet normal  2.149698e-01  0.000000e+00 -9.766207e-01
    outer loop
      vertex   1.351018e+01  2.000000e+00 -4.865928e+01
      vertex   1.351018e+01  0.000000e+00 -4.865928e+01
      vertex   8.169991e+00  2.000000e+00 -4.983474e+01
    endloop
  endfacet
  facet normal  2.149698e-01  0.000000e+00 -9.766207e-01
    outer loop
      vertex   8.169991e+00  2.000000e+00 -4.983474e+01
      vertex   1.351018e+01  0.000000e+00 -4.865928e+01
      vertex   8.169991e+00  0.000000e+00 -4.983474e+01
    endloop
  endfacet
  facet normal  1.081197e-01  0.000000e+00 -9.941378e-01
    outer loop
      vertex   8.169991e+00  2.000000e+00 -4.983474e+01
      vertex   8.169991e+00  0.000000e+00 -4.983474e+01
      vertex   2.734015e+00  2.000000e+00 -5.042594e+01
    endloop
  endfacet
  facet normal  1.081197e-01  0.000000e+00 -9.941378e-01
    outer loop
      vertex   2.734015e+00  2.000000e+00 -5.042594e+01
      vertex   8.169991e+00  0.000000e+00 -4.983474e+01
      vertex   2.734015e+00  0.000000e+00 -5.042594e+01
    endloop
  endfacet
  facet normal -0.000000e+00 -0.000000e+00 -1.000000e+00
    outer loop
      vertex   2.734015e+00  2.000000e+00 -5.042594e+01
      vertex   2.734015e+00  0.000000e+00 -5.042594e+01
      vertex  -2.734015e+00  2.000000e+00 -5.042594e+01
    endloop
  endfacet
  facet normal  0.000000e+00  0.000000e+00 -1.000000e+00
    outer loop
      vertex  -2.734015e+00  2.000000e+00 -5.042594e+01
      vertex   2.734015e+00  0.000000e+00 -5.042594e+01
      vertex  -2.734015e+00  0.000000e+00 -5.042594e+01
    endloop
  endfacet
  facet normal -1.081197e-01 -0.000000e+00 -9.941378e-01
    outer loop
      vertex  -2.734015e+00  2.000000e+00 -5.042594e+01
      vertex  -2.734015e+00  0.000000e+00 -5.042594e+01
      vertex  -8.169991e+00  2.000000e+00 -4.983474e+01
    endloop
  endfacet
  facet normal -1.081197e-01 -0.000000e+00 -9.941378e-01
    outer loop
      vertex  -8.169991e+00  2.000000e+00 -4.983474e+01
      vertex  -2.734015e+00  0.000000e+00 -5.042594e+01
      vertex  -8.169991e+00  0.000000e+00 -4.983474e+01
    endloop
  endfacet
  facet normal -2.149698e-01 -0.000000e+00 -9.766207e-01
    outer loop
      vertex  -8.169991e+00  2.000000e+00 -4.983474e+01
      vertex  -8.169991e+00  0.000000e+00 -4.983474e+01
      vertex  -1.351018e+01  2.000000e+00 -4.865928e+01
    endloop
  endfacet
  facet normal -2.149698e-01 -0.000000e+00 -9.766207e-01
    outer loop
      vertex  -1.351018e+01  2.000000e+00 -4.865928e+01
      vertex  -8.169991e+00  0.000000e+00 -4.983474e+01
      vertex  -1.351018e+01  0.000000e+00 -4.865928e+01
    endloop
  endfacet
  facet normal -3.193025e-01 -0.000000e+00 -9.476528e-01
    outer loop
      vertex  -1.351018e+01  2.000000e+00 -4.865928e+01
      vertex  -1.351018e+01  0.000000e+00 -4.865928e+01
      vertex  -1.869198e+01  2.000000e+00 -4.691332e+01
    endloop
  endfacet
  facet normal -3.193025e-01 -0.000000e+00 -9.476528e-01
    outer loop
      vertex  -1.869198e+01  2.000000e+00 -4.691332e+01
      vertex  -1.351018e+01  0.000000e+00 -4.865928e+01
      vertex  -1.869198e+01  0.000000e+00 -4.691332e+01
    endloop
  endfacet
  facet normal -4.198893e-01 -0.000000e+00 -9.075754e-01
    outer loop
      vertex  -1.869198e+01  2.000000e+00 -4.691332e+01
      vertex  -1.869198e+01  0.000000e+00 -4.691332e+01
      vertex  -2.365462e+01  2.000000e+00 -4.461736e+01
    endloop
  endfacet
  facet normal -4.198893e-01 -0.000000e+00 -9.075754e-01
    outer loop
      vertex  -2.365462e+01  2.000000e+00 -4.461736e+01
      vertex  -1.869198e+01  0.000000e+00 -4.691332e+01
      vertex  -2.365462e+01  0.000000e+00 -4.461736e+01
    endloop
  endfacet
  facet normal -5.155534e-01 -0.000000e+00 -8.568575e-01
    outer loop
      vertex  -2.365462e+01  2.000000e+00 -4.461736e+01
      vertex  -2.365462e+01  0.000000e+00 -4.461736e+01
      vertex  -2.833995e+01  2.000000e+00 -4.179829e+01
    endloop
  endfacet
  facet normal -5.155534e-01 -0.000000e+00 -8.568575e-01
    outer loop
      vertex  -2.833995e+01  2.000000e+00 -4.179829e+01
      vertex  -2.365462e+01  0.000000e+00 -4.461736e+01
      vertex  -2.833995e+01  0.000000e+00 -4.179829e+01
    endloop
  endfacet
  facet normal -6.051739e-01 -0.000000e+00 -7.960933e-01
    outer loop
      vertex  -2.833995e+01  2.000000e+00 -4.179829e+01
      vertex  -2.833995e+01  0.000000e+00 -4.179829e+01
      vertex  -3.269301e+01  2.000000e+00 -3.848919e+01
    endloop
  endfacet
  facet normal -6.051739e-01 -0.000000e+00 -7.960933e-01
    outer loop
      vertex  -3.269301e+01  2.000000e+00 -3.848919e+01
      vertex  -2.833995e+01  0.000000e+00 -4.179829e+01
      vertex  -3.269301e+01  0.000000e+00 -3.848919e+01
    endloop
  endfacet
  facet normal -6.876998e-01 -0.000000e+00 -7.259952e-01
    outer loop
      vertex  -3.269301e+01  2.000000e+00 -3.848919e+01
      vertex  -3.269301e+01  0.000000e+00 -3.848919e+01
      vertex  -3.666277e+01  2.000000e+00 -3.472882e+01
    endloop
  endfacet
  facet normal -6.876998e-01 -0.000000e+00 -7.259952e-01
    outer loop
      vertex  -3.666277e+01  2.000000e+00 -3.472882e+01
      vertex  -3.269301e+01  0.000000e+00 -3.848919e+01
      vertex  -3.666277e+01  0.000000e+00 -3.472882e+01
    endloop
  endfacet
  facet normal -7.621623e-01 -0.000000e+00 -6.473860e-01
    outer loop
      vertex  -3.666277e+01  2.000000e+00 -3.472882e+01
      vertex  -3.666277e+01  0.000000e+00 -3.472882e+01
      vertex  -4.020270e+01  2.000000e+00 -3.056130e+01
    endloop
  endfacet
  facet normal -7.621623e-01 -0.000000e+00 -6.473860e-01
    outer loop
      vertex  -4.020270e+01  2.000000e+00 -3.056130e+01
      vertex  -3.666277e+01  0.000000e+00 -3.472882e+01
      vertex  -4.020270e+01  0.000000e+00 -3.056130e+01
    endloop
  endfacet
  facet normal -8.276885e-01 -0.000000e+00 -5.611879e-01
    outer loop
      vertex  -4.020270e+01  2.000000e+00 -3.056130e+01
      vertex  -4.020270e+01  0.000000e+00 -3.056130e+01
      vertex  -4.327129e+01  2.000000e+00 -2.603547e+01
    endloop
  endfacet
  facet normal -8.276885e-01 -0.000000e+00 -5.611879e-01
    outer loop
      vertex  -4.327129e+01  2.000000e+00 -2.603547e+01
      vertex  -4.020270e+01  0.000000e+00 -3.056130e+01
      vertex  -4.327129e+01  0.000000e+00 -2.603547e+01
    endloop
  endfacet
  facet normal -8.835124e-01 -0.000000e+00 -4.684078e-01
    outer loop
      vertex  -4.327129e+01  2.000000e+00 -2.603547e+01
      vertex  -4.327129e+01  0.000000e+00 -2.603547e+01
      vertex  -4.583256e+01  2.000000e+00 -2.120440e+01
    endloop
  endfacet
  facet normal -8.835124e-01 -0.000000e+00 -4.684078e-01
    outer loop
      vertex  -4.583256e+01  2.000000e+00 -2.120440e+01
      vertex  -4.327129e+01  0.000000e+00 -2.603547e+01
      vertex  -4.583256e+01  0.000000e+00 -2.120440e+01
    endloop
  endfacet
  facet normal -9.289768e-01 -0.000000e+00 -3.701381e-01
    outer loop
      vertex  -4.583256e+01  2.000000e+00 -2.120440e+01
      vertex  -4.583256e+01  0.000000e+00 -2.120440e+01
      vertex  -4.785648e+01  2.000000e+00 -1.612473e+01
    endloop
  endfacet
  facet normal -9.289768e-01 -0.000000e+00 -3.701381e-01
    outer loop
      vertex  -4.785648e+01  2.000000e+00 -1.612473e+01
      vertex  -4.583256e+01  0.000000e+00 -2.120440e+01
      vertex  -4.785648e+01  0.000000e+00 -1.612473e+01
    endloop
  endfacet
  facet normal -9.635498e-01 -0.000000e+00 -2.675289e-01
    outer loop
      vertex  -4.785648e+01  2.000000e+00 -1.612473e+01
      vertex  -4.785648e+01  0.000000e+00 -1.612473e+01
      vertex  -4.931934e+01  2.000000e+00 -1.085601e+01
    endloop
  endfacet
  facet normal -9.635498e-01 -0.000000e+00 -2.675289e-01
    outer loop
      vertex  -4.931934e+01  2.000000e+00 -1.085601e+01
      vertex  -4.785648e+01  0.000000e+00 -1.612473e+01
      vertex  -4.931934e+01  0.000000e+00 -1.085601e+01
    endloop
  endfacet
  facet normal -9.868265e-01 -0.000000e+00 -1.617819e-01
    outer loop
      vertex  -4.931934e+01  2.000000e+00 -1.085601e+01
      vertex  -4.931934e+01  0.000000e+00 -1.085601e+01
      vertex  -5.020397e+01  2.000000e+00 -5.460010e+00
    endloop
  endfacet
  facet normal -9.868265e-01 -0.000000e+00 -1.617819e-01
    outer loop
      vertex  -5.020397e+01  2.000000e+00 -5.460010e+00
      vertex  -4.931934e+01  0.000000e+00 -1.085601e+01
      vertex  -5.020397e+01  0.000000e+00 -5.460010e+00
    endloop
  endfacet
  facet normal -9.985334e-01 -0.000000e+00 -5.413869e-02
    outer loop
      vertex  -5.020397e+01  2.000000e+00 -5.460010e+00
      vertex  -5.020397e+01  0.000000e+00 -5.460010e+00
      vertex  -5.050000e+01  2.000000e+00  0.000000e+00
    endloop
  endfacet
  facet normal -9.985334e-01 -0.000000e+00 -5.413869e-02
    outer loop
      vertex  -5.050000e+01  2.000000e+00  0.000000e+00
      vertex  -5.020397e+01  0.000000e+00 -5.460010e+00
      vertex  -5.050000e+01  0.000000e+00  0.000000e+00
    endloop
  endfacet
  facet normal -9.985334e-01  0.000000e+00  5.413869e-02
    outer loop
      vertex  -5.050000e+01  2.000000e+00  0.000000e+00
      vertex  -5.050000e+01  0.000000e+00  0.000000e+00
      vertex  -5.020397e+01  2.000000e+00  5.460010e+00
    endloop
  endfacet
  facet normal -9.985334e-01  0.000000e+00  5.413869e-02
    outer loop
      vertex  -5.020397e+01  2.000000e+00  5.460010e+00
      vertex  -5.050000e+01  0.000000e+00  0.000000e+00
      vertex  -5.020397e+01  0.000000e+00  5.460010e+00
    endloop
  endfacet
  facet normal -9.868265e-01  0.000000e+00  1.617819e-01
    outer loop
      vertex  -5.020397e+01  2.000000e+00  5.460010e+00
      vertex  -5.020397e+01  0.000000e+00  5.460010e+00
      vertex  -4.931934e+01  2.000000e+00  1.085601e+01
    endloop
  endfacet
  facet normal -9.868265e-01  0.000000e+00  1.617819e-01
    outer loop
      vertex  -4.931934e+01  2.000000e+00  1.085601e+01
      vertex  -5.020397e+01  0.000000e+00  5.460010e+00
      vertex  -4.931934e+01  0.000000e+00  1.085601e+01
    endloop
  endfacet
  facet normal -9.635498e-01  0.000000e+00  2.675289e-01
    outer loop
      vertex  -4.931934e+01  2.000000e+00  1.085601e+01
      vertex  -4.931934e+01  0.000000e+00  1.085601e+01
      vertex  -4.785648e+01  2.000000e+00  1.612473e+01
    endloop
  endfacet
  facet normal -9.635498e-01  0.000000e+00  2.675289e-01
    outer loop
      vertex  -4.785648e+01  2.000000e+00  1.612473e+01
      vertex  -4.931934e+01  0.000000e+00  1.085601e+01
      vertex  -4.785648e+01  0.000000e+00  1.612473e+01
    endloop
  endfacet
  facet normal -9.289768e-01  0.000000e+00  3.701381e-01
    outer loop
      vertex  -4.785648e+01  2.000000e+00  1.612473e+01
      vertex  -4.785648e+01  0.000000e+00  1.612473e+01
      vertex  -4.583256e+01  2.000000e+00  2.120440e+01
    endloop
  endfacet
  facet normal -9.289768e-01  0.000000e+00  3.701381e-01
    outer loop
      vertex  -4.583256e+01  2.000000e+00  2.120440e+01
      vertex  -4.785648e+01  0.000000e+00  1.612473e+01
      vertex  -4.583256e+01  0.000000e+00  2.120440e+01
    endloop
  endfacet
  facet normal -8.835124e-01  0.000000e+00  4.684078e-01
    outer loop
      vertex  -4.583256e+01  2.000000e+00  2.120440e+01
      vertex  -4.583256e+01  0.000000e+00  2.120440e+01
      vertex  -4.327129e+01  2.000000e+00  2.603547e+01
    endloop
  endfacet
  facet normal -8.835124e-01  0.000000e+00  4.684078e-01
    outer loop
      vertex  -4.327129e+01  2.000000e+00  2.603547e+01
      vertex  -4.583256e+01  0.000000e+00  2.120440e+01
      vertex  -4.327129e+01  0.000000e+00  2.603547e+01
    endloop
  endfacet
  facet normal -8.276885e-01  0.000000e+00  5.611879e-01
    outer loop
      vertex  -4.327129e+01  2.000000e+00  2.603547e+01
      vertex  -4.327129e+01  0.000000e+00  2.603547e+01
      vertex  -4.020270e+01  2.000000e+00  3.056130e+01
    endloop
  endfacet
  facet normal -8.276885e-01  0.000000e+00  5.611879e-01
    outer loop
      vertex  -4.020270e+01  2.000000e+00  3.056130e+01
      vertex  -4.327129e+01  0.000000e+00  2.603547e+01
      vertex  -4.020270e+01  0.000000e+00  3.056130e+01
    endloop
  endfacet
  facet normal -7.621623e-01  0.000000e+00  6.473860e-01
    outer loop
      vertex  -4.020270e+01  2.000000e+00  3.056130e+01
      vertex  -4.020270e+01  0.000000e+00  3.056130e+01
      vertex  -3.666277e+01  2.000000e+00  3.472882e+01
    endloop
  endfacet
  facet normal -7.621623e-01  0.000000e+00  6.473860e-01
    outer loop
      vertex  -3.666277e+01  2.000000e+00  3.472882e+01
      vertex  -4.020270e+01  0.000000e+00  3.056130e+01
      vertex  -3.666277e+01  0.000000e+00  3.472882e+01
    endloop
  endfacet
  facet normal -6.876998e-01  0.000000e+00  7.259952e-01
    outer loop
      vertex  -3.666277e+01  2.000000e+00  3.472882e+01
      vertex  -3.666277e+01  0.000000e+00  3.472882e+01
      vertex  -3.269301e+01  2.000000e+00  3.848919e+01
    endloop
  endfacet
  facet normal -6.876998e-01  0.000000e+00  7.259952e-01
    outer loop
      vertex  -3.269301e+01  2.000000e+00  3.848919e+01
      vertex  -3.666277e+01  0.000000e+00  3.472882e+01
      vertex  -3.269301e+01  0.000000e+00  3.848919e+01
    endloop
  endfacet
  facet normal -6.051739e-01  0.000000e+00  7.960933e-01
    outer loop
      vertex  -3.269301e+01  2.000000e+00  3.848919e+01
      vertex  -3.269301e+01  0.000000e+00  3.848919e+01
      vertex  -2.833995e+01  2.000000e+00  4.179829e+01
    endloop
  endfacet
  facet normal -6.051739e-01  0.000000e+00  7.960933e-01
    outer loop
      vertex  -2.833995e+01  2.000000e+00  4.179829e+01
      vertex  -3.269301e+01  0.000000e+00  3.848919e+01
      vertex  -2.833995e+01  0.000000e+00  4.179829e+01
    endloop
  endfacet
  facet normal -5.155534e-01  0.000000e+00  8.568575e-01
    outer loop
      vertex  -2.833995e+01  2.000000e+00  4.179829e+01
      vertex  -2.833995e+01  0.000000e+00  4.179829e+01
      vertex  -2.365462e+01  2.000000e+00  4.461736e+01
    endloop
  endfacet
  facet normal -5.155534e-01  0.000000e+00  8.568575e-01
    outer loop
      vertex  -2.365462e+01  2.000000e+00  4.461736e+01
      vertex  -2.833995e+01  0.000000e+00  4.179829e+01
      vertex  -2.365462e+01  0.000000e+00  4.461736e+01
    endloop
  endfacet
  facet normal -4.198893e-01  0.000000e+00  9.075754e-01
    outer loop
      vertex  -2.365462e+01  2.000000e+00  4.461736e+01
      vertex  -2.365462e+01  0.000000e+00  4.461736e+01
      vertex  -1.869198e+01  2.000000e+00  4.691332e+01
    endloop
  endfacet
  facet normal -4.198893e-01  0.000000e+00  9.075754e-01
    outer loop
      vertex  -1.869198e+01  2.000000e+00  4.691332e+01
      vertex  -2.365462e+01  0.000000e+00  4.461736e+01
      vertex  -1.869198e+01  0.000000e+00  4.691332e+01
    endloop
  endfacet
  facet normal -3.193025e-01  0.000000e+00  9.476528e-01
    outer loop
      vertex  -1.869198e+01  2.000000e+00  4.691332e+01
      vertex  -1.869198e+01  0.000000e+00  4.691332e+01
      vertex  -1.351018e+01  2.000000e+00  4.865928e+01
    endloop
  endfacet
  facet normal -3.193025e-01  0.000000e+00  9.476528e-01
    outer loop
      vertex  -1.351018e+01  2.000000e+00  4.865928e+01
      vertex  -1.869198e+01  0.000000e+00  4.691332e+01
      vertex  -1.351018e+01  0.000000e+00  4.865928e+01
    endloop
  endfacet
  facet normal -2.149698e-01  0.000000e+00  9.766207e-01
    outer loop
      vertex  -1.351018e+01  2.000000e+00  4.865928e+01
      vertex  -1.351018e+01  0.000000e+00  4.865928e+01
      vertex  -8.169991e+00  2.000000e+00  4.983474e+01
    endloop
  endfacet
  facet normal -2.149698e-01  0.000000e+00  9.766207e-01
    outer loop
      vertex  -8.169991e+00  2.000000e+00  4.983474e+01
      vertex  -1.351018e+01  0.000000e+00  4.865928e+01
      vertex  -8.169991e+00  0.000000e+00  4.983474e+01
    endloop
  endfacet
  facet normal -1.081197e-01  0.000000e+00  9.941378e-01
    outer loop
      vertex  -8.169991e+00  2.000000e+00  4.983474e+01
      vertex  -8.169991e+00  0.000000e+00  4.983474e+01
      vertex  -2.734015e+00  2.000000e+00  5.042594e+01
    endloop
  endfacet
  facet normal -1.081197e-01  0.000000e+00  9.941378e-01
    outer loop
      vertex  -2.734015e+00  2.000000e+00  5.042594e+01
      vertex  -8.169991e+00  0.000000e+00  4.983474e+01
      vertex  -2.734015e+00  0.000000e+00  5.042594e+01
    endloop
  endfacet
  facet normal -0.000000e+00  0.000000e+00  1.000000e+00
    outer loop
      vertex  -2.734015e+00  2.000000e+00  5.042594e+01
      vertex  -2.734015e+00  0.000000e+00  5.042594e+01
      vertex   2.734015e+00  2.000000e+00  5.042594e+01
    endloop
  endfacet
  facet normal  0.000000e+00  0.000000e+00  1.000000e+00
    outer loop
      vertex   2.734015e+00  2.000000e+00  5.042594e+01
      vertex  -2.734015e+00  0.000000e+00  5.042594e+01
      vertex   2.734015e+00  0.000000e+00  5.042594e+01
    endloop
  endfacet
  facet normal  1.081197e-01  0.000000e+00  9.941378e-01
    outer loop
      vertex   2.734015e+00  2.000000e+00  5.042594e+01
      vertex   2.734015e+00  0.000000e+00  5.042594e+01
      vertex   8.169991e+00  2.000000e+00  4.983474e+01
    endloop
  endfacet
  facet normal  1.081197e-01  0.000000e+00  9.941378e-01
    outer loop
      vertex   8.169991e+00  2.000000e+00  4.983474e+01
      vertex   2.734015e+00  0.000000e+00  5.042594e+01
      vertex   8.169991e+00  0.000000e+00  4.983474e+01
    endloop
  endfacet
  facet normal  2.149698e-01  0.000000e+00  9.766207e-01
    outer loop
      vertex   8.169991e+00  2.000000e+00  4.983474e+01
      vertex   8.169991e+00  0.000000e+00  4.983474e+01
      vertex   1.351018e+01  2.000000e+00  4.865928e+01
    endloop
  endfacet
  facet normal  2.149698e-01  0.000000e+00  9.766207e-01
    outer loop
      vertex   1.351018e+01  2.000000e+00  4.865928e+01
      vertex   8.169991e+00  0.000000e+00  4.983474e+01
      vertex   1.351018e+01  0.000000e+00  4.865928e+01
    endloop
  endfacet
  facet normal  3.193025e-01  0.000000e+00  9.476528e-01
    outer loop
      vertex   1.351018e+01  2.000000e+00  4.865928e+01
      vertex   1.351018e+01  0.000000e+00  4.865928e+01
      vertex   1.869198e+01  2.000000e+00  4.691332e+01
    endloop
  endfacet
  facet normal  3.193025e-01  0.000000e+00  9.476528e-01
    outer loop
      vertex   1.869198e+01  2.000000e+00  4.691332e+01
      vertex   1.351018e+01  0.000000e+00  4.865928e+01
      vertex   1.869198e+01  0.000000e+00  4.691332e+01
    endloop
  endfacet
  facet normal  4.198893e-01  0.000000e+00  9.075754e-01
    outer loop
      vertex   1.869198e+01  2.000000e+00  4.691332e+01
      vertex   1.869198e+01  0.000000e+00  4.691332e+01
      vertex   2.365462e+01  2.000000e+00  4.461736e+01
    endloop
  endfacet
  facet normal  4.198893e-01  0.000000e+00  9.075754e-01
    outer loop
      vertex   2.365462e+01  2.000000e+00  4.461736e+01
      vertex   1.869198e+01  0.000000e+00  4.691332e+01
      vertex   2.365462e+01  0.000000e+00  4.461736e+01
    endloop
  endfacet
  facet normal  5.155534e-01  0.000000e+00  8.568575e-01
    outer loop
      vertex   2.365462e+01  2.000000e+00  4.461736e+01
      vertex   2.365462e+01  0.000000e+00  4.461736e+01
      vertex   2.833995e+01  2.000000e+00  4.179829e+01
    endloop
  endfacet
  facet normal  5.155534e-01  0.000000e+00  8.568575e-01
    outer loop
      vertex   2.833995e+01  2.000000e+00  4.179829e+01
      vertex   2.365462e+01  0.000000e+00  4.461736e+01
      vertex   2.833995e+01  0.000000e+00  4.179829e+01
    endloop
  endfacet
  facet normal  6.051739e-01  0.000000e+00  7.960933e-01
    outer loop
      vertex   2.833995e+01  2.000000e+00  4.179829e+01
      vertex   2.833995e+01  0.000000e+00  4.179829e+01
      vertex   3.269301e+01  2.000000e+00  3.848919e+01
    endloop
  endfacet
  facet normal  6.051739e-01  0.000000e+00  7.960933e-01
    outer loop
      vertex   3.269301e+01  2.000000e+00  3.848919e+01
      vertex   2.833995e+01  0.000000e+00  4.179829e+01
      vertex   3.269301e+01  0.000000e+00  3.848919e+01
    endloop
  endfacet
  facet normal  6.876998e-01  0.000000e+00  7.259952e-01
    outer loop
      vertex   3.269301e+01  2.000000e+00  3.848919e+01
      vertex   3.269301e+01  0.000000e+00  3.848919e+01
      vertex   3.666277e+01  2.000000e+00  3.472882e+01
    endloop
  endfacet
  facet normal  6.876998e-01  0.000000e+00  7.259952e-01
    outer loop
      vertex   3.666277e+01  2.000000e+00  3.472882e+01
      vertex   3.269301e+01  0.000000e+00  3.848919e+01
      vertex   3.666277e+01  0.000000e+00  3.472882e+01
    endloop
  endfacet
  facet normal  7.621623e-01  0.000000e+00  6.473860e-01
    outer loop
      vertex   3.666277e+01  2.000000e+00  3.472882e+01
      vertex   3.666277e+01  0.000000e+00  3.472882e+01
      vertex   4.020270e+01  2.000000e+00  3.056130e+01
    endloop
  endfacet
  facet normal  7.621623e-01  0.000000e+00  6.473860e-01
    outer loop
      vertex   4.020270e+01  2.000000e+00  3.056130e+01
      vertex   3.666277e+01  0.000000e+00  3.472882e+01
      vertex   4.020270e+01  0.000000e+00  3.056130e+01
    endloop
  endfacet
  facet normal  8.276885e-01  0.000000e+00  5.611879e-01
    outer loop
      vertex   4.020270e+01  2.000000e+00  3.056130e+01
      vertex   4.020270e+01  0.000000e+00  3.056130e+01
      vertex   4.327129e+01  2.000000e+00  2.603547e+01
    endloop
  endfacet
  facet normal  8.276885e-01  0.000000e+00  5.611879e-01
    outer loop
      vertex   4.327129e+01  2.000000e+00  2.603547e+01
      vertex   4.020270e+01  0.000000e+00  3.056130e+01
      vertex   4.327129e+01  0.000000e+00  2.603547e+01
    endloop
  endfacet
  facet normal  8.835124e-01  0.000000e+00  4.684078e-01
    outer loop
      vertex   4.327129e+01  2.000000e+00  2.603547e+01
      vertex   4.327129e+01  0.000000e+00  2.603547e+01
      vertex   4.583256e+01  2.000000e+00  2.120440e+01
    endloop
  endfacet
  facet normal  8.835124e-01  0.000000e+00  4.684078e-01
    outer loop
      vertex   4.583256e+01  2.000000e+00  2.120440e+01
      vertex   4.327129e+01  0.000000e+00  2.603547e+01
      vertex   4.583256e+01  0.000000e+00  2.120440e+01
    endloop
  endfacet
  facet normal  9.289768e-01  0.000000e+00  3.701381e-01
    outer loop
      vertex   4.583256e+01  2.000000e+00  2.120440e+01
      vertex   4.583256e+01  0.000000e+00  2.120440e+01
      vertex   4.785648e+01  2.000000e+00  1.612473e+01
    endloop
  endfacet
  facet normal  9.289768e-01  0.000000e+00  3.701381e-01
    outer loop
      vertex   4.785648e+01  2.000000e+00  1.612473e+01
      vertex   4.583256e+01  0.000000e+00  2.120440e+01
      vertex   4.785648e+01  0.000000e+00  1.612473e+01
    endloop
  endfacet
  facet normal  9.635498e-01  0.000000e+00  2.675289e-01
    outer loop
      vertex   4.785648e+01  2.000000e+00  1.612473e+01
      vertex   4.785648e+01  0.000000e+00  1.612473e+01
      vertex   4.931934e+01  2.000000e+00  1.085601e+01
    endloop
  endfacet
  facet normal  9.635498e-01  0.000000e+00  2.675289e-01
    outer loop
      vertex   4.931934e+01  2.000000e+00  1.085601e+01
      vertex   4.785648e+01  0.000000e+00  1.612473e+01
      vertex   4.931934e+01  0.000000e+00  1.085601e+01
    endloop
  endfacet
  facet normal  9.868265e-01  0.000000e+00  1.617819e-01
    outer loop
      vertex   4.931934e+01  2.000000e+00  1.085601e+01
      vertex   4.931934e+01  0.000000e+00  1.085601e+01
      vertex   5.020397e+01  2.000000e+00  5.460010e+00
    endloop
  endfacet
  facet normal  9.868265e-01  0.000000e+00  1.617819e-01
    outer loop
      vertex   5.020397e+01  2.000000e+00  5.460010e+00
      vertex   4.931934e+01  0.000000e+00  1.085601e+01
      vertex   5.020397e+01  0.000000e+00  5.460010e+00
    endloop
  endfacet
  facet normal  0.000000e+00 -1.000000e+00  0.000000e+00
    outer loop
      vertex   5.220258e+01  2.000000e+00 -5.580408e+00
      vertex   5.250000e+01  2.000000e+00  0.000000e+00
      vertex   5.050000e+01  2.000000e+00  0.000000e+00
    endloop
  endfacet
  facet normal  0.000000e+00 -1.000000e+00  0.000000e+00
    outer loop
      vertex   5.050000e+01  2.000000e+00  0.000000e+00
      vertex   5.250000e+01  2.000000e+00  0.000000e+00
      vertex   5.220258e+01  2.000000e+00  5.580408e+00
    endloop
  endfacet
  facet normal  0.000000e+00 -1.000000e+00  0.000000e+00
    outer loop
      vertex   5.050000e+01  2.000000e+00  0.000000e+00
      vertex   5.220258e+01  2.000000e+00  5.580408e+00
      vertex   5.020397e+01  2.000000e+00  5.460010e+00
    endloop
  endfacet
  facet normal  0.000000e+00 -1.000000e+00  0.000000e+00
    outer loop
      vertex   5.020397e+01  2.000000e+00  5.460010e+00
      vertex   5.220258e+01  2.000000e+00  5.580408e+00
      vertex   5.131367e+01  2.000000e+00  1.109759e+01
    endloop
  endfacet
  facet normal  0.000000e+00 -1.000000e+00  0.000000e+00
    outer loop
      vertex   5.020397e+01  2.000000e+00  5.460010e+00
      vertex   5.131367e+01  2.000000e+00  1.109759e+01
      vertex   4.931934e+01  2.000000e+00  1.085601e+01
    endloop
  endfacet
  facet normal  0.000000e+00 -1.000000e+00  0.000000e+00
    outer loop
      vertex   4.931934e+01  2.000000e+00  1.085601e+01
      vertex   5.131367e+01  2.000000e+00  1.109759e+01
      vertex   4.984337e+01  2.000000e+00  1.648903e+01
    endloop
  endfacet
  facet normal  0.000000e+00 -1.000000e+00  0.000000e+00
    outer loop
      vertex   4.931934e+01  2.000000e+00  1.085601e+01
      vertex   4.984337e+01  2.000000e+00  1.648903e+01
      vertex   4.785648e+01  2.000000e+00  1.612473e+01
    endloop
  endfacet
  facet normal  0.000000e+00 -1.000000e+00  0.000000e+00
    outer loop
      vertex   4.785648e+01  2.000000e+00  1.612473e+01
      vertex   4.984337e+01  2.000000e+00  1.648903e+01
      vertex   4.780833e+01  2.000000e+00  2.169364e+01
    endloop
  endfacet
  facet normal  0.000000e+00 -1.000000e+00  0.000000e+00
    outer loop
      vertex   4.785648e+01  2.000000e+00  1.612473e+01
      vertex   4.780833e+01  2.000000e+00  2.169364e+01
      vertex   4.583256e+01  2.000000e+00  2.120440e+01
    endloop
  endfacet
  facet normal  0.000000e+00 -1.000000e+00  0.000000e+00
    outer loop
      vertex   4.583256e+01  2.000000e+00  2.120440e+01
      vertex   4.780833e+01  2.000000e+00  2.169364e+01
      vertex   4.523159e+01  2.000000e+00  2.665245e+01
    endloop
  endfacet
  facet normal  0.000000e+00 -1.000000e+00  0.000000e+00
    outer loop
      vertex   4.583256e+01  2.000000e+00  2.120440e+01
      vertex   4.523159e+01  2.000000e+00  2.665245e+01
      vertex   4.327129e+01  2.000000e+00  2.603547e+01
    endloop
  endfacet
  facet normal  0.000000e+00 -1.000000e+00  0.000000e+00
    outer loop
      vertex   4.327129e+01  2.000000e+00  2.603547e+01
      vertex   4.523159e+01  2.000000e+00  2.665245e+01
      vertex   4.214236e+01  2.000000e+00  3.130928e+01
    endloop
  endfacet
  facet normal  0.000000e+00 -1.000000e+00  0.000000e+00
    outer loop
      vertex   4.327129e+01  2.000000e+00  2.603547e+01
      vertex   4.214236e+01  2.000000e+00  3.130928e+01
      vertex   4.020270e+01  2.000000e+00  3.056130e+01
    endloop
  endfacet
  facet normal  0.000000e+00 -1.000000e+00  0.000000e+00
    outer loop
      vertex   4.020270e+01  2.000000e+00  3.056130e+01
      vertex   4.214236e+01  2.000000e+00  3.130928e+01
      vertex   3.857564e+01  2.000000e+00  3.561137e+01
    endloop
  endfacet
  facet normal  0.000000e+00 -1.000000e+00  0.000000e+00
    outer loop
      vertex   4.020270e+01  2.000000e+00  3.056130e+01
      vertex   3.857564e+01  2.000000e+00  3.561137e+01
      vertex   3.666277e+01  2.000000e+00  3.472882e+01
    endloop
  endfacet
  facet normal  0.000000e+00 -1.000000e+00  0.000000e+00
    outer loop
      vertex   3.666277e+01  2.000000e+00  3.472882e+01
      vertex   3.857564e+01  2.000000e+00  3.561137e+01
      vertex   3.457185e+01  2.000000e+00  3.950997e+01
    endloop
  endfacet
  facet normal  0.000000e+00 -1.000000e+00  0.000000e+00
    outer loop
      vertex   3.666277e+01  2.000000e+00  3.472882e+01
      vertex   3.457185e+01  2.000000e+00  3.950997e+01
      vertex   3.269301e+01  2.000000e+00  3.848919e+01
    endloop
  endfacet
  facet normal  0.000000e+00 -1.000000e+00  0.000000e+00
    outer loop
      vertex   3.269301e+01  2.000000e+00  3.848919e+01
      vertex   3.457185e+01  2.000000e+00  3.950997e+01
      vertex   3.017634e+01  2.000000e+00  4.296090e+01
    endloop
  endfacet
  facet normal  0.000000e+00 -1.000000e+00  0.000000e+00
    outer loop
      vertex   3.269301e+01  2.000000e+00  3.848919e+01
      vertex   3.017634e+01  2.000000e+00  4.296090e+01
      vertex   2.833995e+01  2.000000e+00  4.179829e+01
    endloop
  endfacet
  facet normal  0.000000e+00 -1.000000e+00  0.000000e+00
    outer loop
      vertex   2.833995e+01  2.000000e+00  4.179829e+01
      vertex   3.017634e+01  2.000000e+00  4.296090e+01
      vertex   2.543892e+01  2.000000e+00  4.592506e+01
    endloop
  endfacet
  facet normal  0.000000e+00 -1.000000e+00  0.000000e+00
    outer loop
      vertex   2.833995e+01  2.000000e+00  4.179829e+01
      vertex   2.543892e+01  2.000000e+00  4.592506e+01
      vertex   2.365462e+01  2.000000e+00  4.461736e+01
    endloop
  endfacet
  facet normal  0.000000e+00 -1.000000e+00  0.000000e+00
    outer loop
      vertex   2.365462e+01  2.000000e+00  4.461736e+01
      vertex   2.543892e+01  2.000000e+00  4.592506e+01
      vertex   2.041327e+01  2.000000e+00  4.836888e+01
    endloop
  endfacet
  facet normal  0.000000e+00 -1.000000e+00  0.000000e+00
    outer loop
      vertex   2.365462e+01  2.000000e+00  4.461736e+01
      vertex   2.041327e+01  2.000000e+00  4.836888e+01
      vertex   1.869198e+01  2.000000e+00  4.691332e+01
    endloop
  endfacet
  facet normal  0.000000e+00 -1.000000e+00  0.000000e+00
    outer loop
      vertex   1.869198e+01  2.000000e+00  4.691332e+01
      vertex   2.041327e+01  2.000000e+00  4.836888e+01
      vertex   1.515633e+01  2.000000e+00  5.026466e+01
    endloop
  endfacet
  facet normal  0.000000e+00 -1.000000e+00  0.000000e+00
    outer loop
      vertex   1.869198e+01  2.000000e+00  4.691332e+01
      vertex   1.515633e+01  2.000000e+00  5.026466e+01
      vertex   1.351018e+01  2.000000e+00  4.865928e+01
    endloop
  endfacet
  facet normal  0.000000e+00 -1.000000e+00  0.000000e+00
    outer loop
      vertex   1.351018e+01  2.000000e+00  4.865928e+01
      vertex   1.515633e+01  2.000000e+00  5.026466e+01
      vertex   9.727658e+00  2.000000e+00  5.159092e+01
    endloop
  endfacet
  facet normal  0.000000e+00 -1.000000e+00  0.000000e+00
    outer loop
      vertex   1.351018e+01  2.000000e+00  4.865928e+01
      vertex   9.727658e+00  2.000000e+00  5.159092e+01
      vertex   8.169991e+00  2.000000e+00  4.983474e+01
    endloop
  endfacet
  facet normal  0.000000e+00 -1.000000e+00  0.000000e+00
    outer loop
      vertex   8.169991e+00  2.000000e+00  4.983474e+01
      vertex   9.727658e+00  2.000000e+00  5.159092e+01
      vertex   4.188771e+00  2.000000e+00  5.233263e+01
    endloop
  endfacet
  facet normal  0.000000e+00 -1.000000e+00  0.000000e+00
    outer loop
      vertex   8.169991e+00  2.000000e+00  4.983474e+01
      vertex   4.188771e+00  2.000000e+00  5.233263e+01
      vertex   2.734015e+00  2.000000e+00  5.042594e+01
    endloop
  endfacet
  facet normal  0.000000e+00 -1.000000e+00  0.000000e+00
    outer loop
      vertex   2.734015e+00  2.000000e+00  5.042594e+01
      vertex   4.188771e+00  2.000000e+00  5.233263e+01
      vertex  -1.397577e+00  2.000000e+00  5.248139e+01
    endloop
  endfacet
  facet normal  0.000000e+00 -1.000000e+00  0.000000e+00
    outer loop
      vertex   2.734015e+00  2.000000e+00  5.042594e+01
      vertex  -1.397577e+00  2.000000e+00  5.248139e+01
      vertex  -2.734015e+00  2.000000e+00  5.042594e+01
    endloop
  endfacet
  facet normal  0.000000e+00 -1.000000e+00  0.000000e+00
    outer loop
      vertex  -2.734015e+00  2.000000e+00  5.042594e+01
      vertex  -1.397577e+00  2.000000e+00  5.248139e+01
      vertex  -6.968090e+00  2.000000e+00  5.203552e+01
    endloop
  endfacet
  facet normal -0.000000e+00 -1.000000e+00  0.000000e+00
    outer loop
      vertex  -2.734015e+00  2.000000e+00  5.042594e+01
      vertex  -6.968090e+00  2.000000e+00  5.203552e+01
      vertex  -8.169991e+00  2.000000e+00  4.983474e+01
    endloop
  endfacet
  facet normal  0.000000e+00 -1.000000e+00  0.000000e+00
    outer loop
      vertex  -8.169991e+00  2.000000e+00  4.983474e+01
      vertex  -6.968090e+00  2.000000e+00  5.203552e+01
      vertex  -1.245965e+01  2.000000e+00  5.100007e+01
    endloop
  endfacet
  facet normal -0.000000e+00 -1.000000e+00  0.000000e+00
    outer loop
      vertex  -8.169991e+00  2.000000e+00  4.983474e+01
      vertex  -1.245965e+01  2.000000e+00  5.100007e+01
      vertex  -1.351018e+01  2.000000e+00  4.865928e+01
    endloop
  endfacet
  facet normal  0.000000e+00 -1.000000e+00  0.000000e+00
    outer loop
      vertex  -1.351018e+01  2.000000e+00  4.865928e+01
      vertex  -1.245965e+01  2.000000e+00  5.100007e+01
      vertex  -1.781004e+01  2.000000e+00  4.938676e+01
    endloop
  endfacet
  facet normal -0.000000e+00 -1.000000e+00  0.000000e+00
    outer loop
      vertex  -1.351018e+01  2.000000e+00  4.865928e+01
      vertex  -1.781004e+01  2.000000e+00  4.938676e+01
      vertex  -1.869198e+01  2.000000e+00  4.691332e+01
    endloop
  endfacet
  facet normal  0.000000e+00 -1.000000e+00  0.000000e+00
    outer loop
      vertex  -1.869198e+01  2.000000e+00  4.691332e+01
      vertex  -1.781004e+01  2.000000e+00  4.938676e+01
      vertex  -2.295863e+01  2.000000e+00  4.721389e+01
    endloop
  endfacet
  facet normal -0.000000e+00 -1.000000e+00  0.000000e+00
    outer loop
      vertex  -1.869198e+01  2.000000e+00  4.691332e+01
      vertex  -2.295863e+01  2.000000e+00  4.721389e+01
      vertex  -2.365462e+01  2.000000e+00  4.461736e+01
    endloop
  endfacet
  facet normal -0.000000e+00 -1.000000e+00  0.000000e+00
    outer loop
      vertex  -2.365462e+01  2.000000e+00  4.461736e+01
      vertex  -2.295863e+01  2.000000e+00  4.721389e+01
      vertex  -2.784710e+01  2.000000e+00  4.450606e+01
    endloop
  endfacet
  facet normal  0.000000e+00 -1.000000e+00  0.000000e+00
    outer loop
      vertex  -2.365462e+01  2.000000e+00  4.461736e+01
      vertex  -2.784710e+01  2.000000e+00  4.450606e+01
      vertex  -2.833995e+01  2.000000e+00  4.179829e+01
    endloop
  endfacet
  facet normal -0.000000e+00 -1.000000e+00  0.000000e+00
    outer loop
      vertex  -2.833995e+01  2.000000e+00  4.179829e+01
      vertex  -2.784710e+01  2.000000e+00  4.450606e+01
      vertex  -3.242004e+01  2.000000e+00  4.129395e+01
    endloop
  endfacet
  facet normal  0.000000e+00 -1.000000e+00  0.000000e+00
    outer loop
      vertex  -2.833995e+01  2.000000e+00  4.179829e+01
      vertex  -3.242004e+01  2.000000e+00  4.129395e+01
      vertex  -3.269301e+01  2.000000e+00  3.848919e+01
    endloop
  endfacet
  facet normal -0.000000e+00 -1.000000e+00  0.000000e+00
    outer loop
      vertex  -3.269301e+01  2.000000e+00  3.848919e+01
      vertex  -3.242004e+01  2.000000e+00  4.129395e+01
      vertex  -3.662566e+01  2.000000e+00  3.761398e+01
    endloop
  endfacet
  facet normal  0.000000e+00 -1.000000e+00  0.000000e+00
    outer loop
      vertex  -3.269301e+01  2.000000e+00  3.848919e+01
      vertex  -3.662566e+01  2.000000e+00  3.761398e+01
      vertex  -3.666277e+01  2.000000e+00  3.472882e+01
    endloop
  endfacet
  facet normal -0.000000e+00 -1.000000e+00  0.000000e+00
    outer loop
      vertex  -3.666277e+01  2.000000e+00  3.472882e+01
      vertex  -3.662566e+01  2.000000e+00  3.761398e+01
      vertex  -4.041628e+01  2.000000e+00  3.350782e+01
    endloop
  endfacet
  facet normal  0.000000e+00 -1.000000e+00  0.000000e+00
    outer loop
      vertex  -3.666277e+01  2.000000e+00  3.472882e+01
      vertex  -4.041628e+01  2.000000e+00  3.350782e+01
      vertex  -4.020270e+01  2.000000e+00  3.056130e+01
    endloop
  endfacet
  facet normal -0.000000e+00 -1.000000e+00  0.000000e+00
    outer loop
      vertex  -4.020270e+01  2.000000e+00  3.056130e+01
      vertex  -4.041628e+01  2.000000e+00  3.350782e+01
      vertex  -4.374898e+01  2.000000e+00  2.902201e+01
    endloop
  endfacet
  facet normal  0.000000e+00 -1.000000e+00  0.000000e+00
    outer loop
      vertex  -4.020270e+01  2.000000e+00  3.056130e+01
      vertex  -4.374898e+01  2.000000e+00  2.902201e+01
      vertex  -4.327129e+01  2.000000e+00  2.603547e+01
    endloop
  endfacet
  facet normal -0.000000e+00 -1.000000e+00  0.000000e+00
    outer loop
      vertex  -4.327129e+01  2.000000e+00  2.603547e+01
      vertex  -4.374898e+01  2.000000e+00  2.902201e+01
      vertex  -4.658598e+01  2.000000e+00  2.420736e+01
    endloop
  endfacet
  facet normal  0.000000e+00 -1.000000e+00  0.000000e+00
    outer loop
      vertex  -4.327129e+01  2.000000e+00  2.603547e+01
      vertex  -4.658598e+01  2.000000e+00  2.420736e+01
      vertex  -4.583256e+01  2.000000e+00  2.120440e+01
    endloop
  endfacet
  facet normal -0.000000e+00 -1.000000e+00  0.000000e+00
    outer loop
      vertex  -4.583256e+01  2.000000e+00  2.120440e+01
      vertex  -4.658598e+01  2.000000e+00  2.420736e+01
      vertex  -4.889515e+01  2.000000e+00  1.911843e+01
    endloop
  endfacet
  facet normal  0.000000e+00 -1.000000e+00  0.000000e+00
    outer loop
      vertex  -4.583256e+01  2.000000e+00  2.120440e+01
      vertex  -4.889515e+01  2.000000e+00  1.911843e+01
      vertex  -4.785648e+01  2.000000e+00  1.612473e+01
    endloop
  endfacet
  facet normal -0.000000e+00 -1.000000e+00  0.000000e+00
    outer loop
      vertex  -4.785648e+01  2.000000e+00  1.612473e+01
      vertex  -4.889515e+01  2.000000e+00  1.911843e+01
      vertex  -5.065031e+01  2.000000e+00  1.381288e+01
    endloop
  endfacet
  facet normal  0.000000e+00 -1.000000e+00  0.000000e+00
    outer loop
      vertex  -4.785648e+01  2.000000e+00  1.612473e+01
      vertex  -5.065031e+01  2.000000e+00  1.381288e+01
      vertex  -4.931934e+01  2.000000e+00  1.085601e+01
    endloop
  endfacet
  facet normal -0.000000e+00 -1.000000e+00  0.000000e+00
    outer loop
      vertex  -4.931934e+01  2.000000e+00  1.085601e+01
      vertex  -5.065031e+01  2.000000e+00  1.381288e+01
      vertex  -5.183159e+01  2.000000e+00  8.350834e+00
    endloop
  endfacet
  facet normal  0.000000e+00 -1.000000e+00  0.000000e+00
    outer loop
      vertex  -4.931934e+01  2.000000e+00  1.085601e+01
      vertex  -5.183159e+01  2.000000e+00  8.350834e+00
      vertex  -5.020397e+01  2.000000e+00  5.460010e+00
    endloop
  endfacet
  facet normal -0.000000e+00 -1.000000e+00  0.000000e+00
    outer loop
      vertex  -5.020397e+01  2.000000e+00  5.460010e+00
      vertex  -5.183159e+01  2.000000e+00  8.350834e+00
      vertex  -5.242559e+01  2.000000e+00  2.794164e+00
    endloop
  endfacet
  facet normal  0.000000e+00 -1.000000e+00  0.000000e+00
    outer loop
      vertex  -5.020397e+01  2.000000e+00  5.460010e+00
      vertex  -5.242559e+01  2.000000e+00  2.794164e+00
      vertex  -5.050000e+01  2.000000e+00  0.000000e+00
    endloop
  endfacet
  facet normal -0.000000e+00 -1.000000e+00  0.000000e+00
    outer loop
      vertex  -5.050000e+01  2.000000e+00  0.000000e+00
      vertex  -5.242559e+01  2.000000e+00  2.794164e+00
      vertex  -5.242559e+01  2.000000e+00 -2.794164e+00
    endloop
  endfacet
  facet normal  0.000000e+00 -1.000000e+00 -0.000000e+00
    outer loop
      vertex  -5.050000e+01  2.000000e+00  0.000000e+00
      vertex  -5.242559e+01  2.000000e+00 -2.794164e+00
      vertex  -5.020397e+01  2.000000e+00 -5.460010e+00
    endloop
  endfacet
  facet normal -0.000000e+00 -1.000000e+00  0.000000e+00
    outer loop
      vertex  -5.020397e+01  2.000000e+00 -5.460010e+00
      vertex  -5.242559e+01  2.000000e+00 -2.794164e+00
      vertex  -5.183159e+01  2.000000e+00 -8.350834e+00
    endloop
  endfacet
  facet normal  0.000000e+00 -1.000000e+00 -0.000000e+00
    outer loop
      vertex  -5.020397e+01  2.000000e+00 -5.460010e+00
      vertex  -5.183159e+01  2.000000e+00 -8.350834e+00
      vertex  -4.931934e+01  2.000000e+00 -1.085601e+01
    endloop
  endfacet
  facet normal -0.000000e+00 -1.000000e+00  0.000000e+00
    outer loop
      vertex  -4.931934e+01  2.000000e+00 -1.085601e+01
      vertex  -5.183159e+01  2.000000e+00 -8.350834e+00
      vertex  -5.065031e+01  2.000000e+00 -1.381288e+01
    endloop
  endfacet
  facet normal  0.000000e+00 -1.000000e+00 -0.000000e+00
    outer loop
      vertex  -4.931934e+01  2.000000e+00 -1.085601e+01
      vertex  -5.065031e+01  2.000000e+00 -1.381288e+01
      vertex  -4.785648e+01  2.000000e+00 -1.612473e+01
    endloop
  endfacet
  facet normal -0.000000e+00 -1.000000e+00  0.000000e+00
    outer loop
      vertex  -4.785648e+01  2.000000e+00 -1.612473e+01
      vertex  -5.065031e+01  2.000000e+00 -1.381288e+01
      vertex  -4.889515e+01  2.000000e+00 -1.911843e+01
    endloop
  endfacet
  facet normal  0.000000e+00 -1.000000e+00 -0.000000e+00
    outer loop
      vertex  -4.785648e+01  2.000000e+00 -1.612473e+01
      vertex  -4.889515e+01  2.000000e+00 -1.911843e+01
      vertex  -4.583256e+01  2.000000e+00 -2.120440e+01
    endloop
  endfacet
  facet normal -0.000000e+00 -1.000000e+00  0.000000e+00
    outer loop
      vertex  -4.583256e+01  2.000000e+00 -2.120440e+01
      vertex  -4.889515e+01  2.000000e+00 -1.911843e+01
      vertex  -4.658598e+01  2.000000e+00 -2.420736e+01
    endloop
  endfacet
  facet normal  0.000000e+00 -1.000000e+00 -0.000000e+00
    outer loop
      vertex  -4.583256e+01  2.000000e+00 -2.120440e+01
      vertex  -4.658598e+01  2.000000e+00 -2.420736e+01
      vertex  -4.327129e+01  2.000000e+00 -2.603547e+01
    endloop
  endfacet
  facet normal -0.000000e+00 -1.000000e+00  0.000000e+00
    outer loop
      vertex  -4.327129e+01  2.000000e+00 -2.603547e+01
      vertex  -4.658598e+01  2.000000e+00 -2.420736e+01
      vertex  -4.374898e+01  2.000000e+00 -2.902201e+01
    endloop
  endfacet
  facet normal  0.000000e+00 -1.000000e+00 -0.000000e+00
    outer loop
      vertex  -4.327129e+01  2.000000e+00 -2.603547e+01
      vertex  -4.374898e+01  2.000000e+00 -2.902201e+01
      vertex  -4.020270e+01  2.000000e+00 -3.056130e+01
    endloop
  endfacet
  facet normal -0.000000e+00 -1.000000e+00  0.000000e+00
    outer loop
      vertex  -4.020270e+01  2.000000e+00 -3.056130e+01
      vertex  -4.374898e+01  2.000000e+00 -2.902201e+01
      vertex  -4.041628e+01  2.000000e+00 -3.350782e+01
    endloop
  endfacet
  facet normal  0.000000e+00 -1.000000e+00 -0.000000e+00
    outer loop
      vertex  -4.020270e+01  2.000000e+00 -3.056130e+01
      vertex  -4.041628e+01  2.000000e+00 -3.350782e+01
      vertex  -3.666277e+01  2.000000e+00 -3.472882e+01
    endloop
  endfacet
  facet normal -0.000000e+00 -1.000000e+00 -0.000000e+00
    outer loop
      vertex  -3.666277e+01  2.000000e+00 -3.472882e+01
      vertex  -4.041628e+01  2.000000e+00 -3.350782e+01
      vertex  -3.662566e+01  2.000000e+00 -3.761398e+01
    endloop
  endfacet
  facet normal  0.000000e+00 -1.000000e+00  0.000000e+00
    outer loop
      vertex  -3.666277e+01  2.000000e+00 -3.472882e+01
      vertex  -3.662566e+01  2.000000e+00 -3.761398e+01
      vertex  -3.269301e+01  2.000000e+00 -3.848919e+01
    endloop
  endfacet
  facet normal -0.000000e+00 -1.000000e+00 -0.000000e+00
    outer loop
      vertex  -3.269301e+01  2.000000e+00 -3.848919e+01
      vertex  -3.662566e+01  2.000000e+00 -3.761398e+01
      vertex  -3.242004e+01  2.000000e+00 -4.129395e+01
    endloop
  endfacet
  facet normal  0.000000e+00 -1.000000e+00  0.000000e+00
    outer loop
      vertex  -3.269301e+01  2.000000e+00 -3.848919e+01
      vertex  -3.242004e+01  2.000000e+00 -4.129395e+01
      vertex  -2.833995e+01  2.000000e+00 -4.179829e+01
    endloop
  endfacet
  facet normal -0.000000e+00 -1.000000e+00 -0.000000e+00
    outer loop
      vertex  -2.833995e+01  2.000000e+00 -4.179829e+01
      vertex  -3.242004e+01  2.000000e+00 -4.129395e+01
      vertex  -2.784710e+01  2.000000e+00 -4.450606e+01
    endloop
  endfacet
  facet normal  0.000000e+00 -1.000000e+00  0.000000e+00
    outer loop
      vertex  -2.833995e+01  2.000000e+00 -4.179829e+01
      vertex  -2.784710e+01  2.000000e+00 -4.450606e+01
      vertex  -2.365462e+01  2.000000e+00 -4.461736e+01
    endloop
  endfacet
  facet normal -0.000000e+00 -1.000000e+00 -0.000000e+00
    outer loop
      vertex  -2.365462e+01  2.000000e+00 -4.461736e+01
      vertex  -2.784710e+01  2.000000e+00 -4.450606e+01
      vertex  -2.295863e+01  2.000000e+00 -4.721389e+01
    endloop
  endfacet
  facet normal  0.000000e+00 -1.000000e+00  0.000000e+00
    outer loop
      vertex  -2.365462e+01  2.000000e+00 -4.461736e+01
      vertex  -2.295863e+01  2.000000e+00 -4.721389e+01
      vertex  -1.869198e+01  2.000000e+00 -4.691332e+01
    endloop
  endfacet
  facet normal  0.000000e+00 -1.000000e+00 -0.000000e+00
    outer loop
      vertex  -1.869198e+01  2.000000e+00 -4.691332e+01
      vertex  -2.295863e+01  2.000000e+00 -4.721389e+01
      vertex  -1.781004e+01  2.000000e+00 -4.938676e+01
    endloop
  endfacet
  facet normal  0.000000e+00 -1.000000e+00  0.000000e+00
    outer loop
      vertex  -1.869198e+01  2.000000e+00 -4.691332e+01
      vertex  -1.781004e+01  2.000000e+00 -4.938676e+01
      vertex  -1.351018e+01  2.000000e+00 -4.865928e+01
    endloop
  endfacet
  facet normal  0.000000e+00 -1.000000e+00 -0.000000e+00
    outer loop
      vertex  -1.351018e+01  2.000000e+00 -4.865928e+01
      vertex  -1.781004e+01  2.000000e+00 -4.938676e+01
      vertex  -1.245965e+01  2.000000e+00 -5.100007e+01
    endloop
  endfacet
  facet normal  0.000000e+00 -1.000000e+00  0.000000e+00
    outer loop
      vertex  -1.351018e+01  2.000000e+00 -4.865928e+01
      vertex  -1.245965e+01  2.000000e+00 -5.100007e+01
      vertex  -8.169991e+00  2.000000e+00 -4.983474e+01
    endloop
  endfacet
  facet normal  0.000000e+00 -1.000000e+00 -0.000000e+00
    outer loop
      vertex  -8.169991e+00  2.000000e+00 -4.983474e+01
      vertex  -1.245965e+01  2.000000e+00 -5.100007e+01
      vertex  -6.968090e+00  2.000000e+00 -5.203552e+01
    endloop
  endfacet
  facet normal  0.000000e+00 -1.000000e+00  0.000000e+00
    outer loop
      vertex  -8.169991e+00  2.000000e+00 -4.983474e+01
      vertex  -6.968090e+00  2.000000e+00 -5.203552e+01
      vertex  -2.734015e+00  2.000000e+00 -5.042594e+01
    endloop
  endfacet
  facet normal  0.000000e+00 -1.000000e+00 -0.000000e+00
    outer loop
      vertex  -2.734015e+00  2.000000e+00 -5.042594e+01
      vertex  -6.968090e+00  2.000000e+00 -5.203552e+01
      vertex  -1.397577e+00  2.000000e+00 -5.248139e+01
    endloop
  endfacet
  facet normal  0.000000e+00 -1.000000e+00  0.000000e+00
    outer loop
      vertex  -2.734015e+00  2.000000e+00 -5.042594e+01
      vertex  -1.397577e+00  2.000000e+00 -5.248139e+01
      vertex   2.734015e+00  2.000000e+00 -5.042594e+01
    endloop
  endfacet
  facet normal  0.000000e+00 -1.000000e+00 -0.000000e+00
    outer loop
      vertex   2.734015e+00  2.000000e+00 -5.042594e+01
      vertex  -1.397577e+00  2.000000e+00 -5.248139e+01
      vertex   4.188771e+00  2.000000e+00 -5.233263e+01
    endloop
  endfacet
  facet normal  0.000000e+00 -1.000000e+00  0.000000e+00
    outer loop
      vertex   2.734015e+00  2.000000e+00 -5.042594e+01
      vertex   4.188771e+00  2.000000e+00 -5.233263e+01
      vertex   8.169991e+00  2.000000e+00 -4.983474e+01
    endloop
  endfacet
  facet normal  0.000000e+00 -1.000000e+00 -0.000000e+00
    outer loop
      vertex   8.169991e+00  2.000000e+00 -4.983474e+01
      vertex   4.188771e+00  2.000000e+00 -5.233263e+01
      vertex   9.727658e+00  2.000000e+00 -5.159092e+01
    endloop
  endfacet
  facet normal  0.000000e+00 -1.000000e+00  0.000000e+00
    outer loop
      vertex   8.169991e+00  2.000000e+00 -4.983474e+01
      vertex   9.727658e+00  2.000000e+00 -5.159092e+01
      vertex   1.351018e+01  2.000000e+00 -4.865928e+01
    endloop
  endfacet
  facet normal  0.000000e+00 -1.000000e+00 -0.000000e+00
    outer loop
      vertex   1.351018e+01  2.000000e+00 -4.865928e+01
      vertex   9.727658e+00  2.000000e+00 -5.159092e+01
      vertex   1.515633e+01  2.000000e+00 -5.026466e+01
    endloop
  endfacet
  facet normal  0.000000e+00 -1.000000e+00  0.000000e+00
    outer loop
      vertex   1.351018e+01  2.000000e+00 -4.865928e+01
      vertex   1.515633e+01  2.000000e+00 -5.026466e+01
      vertex   1.869198e+01  2.000000e+00 -4.691332e+01
    endloop
  endfacet
  facet normal  0.000000e+00 -1.000000e+00 -0.000000e+00
    outer loop
      vertex   1.869198e+01  2.000000e+00 -4.691332e+01
      vertex   1.515633e+01  2.000000e+00 -5.026466e+01
      vertex   2.041327e+01  2.000000e+00 -4.836888e+01
    endloop
  endfacet
  facet normal  0.000000e+00 -1.000000e+00  0.000000e+00
    outer loop
      vertex   1.869198e+01  2.000000e+00 -4.691332e+01
      vertex   2.041327e+01  2.000000e+00 -4.836888e+01
      vertex   2.365462e+01  2.000000e+00 -4.461736e+01
    endloop
  endfacet
  facet normal  0.000000e+00 -1.000000e+00 -0.000000e+00
    outer loop
      vertex   2.365462e+01  2.000000e+00 -4.461736e+01
      vertex   2.041327e+01  2.000000e+00 -4.836888e+01
      vertex   2.543892e+01  2.000000e+00 -4.592506e+01
    endloop
  endfacet
  facet normal  0.000000e+00 -1.000000e+00  0.000000e+00
    outer loop
      vertex   2.365462e+01  2.000000e+00 -4.461736e+01
      vertex   2.543892e+01  2.000000e+00 -4.592506e+01
      vertex   2.833995e+01  2.000000e+00 -4.179829e+01
    endloop
  endfacet
  facet normal  0.000000e+00 -1.000000e+00 -0.000000e+00
    outer loop
      vertex   2.833995e+01  2.000000e+00 -4.179829e+01
      vertex   2.543892e+01  2.000000e+00 -4.592506e+01
      vertex   3.017634e+01  2.000000e+00 -4.296090e+01
    endloop
  endfacet
  facet normal  0.000000e+00 -1.000000e+00  0.000000e+00
    outer loop
      vertex   2.833995e+01  2.000000e+00 -4.179829e+01
      vertex   3.017634e+01  2.000000e+00 -4.296090e+01
      vertex   3.269301e+01  2.000000e+00 -3.848919e+01
    endloop
  endfacet
  facet normal  0.000000e+00 -1.000000e+00 -0.000000e+00
    outer loop
      vertex   3.269301e+01  2.000000e+00 -3.848919e+01
      vertex   3.017634e+01  2.000000e+00 -4.296090e+01
      vertex   3.457185e+01  2.000000e+00 -3.950997e+01
    endloop
  endfacet
  facet normal  0.000000e+00 -1.000000e+00  0.000000e+00
    outer loop
      vertex   3.269301e+01  2.000000e+00 -3.848919e+01
      vertex   3.457185e+01  2.000000e+00 -3.950997e+01
      vertex   3.666277e+01  2.000000e+00 -3.472882e+01
    endloop
  endfacet
  facet normal  0.000000e+00 -1.000000e+00 -0.000000e+00
    outer loop
      vertex   3.666277e+01  2.000000e+00 -3.472882e+01
      vertex   3.457185e+01  2.000000e+00 -3.950997e+01
      vertex   3.857564e+01  2.000000e+00 -3.561137e+01
    endloop
  endfacet
  facet normal  0.000000e+00 -1.000000e+00  0.000000e+00
    outer loop
      vertex   3.666277e+01  2.000000e+00 -3.472882e+01
      vertex   3.857564e+01  2.000000e+00 -3.561137e+01
      vertex   4.020270e+01  2.000000e+00 -3.056130e+01
    endloop
  endfacet
  facet normal  0.000000e+00 -1.000000e+00 -0.000000e+00
    outer loop
      vertex   4.020270e+01  2.000000e+00 -3.056130e+01
      vertex   3.857564e+01  2.000000e+00 -3.561137e+01
      vertex   4.214236e+01  2.000000e+00 -3.130928e+01
    endloop
  endfacet
  facet normal  0.000000e+00 -1.000000e+00  0.000000e+00
    outer loop
      vertex   4.020270e+01  2.000000e+00 -3.056130e+01
      vertex   4.214236e+01  2.000000e+00 -3.130928e+01
      vertex   4.327129e+01  2.000000e+00 -2.603547e+01
    endloop
  endfacet
  facet normal  0.000000e+00 -1.000000e+00 -0.000000e+00
    outer loop
      vertex   4.327129e+01  2.000000e+00 -2.603547e+01
      vertex   4.214236e+01  2.000000e+00 -3.130928e+01
      vertex   4.523159e+01  2.000000e+00 -2.665245e+01
    endloop
  endfacet
  facet normal  0.000000e+00 -1.000000e+00  0.000000e+00
    outer loop
      vertex   4.327129e+01  2.000000e+00 -2.603547e+01
      vertex   4.523159e+01  2.000000e+00 -2.665245e+01
      vertex   4.583256e+01  2.000000e+00 -2.120440e+01
    endloop
  endfacet
  facet normal  0.000000e+00 -1.000000e+00 -0.000000e+00
    outer loop
      vertex   4.583256e+01  2.000000e+00 -2.120440e+01
      vertex   4.523159e+01  2.000000e+00 -2.665245e+01
      vertex   4.780833e+01  2.000000e+00 -2.169364e+01
    endloop
  endfacet
  facet normal  0.000000e+00 -1.000000e+00  0.000000e+00
    outer loop
      vertex   4.583256e+01  2.000000e+00 -2.120440e+01
      vertex   4.780833e+01  2.000000e+00 -2.169364e+01
      vertex   4.785648e+01  2.000000e+00 -1.612473e+01
    endloop
  endfacet
  facet normal  0.000000e+00 -1.000000e+00 -0.000000e+00
    outer loop
      vertex   4.785648e+01  2.000000e+00 -1.612473e+01
      vertex   4.780833e+01  2.000000e+00 -2.169364e+01
      vertex   4.984337e+01  2.000000e+00 -1.648903e+01
    endloop
  endfacet
  facet normal  0.000000e+00 -1.000000e+00  0.000000e+00
    outer loop
      vertex   4.785648e+01  2.000000e+00 -1.612473e+01
      vertex   4.984337e+01  2.000000e+00 -1.648903e+01
      vertex   4.931934e+01  2.000000e+00 -1.085601e+01
    endloop
  endfacet
  facet normal  0.000000e+00 -1.000000e+00  0.000000e+00
    outer loop
      vertex   4.931934e+01  2.000000e+00 -1.085601e+01
      vertex   4.984337e+01  2.000000e+00 -1.648903e+01
      vertex   5.131367e+01  2.000000e+00 -1.109759e+01
    endloop
  endfacet
  facet normal  0.000000e+00 -1.000000e+00  0.000000e+00
    outer loop
      vertex   4.931934e+01  2.000000e+00 -1.085601e+01
      vertex   5.131367e+01  2.000000e+00 -1.109759e+01
      vertex   5.020397e+01  2.000000e+00 -5.460010e+00
    endloop
  endfacet
  facet normal  0.000000e+00 -1.000000e+00  0.000000e+00
    outer loop
      vertex   5.020397e+01  2.000000e+00 -5.460010e+00
      vertex   5.131367e+01  2.000000e+00 -1.109759e+01
      vertex   5.220258e+01  2.000000e+00 -5.580408e+00
    endloop
  endfacet
  facet normal  0.000000e+00 -1.000000e+00  0.000000e+00
    outer loop
      vertex   5.020397e+01  2.000000e+00 -5.460010e+00
      vertex   5.220258e+01  2.000000e+00 -5.580408e+00
      vertex   5.050000e+01  2.000000e+00  0.000000e+00
    endloop
  endfacet
  facet normal -9.984269e-01  0.000000e+00  5.607026e-02
    outer loop
      vertex   4.620762e+01  2.200000e+01 -5.206348e+00
      vertex   4.620762e+01  0.000000e+00 -5.206348e+00
      vertex   4.650000e+01  2.200000e+01  0.000000e+00
    endloop
  endfacet
  facet normal -9.984269e-01  0.000000e+00  5.607026e-02
    outer loop
      vertex   4.650000e+01  2.200000e+01  0.000000e+00
      vertex   4.620762e+01  0.000000e+00 -5.206348e+00
      vertex   4.650000e+01  0.000000e+00  0.000000e+00
    endloop
  endfacet
  facet normal -9.984269e-01 -0.000000e+00 -5.607026e-02
    outer loop
      vertex   4.650000e+01  2.200000e+01  0.000000e+00
      vertex   4.650000e+01  0.000000e+00  0.000000e+00
      vertex   4.620762e+01  2.200000e+01  5.206348e+00
    endloop
  endfacet
  facet normal -9.984269e-01 -0.000000e+00 -5.607026e-02
    outer loop
      vertex   4.620762e+01  2.200000e+01  5.206348e+00
      vertex   4.650000e+01  0.000000e+00  0.000000e+00
      vertex   4.620762e+01  0.000000e+00  5.206348e+00
    endloop
  endfacet
  facet normal -9.858710e-01 -0.000000e+00 -1.675063e-01
    outer loop
      vertex   4.620762e+01  2.200000e+01  5.206348e+00
      vertex   4.620762e+01  0.000000e+00  5.206348e+00
      vertex   4.533415e+01  2.200000e+01  1.034722e+01
    endloop
  endfacet
  facet normal -9.858710e-01 -0.000000e+00 -1.675063e-01
    outer loop
      vertex   4.533415e+01  2.200000e+01  1.034722e+01
      vertex   4.620762e+01  0.000000e+00  5.206348e+00
      vertex   4.533415e+01  0.000000e+00  1.034722e+01
    endloop
  endfacet
  facet normal -9.609173e-01 -0.000000e+00 -2.768355e-01
    outer loop
      vertex   4.533415e+01  2.200000e+01  1.034722e+01
      vertex   4.533415e+01  0.000000e+00  1.034722e+01
      vertex   4.389058e+01  2.200000e+01  1.535798e+01
    endloop
  endfacet
  facet normal -9.609173e-01 -0.000000e+00 -2.768355e-01
    outer loop
      vertex   4.389058e+01  2.200000e+01  1.535798e+01
      vertex   4.533415e+01  0.000000e+00  1.034722e+01
      vertex   4.389058e+01  0.000000e+00  1.535798e+01
    endloop
  endfacet
  facet normal -9.238793e-01 -0.000000e+00 -3.826840e-01
    outer loop
      vertex   4.389058e+01  2.200000e+01  1.535798e+01
      vertex   4.389058e+01  0.000000e+00  1.535798e+01
      vertex   4.189505e+01  2.200000e+01  2.017559e+01
    endloop
  endfacet
  facet normal -9.238793e-01 -0.000000e+00 -3.826840e-01
    outer loop
      vertex   4.189505e+01  2.200000e+01  2.017559e+01
      vertex   4.389058e+01  0.000000e+00  1.535798e+01
      vertex   4.189505e+01  0.000000e+00  2.017559e+01
    endloop
  endfacet
  facet normal -8.752238e-01 -0.000000e+00 -4.837181e-01
    outer loop
      vertex   4.189505e+01  2.200000e+01  2.017559e+01
      vertex   4.189505e+01  0.000000e+00  2.017559e+01
      vertex   3.937268e+01  2.200000e+01  2.473949e+01
    endloop
  endfacet
  facet normal -8.752238e-01 -0.000000e+00 -4.837181e-01
    outer loop
      vertex   3.937268e+01  2.200000e+01  2.473949e+01
      vertex   4.189505e+01  0.000000e+00  2.017559e+01
      vertex   3.937268e+01  0.000000e+00  2.473949e+01
    endloop
  endfacet
  facet normal -8.155606e-01 -0.000000e+00 -5.786717e-01
    outer loop
      vertex   3.937268e+01  2.200000e+01  2.473949e+01
      vertex   3.937268e+01  0.000000e+00  2.473949e+01
      vertex   3.635516e+01  2.200000e+01  2.899228e+01
    endloop
  endfacet
  facet normal -8.155606e-01 -0.000000e+00 -5.786717e-01
    outer loop
      vertex   3.635516e+01  2.200000e+01  2.899228e+01
      vertex   3.937268e+01  0.000000e+00  2.473949e+01
      vertex   3.635516e+01  0.000000e+00  2.899228e+01
    endloop
  endfacet
  facet normal -7.456425e-01 -0.000000e+00 -6.663463e-01
    outer loop
      vertex   3.635516e+01  2.200000e+01  2.899228e+01
      vertex   3.635516e+01  0.000000e+00  2.899228e+01
      vertex   3.288047e+01  2.200000e+01  3.288047e+01
    endloop
  endfacet
  facet normal -7.456425e-01 -0.000000e+00 -6.663463e-01
    outer loop
      vertex   3.288047e+01  2.200000e+01  3.288047e+01
      vertex   3.635516e+01  0.000000e+00  2.899228e+01
      vertex   3.288047e+01  0.000000e+00  3.288047e+01
    endloop
  endfacet
  facet normal -6.663463e-01 -0.000000e+00 -7.456425e-01
    outer loop
      vertex   3.288047e+01  2.200000e+01  3.288047e+01
      vertex   3.288047e+01  0.000000e+00  3.288047e+01
      vertex   2.899228e+01  2.200000e+01  3.635516e+01
    endloop
  endfacet
  facet normal -6.663463e-01 -0.000000e+00 -7.456425e-01
    outer loop
      vertex   2.899228e+01  2.200000e+01  3.635516e+01
      vertex   3.288047e+01  0.000000e+00  3.288047e+01
      vertex   2.899228e+01  0.000000e+00  3.635516e+01
    endloop
  endfacet
  facet normal -5.786717e-01 -0.000000e+00 -8.155606e-01
    outer loop
      vertex   2.899228e+01  2.200000e+01  3.635516e+01
      vertex   2.899228e+01  0.000000e+00  3.635516e+01
      vertex   2.473949e+01  2.200000e+01  3.937268e+01
    endloop
  endfacet
  facet normal -5.786717e-01 -0.000000e+00 -8.155606e-01
    outer loop
      vertex   2.473949e+01  2.200000e+01  3.937268e+01
      vertex   2.899228e+01  0.000000e+00  3.635516e+01
      vertex   2.473949e+01  0.000000e+00  3.937268e+01
    endloop
  endfacet
  facet normal -4.837181e-01 -0.000000e+00 -8.752238e-01
    outer loop
      vertex   2.473949e+01  2.200000e+01  3.937268e+01
      vertex   2.473949e+01  0.000000e+00  3.937268e+01
      vertex   2.017559e+01  2.200000e+01  4.189505e+01
    endloop
  endfacet
  facet normal -4.837181e-01 -0.000000e+00 -8.752238e-01
    outer loop
      vertex   2.017559e+01  2.200000e+01  4.189505e+01
      vertex   2.473949e+01  0.000000e+00  3.937268e+01
      vertex   2.017559e+01  0.000000e+00  4.189505e+01
    endloop
  endfacet
  facet normal -3.826840e-01 -0.000000e+00 -9.238793e-01
    outer loop
      vertex   2.017559e+01  2.200000e+01  4.189505e+01
      vertex   2.017559e+01  0.000000e+00  4.189505e+01
      vertex   1.535798e+01  2.200000e+01  4.389058e+01
    endloop
  endfacet
  facet normal -3.826840e-01 -0.000000e+00 -9.238793e-01
    outer loop
      vertex   1.535798e+01  2.200000e+01  4.389058e+01
      vertex   2.017559e+01  0.000000e+00  4.189505e+01
      vertex   1.535798e+01  0.000000e+00  4.389058e+01
    endloop
  endfacet
  facet normal -2.768355e-01 -0.000000e+00 -9.609173e-01
    outer loop
      vertex   1.535798e+01  2.200000e+01  4.389058e+01
      vertex   1.535798e+01  0.000000e+00  4.389058e+01
      vertex   1.034722e+01  2.200000e+01  4.533415e+01
    endloop
  endfacet
  facet normal -2.768355e-01 -0.000000e+00 -9.609173e-01
    outer loop
      vertex   1.034722e+01  2.200000e+01  4.533415e+01
      vertex   1.535798e+01  0.000000e+00  4.389058e+01
      vertex   1.034722e+01  0.000000e+00  4.533415e+01
    endloop
  endfacet
  facet normal -1.675063e-01 -0.000000e+00 -9.858710e-01
    outer loop
      vertex   1.034722e+01  2.200000e+01  4.533415e+01
      vertex   1.034722e+01  0.000000e+00  4.533415e+01
      vertex   5.206348e+00  2.200000e+01  4.620762e+01
    endloop
  endfacet
  facet normal -1.675063e-01 -0.000000e+00 -9.858710e-01
    outer loop
      vertex   5.206348e+00  2.200000e+01  4.620762e+01
      vertex   1.034722e+01  0.000000e+00  4.533415e+01
      vertex   5.206348e+00  0.000000e+00  4.620762e+01
    endloop
  endfacet
  facet normal -5.607026e-02 -0.000000e+00 -9.984269e-01
    outer loop
      vertex   5.206348e+00  2.200000e+01  4.620762e+01
      vertex   5.206348e+00  0.000000e+00  4.620762e+01
      vertex   0.000000e+00  2.200000e+01  4.650000e+01
    endloop
  endfacet
  facet normal -5.607026e-02 -0.000000e+00 -9.984269e-01
    outer loop
      vertex   0.000000e+00  2.200000e+01  4.650000e+01
      vertex   5.206348e+00  0.000000e+00  4.620762e+01
      vertex   0.000000e+00  0.000000e+00  4.650000e+01
    endloop
  endfacet
  facet normal  5.607026e-02  0.000000e+00 -9.984269e-01
    outer loop
      vertex   0.000000e+00  2.200000e+01  4.650000e+01
      vertex   0.000000e+00  0.000000e+00  4.650000e+01
      vertex  -5.206348e+00  2.200000e+01  4.620762e+01
    endloop
  endfacet
  facet normal  5.607026e-02  0.000000e+00 -9.984269e-01
    outer loop
      vertex  -5.206348e+00  2.200000e+01  4.620762e+01
      vertex   0.000000e+00  0.000000e+00  4.650000e+01
      vertex  -5.206348e+00  0.000000e+00  4.620762e+01
    endloop
  endfacet
  facet normal  1.675063e-01  0.000000e+00 -9.858710e-01
    outer loop
      vertex  -5.206348e+00  2.200000e+01  4.620762e+01
      vertex  -5.206348e+00  0.000000e+00  4.620762e+01
      vertex  -1.034722e+01  2.200000e+01  4.533415e+01
    endloop
  endfacet
  facet normal  1.675063e-01  0.000000e+00 -9.858710e-01
    outer loop
      vertex  -1.034722e+01  2.200000e+01  4.533415e+01
      vertex  -5.206348e+00  0.000000e+00  4.620762e+01
      vertex  -1.034722e+01  0.000000e+00  4.533415e+01
    endloop
  endfacet
  facet normal  2.768355e-01  0.000000e+00 -9.609173e-01
    outer loop
      vertex  -1.034722e+01  2.200000e+01  4.533415e+01
      vertex  -1.034722e+01  0.000000e+00  4.533415e+01
      vertex  -1.535798e+01  2.200000e+01  4.389058e+01
    endloop
  endfacet
  facet normal  2.768355e-01  0.000000e+00 -9.609173e-01
    outer loop
      vertex  -1.535798e+01  2.200000e+01  4.389058e+01
      vertex  -1.034722e+01  0.000000e+00  4.533415e+01
      vertex  -1.535798e+01  0.000000e+00  4.389058e+01
    endloop
  endfacet
  facet normal  3.826840e-01  0.000000e+00 -9.238793e-01
    outer loop
      vertex  -1.535798e+01  2.200000e+01  4.389058e+01
      vertex  -1.535798e+01  0.000000e+00  4.389058e+01
      vertex  -2.017559e+01  2.200000e+01  4.189505e+01
    endloop
  endfacet
  facet normal  3.826840e-01  0.000000e+00 -9.238793e-01
    outer loop
      vertex  -2.017559e+01  2.200000e+01  4.189505e+01
      vertex  -1.535798e+01  0.000000e+00  4.389058e+01
      vertex  -2.017559e+01  0.000000e+00  4.189505e+01
    endloop
  endfacet
  facet normal  4.837181e-01  0.000000e+00 -8.752238e-01
    outer loop
      vertex  -2.017559e+01  2.200000e+01  4.189505e+01
      vertex  -2.017559e+01  0.000000e+00  4.189505e+01
      vertex  -2.473949e+01  2.200000e+01  3.937268e+01
    endloop
  endfacet
  facet normal  4.837181e-01  0.000000e+00 -8.752238e-01
    outer loop
      vertex  -2.473949e+01  2.200000e+01  3.937268e+01
      vertex  -2.017559e+01  0.000000e+00  4.189505e+01
      vertex  -2.473949e+01  0.000000e+00  3.937268e+01
    endloop
  endfacet
  facet normal  5.786717e-01  0.000000e+00 -8.155606e-01
    outer loop
      vertex  -2.473949e+01  2.200000e+01  3.937268e+01
      vertex  -2.473949e+01  0.000000e+00  3.937268e+01
      vertex  -2.899228e+01  2.200000e+01  3.635516e+01
    endloop
  endfacet
  facet normal  5.786717e-01  0.000000e+00 -8.155606e-01
    outer loop
      vertex  -2.899228e+01  2.200000e+01  3.635516e+01
      vertex  -2.473949e+01  0.000000e+00  3.937268e+01
      vertex  -2.899228e+01  0.000000e+00  3.635516e+01
    endloop
  endfacet
  facet normal  6.663463e-01  0.000000e+00 -7.456425e-01
    outer loop
      vertex  -2.899228e+01  2.200000e+01  3.635516e+01
      vertex  -2.899228e+01  0.000000e+00  3.635516e+01
      vertex  -3.288047e+01  2.200000e+01  3.288047e+01
    endloop
  endfacet
  facet normal  6.663463e-01  0.000000e+00 -7.456425e-01
    outer loop
      vertex  -3.288047e+01  2.200000e+01  3.288047e+01
      vertex  -2.899228e+01  0.000000e+00  3.635516e+01
      vertex  -3.288047e+01  0.000000e+00  3.288047e+01
    endloop
  endfacet
  facet normal  7.456425e-01  0.000000e+00 -6.663463e-01
    outer loop
      vertex  -3.288047e+01  2.200000e+01  3.288047e+01
      vertex  -3.288047e+01  0.000000e+00  3.288047e+01
      vertex  -3.635516e+01  2.200000e+01  2.899228e+01
    endloop
  endfacet
  facet normal  7.456425e-01  0.000000e+00 -6.663463e-01
    outer loop
      vertex  -3.635516e+01  2.200000e+01  2.899228e+01
      vertex  -3.288047e+01  0.000000e+00  3.288047e+01
      vertex  -3.635516e+01  0.000000e+00  2.899228e+01
    endloop
  endfacet
  facet normal  8.155606e-01  0.000000e+00 -5.786717e-01
    outer loop
      vertex  -3.635516e+01  2.200000e+01  2.899228e+01
      vertex  -3.635516e+01  0.000000e+00  2.899228e+01
      vertex  -3.937268e+01  2.200000e+01  2.473949e+01
    endloop
  endfacet
  facet normal  8.155606e-01  0.000000e+00 -5.786717e-01
    outer loop
      vertex  -3.937268e+01  2.200000e+01  2.473949e+01
      vertex  -3.635516e+01  0.000000e+00  2.899228e+01
      vertex  -3.937268e+01  0.000000e+00  2.473949e+01
    endloop
  endfacet
  facet normal  8.752238e-01  0.000000e+00 -4.837181e-01
    outer loop
      vertex  -3.937268e+01  2.200000e+01  2.473949e+01
      vertex  -3.937268e+01  0.000000e+00  2.473949e+01
      vertex  -4.189505e+01  2.200000e+01  2.017559e+01
    endloop
  endfacet
  facet normal  8.752238e-01  0.000000e+00 -4.837181e-01
    outer loop
      vertex  -4.189505e+01  2.200000e+01  2.017559e+01
      vertex  -3.937268e+01  0.000000e+00  2.473949e+01
      vertex  -4.189505e+01  0.000000e+00  2.017559e+01
    endloop
  endfacet
  facet normal  9.238793e-01  0.000000e+00 -3.826840e-01
    outer loop
      vertex  -4.189505e+01  2.200000e+01  2.017559e+01
      vertex  -4.189505e+01  0.000000e+00  2.017559e+01
      vertex  -4.389058e+01  2.200000e+01  1.535798e+01
    endloop
  endfacet
  facet normal  9.238793e-01  0.000000e+00 -3.826840e-01
    outer loop
      vertex  -4.389058e+01  2.200000e+01  1.535798e+01
      vertex  -4.189505e+01  0.000000e+00  2.017559e+01
      vertex  -4.389058e+01  0.000000e+00  1.535798e+01
    endloop
  endfacet
  facet normal  9.609173e-01  0.000000e+00 -2.768355e-01
    outer loop
      vertex  -4.389058e+01  2.200000e+01  1.535798e+01
      vertex  -4.389058e+01  0.000000e+00  1.535798e+01
      vertex  -4.533415e+01  2.200000e+01  1.034722e+01
    endloop
  endfacet
  facet normal  9.609173e-01  0.000000e+00 -2.768355e-01
    outer loop
      vertex  -4.533415e+01  2.200000e+01  1.034722e+01
      vertex  -4.389058e+01  0.000000e+00  1.535798e+01
      vertex  -4.533415e+01  0.000000e+00  1.034722e+01
    endloop
  endfacet
  facet normal  9.858710e-01  0.000000e+00 -1.675063e-01
    outer loop
      vertex  -4.533415e+01  2.200000e+01  1.034722e+01
      vertex  -4.533415e+01  0.000000e+00  1.034722e+01
      vertex  -4.620762e+01  2.200000e+01  5.206348e+00
    endloop
  endfacet
  facet normal  9.858710e-01  0.000000e+00 -1.675063e-01
    outer loop
      vertex  -4.620762e+01  2.200000e+01  5.206348e+00
      vertex  -4.533415e+01  0.000000e+00  1.034722e+01
      vertex  -4.620762e+01  0.000000e+00  5.206348e+00
    endloop
  endfacet
  facet normal  9.984269e-01  0.000000e+00 -5.607026e-02
    outer loop
      vertex  -4.620762e+01  2.200000e+01  5.206348e+00
      vertex  -4.620762e+01  0.000000e+00  5.206348e+00
      vertex  -4.650000e+01  2.200000e+01  0.000000e+00
    endloop
  endfacet
  facet normal  9.984269e-01  0.000000e+00 -5.607026e-02
    outer loop
      vertex  -4.650000e+01  2.200000e+01  0.000000e+00
      vertex  -4.620762e+01  0.000000e+00  5.206348e+00
      vertex  -4.650000e+01  0.000000e+00  0.000000e+00
    endloop
  endfacet
  facet normal  9.984269e-01  0.000000e+00  5.607026e-02
    outer loop
      vertex  -4.650000e+01  2.200000e+01  0.000000e+00
      vertex  -4.650000e+01  0.000000e+00  0.000000e+00
      vertex  -4.620762e+01  2.200000e+01 -5.206348e+00
    endloop
  endfacet
  facet normal  9.984269e-01  0.000000e+00  5.607026e-02
    outer loop
      vertex  -4.620762e+01  2.200000e+01 -5.206348e+00
      vertex  -4.650000e+01  0.000000e+00  0.000000e+00
      vertex  -4.620762e+01  0.000000e+00 -5.206348e+00
    endloop
  endfacet
  facet normal  9.858710e-01  0.000000e+00  1.675063e-01
    outer loop
      vertex  -4.620762e+01  2.200000e+01 -5.206348e+00
      vertex  -4.620762e+01  0.000000e+00 -5.206348e+00
      vertex  -4.533415e+01  2.200000e+01 -1.034722e+01
    endloop
  endfacet
  facet normal  9.858710e-01  0.000000e+00  1.675063e-01
    outer loop
      vertex  -4.533415e+01  2.200000e+01 -1.034722e+01
      vertex  -4.620762e+01  0.000000e+00 -5.206348e+00
      vertex  -4.533415e+01  0.000000e+00 -1.034722e+01
    endloop
  endfacet
  facet normal  9.609173e-01  0.000000e+00  2.768355e-01
    outer loop
      vertex  -4.533415e+01  2.200000e+01 -1.034722e+01
      vertex  -4.533415e+01  0.000000e+00 -1.034722e+01
      vertex  -4.389058e+01  2.200000e+01 -1.535798e+01
    endloop
  endfacet
  facet normal  9.609173e-01  0.000000e+00  2.768355e-01
    outer loop
      vertex  -4.389058e+01  2.200000e+01 -1.535798e+01
      vertex  -4.533415e+01  0.000000e+00 -1.034722e+01
      vertex  -4.389058e+01  0.000000e+00 -1.535798e+01
    endloop
  endfacet
  facet normal  9.238793e-01  0.000000e+00  3.826840e-01
    outer loop
      vertex  -4.389058e+01  2.200000e+01 -1.535798e+01
      vertex  -4.389058e+01  0.000000e+00 -1.535798e+01
      vertex  -4.189505e+01  2.200000e+01 -2.017559e+01
    endloop
  endfacet
  facet normal  9.238793e-01  0.000000e+00  3.826840e-01
    outer loop
      vertex  -4.189505e+01  2.200000e+01 -2.017559e+01
      vertex  -4.389058e+01  0.000000e+00 -1.535798e+01
      vertex  -4.189505e+01  0.000000e+00 -2.017559e+01
    endloop
  endfacet
  facet normal  8.752238e-01  0.000000e+00  4.837181e-01
    outer loop
      vertex  -4.189505e+01  2.200000e+01 -2.017559e+01
      vertex  -4.189505e+01  0.000000e+00 -2.017559e+01
      vertex  -3.937268e+01  2.200000e+01 -2.473949e+01
    endloop
  endfacet
  facet normal  8.752238e-01  0.000000e+00  4.837181e-01
    outer loop
      vertex  -3.937268e+01  2.200000e+01 -2.473949e+01
      vertex  -4.189505e+01  0.000000e+00 -2.017559e+01
      vertex  -3.937268e+01  0.000000e+00 -2.473949e+01
    endloop
  endfacet
  facet normal  8.155606e-01  0.000000e+00  5.786717e-01
    outer loop
      vertex  -3.937268e+01  2.200000e+01 -2.473949e+01
      vertex  -3.937268e+01  0.000000e+00 -2.473949e+01
      vertex  -3.635516e+01  2.200000e+01 -2.899228e+01
    endloop
  endfacet
  facet normal  8.155606e-01  0.000000e+00  5.786717e-01
    outer loop
      vertex  -3.635516e+01  2.200000e+01 -2.899228e+01
      vertex  -3.937268e+01  0.000000e+00 -2.473949e+01
      vertex  -3.635516e+01  0.000000e+00 -2.899228e+01
    endloop
  endfacet
  facet normal  7.456425e-01  0.000000e+00  6.663463e-01
    outer loop
      vertex  -3.635516e+01  2.200000e+01 -2.899228e+01
      vertex  -3.635516e+01  0.000000e+00 -2.899228e+01
      vertex  -3.288047e+01  2.200000e+01 -3.288047e+01
    endloop
  endfacet
  facet normal  7.456425e-01  0.000000e+00  6.663463e-01
    outer loop
      vertex  -3.288047e+01  2.200000e+01 -3.288047e+01
      vertex  -3.635516e+01  0.000000e+00 -2.899228e+01
      vertex  -3.288047e+01  0.000000e+00 -3.288047e+01
    endloop
  endfacet
  facet normal  6.663463e-01  0.000000e+00  7.456425e-01
    outer loop
      vertex  -3.288047e+01  2.200000e+01 -3.288047e+01
      vertex  -3.288047e+01  0.000000e+00 -3.288047e+01
      vertex  -2.899228e+01  2.200000e+01 -3.635516e+01
    endloop
  endfacet
  facet normal  6.663463e-01  0.000000e+00  7.456425e-01
    outer loop
      vertex  -2.899228e+01  2.200000e+01 -3.635516e+01
      vertex  -3.288047e+01  0.000000e+00 -3.288047e+01
      vertex  -2.899228e+01  0.000000e+00 -3.635516e+01
    endloop
  endfacet
  facet normal  5.786717e-01  0.000000e+00  8.155606e-01
    outer loop
      vertex  -2.899228e+01  2.200000e+01 -3.635516e+01
      vertex  -2.899228e+01  0.000000e+00 -3.635516e+01
      vertex  -2.473949e+01  2.200000e+01 -3.937268e+01
    endloop
  endfacet
  facet normal  5.786717e-01  0.000000e+00  8.155606e-01
    outer loop
      vertex  -2.473949e+01  2.200000e+01 -3.937268e+01
      vertex  -2.899228e+01  0.000000e+00 -3.635516e+01
      vertex  -2.473949e+01  0.000000e+00 -3.937268e+01
    endloop
  endfacet
  facet normal  4.837181e-01  0.000000e+00  8.752238e-01
    outer loop
      vertex  -2.473949e+01  2.200000e+01 -3.937268e+01
      vertex  -2.473949e+01  0.000000e+00 -3.937268e+01
      vertex  -2.017559e+01  2.200000e+01 -4.189505e+01
    endloop
  endfacet
  facet normal  4.837181e-01  0.000000e+00  8.752238e-01
    outer loop
      vertex  -2.017559e+01  2.200000e+01 -4.189505e+01
      vertex  -2.473949e+01  0.000000e+00 -3.937268e+01
      vertex  -2.017559e+01  0.000000e+00 -4.189505e+01
    endloop
  endfacet
  facet normal  3.826840e-01  0.000000e+00  9.238793e-01
    outer loop
      vertex  -2.017559e+01  2.200000e+01 -4.189505e+01
      vertex  -2.017559e+01  0.000000e+00 -4.189505e+01
      vertex  -1.535798e+01  2.200000e+01 -4.389058e+01
    endloop
  endfacet
  facet normal  3.826840e-01  0.000000e+00  9.238793e-01
    outer loop
      vertex  -1.535798e+01  2.200000e+01 -4.389058e+01
      vertex  -2.017559e+01  0.000000e+00 -4.189505e+01
      vertex  -1.535798e+01  0.000000e+00 -4.389058e+01
    endloop
  endfacet
  facet normal  2.768355e-01  0.000000e+00  9.609173e-01
    outer loop
      vertex  -1.535798e+01  2.200000e+01 -4.389058e+01
      vertex  -1.535798e+01  0.000000e+00 -4.389058e+01
      vertex  -1.034722e+01  2.200000e+01 -4.533415e+01
    endloop
  endfacet
  facet normal  2.768355e-01  0.000000e+00  9.609173e-01
    outer loop
      vertex  -1.034722e+01  2.200000e+01 -4.533415e+01
      vertex  -1.535798e+01  0.000000e+00 -4.389058e+01
      vertex  -1.034722e+01  0.000000e+00 -4.533415e+01
    endloop
  endfacet
  facet normal  1.675063e-01  0.000000e+00  9.858710e-01
    outer loop
      vertex  -1.034722e+01  2.200000e+01 -4.533415e+01
      vertex  -1.034722e+01  0.000000e+00 -4.533415e+01
      vertex  -5.206348e+00  2.200000e+01 -4.620762e+01
    endloop
  endfacet
  facet normal  1.675063e-01  0.000000e+00  9.858710e-01
    outer loop
      vertex  -5.206348e+00  2.200000e+01 -4.620762e+01
      vertex  -1.034722e+01  0.000000e+00 -4.533415e+01
      vertex  -5.206348e+00  0.000000e+00 -4.620762e+01
    endloop
  endfacet
  facet normal  5.607026e-02  0.000000e+00  9.984269e-01
    outer loop
      vertex  -5.206348e+00  2.200000e+01 -4.620762e+01
      vertex  -5.206348e+00  0.000000e+00 -4.620762e+01
      vertex   0.000000e+00  2.200000e+01 -4.650000e+01
    endloop
  endfacet
  facet normal  5.607026e-02  0.000000e+00  9.984269e-01
    outer loop
      vertex   0.000000e+00  2.200000e+01 -4.650000e+01
      vertex  -5.206348e+00  0.000000e+00 -4.620762e+01
      vertex   0.000000e+00  0.000000e+00 -4.650000e+01
    endloop
  endfacet
  facet normal -5.607026e-02  0.000000e+00  9.984269e-01
    outer loop
      vertex   0.000000e+00  2.200000e+01 -4.650000e+01
      vertex   0.000000e+00  0.000000e+00 -4.650000e+01
      vertex   5.206348e+00  2.200000e+01 -4.620762e+01
    endloop
  endfacet
  facet normal -5.607026e-02  0.000000e+00  9.984269e-01
    outer loop
      vertex   5.206348e+00  2.200000e+01 -4.620762e+01
      vertex   0.000000e+00  0.000000e+00 -4.650000e+01
      vertex   5.206348e+00  0.000000e+00 -4.620762e+01
    endloop
  endfacet
  facet normal -1.675063e-01  0.000000e+00  9.858710e-01
    outer loop
      vertex   5.206348e+00  2.200000e+01 -4.620762e+01
      vertex   5.206348e+00  0.000000e+00 -4.620762e+01
      vertex   1.034722e+01  2.200000e+01 -4.533415e+01
    endloop
  endfacet
  facet normal -1.675063e-01  0.000000e+00  9.858710e-01
    outer loop
      vertex   1.034722e+01  2.200000e+01 -4.533415e+01
      vertex   5.206348e+00  0.000000e+00 -4.620762e+01
      vertex   1.034722e+01  0.000000e+00 -4.533415e+01
    endloop
  endfacet
  facet normal -2.768355e-01  0.000000e+00  9.609173e-01
    outer loop
      vertex   1.034722e+01  2.200000e+01 -4.533415e+01
      vertex   1.034722e+01  0.000000e+00 -4.533415e+01
      vertex   1.535798e+01  2.200000e+01 -4.389058e+01
    endloop
  endfacet
  facet normal -2.768355e-01  0.000000e+00  9.609173e-01
    outer loop
      vertex   1.535798e+01  2.200000e+01 -4.389058e+01
      vertex   1.034722e+01  0.000000e+00 -4.533415e+01
      vertex   1.535798e+01  0.000000e+00 -4.389058e+01
    endloop
  endfacet
  facet normal -3.826840e-01  0.000000e+00  9.238793e-01
    outer loop
      vertex   1.535798e+01  2.200000e+01 -4.389058e+01
      vertex   1.535798e+01  0.000000e+00 -4.389058e+01
      vertex   2.017559e+01  2.200000e+01 -4.189505e+01
    endloop
  endfacet
  facet normal -3.826840e-01  0.000000e+00  9.238793e-01
    outer loop
      vertex   2.017559e+01  2.200000e+01 -4.189505e+01
      vertex   1.535798e+01  0.000000e+00 -4.389058e+01
      vertex   2.017559e+01  0.000000e+00 -4.189505e+01
    endloop
  endfacet
  facet normal -4.837181e-01  0.000000e+00  8.752238e-01
    outer loop
      vertex   2.017559e+01  2.200000e+01 -4.189505e+01
      vertex   2.017559e+01  0.000000e+00 -4.189505e+01
      vertex   2.473949e+01  2.200000e+01 -3.937268e+01
    endloop
  endfacet
  facet normal -4.837181e-01  0.000000e+00  8.752238e-01
    outer loop
      vertex   2.473949e+01  2.200000e+01 -3.937268e+01
      vertex   2.017559e+01  0.000000e+00 -4.189505e+01
      vertex   2.473949e+01  0.000000e+00 -3.937268e+01
    endloop
  endfacet
  facet normal -5.786717e-01  0.000000e+00  8.155606e-01
    outer loop
      vertex   2.473949e+01  2.200000e+01 -3.937268e+01
      vertex   2.473949e+01  0.000000e+00 -3.937268e+01
      vertex   2.899228e+01  2.200000e+01 -3.635516e+01
    endloop
  endfacet
  facet normal -5.786717e-01  0.000000e+00  8.155606e-01
    outer loop
      vertex   2.899228e+01  2.200000e+01 -3.635516e+01
      vertex   2.473949e+01  0.000000e+00 -3.937268e+01
      vertex   2.899228e+01  0.000000e+00 -3.635516e+01
    endloop
  endfacet
  facet normal -6.663463e-01  0.000000e+00  7.456425e-01
    outer loop
      vertex   2.899228e+01  2.200000e+01 -3.635516e+01
      vertex   2.899228e+01  0.000000e+00 -3.635516e+01
      vertex   3.288047e+01  2.200000e+01 -3.288047e+01
    endloop
  endfacet
  facet normal -6.663463e-01  0.000000e+00  7.456425e-01
    outer loop
      vertex   3.288047e+01  2.200000e+01 -3.288047e+01
      vertex   2.899228e+01  0.000000e+00 -3.635516e+01
      vertex   3.288047e+01  0.000000e+00 -3.288047e+01
    endloop
  endfacet
  facet normal -7.456425e-01  0.000000e+00  6.663463e-01
    outer loop
      vertex   3.288047e+01  2.200000e+01 -3.288047e+01
      vertex   3.288047e+01  0.000000e+00 -3.288047e+01
      vertex   3.635516e+01  2.200000e+01 -2.899228e+01
    endloop
  endfacet
  facet normal -7.456425e-01  0.000000e+00  6.663463e-01
    outer loop
      vertex   3.635516e+01  2.200000e+01 -2.899228e+01
      vertex   3.288047e+01  0.000000e+00 -3.288047e+01
      vertex   3.635516e+01  0.000000e+00 -2.899228e+01
    endloop
  endfacet
  facet normal -8.155606e-01  0.000000e+00  5.786717e-01
    outer loop
      vertex   3.635516e+01  2.200000e+01 -2.899228e+01
      vertex   3.635516e+01  0.000000e+00 -2.899228e+01
      vertex   3.937268e+01  2.200000e+01 -2.473949e+01
    endloop
  endfacet
  facet normal -8.155606e-01  0.000000e+00  5.786717e-01
    outer loop
      vertex   3.937268e+01  2.200000e+01 -2.473949e+01
      vertex   3.635516e+01  0.000000e+00 -2.899228e+01
      vertex   3.937268e+01  0.000000e+00 -2.473949e+01
    endloop
  endfacet
  facet normal -8.752238e-01  0.000000e+00  4.837181e-01
    outer loop
      vertex   3.937268e+01  2.200000e+01 -2.473949e+01
      vertex   3.937268e+01  0.000000e+00 -2.473949e+01
      vertex   4.189505e+01  2.200000e+01 -2.017559e+01
    endloop
  endfacet
  facet normal -8.752238e-01  0.000000e+00  4.837181e-01
    outer loop
      vertex   4.189505e+01  2.200000e+01 -2.017559e+01
      vertex   3.937268e+01  0.000000e+00 -2.473949e+01
      vertex   4.189505e+01  0.000000e+00 -2.017559e+01
    endloop
  endfacet
  facet normal -9.238793e-01  0.000000e+00  3.826840e-01
    outer loop
      vertex   4.189505e+01  2.200000e+01 -2.017559e+01
      vertex   4.189505e+01  0.000000e+00 -2.017559e+01
      vertex   4.389058e+01  2.200000e+01 -1.535798e+01
    endloop
  endfacet
  facet normal -9.238793e-01  0.000000e+00  3.826840e-01
    outer loop
      vertex   4.389058e+01  2.200000e+01 -1.535798e+01
      vertex   4.189505e+01  0.000000e+00 -2.017559e+01
      vertex   4.389058e+01  0.000000e+00 -1.535798e+01
    endloop
  endfacet
  facet normal -9.609173e-01  0.000000e+00  2.768355e-01
    outer loop
      vertex   4.389058e+01  2.200000e+01 -1.535798e+01
      vertex   4.389058e+01  0.000000e+00 -1.535798e+01
      vertex   4.533415e+01  2.200000e+01 -1.034722e+01
    endloop
  endfacet
  facet normal -9.609173e-01  0.000000e+00  2.768355e-01
    outer loop
      vertex   4.533415e+01  2.200000e+01 -1.034722e+01
      vertex   4.389058e+01  0.000000e+00 -1.535798e+01
      vertex   4.533415e+01  0.000000e+00 -1.034722e+01
    endloop
  endfacet
  facet normal -9.858710e-01  0.000000e+00  1.675063e-01
    outer loop
      vertex   4.533415e+01  2.200000e+01 -1.034722e+01
      vertex   4.533415e+01  0.000000e+00 -1.034722e+01
      vertex   4.620762e+01  2.200000e+01 -5.206348e+00
    endloop
  endfacet
  facet normal -9.858710e-01  0.000000e+00  1.675063e-01
    outer loop
      vertex   4.620762e+01  2.200000e+01 -5.206348e+00
      vertex   4.533415e+01  0.000000e+00 -1.034722e+01
      vertex   4.620762e+01  0.000000e+00 -5.206348e+00
    endloop
  endfacet
  facet normal  9.985770e-01 -3.382168e-03 -5.322210e-02
    outer loop
      vertex   5.220258e+01  2.000000e+00 -5.580408e+00
      vertex   5.242559e+01  2.400000e+01 -2.794164e+00
      vertex   5.250000e+01  2.000000e+00  0.000000e+00
    endloop
  endfacet
  facet normal  9.999943e-01  3.382230e-03  0.000000e+00
    outer loop
      vertex   5.250000e+01  2.000000e+00  0.000000e+00
      vertex   5.242559e+01  2.400000e+01 -2.794164e+00
      vertex   5.242559e+01  2.400000e+01  2.794164e+00
    endloop
  endfacet
  facet normal  9.985770e-01 -3.382168e-03  5.322210e-02
    outer loop
      vertex   5.250000e+01  2.000000e+00  0.000000e+00
      vertex   5.242559e+01  2.400000e+01  2.794164e+00
      vertex   5.220258e+01  2.000000e+00  5.580408e+00
    endloop
  endfacet
  facet normal  9.943292e-01  3.382143e-03  1.062927e-01
    outer loop
      vertex   5.220258e+01  2.000000e+00  5.580408e+00
      vertex   5.242559e+01  2.400000e+01  2.794164e+00
      vertex   5.183159e+01  2.400000e+01  8.350834e+00
    endloop
  endfacet
  facet normal  9.872627e-01 -3.382290e-03  1.590629e-01
    outer loop
      vertex   5.220258e+01  2.000000e+00  5.580408e+00
      vertex   5.183159e+01  2.400000e+01  8.350834e+00
      vertex   5.131367e+01  2.000000e+00  1.109759e+01
    endloop
  endfacet
  facet normal  9.773978e-01  3.382017e-03  2.113813e-01
    outer loop
      vertex   5.131367e+01  2.000000e+00  1.109759e+01
      vertex   5.183159e+01  2.400000e+01  8.350834e+00
      vertex   5.065031e+01  2.400000e+01  1.381288e+01
    endloop
  endfacet
  facet normal  9.647624e-01 -3.382351e-03  2.631009e-01
    outer loop
      vertex   5.131367e+01  2.000000e+00  1.109759e+01
      vertex   5.065031e+01  2.400000e+01  1.381288e+01
      vertex   4.984337e+01  2.000000e+00  1.648903e+01
    endloop
  endfacet
  facet normal  9.493921e-01  3.382059e-03  3.140751e-01
    outer loop
      vertex   4.984337e+01  2.000000e+00  1.648903e+01
      vertex   5.065031e+01  2.400000e+01  1.381288e+01
      vertex   4.889515e+01  2.400000e+01  1.911843e+01
    endloop
  endfacet
  facet normal  9.313310e-01 -3.382221e-03  3.641580e-01
    outer loop
      vertex   4.984337e+01  2.000000e+00  1.648903e+01
      vertex   4.889515e+01  2.400000e+01  1.911843e+01
      vertex   4.780833e+01  2.000000e+00  2.169364e+01
    endloop
  endfacet
  facet normal  9.106295e-01  3.382246e-03  4.132100e-01
    outer loop
      vertex   4.780833e+01  2.000000e+00  2.169364e+01
      vertex   4.889515e+01  2.400000e+01  1.911843e+01
      vertex   4.658598e+01  2.400000e+01  2.420736e+01
    endloop
  endfacet
  facet normal  8.873470e-01 -3.382096e-03  4.610899e-01
    outer loop
      vertex   4.780833e+01  2.000000e+00  2.169364e+01
      vertex   4.658598e+01  2.400000e+01  2.420736e+01
      vertex   4.523159e+01  2.000000e+00  2.665245e+01
    endloop
  endfacet
  facet normal  8.615491e-01  3.382284e-03  5.076630e-01
    outer loop
      vertex   4.523159e+01  2.000000e+00  2.665245e+01
      vertex   4.658598e+01  2.400000e+01  2.420736e+01
      vertex   4.374898e+01  2.400000e+01  2.902201e+01
    endloop
  endfacet
  facet normal  8.333093e-01 -3.382052e-03  5.527968e-01
    outer loop
      vertex   4.523159e+01  2.000000e+00  2.665245e+01
      vertex   4.374898e+01  2.400000e+01  2.902201e+01
      vertex   4.214236e+01  2.000000e+00  3.130928e+01
    endloop
  endfacet
  facet normal  8.027071e-01  3.382309e-03  5.963639e-01
    outer loop
      vertex   4.214236e+01  2.000000e+00  3.130928e+01
      vertex   4.374898e+01  2.400000e+01  2.902201e+01
      vertex   4.041628e+01  2.400000e+01  3.350782e+01
    endloop
  endfacet
  facet normal  7.698295e-01 -3.382104e-03  6.382406e-01
    outer loop
      vertex   4.214236e+01  2.000000e+00  3.130928e+01
      vertex   4.041628e+01  2.400000e+01  3.350782e+01
      vertex   3.857564e+01  2.000000e+00  3.561137e+01
    endloop
  endfacet
  facet normal  7.347702e-01  3.382204e-03  6.783077e-01
    outer loop
      vertex   3.857564e+01  2.000000e+00  3.561137e+01
      vertex   4.041628e+01  2.400000e+01  3.350782e+01
      vertex   3.662566e+01  2.400000e+01  3.761398e+01
    endloop
  endfacet
  facet normal  6.976275e-01 -3.382201e-03  7.164527e-01
    outer loop
      vertex   3.857564e+01  2.000000e+00  3.561137e+01
      vertex   3.662566e+01  2.400000e+01  3.761398e+01
      vertex   3.457185e+01  2.000000e+00  3.950997e+01
    endloop
  endfacet
  facet normal  6.585069e-01  3.382294e-03  7.525671e-01
    outer loop
      vertex   3.457185e+01  2.000000e+00  3.950997e+01
      vertex   3.662566e+01  2.400000e+01  3.761398e+01
      vertex   3.242004e+01  2.400000e+01  4.129395e+01
    endloop
  endfacet
  facet normal  6.175209e-01 -3.381985e-03  7.865472e-01
    outer loop
      vertex   3.457185e+01  2.000000e+00  3.950997e+01
      vertex   3.242004e+01  2.400000e+01  4.129395e+01
      vertex   3.017634e+01  2.000000e+00  4.296090e+01
    endloop
  endfacet
  facet normal  5.747848e-01  3.382251e-03  8.182976e-01
    outer loop
      vertex   3.017634e+01  2.000000e+00  4.296090e+01
      vertex   3.242004e+01  2.400000e+01  4.129395e+01
      vertex   2.784710e+01  2.400000e+01  4.450606e+01
    endloop
  endfacet
  facet normal  5.304183e-01 -3.382154e-03  8.477293e-01
    outer loop
      vertex   3.017634e+01  2.000000e+00  4.296090e+01
      vertex   2.784710e+01  2.400000e+01  4.450606e+01
      vertex   2.543892e+01  2.000000e+00  4.592506e+01
    endloop
  endfacet
  facet normal  4.845485e-01  3.382219e-03  8.747579e-01
    outer loop
      vertex   2.543892e+01  2.000000e+00  4.592506e+01
      vertex   2.784710e+01  2.400000e+01  4.450606e+01
      vertex   2.295863e+01  2.400000e+01  4.721389e+01
    endloop
  endfacet
  facet normal  4.373043e-01 -3.382283e-03  8.993073e-01
    outer loop
      vertex   2.543892e+01  2.000000e+00  4.592506e+01
      vertex   2.295863e+01  2.400000e+01  4.721389e+01
      vertex   2.041327e+01  2.000000e+00  4.836888e+01
    endloop
  endfacet
  facet normal  3.888216e-01  3.382043e-03  9.213068e-01
    outer loop
      vertex   2.041327e+01  2.000000e+00  4.836888e+01
      vertex   2.295863e+01  2.400000e+01  4.721389e+01
      vertex   1.781004e+01  2.400000e+01  4.938676e+01
    endloop
  endfacet
  facet normal  3.392376e-01 -3.382189e-03  9.406947e-01
    outer loop
      vertex   2.041327e+01  2.000000e+00  4.836888e+01
      vertex   1.781004e+01  2.400000e+01  4.938676e+01
      vertex   1.515633e+01  2.000000e+00  5.026466e+01
    endloop
  endfacet
  facet normal  2.886900e-01  3.382312e-03  9.574167e-01
    outer loop
      vertex   1.515633e+01  2.000000e+00  5.026466e+01
      vertex   1.781004e+01  2.400000e+01  4.938676e+01
      vertex   1.245965e+01  2.400000e+01  5.100007e+01
    endloop
  endfacet
  facet normal  2.373247e-01 -3.382097e-03  9.714245e-01
    outer loop
      vertex   1.515633e+01  2.000000e+00  5.026466e+01
      vertex   1.245965e+01  2.400000e+01  5.100007e+01
      vertex   9.727658e+00  2.000000e+00  5.159092e+01
    endloop
  endfacet
  facet normal  1.852876e-01  3.382195e-03  9.826785e-01
    outer loop
      vertex   9.727658e+00  2.000000e+00  5.159092e+01
      vertex   1.245965e+01  2.400000e+01  5.100007e+01
      vertex   6.968090e+00  2.400000e+01  5.203552e+01
    endloop
  endfacet
  facet normal  1.327249e-01 -3.382155e-03  9.911472e-01
    outer loop
      vertex   9.727658e+00  2.000000e+00  5.159092e+01
      vertex   6.968090e+00  2.400000e+01  5.203552e+01
      vertex   4.188771e+00  2.000000e+00  5.233263e+01
    endloop
  endfacet
  facet normal  7.978538e-02  3.382263e-03  9.968064e-01
    outer loop
      vertex   4.188771e+00  2.000000e+00  5.233263e+01
      vertex   6.968090e+00  2.400000e+01  5.203552e+01
      vertex   1.397577e+00  2.400000e+01  5.248139e+01
    endloop
  endfacet
  facet normal  2.661993e-02 -3.382128e-03  9.996399e-01
    outer loop
      vertex   4.188771e+00  2.000000e+00  5.233263e+01
      vertex   1.397577e+00  2.400000e+01  5.248139e+01
      vertex  -1.397577e+00  2.000000e+00  5.248139e+01
    endloop
  endfacet
  facet normal -2.661993e-02  3.382128e-03  9.996399e-01
    outer loop
      vertex  -1.397577e+00  2.000000e+00  5.248139e+01
      vertex   1.397577e+00  2.400000e+01  5.248139e+01
      vertex  -4.188771e+00  2.400000e+01  5.233263e+01
    endloop
  endfacet
  facet normal -7.978538e-02 -3.382263e-03  9.968064e-01
    outer loop
      vertex  -1.397577e+00  2.000000e+00  5.248139e+01
      vertex  -4.188771e+00  2.400000e+01  5.233263e+01
      vertex  -6.968090e+00  2.000000e+00  5.203552e+01
    endloop
  endfacet
  facet normal -1.327249e-01  3.382153e-03  9.911472e-01
    outer loop
      vertex  -6.968090e+00  2.000000e+00  5.203552e+01
      vertex  -4.188771e+00  2.400000e+01  5.233263e+01
      vertex  -9.727658e+00  2.400000e+01  5.159092e+01
    endloop
  endfacet
  facet normal -1.852876e-01 -3.382194e-03  9.826785e-01
    outer loop
      vertex  -6.968090e+00  2.000000e+00  5.203552e+01
      vertex  -9.727658e+00  2.400000e+01  5.159092e+01
      vertex  -1.245965e+01  2.000000e+00  5.100007e+01
    endloop
  endfacet
  facet normal -2.373247e-01  3.382098e-03  9.714245e-01
    outer loop
      vertex  -1.245965e+01  2.000000e+00  5.100007e+01
      vertex  -9.727658e+00  2.400000e+01  5.159092e+01
      vertex  -1.515633e+01  2.400000e+01  5.026466e+01
    endloop
  endfacet
  facet normal -2.886900e-01 -3.382311e-03  9.574167e-01
    outer loop
      vertex  -1.245965e+01  2.000000e+00  5.100007e+01
      vertex  -1.515633e+01  2.400000e+01  5.026466e+01
      vertex  -1.781004e+01  2.000000e+00  4.938676e+01
    endloop
  endfacet
  facet normal -3.392376e-01  3.382191e-03  9.406947e-01
    outer loop
      vertex  -1.781004e+01  2.000000e+00  4.938676e+01
      vertex  -1.515633e+01  2.400000e+01  5.026466e+01
      vertex  -2.041327e+01  2.400000e+01  4.836888e+01
    endloop
  endfacet
  facet normal -3.888216e-01 -3.382043e-03  9.213068e-01
    outer loop
      vertex  -1.781004e+01  2.000000e+00  4.938676e+01
      vertex  -2.041327e+01  2.400000e+01  4.836888e+01
      vertex  -2.295863e+01  2.000000e+00  4.721389e+01
    endloop
  endfacet
  facet normal -4.373043e-01  3.382281e-03  8.993073e-01
    outer loop
      vertex  -2.295863e+01  2.000000e+00  4.721389e+01
      vertex  -2.041327e+01  2.400000e+01  4.836888e+01
      vertex  -2.543892e+01  2.400000e+01  4.592506e+01
    endloop
  endfacet
  facet normal -4.845485e-01 -3.382219e-03  8.747579e-01
    outer loop
      vertex  -2.295863e+01  2.000000e+00  4.721389e+01
      vertex  -2.543892e+01  2.400000e+01  4.592506e+01
      vertex  -2.784710e+01  2.000000e+00  4.450606e+01
    endloop
  endfacet
  facet normal -5.304183e-01  3.382156e-03  8.477293e-01
    outer loop
      vertex  -2.784710e+01  2.000000e+00  4.450606e+01
      vertex  -2.543892e+01  2.400000e+01  4.592506e+01
      vertex  -3.017634e+01  2.400000e+01  4.296090e+01
    endloop
  endfacet
  facet normal -5.747848e-01 -3.382251e-03  8.182976e-01
    outer loop
      vertex  -2.784710e+01  2.000000e+00  4.450606e+01
      vertex  -3.017634e+01  2.400000e+01  4.296090e+01
      vertex  -3.242004e+01  2.000000e+00  4.129395e+01
    endloop
  endfacet
  facet normal -6.175209e-01  3.381981e-03  7.865472e-01
    outer loop
      vertex  -3.242004e+01  2.000000e+00  4.129395e+01
      vertex  -3.017634e+01  2.400000e+01  4.296090e+01
      vertex  -3.457185e+01  2.400000e+01  3.950997e+01
    endloop
  endfacet
  facet normal -6.585069e-01 -3.382290e-03  7.525671e-01
    outer loop
      vertex  -3.242004e+01  2.000000e+00  4.129395e+01
      vertex  -3.457185e+01  2.400000e+01  3.950997e+01
      vertex  -3.662566e+01  2.000000e+00  3.761398e+01
    endloop
  endfacet
  facet normal -6.976275e-01  3.382203e-03  7.164527e-01
    outer loop
      vertex  -3.662566e+01  2.000000e+00  3.761398e+01
      vertex  -3.457185e+01  2.400000e+01  3.950997e+01
      vertex  -3.857564e+01  2.400000e+01  3.561137e+01
    endloop
  endfacet
  facet normal -7.347702e-01 -3.382210e-03  6.783077e-01
    outer loop
      vertex  -3.662566e+01  2.000000e+00  3.761398e+01
      vertex  -3.857564e+01  2.400000e+01  3.561137e+01
      vertex  -4.041628e+01  2.000000e+00  3.350782e+01
    endloop
  endfacet
  facet normal -7.698295e-01  3.382102e-03  6.382406e-01
    outer loop
      vertex  -4.041628e+01  2.000000e+00  3.350782e+01
      vertex  -3.857564e+01  2.400000e+01  3.561137e+01
      vertex  -4.214236e+01  2.400000e+01  3.130928e+01
    endloop
  endfacet
  facet normal -8.027071e-01 -3.382311e-03  5.963639e-01
    outer loop
      vertex  -4.041628e+01  2.000000e+00  3.350782e+01
      vertex  -4.214236e+01  2.400000e+01  3.130928e+01
      vertex  -4.374898e+01  2.000000e+00  2.902201e+01
    endloop
  endfacet
  facet normal -8.333093e-01  3.382052e-03  5.527968e-01
    outer loop
      vertex  -4.374898e+01  2.000000e+00  2.902201e+01
      vertex  -4.214236e+01  2.400000e+01  3.130928e+01
      vertex  -4.523159e+01  2.400000e+01  2.665245e+01
    endloop
  endfacet
  facet normal -8.615491e-01 -3.382284e-03  5.076630e-01
    outer loop
      vertex  -4.374898e+01  2.000000e+00  2.902201e+01
      vertex  -4.523159e+01  2.400000e+01  2.665245e+01
      vertex  -4.658598e+01  2.000000e+00  2.420736e+01
    endloop
  endfacet
  facet normal -8.873470e-01  3.382098e-03  4.610899e-01
    outer loop
      vertex  -4.658598e+01  2.000000e+00  2.420736e+01
      vertex  -4.523159e+01  2.400000e+01  2.665245e+01
      vertex  -4.780833e+01  2.400000e+01  2.169364e+01
    endloop
  endfacet
  facet normal -9.106295e-01 -3.382244e-03  4.132100e-01
    outer loop
      vertex  -4.658598e+01  2.000000e+00  2.420736e+01
      vertex  -4.780833e+01  2.400000e+01  2.169364e+01
      vertex  -4.889515e+01  2.000000e+00  1.911843e+01
    endloop
  endfacet
  facet normal -9.313310e-01  3.382219e-03  3.641580e-01
    outer loop
      vertex  -4.889515e+01  2.000000e+00  1.911843e+01
      vertex  -4.780833e+01  2.400000e+01  2.169364e+01
      vertex  -4.984337e+01  2.400000e+01  1.648903e+01
    endloop
  endfacet
  facet normal -9.493921e-01 -3.382060e-03  3.140751e-01
    outer loop
      vertex  -4.889515e+01  2.000000e+00  1.911843e+01
      vertex  -4.984337e+01  2.400000e+01  1.648903e+01
      vertex  -5.065031e+01  2.000000e+00  1.381288e+01
    endloop
  endfacet
  facet normal -9.647624e-01  3.382351e-03  2.631009e-01
    outer loop
      vertex  -5.065031e+01  2.000000e+00  1.381288e+01
      vertex  -4.984337e+01  2.400000e+01  1.648903e+01
      vertex  -5.131367e+01  2.400000e+01  1.109759e+01
    endloop
  endfacet
  facet normal -9.773978e-01 -3.382019e-03  2.113813e-01
    outer loop
      vertex  -5.065031e+01  2.000000e+00  1.381288e+01
      vertex  -5.131367e+01  2.400000e+01  1.109759e+01
      vertex  -5.183159e+01  2.000000e+00  8.350834e+00
    endloop
  endfacet
  facet normal -9.872627e-01  3.382290e-03  1.590629e-01
    outer loop
      vertex  -5.183159e+01  2.000000e+00  8.350834e+00
      vertex  -5.131367e+01  2.400000e+01  1.109759e+01
      vertex  -5.220258e+01  2.400000e+01  5.580408e+00
    endloop
  endfacet
  facet normal -9.943292e-01 -3.382144e-03  1.062927e-01
    outer loop
      vertex  -5.183159e+01  2.000000e+00  8.350834e+00
      vertex  -5.220258e+01  2.400000e+01  5.580408e+00
      vertex  -5.242559e+01  2.000000e+00  2.794164e+00
    endloop
  endfacet
  facet normal -9.985770e-01  3.382168e-03  5.322210e-02
    outer loop
      vertex  -5.242559e+01  2.000000e+00  2.794164e+00
      vertex  -5.220258e+01  2.400000e+01  5.580408e+00
      vertex  -5.250000e+01  2.400000e+01  0.000000e+00
    endloop
  endfacet
  facet normal -9.999943e-01 -3.382230e-03 -0.000000e+00
    outer loop
      vertex  -5.242559e+01  2.000000e+00  2.794164e+00
      vertex  -5.250000e+01  2.400000e+01  0.000000e+00
      vertex  -5.242559e+01  2.000000e+00 -2.794164e+00
    endloop
  endfacet
  facet normal -9.985770e-01  3.382168e-03 -5.322210e-02
    outer loop
      vertex  -5.242559e+01  2.000000e+00 -2.794164e+00
      vertex  -5.250000e+01  2.400000e+01  0.000000e+00
      vertex  -5.220258e+01  2.400000e+01 -5.580408e+00
    endloop
  endfacet
  facet normal -9.943292e-01 -3.382144e-03 -1.062927e-01
    outer loop
      vertex  -5.242559e+01  2.000000e+00 -2.794164e+00
      vertex  -5.220258e+01  2.400000e+01 -5.580408e+00
      vertex  -5.183159e+01  2.000000e+00 -8.350834e+00
    endloop
  endfacet
  facet normal -9.872627e-01  3.382290e-03 -1.590629e-01
    outer loop
      vertex  -5.183159e+01  2.000000e+00 -8.350834e+00
      vertex  -5.220258e+01  2.400000e+01 -5.580408e+00
      vertex  -5.131367e+01  2.400000e+01 -1.109759e+01
    endloop
  endfacet
  facet normal -9.773978e-01 -3.382017e-03 -2.113813e-01
    outer loop
      vertex  -5.183159e+01  2.000000e+00 -8.350834e+00
      vertex  -5.131367e+01  2.400000e+01 -1.109759e+01
      vertex  -5.065031e+01  2.000000e+00 -1.381288e+01
    endloop
  endfacet
  facet normal -9.647624e-01  3.382351e-03 -2.631009e-01
    outer loop
      vertex  -5.065031e+01  2.000000e+00 -1.381288e+01
      vertex  -5.131367e+01  2.400000e+01 -1.109759e+01
      vertex  -4.984337e+01  2.400000e+01 -1.648903e+01
    endloop
  endfacet
  facet normal -9.493921e-01 -3.382056e-03 -3.140751e-01
    outer loop
      vertex  -5.065031e+01  2.000000e+00 -1.381288e+01
      vertex  -4.984337e+01  2.400000e+01 -1.648903e+01
      vertex  -4.889515e+01  2.000000e+00 -1.911843e+01
    endloop
  endfacet
  facet normal -9.313310e-01  3.382219e-03 -3.641580e-01
    outer loop
      vertex  -4.889515e+01  2.000000e+00 -1.911843e+01
      vertex  -4.984337e+01  2.400000e+01 -1.648903e+01
      vertex  -4.780833e+01  2.400000e+01 -2.169364e+01
    endloop
  endfacet
  facet normal -9.106295e-01 -3.382248e-03 -4.132100e-01
    outer loop
      vertex  -4.889515e+01  2.000000e+00 -1.911843e+01
      vertex  -4.780833e+01  2.400000e+01 -2.169364e+01
      vertex  -4.658598e+01  2.000000e+00 -2.420736e+01
    endloop
  endfacet
  facet normal -8.873470e-01  3.382098e-03 -4.610899e-01
    outer loop
      vertex  -4.658598e+01  2.000000e+00 -2.420736e+01
      vertex  -4.780833e+01  2.400000e+01 -2.169364e+01
      vertex  -4.523159e+01  2.400000e+01 -2.665245e+01
    endloop
  endfacet
  facet normal -8.615491e-01 -3.382284e-03 -5.076630e-01
    outer loop
      vertex  -4.658598e+01  2.000000e+00 -2.420736e+01
      vertex  -4.523159e+01  2.400000e+01 -2.665245e+01
      vertex  -4.374898e+01  2.000000e+00 -2.902201e+01
    endloop
  endfacet
  facet normal -8.333093e-01  3.382052e-03 -5.527968e-01
    outer loop
      vertex  -4.374898e+01  2.000000e+00 -2.902201e+01
      vertex  -4.523159e+01  2.400000e+01 -2.665245e+01
      vertex  -4.214236e+01  2.400000e+01 -3.130928e+01
    endloop
  endfacet
  facet normal -8.027071e-01 -3.382311e-03 -5.963639e-01
    outer loop
      vertex  -4.374898e+01  2.000000e+00 -2.902201e+01
      vertex  -4.214236e+01  2.400000e+01 -3.130928e+01
      vertex  -4.041628e+01  2.000000e+00 -3.350782e+01
    endloop
  endfacet
  facet normal -7.698295e-01  3.382102e-03 -6.382406e-01
    outer loop
      vertex  -4.041628e+01  2.000000e+00 -3.350782e+01
      vertex  -4.214236e+01  2.400000e+01 -3.130928e+01
      vertex  -3.857564e+01  2.400000e+01 -3.561137e+01
    endloop
  endfacet
  facet normal -7.347702e-01 -3.382206e-03 -6.783077e-01
    outer loop
      vertex  -4.041628e+01  2.000000e+00 -3.350782e+01
      vertex  -3.857564e+01  2.400000e+01 -3.561137e+01
      vertex  -3.662566e+01  2.000000e+00 -3.761398e+01
    endloop
  endfacet
  facet normal -6.976275e-01  3.382203e-03 -7.164527e-01
    outer loop
      vertex  -3.662566e+01  2.000000e+00 -3.761398e+01
      vertex  -3.857564e+01  2.400000e+01 -3.561137e+01
      vertex  -3.457185e+01  2.400000e+01 -3.950997e+01
    endloop
  endfacet
  facet normal -6.585069e-01 -3.382290e-03 -7.525671e-01
    outer loop
      vertex  -3.662566e+01  2.000000e+00 -3.761398e+01
      vertex  -3.457185e+01  2.400000e+01 -3.950997e+01
      vertex  -3.242004e+01  2.000000e+00 -4.129395e+01
    endloop
  endfacet
  facet normal -6.175209e-01  3.381981e-03 -7.865472e-01
    outer loop
      vertex  -3.242004e+01  2.000000e+00 -4.129395e+01
      vertex  -3.457185e+01  2.400000e+01 -3.950997e+01
      vertex  -3.017634e+01  2.400000e+01 -4.296090e+01
    endloop
  endfacet
  facet normal -5.747848e-01 -3.382251e-03 -8.182976e-01
    outer loop
      vertex  -3.242004e+01  2.000000e+00 -4.129395e+01
      vertex  -3.017634e+01  2.400000e+01 -4.296090e+01
      vertex  -2.784710e+01  2.000000e+00 -4.450606e+01
    endloop
  endfacet
  facet normal -5.304183e-01  3.382156e-03 -8.477293e-01
    outer loop
      vertex  -2.784710e+01  2.000000e+00 -4.450606e+01
      vertex  -3.017634e+01  2.400000e+01 -4.296090e+01
      vertex  -2.543892e+01  2.400000e+01 -4.592506e+01
    endloop
  endfacet
  facet normal -4.845485e-01 -3.382219e-03 -8.747579e-01
    outer loop
      vertex  -2.784710e+01  2.000000e+00 -4.450606e+01
      vertex  -2.543892e+01  2.400000e+01 -4.592506e+01
      vertex  -2.295863e+01  2.000000e+00 -4.721389e+01
    endloop
  endfacet
  facet normal -4.373043e-01  3.382281e-03 -8.993073e-01
    outer loop
      vertex  -2.295863e+01  2.000000e+00 -4.721389e+01
      vertex  -2.543892e+01  2.400000e+01 -4.592506e+01
      vertex  -2.041327e+01  2.400000e+01 -4.836888e+01
    endloop
  endfacet
  facet normal -3.888216e-01 -3.382040e-03 -9.213068e-01
    outer loop
      vertex  -2.295863e+01  2.000000e+00 -4.721389e+01
      vertex  -2.041327e+01  2.400000e+01 -4.836888e+01
      vertex  -1.781004e+01  2.000000e+00 -4.938676e+01
    endloop
  endfacet
  facet normal -3.392376e-01  3.382191e-03 -9.406947e-01
    outer loop
      vertex  -1.781004e+01  2.000000e+00 -4.938676e+01
      vertex  -2.041327e+01  2.400000e+01 -4.836888e+01
      vertex  -1.515633e+01  2.400000e+01 -5.026466e+01
    endloop
  endfacet
  facet normal -2.886900e-01 -3.382313e-03 -9.574167e-01
    outer loop
      vertex  -1.781004e+01  2.000000e+00 -4.938676e+01
      vertex  -1.515633e+01  2.400000e+01 -5.026466e+01
      vertex  -1.245965e+01  2.000000e+00 -5.100007e+01
    endloop
  endfacet
  facet normal -2.373247e-01  3.382098e-03 -9.714245e-01
    outer loop
      vertex  -1.245965e+01  2.000000e+00 -5.100007e+01
      vertex  -1.515633e+01  2.400000e+01 -5.026466e+01
      vertex  -9.727658e+00  2.400000e+01 -5.159092e+01
    endloop
  endfacet
  facet normal -1.852876e-01 -3.382194e-03 -9.826785e-01
    outer loop
      vertex  -1.245965e+01  2.000000e+00 -5.100007e+01
      vertex  -9.727658e+00  2.400000e+01 -5.159092e+01
      vertex  -6.968090e+00  2.000000e+00 -5.203552e+01
    endloop
  endfacet
  facet normal -1.327249e-01  3.382153e-03 -9.911472e-01
    outer loop
      vertex  -6.968090e+00  2.000000e+00 -5.203552e+01
      vertex  -9.727658e+00  2.400000e+01 -5.159092e+01
      vertex  -4.188771e+00  2.400000e+01 -5.233263e+01
    endloop
  endfacet
  facet normal -7.978538e-02 -3.382262e-03 -9.968064e-01
    outer loop
      vertex  -6.968090e+00  2.000000e+00 -5.203552e+01
      vertex  -4.188771e+00  2.400000e+01 -5.233263e+01
      vertex  -1.397577e+00  2.000000e+00 -5.248139e+01
    endloop
  endfacet
  facet normal -2.661993e-02  3.382128e-03 -9.996399e-01
    outer loop
      vertex  -1.397577e+00  2.000000e+00 -5.248139e+01
      vertex  -4.188771e+00  2.400000e+01 -5.233263e+01
      vertex   1.397577e+00  2.400000e+01 -5.248139e+01
    endloop
  endfacet
  facet normal  2.661993e-02 -3.382128e-03 -9.996399e-01
    outer loop
      vertex  -1.397577e+00  2.000000e+00 -5.248139e+01
      vertex   1.397577e+00  2.400000e+01 -5.248139e+01
      vertex   4.188771e+00  2.000000e+00 -5.233263e+01
    endloop
  endfacet
  facet normal  7.978538e-02  3.382263e-03 -9.968064e-01
    outer loop
      vertex   4.188771e+00  2.000000e+00 -5.233263e+01
      vertex   1.397577e+00  2.400000e+01 -5.248139e+01
      vertex   6.968090e+00  2.400000e+01 -5.203552e+01
    endloop
  endfacet
  facet normal  1.327249e-01 -3.382155e-03 -9.911472e-01
    outer loop
      vertex   4.188771e+00  2.000000e+00 -5.233263e+01
      vertex   6.968090e+00  2.400000e+01 -5.203552e+01
      vertex   9.727658e+00  2.000000e+00 -5.159092e+01
    endloop
  endfacet
  facet normal  1.852876e-01  3.382195e-03 -9.826785e-01
    outer loop
      vertex   9.727658e+00  2.000000e+00 -5.159092e+01
      vertex   6.968090e+00  2.400000e+01 -5.203552e+01
      vertex   1.245965e+01  2.400000e+01 -5.100007e+01
    endloop
  endfacet
  facet normal  2.373247e-01 -3.382099e-03 -9.714245e-01
    outer loop
      vertex   9.727658e+00  2.000000e+00 -5.159092e+01
      vertex   1.245965e+01  2.400000e+01 -5.100007e+01
      vertex   1.515633e+01  2.000000e+00 -5.026466e+01
    endloop
  endfacet
  facet normal  2.886900e-01  3.382312e-03 -9.574167e-01
    outer loop
      vertex   1.515633e+01  2.000000e+00 -5.026466e+01
      vertex   1.245965e+01  2.400000e+01 -5.100007e+01
      vertex   1.781004e+01  2.400000e+01 -4.938676e+01
    endloop
  endfacet
  facet normal  3.392376e-01 -3.382193e-03 -9.406947e-01
    outer loop
      vertex   1.515633e+01  2.000000e+00 -5.026466e+01
      vertex   1.781004e+01  2.400000e+01 -4.938676e+01
      vertex   2.041327e+01  2.000000e+00 -4.836888e+01
    endloop
  endfacet
  facet normal  3.888216e-01  3.382043e-03 -9.213068e-01
    outer loop
      vertex   2.041327e+01  2.000000e+00 -4.836888e+01
      vertex   1.781004e+01  2.400000e+01 -4.938676e+01
      vertex   2.295863e+01  2.400000e+01 -4.721389e+01
    endloop
  endfacet
  facet normal  4.373043e-01 -3.382283e-03 -8.993073e-01
    outer loop
      vertex   2.041327e+01  2.000000e+00 -4.836888e+01
      vertex   2.295863e+01  2.400000e+01 -4.721389e+01
      vertex   2.543892e+01  2.000000e+00 -4.592506e+01
    endloop
  endfacet
  facet normal  4.845485e-01  3.382219e-03 -8.747579e-01
    outer loop
      vertex   2.543892e+01  2.000000e+00 -4.592506e+01
      vertex   2.295863e+01  2.400000e+01 -4.721389e+01
      vertex   2.784710e+01  2.400000e+01 -4.450606e+01
    endloop
  endfacet
  facet normal  5.304183e-01 -3.382158e-03 -8.477293e-01
    outer loop
      vertex   2.543892e+01  2.000000e+00 -4.592506e+01
      vertex   2.784710e+01  2.400000e+01 -4.450606e+01
      vertex   3.017634e+01  2.000000e+00 -4.296090e+01
    endloop
  endfacet
  facet normal  5.747848e-01  3.382251e-03 -8.182976e-01
    outer loop
      vertex   3.017634e+01  2.000000e+00 -4.296090e+01
      vertex   2.784710e+01  2.400000e+01 -4.450606e+01
      vertex   3.242004e+01  2.400000e+01 -4.129395e+01
    endloop
  endfacet
  facet normal  6.175209e-01 -3.381981e-03 -7.865472e-01
    outer loop
      vertex   3.017634e+01  2.000000e+00 -4.296090e+01
      vertex   3.242004e+01  2.400000e+01 -4.129395e+01
      vertex   3.457185e+01  2.000000e+00 -3.950997e+01
    endloop
  endfacet
  facet normal  6.585069e-01  3.382294e-03 -7.525671e-01
    outer loop
      vertex   3.457185e+01  2.000000e+00 -3.950997e+01
      vertex   3.242004e+01  2.400000e+01 -4.129395e+01
      vertex   3.662566e+01  2.400000e+01 -3.761398e+01
    endloop
  endfacet
  facet normal  6.976275e-01 -3.382201e-03 -7.164527e-01
    outer loop
      vertex   3.457185e+01  2.000000e+00 -3.950997e+01
      vertex   3.662566e+01  2.400000e+01 -3.761398e+01
      vertex   3.857564e+01  2.000000e+00 -3.561137e+01
    endloop
  endfacet
  facet normal  7.347702e-01  3.382204e-03 -6.783077e-01
    outer loop
      vertex   3.857564e+01  2.000000e+00 -3.561137e+01
      vertex   3.662566e+01  2.400000e+01 -3.761398e+01
      vertex   4.041628e+01  2.400000e+01 -3.350782e+01
    endloop
  endfacet
  facet normal  7.698295e-01 -3.382104e-03 -6.382406e-01
    outer loop
      vertex   3.857564e+01  2.000000e+00 -3.561137e+01
      vertex   4.041628e+01  2.400000e+01 -3.350782e+01
      vertex   4.214236e+01  2.000000e+00 -3.130928e+01
    endloop
  endfacet
  facet normal  8.027071e-01  3.382309e-03 -5.963639e-01
    outer loop
      vertex   4.214236e+01  2.000000e+00 -3.130928e+01
      vertex   4.041628e+01  2.400000e+01 -3.350782e+01
      vertex   4.374898e+01  2.400000e+01 -2.902201e+01
    endloop
  endfacet
  facet normal  8.333093e-01 -3.382052e-03 -5.527968e-01
    outer loop
      vertex   4.214236e+01  2.000000e+00 -3.130928e+01
      vertex   4.374898e+01  2.400000e+01 -2.902201e+01
      vertex   4.523159e+01  2.000000e+00 -2.665245e+01
    endloop
  endfacet
  facet normal  8.615491e-01  3.382284e-03 -5.076630e-01
    outer loop
      vertex   4.523159e+01  2.000000e+00 -2.665245e+01
      vertex   4.374898e+01  2.400000e+01 -2.902201e+01
      vertex   4.658598e+01  2.400000e+01 -2.420736e+01
    endloop
  endfacet
  facet normal  8.873470e-01 -3.382096e-03 -4.610899e-01
    outer loop
      vertex   4.523159e+01  2.000000e+00 -2.665245e+01
      vertex   4.658598e+01  2.400000e+01 -2.420736e+01
      vertex   4.780833e+01  2.000000e+00 -2.169364e+01
    endloop
  endfacet
  facet normal  9.106295e-01  3.382246e-03 -4.132100e-01
    outer loop
      vertex   4.780833e+01  2.000000e+00 -2.169364e+01
      vertex   4.658598e+01  2.400000e+01 -2.420736e+01
      vertex   4.889515e+01  2.400000e+01 -1.911843e+01
    endloop
  endfacet
  facet normal  9.313310e-01 -3.382217e-03 -3.641580e-01
    outer loop
      vertex   4.780833e+01  2.000000e+00 -2.169364e+01
      vertex   4.889515e+01  2.400000e+01 -1.911843e+01
      vertex   4.984337e+01  2.000000e+00 -1.648903e+01
    endloop
  endfacet
  facet normal  9.493921e-01  3.382059e-03 -3.140751e-01
    outer loop
      vertex   4.984337e+01  2.000000e+00 -1.648903e+01
      vertex   4.889515e+01  2.400000e+01 -1.911843e+01
      vertex   5.065031e+01  2.400000e+01 -1.381288e+01
    endloop
  endfacet
  facet normal  9.647624e-01 -3.382349e-03 -2.631009e-01
    outer loop
      vertex   4.984337e+01  2.000000e+00 -1.648903e+01
      vertex   5.065031e+01  2.400000e+01 -1.381288e+01
      vertex   5.131367e+01  2.000000e+00 -1.109759e+01
    endloop
  endfacet
  facet normal  9.773978e-01  3.382017e-03 -2.113813e-01
    outer loop
      vertex   5.131367e+01  2.000000e+00 -1.109759e+01
      vertex   5.065031e+01  2.400000e+01 -1.381288e+01
      vertex   5.183159e+01  2.400000e+01 -8.350834e+00
    endloop
  endfacet
  facet normal  9.872627e-01 -3.382290e-03 -1.590629e-01
    outer loop
      vertex   5.131367e+01  2.000000e+00 -1.109759e+01
      vertex   5.183159e+01  2.400000e+01 -8.350834e+00
      vertex   5.220258e+01  2.000000e+00 -5.580408e+00
    endloop
  endfacet
  facet normal  9.943292e-01  3.382143e-03 -1.062927e-01
    outer loop
      vertex   5.220258e+01  2.000000e+00 -5.580408e+00
      vertex   5.183159e+01  2.400000e+01 -8.350834e+00
      vertex   5.242559e+01  2.400000e+01 -2.794164e+00
    endloop
  endfacet
  facet normal  0.000000e+00  1.000000e+00  0.000000e+00
    outer loop
      vertex   5.020397e+01  2.400000e+01  5.460010e+00
      vertex   5.242559e+01  2.400000e+01  2.794164e+00
      vertex   5.050000e+01  2.400000e+01  0.000000e+00
    endloop
  endfacet
  facet normal -0.000000e+00  1.000000e+00  0.000000e+00
    outer loop
      vertex   5.050000e+01  2.400000e+01  0.000000e+00
      vertex   5.242559e+01  2.400000e+01  2.794164e+00
      vertex   5.242559e+01  2.400000e+01 -2.794164e+00
    endloop
  endfacet
  facet normal  0.000000e+00  1.000000e+00  0.000000e+00
    outer loop
      vertex   5.050000e+01  2.400000e+01  0.000000e+00
      vertex   5.242559e+01  2.400000e+01 -2.794164e+00
      vertex   5.020397e+01  2.400000e+01 -5.460010e+00
    endloop
  endfacet
  facet normal -0.000000e+00  1.000000e+00  0.000000e+00
    outer loop
      vertex   5.020397e+01  2.400000e+01 -5.460010e+00
      vertex   5.242559e+01  2.400000e+01 -2.794164e+00
      vertex   5.183159e+01  2.400000e+01 -8.350834e+00
    endloop
  endfacet
  facet normal  0.000000e+00  1.000000e+00  0.000000e+00
    outer loop
      vertex   5.020397e+01  2.400000e+01 -5.460010e+00
      vertex   5.183159e+01  2.400000e+01 -8.350834e+00
      vertex   4.931934e+01  2.400000e+01 -1.085601e+01
    endloop
  endfacet
  facet normal -0.000000e+00  1.000000e+00  0.000000e+00
    outer loop
      vertex   4.931934e+01  2.400000e+01 -1.085601e+01
      vertex   5.183159e+01  2.400000e+01 -8.350834e+00
      vertex   5.065031e+01  2.400000e+01 -1.381288e+01
    endloop
  endfacet
  facet normal  0.000000e+00  1.000000e+00  0.000000e+00
    outer loop
      vertex   4.931934e+01  2.400000e+01 -1.085601e+01
      vertex   5.065031e+01  2.400000e+01 -1.381288e+01
      vertex   4.785648e+01  2.400000e+01 -1.612473e+01
    endloop
  endfacet
  facet normal -0.000000e+00  1.000000e+00  0.000000e+00
    outer loop
      vertex   4.785648e+01  2.400000e+01 -1.612473e+01
      vertex   5.065031e+01  2.400000e+01 -1.381288e+01
      vertex   4.889515e+01  2.400000e+01 -1.911843e+01
    endloop
  endfacet
  facet normal  0.000000e+00  1.000000e+00  0.000000e+00
    outer loop
      vertex   4.785648e+01  2.400000e+01 -1.612473e+01
      vertex   4.889515e+01  2.400000e+01 -1.911843e+01
      vertex   4.583256e+01  2.400000e+01 -2.120440e+01
    endloop
  endfacet
  facet normal -0.000000e+00  1.000000e+00  0.000000e+00
    outer loop
      vertex   4.583256e+01  2.400000e+01 -2.120440e+01
      vertex   4.889515e+01  2.400000e+01 -1.911843e+01
      vertex   4.658598e+01  2.400000e+01 -2.420736e+01
    endloop
  endfacet
  facet normal  0.000000e+00  1.000000e+00  0.000000e+00
    outer loop
      vertex   4.583256e+01  2.400000e+01 -2.120440e+01
      vertex   4.658598e+01  2.400000e+01 -2.420736e+01
      vertex   4.327129e+01  2.400000e+01 -2.603547e+01
    endloop
  endfacet
  facet normal -0.000000e+00  1.000000e+00  0.000000e+00
    outer loop
      vertex   4.327129e+01  2.400000e+01 -2.603547e+01
      vertex   4.658598e+01  2.400000e+01 -2.420736e+01
      vertex   4.374898e+01  2.400000e+01 -2.902201e+01
    endloop
  endfacet
  facet normal  0.000000e+00  1.000000e+00  0.000000e+00
    outer loop
      vertex   4.327129e+01  2.400000e+01 -2.603547e+01
      vertex   4.374898e+01  2.400000e+01 -2.902201e+01
      vertex   4.020270e+01  2.400000e+01 -3.056130e+01
    endloop
  endfacet
  facet normal -0.000000e+00  1.000000e+00  0.000000e+00
    outer loop
      vertex   4.020270e+01  2.400000e+01 -3.056130e+01
      vertex   4.374898e+01  2.400000e+01 -2.902201e+01
      vertex   4.041628e+01  2.400000e+01 -3.350782e+01
    endloop
  endfacet
  facet normal  0.000000e+00  1.000000e+00  0.000000e+00
    outer loop
      vertex   4.020270e+01  2.400000e+01 -3.056130e+01
      vertex   4.041628e+01  2.400000e+01 -3.350782e+01
      vertex   3.666277e+01  2.400000e+01 -3.472882e+01
    endloop
  endfacet
  facet normal -0.000000e+00  1.000000e+00  0.000000e+00
    outer loop
      vertex   3.666277e+01  2.400000e+01 -3.472882e+01
      vertex   4.041628e+01  2.400000e+01 -3.350782e+01
      vertex   3.662566e+01  2.400000e+01 -3.761398e+01
    endloop
  endfacet
  facet normal  0.000000e+00  1.000000e+00  0.000000e+00
    outer loop
      vertex   3.666277e+01  2.400000e+01 -3.472882e+01
      vertex   3.662566e+01  2.400000e+01 -3.761398e+01
      vertex   3.269301e+01  2.400000e+01 -3.848919e+01
    endloop
  endfacet
  facet normal -0.000000e+00  1.000000e+00  0.000000e+00
    outer loop
      vertex   3.269301e+01  2.400000e+01 -3.848919e+01
      vertex   3.662566e+01  2.400000e+01 -3.761398e+01
      vertex   3.242004e+01  2.400000e+01 -4.129395e+01
    endloop
  endfacet
  facet normal  0.000000e+00  1.000000e+00  0.000000e+00
    outer loop
      vertex   3.269301e+01  2.400000e+01 -3.848919e+01
      vertex   3.242004e+01  2.400000e+01 -4.129395e+01
      vertex   2.833995e+01  2.400000e+01 -4.179829e+01
    endloop
  endfacet
  facet normal -0.000000e+00  1.000000e+00  0.000000e+00
    outer loop
      vertex   2.833995e+01  2.400000e+01 -4.179829e+01
      vertex   3.242004e+01  2.400000e+01 -4.129395e+01
      vertex   2.784710e+01  2.400000e+01 -4.450606e+01
    endloop
  endfacet
  facet normal  0.000000e+00  1.000000e+00  0.000000e+00
    outer loop
      vertex   2.833995e+01  2.400000e+01 -4.179829e+01
      vertex   2.784710e+01  2.400000e+01 -4.450606e+01
      vertex   2.365462e+01  2.400000e+01 -4.461736e+01
    endloop
  endfacet
  facet normal -0.000000e+00  1.000000e+00  0.000000e+00
    outer loop
      vertex   2.365462e+01  2.400000e+01 -4.461736e+01
      vertex   2.784710e+01  2.400000e+01 -4.450606e+01
      vertex   2.295863e+01  2.400000e+01 -4.721389e+01
    endloop
  endfacet
  facet normal  0.000000e+00  1.000000e+00  0.000000e+00
    outer loop
      vertex   2.365462e+01  2.400000e+01 -4.461736e+01
      vertex   2.295863e+01  2.400000e+01 -4.721389e+01
      vertex   1.869198e+01  2.400000e+01 -4.691332e+01
    endloop
  endfacet
  facet normal  0.000000e+00  1.000000e+00  0.000000e+00
    outer loop
      vertex   1.869198e+01  2.400000e+01 -4.691332e+01
      vertex   2.295863e+01  2.400000e+01 -4.721389e+01
      vertex   1.781004e+01  2.400000e+01 -4.938676e+01
    endloop
  endfacet
  facet normal  0.000000e+00  1.000000e+00  0.000000e+00
    outer loop
      vertex   1.869198e+01  2.400000e+01 -4.691332e+01
      vertex   1.781004e+01  2.400000e+01 -4.938676e+01
      vertex   1.351018e+01  2.400000e+01 -4.865928e+01
    endloop
  endfacet
  facet normal  0.000000e+00  1.000000e+00  0.000000e+00
    outer loop
      vertex   1.351018e+01  2.400000e+01 -4.865928e+01
      vertex   1.781004e+01  2.400000e+01 -4.938676e+01
      vertex   1.245965e+01  2.400000e+01 -5.100007e+01
    endloop
  endfacet
  facet normal  0.000000e+00  1.000000e+00  0.000000e+00
    outer loop
      vertex   1.351018e+01  2.400000e+01 -4.865928e+01
      vertex   1.245965e+01  2.400000e+01 -5.100007e+01
      vertex   8.169991e+00  2.400000e+01 -4.983474e+01
    endloop
  endfacet
  facet normal  0.000000e+00  1.000000e+00  0.000000e+00
    outer loop
      vertex   8.169991e+00  2.400000e+01 -4.983474e+01
      vertex   1.245965e+01  2.400000e+01 -5.100007e+01
      vertex   6.968090e+00  2.400000e+01 -5.203552e+01
    endloop
  endfacet
  facet normal  0.000000e+00  1.000000e+00  0.000000e+00
    outer loop
      vertex   8.169991e+00  2.400000e+01 -4.983474e+01
      vertex   6.968090e+00  2.400000e+01 -5.203552e+01
      vertex   2.734015e+00  2.400000e+01 -5.042594e+01
    endloop
  endfacet
  facet normal  0.000000e+00  1.000000e+00  0.000000e+00
    outer loop
      vertex   2.734015e+00  2.400000e+01 -5.042594e+01
      vertex   6.968090e+00  2.400000e+01 -5.203552e+01
      vertex   1.397577e+00  2.400000e+01 -5.248139e+01
    endloop
  endfacet
  facet normal  0.000000e+00  1.000000e+00  0.000000e+00
    outer loop
      vertex   2.734015e+00  2.400000e+01 -5.042594e+01
      vertex   1.397577e+00  2.400000e+01 -5.248139e+01
      vertex  -2.734015e+00  2.400000e+01 -5.042594e+01
    endloop
  endfacet
  facet normal  0.000000e+00  1.000000e+00  0.000000e+00
    outer loop
      vertex  -2.734015e+00  2.400000e+01 -5.042594e+01
      vertex   1.397577e+00  2.400000e+01 -5.248139e+01
      vertex  -4.188771e+00  2.400000e+01 -5.233263e+01
    endloop
  endfacet
  facet normal  0.000000e+00  1.000000e+00  0.000000e+00
    outer loop
      vertex  -2.734015e+00  2.400000e+01 -5.042594e+01
      vertex  -4.188771e+00  2.400000e+01 -5.233263e+01
      vertex  -8.169991e+00  2.400000e+01 -4.983474e+01
    endloop
  endfacet
  facet normal  0.000000e+00  1.000000e+00  0.000000e+00
    outer loop
      vertex  -8.169991e+00  2.400000e+01 -4.983474e+01
      vertex  -4.188771e+00  2.400000e+01 -5.233263e+01
      vertex  -9.727658e+00  2.400000e+01 -5.159092e+01
    endloop
  endfacet
  facet normal  0.000000e+00  1.000000e+00  0.000000e+00
    outer loop
      vertex  -8.169991e+00  2.400000e+01 -4.983474e+01
      vertex  -9.727658e+00  2.400000e+01 -5.159092e+01
      vertex  -1.351018e+01  2.400000e+01 -4.865928e+01
    endloop
  endfacet
  facet normal  0.000000e+00  1.000000e+00  0.000000e+00
    outer loop
      vertex  -1.351018e+01  2.400000e+01 -4.865928e+01
      vertex  -9.727658e+00  2.400000e+01 -5.159092e+01
      vertex  -1.515633e+01  2.400000e+01 -5.026466e+01
    endloop
  endfacet
  facet normal  0.000000e+00  1.000000e+00  0.000000e+00
    outer loop
      vertex  -1.351018e+01  2.400000e+01 -4.865928e+01
      vertex  -1.515633e+01  2.400000e+01 -5.026466e+01
      vertex  -1.869198e+01  2.400000e+01 -4.691332e+01
    endloop
  endfacet
  facet normal  0.000000e+00  1.000000e+00  0.000000e+00
    outer loop
      vertex  -1.869198e+01  2.400000e+01 -4.691332e+01
      vertex  -1.515633e+01  2.400000e+01 -5.026466e+01
      vertex  -2.041327e+01  2.400000e+01 -4.836888e+01
    endloop
  endfacet
  facet normal  0.000000e+00  1.000000e+00  0.000000e+00
    outer loop
      vertex  -1.869198e+01  2.400000e+01 -4.691332e+01
      vertex  -2.041327e+01  2.400000e+01 -4.836888e+01
      vertex  -2.365462e+01  2.400000e+01 -4.461736e+01
    endloop
  endfacet
  facet normal  0.000000e+00  1.000000e+00  0.000000e+00
    outer loop
      vertex  -2.365462e+01  2.400000e+01 -4.461736e+01
      vertex  -2.041327e+01  2.400000e+01 -4.836888e+01
      vertex  -2.543892e+01  2.400000e+01 -4.592506e+01
    endloop
  endfacet
  facet normal  0.000000e+00  1.000000e+00  0.000000e+00
    outer loop
      vertex  -2.365462e+01  2.400000e+01 -4.461736e+01
      vertex  -2.543892e+01  2.400000e+01 -4.592506e+01
      vertex  -2.833995e+01  2.400000e+01 -4.179829e+01
    endloop
  endfacet
  facet normal  0.000000e+00  1.000000e+00  0.000000e+00
    outer loop
      vertex  -2.833995e+01  2.400000e+01 -4.179829e+01
      vertex  -2.543892e+01  2.400000e+01 -4.592506e+01
      vertex  -3.017634e+01  2.400000e+01 -4.296090e+01
    endloop
  endfacet
  facet normal  0.000000e+00  1.000000e+00  0.000000e+00
    outer loop
      vertex  -2.833995e+01  2.400000e+01 -4.179829e+01
      vertex  -3.017634e+01  2.400000e+01 -4.296090e+01
      vertex  -3.269301e+01  2.400000e+01 -3.848919e+01
    endloop
  endfacet
  facet normal  0.000000e+00  1.000000e+00  0.000000e+00
    outer loop
      vertex  -3.269301e+01  2.400000e+01 -3.848919e+01
      vertex  -3.017634e+01  2.400000e+01 -4.296090e+01
      vertex  -3.457185e+01  2.400000e+01 -3.950997e+01
    endloop
  endfacet
  facet normal  0.000000e+00  1.000000e+00  0.000000e+00
    outer loop
      vertex  -3.269301e+01  2.400000e+01 -3.848919e+01
      vertex  -3.457185e+01  2.400000e+01 -3.950997e+01
      vertex  -3.666277e+01  2.400000e+01 -3.472882e+01
    endloop
  endfacet
  facet normal  0.000000e+00  1.000000e+00  0.000000e+00
    outer loop
      vertex  -3.666277e+01  2.400000e+01 -3.472882e+01
      vertex  -3.457185e+01  2.400000e+01 -3.950997e+01
      vertex  -3.857564e+01  2.400000e+01 -3.561137e+01
    endloop
  endfacet
  facet normal  0.000000e+00  1.000000e+00  0.000000e+00
    outer loop
      vertex  -3.666277e+01  2.400000e+01 -3.472882e+01
      vertex  -3.857564e+01  2.400000e+01 -3.561137e+01
      vertex  -4.020270e+01  2.400000e+01 -3.056130e+01
    endloop
  endfacet
  facet normal  0.000000e+00  1.000000e+00  0.000000e+00
    outer loop
      vertex  -4.020270e+01  2.400000e+01 -3.056130e+01
      vertex  -3.857564e+01  2.400000e+01 -3.561137e+01
      vertex  -4.214236e+01  2.400000e+01 -3.130928e+01
    endloop
  endfacet
  facet normal  0.000000e+00  1.000000e+00  0.000000e+00
    outer loop
      vertex  -4.020270e+01  2.400000e+01 -3.056130e+01
      vertex  -4.214236e+01  2.400000e+01 -3.130928e+01
      vertex  -4.327129e+01  2.400000e+01 -2.603547e+01
    endloop
  endfacet
  facet normal  0.000000e+00  1.000000e+00  0.000000e+00
    outer loop
      vertex  -4.327129e+01  2.400000e+01 -2.603547e+01
      vertex  -4.214236e+01  2.400000e+01 -3.130928e+01
      vertex  -4.523159e+01  2.400000e+01 -2.665245e+01
    endloop
  endfacet
  facet normal  0.000000e+00  1.000000e+00  0.000000e+00
    outer loop
      vertex  -4.327129e+01  2.400000e+01 -2.603547e+01
      vertex  -4.523159e+01  2.400000e+01 -2.665245e+01
      vertex  -4.583256e+01  2.400000e+01 -2.120440e+01
    endloop
  endfacet
  facet normal  0.000000e+00  1.000000e+00  0.000000e+00
    outer loop
      vertex  -4.583256e+01  2.400000e+01 -2.120440e+01
      vertex  -4.523159e+01  2.400000e+01 -2.665245e+01
      vertex  -4.780833e+01  2.400000e+01 -2.169364e+01
    endloop
  endfacet
  facet normal  0.000000e+00  1.000000e+00  0.000000e+00
    outer loop
      vertex  -4.583256e+01  2.400000e+01 -2.120440e+01
      vertex  -4.780833e+01  2.400000e+01 -2.169364e+01
      vertex  -4.785648e+01  2.400000e+01 -1.612473e+01
    endloop
  endfacet
  facet normal  0.000000e+00  1.000000e+00  0.000000e+00
    outer loop
      vertex  -4.785648e+01  2.400000e+01 -1.612473e+01
      vertex  -4.780833e+01  2.400000e+01 -2.169364e+01
      vertex  -4.984337e+01  2.400000e+01 -1.648903e+01
    endloop
  endfacet
  facet normal  0.000000e+00  1.000000e+00  0.000000e+00
    outer loop
      vertex  -4.785648e+01  2.400000e+01 -1.612473e+01
      vertex  -4.984337e+01  2.400000e+01 -1.648903e+01
      vertex  -4.931934e+01  2.400000e+01 -1.085601e+01
    endloop
  endfacet
  facet normal  0.000000e+00  1.000000e+00  0.000000e+00
    outer loop
      vertex  -4.931934e+01  2.400000e+01 -1.085601e+01
      vertex  -4.984337e+01  2.400000e+01 -1.648903e+01
      vertex  -5.131367e+01  2.400000e+01 -1.109759e+01
    endloop
  endfacet
  facet normal  0.000000e+00  1.000000e+00  0.000000e+00
    outer loop
      vertex  -4.931934e+01  2.400000e+01 -1.085601e+01
      vertex  -5.131367e+01  2.400000e+01 -1.109759e+01
      vertex  -5.020397e+01  2.400000e+01 -5.460010e+00
    endloop
  endfacet
  facet normal  0.000000e+00  1.000000e+00  0.000000e+00
    outer loop
      vertex  -5.020397e+01  2.400000e+01 -5.460010e+00
      vertex  -5.131367e+01  2.400000e+01 -1.109759e+01
      vertex  -5.220258e+01  2.400000e+01 -5.580408e+00
    endloop
  endfacet
  facet normal  0.000000e+00  1.000000e+00  0.000000e+00
    outer loop
      vertex  -5.020397e+01  2.400000e+01 -5.460010e+00
      vertex  -5.220258e+01  2.400000e+01 -5.580408e+00
      vertex  -5.050000e+01  2.400000e+01  0.000000e+00
    endloop
  endfacet
  facet normal  0.000000e+00  1.000000e+00  0.000000e+00
    outer loop
      vertex  -5.050000e+01  2.400000e+01  0.000000e+00
      vertex  -5.220258e+01  2.400000e+01 -5.580408e+00
      vertex  -5.250000e+01  2.400000e+01  0.000000e+00
    endloop
  endfacet
  facet normal  0.000000e+00  1.000000e+00  0.000000e+00
    outer loop
      vertex  -5.050000e+01  2.400000e+01  0.000000e+00
      vertex  -5.250000e+01  2.400000e+01  0.000000e+00
      vertex  -5.220258e+01  2.400000e+01  5.580408e+00
    endloop
  endfacet
  facet normal  0.000000e+00  1.000000e+00  0.000000e+00
    outer loop
      vertex   5.242559e+01  2.400000e+01  2.794164e+00
      vertex   5.020397e+01  2.400000e+01  5.460010e+00
      vertex   5.183159e+01  2.400000e+01  8.350834e+00
    endloop
  endfacet
  facet normal  0.000000e+00  1.000000e+00  0.000000e+00
    outer loop
      vertex   5.183159e+01  2.400000e+01  8.350834e+00
      vertex   5.020397e+01  2.400000e+01  5.460010e+00
      vertex   4.931934e+01  2.400000e+01  1.085601e+01
    endloop
  endfacet
  facet normal  0.000000e+00  1.000000e+00  0.000000e+00
    outer loop
      vertex   5.183159e+01  2.400000e+01  8.350834e+00
      vertex   4.931934e+01  2.400000e+01  1.085601e+01
      vertex   5.065031e+01  2.400000e+01  1.381288e+01
    endloop
  endfacet
  facet normal  0.000000e+00  1.000000e+00  0.000000e+00
    outer loop
      vertex   5.065031e+01  2.400000e+01  1.381288e+01
      vertex   4.931934e+01  2.400000e+01  1.085601e+01
      vertex   4.785648e+01  2.400000e+01  1.612473e+01
    endloop
  endfacet
  facet normal  0.000000e+00  1.000000e+00  0.000000e+00
    outer loop
      vertex   5.065031e+01  2.400000e+01  1.381288e+01
      vertex   4.785648e+01  2.400000e+01  1.612473e+01
      vertex   4.889515e+01  2.400000e+01  1.911843e+01
    endloop
  endfacet
  facet normal  0.000000e+00  1.000000e+00  0.000000e+00
    outer loop
      vertex   4.889515e+01  2.400000e+01  1.911843e+01
      vertex   4.785648e+01  2.400000e+01  1.612473e+01
      vertex   4.583256e+01  2.400000e+01  2.120440e+01
    endloop
  endfacet
  facet normal  0.000000e+00  1.000000e+00  0.000000e+00
    outer loop
      vertex   4.889515e+01  2.400000e+01  1.911843e+01
      vertex   4.583256e+01  2.400000e+01  2.120440e+01
      vertex   4.658598e+01  2.400000e+01  2.420736e+01
    endloop
  endfacet
  facet normal  0.000000e+00  1.000000e+00  0.000000e+00
    outer loop
      vertex   4.658598e+01  2.400000e+01  2.420736e+01
      vertex   4.583256e+01  2.400000e+01  2.120440e+01
      vertex   4.327129e+01  2.400000e+01  2.603547e+01
    endloop
  endfacet
  facet normal  0.000000e+00  1.000000e+00  0.000000e+00
    outer loop
      vertex   4.658598e+01  2.400000e+01  2.420736e+01
      vertex   4.327129e+01  2.400000e+01  2.603547e+01
      vertex   4.374898e+01  2.400000e+01  2.902201e+01
    endloop
  endfacet
  facet normal  0.000000e+00  1.000000e+00  0.000000e+00
    outer loop
      vertex   4.374898e+01  2.400000e+01  2.902201e+01
      vertex   4.327129e+01  2.400000e+01  2.603547e+01
      vertex   4.020270e+01  2.400000e+01  3.056130e+01
    endloop
  endfacet
  facet normal  0.000000e+00  1.000000e+00  0.000000e+00
    outer loop
      vertex   4.374898e+01  2.400000e+01  2.902201e+01
      vertex   4.020270e+01  2.400000e+01  3.056130e+01
      vertex   4.041628e+01  2.400000e+01  3.350782e+01
    endloop
  endfacet
  facet normal  0.000000e+00  1.000000e+00  0.000000e+00
    outer loop
      vertex   4.041628e+01  2.400000e+01  3.350782e+01
      vertex   4.020270e+01  2.400000e+01  3.056130e+01
      vertex   3.666277e+01  2.400000e+01  3.472882e+01
    endloop
  endfacet
  facet normal  0.000000e+00  1.000000e+00  0.000000e+00
    outer loop
      vertex   4.041628e+01  2.400000e+01  3.350782e+01
      vertex   3.666277e+01  2.400000e+01  3.472882e+01
      vertex   3.662566e+01  2.400000e+01  3.761398e+01
    endloop
  endfacet
  facet normal  0.000000e+00  1.000000e+00  0.000000e+00
    outer loop
      vertex   3.662566e+01  2.400000e+01  3.761398e+01
      vertex   3.666277e+01  2.400000e+01  3.472882e+01
      vertex   3.269301e+01  2.400000e+01  3.848919e+01
    endloop
  endfacet
  facet normal  0.000000e+00  1.000000e+00  0.000000e+00
    outer loop
      vertex   3.662566e+01  2.400000e+01  3.761398e+01
      vertex   3.269301e+01  2.400000e+01  3.848919e+01
      vertex   3.242004e+01  2.400000e+01  4.129395e+01
    endloop
  endfacet
  facet normal  0.000000e+00  1.000000e+00  0.000000e+00
    outer loop
      vertex   3.242004e+01  2.400000e+01  4.129395e+01
      vertex   3.269301e+01  2.400000e+01  3.848919e+01
      vertex   2.833995e+01  2.400000e+01  4.179829e+01
    endloop
  endfacet
  facet normal  0.000000e+00  1.000000e+00  0.000000e+00
    outer loop
      vertex   3.242004e+01  2.400000e+01  4.129395e+01
      vertex   2.833995e+01  2.400000e+01  4.179829e+01
      vertex   2.784710e+01  2.400000e+01  4.450606e+01
    endloop
  endfacet
  facet normal  0.000000e+00  1.000000e+00  0.000000e+00
    outer loop
      vertex   2.784710e+01  2.400000e+01  4.450606e+01
      vertex   2.833995e+01  2.400000e+01  4.179829e+01
      vertex   2.365462e+01  2.400000e+01  4.461736e+01
    endloop
  endfacet
  facet normal  0.000000e+00  1.000000e+00  0.000000e+00
    outer loop
      vertex   2.784710e+01  2.400000e+01  4.450606e+01
      vertex   2.365462e+01  2.400000e+01  4.461736e+01
      vertex   2.295863e+01  2.400000e+01  4.721389e+01
    endloop
  endfacet
  facet normal  0.000000e+00  1.000000e+00  0.000000e+00
    outer loop
      vertex   2.295863e+01  2.400000e+01  4.721389e+01
      vertex   2.365462e+01  2.400000e+01  4.461736e+01
      vertex   1.869198e+01  2.400000e+01  4.691332e+01
    endloop
  endfacet
  facet normal  0.000000e+00  1.000000e+00  0.000000e+00
    outer loop
      vertex   2.295863e+01  2.400000e+01  4.721389e+01
      vertex   1.869198e+01  2.400000e+01  4.691332e+01
      vertex   1.781004e+01  2.400000e+01  4.938676e+01
    endloop
  endfacet
  facet normal  0.000000e+00  1.000000e+00  0.000000e+00
    outer loop
      vertex   1.781004e+01  2.400000e+01  4.938676e+01
      vertex   1.869198e+01  2.400000e+01  4.691332e+01
      vertex   1.351018e+01  2.400000e+01  4.865928e+01
    endloop
  endfacet
  facet normal  0.000000e+00  1.000000e+00  0.000000e+00
    outer loop
      vertex   1.781004e+01  2.400000e+01  4.938676e+01
      vertex   1.351018e+01  2.400000e+01  4.865928e+01
      vertex   1.245965e+01  2.400000e+01  5.100007e+01
    endloop
  endfacet
  facet normal  0.000000e+00  1.000000e+00  0.000000e+00
    outer loop
      vertex   1.245965e+01  2.400000e+01  5.100007e+01
      vertex   1.351018e+01  2.400000e+01  4.865928e+01
      vertex   8.169991e+00  2.400000e+01  4.983474e+01
    endloop
  endfacet
  facet normal  0.000000e+00  1.000000e+00  0.000000e+00
    outer loop
      vertex   1.245965e+01  2.400000e+01  5.100007e+01
      vertex   8.169991e+00  2.400000e+01  4.983474e+01
      vertex   6.968090e+00  2.400000e+01  5.203552e+01
    endloop
  endfacet
  facet normal  0.000000e+00  1.000000e+00  0.000000e+00
    outer loop
      vertex   6.968090e+00  2.400000e+01  5.203552e+01
      vertex   8.169991e+00  2.400000e+01  4.983474e+01
      vertex   2.734015e+00  2.400000e+01  5.042594e+01
    endloop
  endfacet
  facet normal  0.000000e+00  1.000000e+00  0.000000e+00
    outer loop
      vertex   6.968090e+00  2.400000e+01  5.203552e+01
      vertex   2.734015e+00  2.400000e+01  5.042594e+01
      vertex   1.397577e+00  2.400000e+01  5.248139e+01
    endloop
  endfacet
  facet normal  0.000000e+00  1.000000e+00  0.000000e+00
    outer loop
      vertex   1.397577e+00  2.400000e+01  5.248139e+01
      vertex   2.734015e+00  2.400000e+01  5.042594e+01
      vertex  -2.734015e+00  2.400000e+01  5.042594e+01
    endloop
  endfacet
  facet normal  0.000000e+00  1.000000e+00  0.000000e+00
    outer loop
      vertex   1.397577e+00  2.400000e+01  5.248139e+01
      vertex  -2.734015e+00  2.400000e+01  5.042594e+01
      vertex  -4.188771e+00  2.400000e+01  5.233263e+01
    endloop
  endfacet
  facet normal  0.000000e+00  1.000000e+00  0.000000e+00
    outer loop
      vertex  -4.188771e+00  2.400000e+01  5.233263e+01
      vertex  -2.734015e+00  2.400000e+01  5.042594e+01
      vertex  -8.169991e+00  2.400000e+01  4.983474e+01
    endloop
  endfacet
  facet normal  0.000000e+00  1.000000e+00  0.000000e+00
    outer loop
      vertex  -4.188771e+00  2.400000e+01  5.233263e+01
      vertex  -8.169991e+00  2.400000e+01  4.983474e+01
      vertex  -9.727658e+00  2.400000e+01  5.159092e+01
    endloop
  endfacet
  facet normal  0.000000e+00  1.000000e+00  0.000000e+00
    outer loop
      vertex  -9.727658e+00  2.400000e+01  5.159092e+01
      vertex  -8.169991e+00  2.400000e+01  4.983474e+01
      vertex  -1.351018e+01  2.400000e+01  4.865928e+01
    endloop
  endfacet
  facet normal  0.000000e+00  1.000000e+00  0.000000e+00
    outer loop
      vertex  -9.727658e+00  2.400000e+01  5.159092e+01
      vertex  -1.351018e+01  2.400000e+01  4.865928e+01
      vertex  -1.515633e+01  2.400000e+01  5.026466e+01
    endloop
  endfacet
  facet normal  0.000000e+00  1.000000e+00  0.000000e+00
    outer loop
      vertex  -1.515633e+01  2.400000e+01  5.026466e+01
      vertex  -1.351018e+01  2.400000e+01  4.865928e+01
      vertex  -1.869198e+01  2.400000e+01  4.691332e+01
    endloop
  endfacet
  facet normal  0.000000e+00  1.000000e+00  0.000000e+00
    outer loop
      vertex  -1.515633e+01  2.400000e+01  5.026466e+01
      vertex  -1.869198e+01  2.400000e+01  4.691332e+01
      vertex  -2.041327e+01  2.400000e+01  4.836888e+01
    endloop
  endfacet
  facet normal  0.000000e+00  1.000000e+00  0.000000e+00
    outer loop
      vertex  -2.041327e+01  2.400000e+01  4.836888e+01
      vertex  -1.869198e+01  2.400000e+01  4.691332e+01
      vertex  -2.365462e+01  2.400000e+01  4.461736e+01
    endloop
  endfacet
  facet normal  0.000000e+00  1.000000e+00  0.000000e+00
    outer loop
      vertex  -2.041327e+01  2.400000e+01  4.836888e+01
      vertex  -2.365462e+01  2.400000e+01  4.461736e+01
      vertex  -2.543892e+01  2.400000e+01  4.592506e+01
    endloop
  endfacet
  facet normal  0.000000e+00  1.000000e+00  0.000000e+00
    outer loop
      vertex  -2.543892e+01  2.400000e+01  4.592506e+01
      vertex  -2.365462e+01  2.400000e+01  4.461736e+01
      vertex  -2.833995e+01  2.400000e+01  4.179829e+01
    endloop
  endfacet
  facet normal  0.000000e+00  1.000000e+00  0.000000e+00
    outer loop
      vertex  -2.543892e+01  2.400000e+01  4.592506e+01
      vertex  -2.833995e+01  2.400000e+01  4.179829e+01
      vertex  -3.017634e+01  2.400000e+01  4.296090e+01
    endloop
  endfacet
  facet normal  0.000000e+00  1.000000e+00  0.000000e+00
    outer loop
      vertex  -3.017634e+01  2.400000e+01  4.296090e+01
      vertex  -2.833995e+01  2.400000e+01  4.179829e+01
      vertex  -3.269301e+01  2.400000e+01  3.848919e+01
    endloop
  endfacet
  facet normal  0.000000e+00  1.000000e+00  0.000000e+00
    outer loop
      vertex  -3.017634e+01  2.400000e+01  4.296090e+01
      vertex  -3.269301e+01  2.400000e+01  3.848919e+01
      vertex  -3.457185e+01  2.400000e+01  3.950997e+01
    endloop
  endfacet
  facet normal  0.000000e+00  1.000000e+00  0.000000e+00
    outer loop
      vertex  -3.457185e+01  2.400000e+01  3.950997e+01
      vertex  -3.269301e+01  2.400000e+01  3.848919e+01
      vertex  -3.666277e+01  2.400000e+01  3.472882e+01
    endloop
  endfacet
  facet normal  0.000000e+00  1.000000e+00  0.000000e+00
    outer loop
      vertex  -3.457185e+01  2.400000e+01  3.950997e+01
      vertex  -3.666277e+01  2.400000e+01  3.472882e+01
      vertex  -3.857564e+01  2.400000e+01  3.561137e+01
    endloop
  endfacet
  facet normal  0.000000e+00  1.000000e+00  0.000000e+00
    outer loop
      vertex  -3.857564e+01  2.400000e+01  3.561137e+01
      vertex  -3.666277e+01  2.400000e+01  3.472882e+01
      vertex  -4.020270e+01  2.400000e+01  3.056130e+01
    endloop
  endfacet
  facet normal  0.000000e+00  1.000000e+00  0.000000e+00
    outer loop
      vertex  -3.857564e+01  2.400000e+01  3.561137e+01
      vertex  -4.020270e+01  2.400000e+01  3.056130e+01
      vertex  -4.214236e+01  2.400000e+01  3.130928e+01
    endloop
  endfacet
  facet normal  0.000000e+00  1.000000e+00  0.000000e+00
    outer loop
      vertex  -4.214236e+01  2.400000e+01  3.130928e+01
      vertex  -4.020270e+01  2.400000e+01  3.056130e+01
      vertex  -4.327129e+01  2.400000e+01  2.603547e+01
    endloop
  endfacet
  facet normal  0.000000e+00  1.000000e+00  0.000000e+00
    outer loop
      vertex  -4.214236e+01  2.400000e+01  3.130928e+01
      vertex  -4.327129e+01  2.400000e+01  2.603547e+01
      vertex  -4.523159e+01  2.400000e+01  2.665245e+01
    endloop
  endfacet
  facet normal  0.000000e+00  1.000000e+00  0.000000e+00
    outer loop
      vertex  -4.523159e+01  2.400000e+01  2.665245e+01
      vertex  -4.327129e+01  2.400000e+01  2.603547e+01
      vertex  -4.583256e+01  2.400000e+01  2.120440e+01
    endloop
  endfacet
  facet normal  0.000000e+00  1.000000e+00  0.000000e+00
    outer loop
      vertex  -4.523159e+01  2.400000e+01  2.665245e+01
      vertex  -4.583256e+01  2.400000e+01  2.120440e+01
      vertex  -4.780833e+01  2.400000e+01  2.169364e+01
    endloop
  endfacet
  facet normal  0.000000e+00  1.000000e+00  0.000000e+00
    outer loop
      vertex  -4.780833e+01  2.400000e+01  2.169364e+01
      vertex  -4.583256e+01  2.400000e+01  2.120440e+01
      vertex  -4.785648e+01  2.400000e+01  1.612473e+01
    endloop
  endfacet
  facet normal  0.000000e+00  1.000000e+00  0.000000e+00
    outer loop
      vertex  -4.780833e+01  2.400000e+01  2.169364e+01
      vertex  -4.785648e+01  2.400000e+01  1.612473e+01
      vertex  -4.984337e+01  2.400000e+01  1.648903e+01
    endloop
  endfacet
  facet normal  0.000000e+00  1.000000e+00  0.000000e+00
    outer loop
      vertex  -4.984337e+01  2.400000e+01  1.648903e+01
      vertex  -4.785648e+01  2.400000e+01  1.612473e+01
      vertex  -4.931934e+01  2.400000e+01  1.085601e+01
    endloop
  endfacet
  facet normal  0.000000e+00  1.000000e+00  0.000000e+00
    outer loop
      vertex  -4.984337e+01  2.400000e+01  1.648903e+01
      vertex  -4.931934e+01  2.400000e+01  1.085601e+01
      vertex  -5.131367e+01  2.400000e+01  1.109759e+01
    endloop
  endfacet
  facet normal  0.000000e+00  1.000000e+00  0.000000e+00
    outer loop
      vertex  -5.131367e+01  2.400000e+01  1.109759e+01
      vertex  -4.931934e+01  2.400000e+01  1.085601e+01
      vertex  -5.020397e+01  2.400000e+01  5.460010e+00
    endloop
  endfacet
  facet normal  0.000000e+00  1.000000e+00  0.000000e+00
    outer loop
      vertex  -5.131367e+01  2.400000e+01  1.109759e+01
      vertex  -5.020397e+01  2.400000e+01  5.460010e+00
      vertex  -5.220258e+01  2.400000e+01  5.580408e+00
    endloop
  endfacet
  facet normal  0.000000e+00  1.000000e+00  0.000000e+00
    outer loop
      vertex  -5.220258e+01  2.400000e+01  5.580408e+00
      vertex  -5.020397e+01  2.400000e+01  5.460010e+00
      vertex  -5.050000e+01  2.400000e+01  0.000000e+00
    endloop
  endfacet
  facet normal  0.000000e+00 -1.000000e+00  0.000000e+00
    outer loop
      vertex   5.020397e+01  0.000000e+00 -5.460010e+00
      vertex   5.050000e+01  0.000000e+00  0.000000e+00
      vertex   4.650000e+01  0.000000e+00  0.000000e+00
    endloop
  endfacet
  facet normal  0.000000e+00 -1.000000e+00  0.000000e+00
    outer loop
      vertex   4.650000e+01  0.000000e+00  0.000000e+00
      vertex   5.050000e+01  0.000000e+00  0.000000e+00
      vertex   5.020397e+01  0.000000e+00  5.460010e+00
    endloop
  endfacet
  facet normal  0.000000e+00 -1.000000e+00  0.000000e+00
    outer loop
      vertex   4.650000e+01  0.000000e+00  0.000000e+00
      vertex   5.020397e+01  0.000000e+00  5.460010e+00
      vertex   4.620762e+01  0.000000e+00  5.206348e+00
    endloop
  endfacet
  facet normal  0.000000e+00 -1.000000e+00  0.000000e+00
    outer loop
      vertex   4.620762e+01  0.000000e+00  5.206348e+00
      vertex   5.020397e+01  0.000000e+00  5.460010e+00
      vertex   4.931934e+01  0.000000e+00  1.085601e+01
    endloop
  endfacet
  facet normal  0.000000e+00 -1.000000e+00  0.000000e+00
    outer loop
      vertex   4.620762e+01  0.000000e+00  5.206348e+00
      vertex   4.931934e+01  0.000000e+00  1.085601e+01
      vertex   4.533415e+01  0.000000e+00  1.034722e+01
    endloop
  endfacet
  facet normal  0.000000e+00 -1.000000e+00  0.000000e+00
    outer loop
      vertex   4.533415e+01  0.000000e+00  1.034722e+01
      vertex   4.931934e+01  0.000000e+00  1.085601e+01
      vertex   4.785648e+01  0.000000e+00  1.612473e+01
    endloop
  endfacet
  facet normal  0.000000e+00 -1.000000e+00  0.000000e+00
    outer loop
      vertex   4.533415e+01  0.000000e+00  1.034722e+01
      vertex   4.785648e+01  0.000000e+00  1.612473e+01
      vertex   4.389058e+01  0.000000e+00  1.535798e+01
    endloop
  endfacet
  facet normal  0.000000e+00 -1.000000e+00  0.000000e+00
    outer loop
      vertex   4.389058e+01  0.000000e+00  1.535798e+01
      vertex   4.785648e+01  0.000000e+00  1.612473e+01
      vertex   4.583256e+01  0.000000e+00  2.120440e+01
    endloop
  endfacet
  facet normal  0.000000e+00 -1.000000e+00  0.000000e+00
    outer loop
      vertex   4.389058e+01  0.000000e+00  1.535798e+01
      vertex   4.583256e+01  0.000000e+00  2.120440e+01
      vertex   4.189505e+01  0.000000e+00  2.017559e+01
    endloop
  endfacet
  facet normal  0.000000e+00 -1.000000e+00  0.000000e+00
    outer loop
      vertex   4.189505e+01  0.000000e+00  2.017559e+01
      vertex   4.583256e+01  0.000000e+00  2.120440e+01
      vertex   4.327129e+01  0.000000e+00  2.603547e+01
    endloop
  endfacet
  facet normal  0.000000e+00 -1.000000e+00  0.000000e+00
    outer loop
      vertex   4.189505e+01  0.000000e+00  2.017559e+01
      vertex   4.327129e+01  0.000000e+00  2.603547e+01
      vertex   3.937268e+01  0.000000e+00  2.473949e+01
    endloop
  endfacet
  facet normal  0.000000e+00 -1.000000e+00  0.000000e+00
    outer loop
      vertex   3.937268e+01  0.000000e+00  2.473949e+01
      vertex   4.327129e+01  0.000000e+00  2.603547e+01
      vertex   4.020270e+01  0.000000e+00  3.056130e+01
    endloop
  endfacet
  facet normal  0.000000e+00 -1.000000e+00  0.000000e+00
    outer loop
      vertex   3.937268e+01  0.000000e+00  2.473949e+01
      vertex   4.020270e+01  0.000000e+00  3.056130e+01
      vertex   3.635516e+01  0.000000e+00  2.899228e+01
    endloop
  endfacet
  facet normal  0.000000e+00 -1.000000e+00  0.000000e+00
    outer loop
      vertex   3.635516e+01  0.000000e+00  2.899228e+01
      vertex   4.020270e+01  0.000000e+00  3.056130e+01
      vertex   3.666277e+01  0.000000e+00  3.472882e+01
    endloop
  endfacet
  facet normal  0.000000e+00 -1.000000e+00  0.000000e+00
    outer loop
      vertex   3.635516e+01  0.000000e+00  2.899228e+01
      vertex   3.666277e+01  0.000000e+00  3.472882e+01
      vertex   3.288047e+01  0.000000e+00  3.288047e+01
    endloop
  endfacet
  facet normal  0.000000e+00 -1.000000e+00  0.000000e+00
    outer loop
      vertex   3.288047e+01  0.000000e+00  3.288047e+01
      vertex   3.666277e+01  0.000000e+00  3.472882e+01
      vertex   3.269301e+01  0.000000e+00  3.848919e+01
    endloop
  endfacet
  facet normal  0.000000e+00 -1.000000e+00  0.000000e+00
    outer loop
      vertex   3.288047e+01  0.000000e+00  3.288047e+01
      vertex   3.269301e+01  0.000000e+00  3.848919e+01
      vertex   2.899228e+01  0.000000e+00  3.635516e+01
    endloop
  endfacet
  facet normal  0.000000e+00 -1.000000e+00  0.000000e+00
    outer loop
      vertex   2.899228e+01  0.000000e+00  3.635516e+01
      vertex   3.269301e+01  0.000000e+00  3.848919e+01
      vertex   2.833995e+01  0.000000e+00  4.179829e+01
    endloop
  endfacet
  facet normal  0.000000e+00 -1.000000e+00  0.000000e+00
    outer loop
      vertex   2.899228e+01  0.000000e+00  3.635516e+01
      vertex   2.833995e+01  0.000000e+00  4.179829e+01
      vertex   2.473949e+01  0.000000e+00  3.937268e+01
    endloop
  endfacet
  facet normal  0.000000e+00 -1.000000e+00  0.000000e+00
    outer loop
      vertex   2.473949e+01  0.000000e+00  3.937268e+01
      vertex   2.833995e+01  0.000000e+00  4.179829e+01
      vertex   2.365462e+01  0.000000e+00  4.461736e+01
    endloop
  endfacet
  facet normal  0.000000e+00 -1.000000e+00  0.000000e+00
    outer loop
      vertex   2.473949e+01  0.000000e+00  3.937268e+01
      vertex   2.365462e+01  0.000000e+00  4.461736e+01
      vertex   2.017559e+01  0.000000e+00  4.189505e+01
    endloop
  endfacet
  facet normal  0.000000e+00 -1.000000e+00  0.000000e+00
    outer loop
      vertex   2.017559e+01  0.000000e+00  4.189505e+01
      vertex   2.365462e+01  0.000000e+00  4.461736e+01
      vertex   1.869198e+01  0.000000e+00  4.691332e+01
    endloop
  endfacet
  facet normal  0.000000e+00 -1.000000e+00  0.000000e+00
    outer loop
      vertex   2.017559e+01  0.000000e+00  4.189505e+01
      vertex   1.869198e+01  0.000000e+00  4.691332e+01
      vertex   1.535798e+01  0.000000e+00  4.389058e+01
    endloop
  endfacet
  facet normal  0.000000e+00 -1.000000e+00  0.000000e+00
    outer loop
      vertex   1.535798e+01  0.000000e+00  4.389058e+01
      vertex   1.869198e+01  0.000000e+00  4.691332e+01
      vertex   1.351018e+01  0.000000e+00  4.865928e+01
    endloop
  endfacet
  facet normal  0.000000e+00 -1.000000e+00  0.000000e+00
    outer loop
      vertex   1.535798e+01  0.000000e+00  4.389058e+01
      vertex   1.351018e+01  0.000000e+00  4.865928e+01
      vertex   1.034722e+01  0.000000e+00  4.533415e+01
    endloop
  endfacet
  facet normal  0.000000e+00 -1.000000e+00  0.000000e+00
    outer loop
      vertex   1.034722e+01  0.000000e+00  4.533415e+01
      vertex   1.351018e+01  0.000000e+00  4.865928e+01
      vertex   8.169991e+00  0.000000e+00  4.983474e+01
    endloop
  endfacet
  facet normal  0.000000e+00 -1.000000e+00  0.000000e+00
    outer loop
      vertex   1.034722e+01  0.000000e+00  4.533415e+01
      vertex   8.169991e+00  0.000000e+00  4.983474e+01
      vertex   5.206348e+00  0.000000e+00  4.620762e+01
    endloop
  endfacet
  facet normal  0.000000e+00 -1.000000e+00  0.000000e+00
    outer loop
      vertex   5.206348e+00  0.000000e+00  4.620762e+01
      vertex   8.169991e+00  0.000000e+00  4.983474e+01
      vertex   2.734015e+00  0.000000e+00  5.042594e+01
    endloop
  endfacet
  facet normal  0.000000e+00 -1.000000e+00  0.000000e+00
    outer loop
      vertex   5.206348e+00  0.000000e+00  4.620762e+01
      vertex   2.734015e+00  0.000000e+00  5.042594e+01
      vertex   0.000000e+00  0.000000e+00  4.650000e+01
    endloop
  endfacet
  facet normal  0.000000e+00 -1.000000e+00  0.000000e+00
    outer loop
      vertex   0.000000e+00  0.000000e+00  4.650000e+01
      vertex   2.734015e+00  0.000000e+00  5.042594e+01
      vertex  -2.734015e+00  0.000000e+00  5.042594e+01
    endloop
  endfacet
  facet normal -0.000000e+00 -1.000000e+00  0.000000e+00
    outer loop
      vertex   0.000000e+00  0.000000e+00  4.650000e+01
      vertex  -2.734015e+00  0.000000e+00  5.042594e+01
      vertex  -5.206348e+00  0.000000e+00  4.620762e+01
    endloop
  endfacet
  facet normal  0.000000e+00 -1.000000e+00  0.000000e+00
    outer loop
      vertex  -5.206348e+00  0.000000e+00  4.620762e+01
      vertex  -2.734015e+00  0.000000e+00  5.042594e+01
      vertex  -8.169991e+00  0.000000e+00  4.983474e+01
    endloop
  endfacet
  facet normal -0.000000e+00 -1.000000e+00  0.000000e+00
    outer loop
      vertex  -5.206348e+00  0.000000e+00  4.620762e+01
      vertex  -8.169991e+00  0.000000e+00  4.983474e+01
      vertex  -1.034722e+01  0.000000e+00  4.533415e+01
    endloop
  endfacet
  facet normal  0.000000e+00 -1.000000e+00  0.000000e+00
    outer loop
      vertex  -1.034722e+01  0.000000e+00  4.533415e+01
      vertex  -8.169991e+00  0.000000e+00  4.983474e+01
      vertex  -1.351018e+01  0.000000e+00  4.865928e+01
    endloop
  endfacet
  facet normal -0.000000e+00 -1.000000e+00  0.000000e+00
    outer loop
      vertex  -1.034722e+01  0.000000e+00  4.533415e+01
      vertex  -1.351018e+01  0.000000e+00  4.865928e+01
      vertex  -1.535798e+01  0.000000e+00  4.389058e+01
    endloop
  endfacet
  facet normal  0.000000e+00 -1.000000e+00  0.000000e+00
    outer loop
      vertex  -1.535798e+01  0.000000e+00  4.389058e+01
      vertex  -1.351018e+01  0.000000e+00  4.865928e+01
      vertex  -1.869198e+01  0.000000e+00  4.691332e+01
    endloop
  endfacet
  facet normal -0.000000e+00 -1.000000e+00  0.000000e+00
    outer loop
      vertex  -1.535798e+01  0.000000e+00  4.389058e+01
      vertex  -1.869198e+01  0.000000e+00  4.691332e+01
      vertex  -2.017559e+01  0.000000e+00  4.189505e+01
    endloop
  endfacet
  facet normal  0.000000e+00 -1.000000e+00  0.000000e+00
    outer loop
      vertex  -2.017559e+01  0.000000e+00  4.189505e+01
      vertex  -1.869198e+01  0.000000e+00  4.691332e+01
      vertex  -2.365462e+01  0.000000e+00  4.461736e+01
    endloop
  endfacet
  facet normal -0.000000e+00 -1.000000e+00  0.000000e+00
    outer loop
      vertex  -2.017559e+01  0.000000e+00  4.189505e+01
      vertex  -2.365462e+01  0.000000e+00  4.461736e+01
      vertex  -2.473949e+01  0.000000e+00  3.937268e+01
    endloop
  endfacet
  facet normal  0.000000e+00 -1.000000e+00  0.000000e+00
    outer loop
      vertex  -2.473949e+01  0.000000e+00  3.937268e+01
      vertex  -2.365462e+01  0.000000e+00  4.461736e+01
      vertex  -2.833995e+01  0.000000e+00  4.179829e+01
    endloop
  endfacet
  facet normal -0.000000e+00 -1.000000e+00  0.000000e+00
    outer loop
      vertex  -2.473949e+01  0.000000e+00  3.937268e+01
      vertex  -2.833995e+01  0.000000e+00  4.179829e+01
      vertex  -2.899228e+01  0.000000e+00  3.635516e+01
    endloop
  endfacet
  facet normal  0.000000e+00 -1.000000e+00  0.000000e+00
    outer loop
      vertex  -2.899228e+01  0.000000e+00  3.635516e+01
      vertex  -2.833995e+01  0.000000e+00  4.179829e+01
      vertex  -3.269301e+01  0.000000e+00  3.848919e+01
    endloop
  endfacet
  facet normal -0.000000e+00 -1.000000e+00  0.000000e+00
    outer loop
      vertex  -2.899228e+01  0.000000e+00  3.635516e+01
      vertex  -3.269301e+01  0.000000e+00  3.848919e+01
      vertex  -3.288047e+01  0.000000e+00  3.288047e+01
    endloop
  endfacet
  facet normal  0.000000e+00 -1.000000e+00  0.000000e+00
    outer loop
      vertex  -3.288047e+01  0.000000e+00  3.288047e+01
      vertex  -3.269301e+01  0.000000e+00  3.848919e+01
      vertex  -3.666277e+01  0.000000e+00  3.472882e+01
    endloop
  endfacet
  facet normal -0.000000e+00 -1.000000e+00  0.000000e+00
    outer loop
      vertex  -3.288047e+01  0.000000e+00  3.288047e+01
      vertex  -3.666277e+01  0.000000e+00  3.472882e+01
      vertex  -3.635516e+01  0.000000e+00  2.899228e+01
    endloop
  endfacet
  facet normal  0.000000e+00 -1.000000e+00  0.000000e+00
    outer loop
      vertex  -3.635516e+01  0.000000e+00  2.899228e+01
      vertex  -3.666277e+01  0.000000e+00  3.472882e+01
      vertex  -4.020270e+01  0.000000e+00  3.056130e+01
    endloop
  endfacet
  facet normal -0.000000e+00 -1.000000e+00  0.000000e+00
    outer loop
      vertex  -3.635516e+01  0.000000e+00  2.899228e+01
      vertex  -4.020270e+01  0.000000e+00  3.056130e+01
      vertex  -3.937268e+01  0.000000e+00  2.473949e+01
    endloop
  endfacet
  facet normal  0.000000e+00 -1.000000e+00  0.000000e+00
    outer loop
      vertex  -3.937268e+01  0.000000e+00  2.473949e+01
      vertex  -4.020270e+01  0.000000e+00  3.056130e+01
      vertex  -4.327129e+01  0.000000e+00  2.603547e+01
    endloop
  endfacet
  facet normal -0.000000e+00 -1.000000e+00  0.000000e+00
    outer loop
      vertex  -3.937268e+01  0.000000e+00  2.473949e+01
      vertex  -4.327129e+01  0.000000e+00  2.603547e+01
      vertex  -4.189505e+01  0.000000e+00  2.017559e+01
    endloop
  endfacet
  facet normal  0.000000e+00 -1.000000e+00  0.000000e+00
    outer loop
      vertex  -4.189505e+01  0.000000e+00  2.017559e+01
      vertex  -4.327129e+01  0.000000e+00  2.603547e+01
      vertex  -4.583256e+01  0.000000e+00  2.120440e+01
    endloop
  endfacet
  facet normal -0.000000e+00 -1.000000e+00  0.000000e+00
    outer loop
      vertex  -4.189505e+01  0.000000e+00  2.017559e+01
      vertex  -4.583256e+01  0.000000e+00  2.120440e+01
      vertex  -4.389058e+01  0.000000e+00  1.535798e+01
    endloop
  endfacet
  facet normal  0.000000e+00 -1.000000e+00  0.000000e+00
    outer loop
      vertex  -4.389058e+01  0.000000e+00  1.535798e+01
      vertex  -4.583256e+01  0.000000e+00  2.120440e+01
      vertex  -4.785648e+01  0.000000e+00  1.612473e+01
    endloop
  endfacet
  facet normal -0.000000e+00 -1.000000e+00  0.000000e+00
    outer loop
      vertex  -4.389058e+01  0.000000e+00  1.535798e+01
      vertex  -4.785648e+01  0.000000e+00  1.612473e+01
      vertex  -4.533415e+01  0.000000e+00  1.034722e+01
    endloop
  endfacet
  facet normal  0.000000e+00 -1.000000e+00  0.000000e+00
    outer loop
      vertex  -4.533415e+01  0.000000e+00  1.034722e+01
      vertex  -4.785648e+01  0.000000e+00  1.612473e+01
      vertex  -4.931934e+01  0.000000e+00  1.085601e+01
    endloop
  endfacet
  facet normal -0.000000e+00 -1.000000e+00  0.000000e+00
    outer loop
      vertex  -4.533415e+01  0.000000e+00  1.034722e+01
      vertex  -4.931934e+01  0.000000e+00  1.085601e+01
      vertex  -4.620762e+01  0.000000e+00  5.206348e+00
    endloop
  endfacet
  facet normal  0.000000e+00 -1.000000e+00  0.000000e+00
    outer loop
      vertex  -4.620762e+01  0.000000e+00  5.206348e+00
      vertex  -4.931934e+01  0.000000e+00  1.085601e+01
      vertex  -5.020397e+01  0.000000e+00  5.460010e+00
    endloop
  endfacet
  facet normal -0.000000e+00 -1.000000e+00  0.000000e+00
    outer loop
      vertex  -4.620762e+01  0.000000e+00  5.206348e+00
      vertex  -5.020397e+01  0.000000e+00  5.460010e+00
      vertex  -4.650000e+01  0.000000e+00  0.000000e+00
    endloop
  endfacet
  facet normal  0.000000e+00 -1.000000e+00  0.000000e+00
    outer loop
      vertex  -4.650000e+01  0.000000e+00  0.000000e+00
      vertex  -5.020397e+01  0.000000e+00  5.460010e+00
      vertex  -5.050000e+01  0.000000e+00  0.000000e+00
    endloop
  endfacet
  facet normal -0.000000e+00 -1.000000e+00  0.000000e+00
    outer loop
      vertex  -4.650000e+01  0.000000e+00  0.000000e+00
      vertex  -5.050000e+01  0.000000e+00  0.000000e+00
      vertex  -5.020397e+01  0.000000e+00 -5.460010e+00
    endloop
  endfacet
  facet normal  0.000000e+00 -1.000000e+00 -0.000000e+00
    outer loop
      vertex  -4.650000e+01  0.000000e+00  0.000000e+00
      vertex  -5.020397e+01  0.000000e+00 -5.460010e+00
      vertex  -4.620762e+01  0.000000e+00 -5.206348e+00
    endloop
  endfacet
  facet normal  0.000000e+00 -1.000000e+00  0.000000e+00
    outer loop
      vertex  -4.620762e+01  0.000000e+00 -5.206348e+00
      vertex  -5.020397e+01  0.000000e+00 -5.460010e+00
      vertex  -4.931934e+01  0.000000e+00 -1.085601e+01
    endloop
  endfacet
  facet normal  0.000000e+00 -1.000000e+00 -0.000000e+00
    outer loop
      vertex  -4.620762e+01  0.000000e+00 -5.206348e+00
      vertex  -4.931934e+01  0.000000e+00 -1.085601e+01
      vertex  -4.533415e+01  0.000000e+00 -1.034722e+01
    endloop
  endfacet
  facet normal  0.000000e+00 -1.000000e+00  0.000000e+00
    outer loop
      vertex  -4.533415e+01  0.000000e+00 -1.034722e+01
      vertex  -4.931934e+01  0.000000e+00 -1.085601e+01
      vertex  -4.785648e+01  0.000000e+00 -1.612473e+01
    endloop
  endfacet
  facet normal  0.000000e+00 -1.000000e+00 -0.000000e+00
    outer loop
      vertex  -4.533415e+01  0.000000e+00 -1.034722e+01
      vertex  -4.785648e+01  0.000000e+00 -1.612473e+01
      vertex  -4.389058e+01  0.000000e+00 -1.535798e+01
    endloop
  endfacet
  facet normal  0.000000e+00 -1.000000e+00  0.000000e+00
    outer loop
      vertex  -4.389058e+01  0.000000e+00 -1.535798e+01
      vertex  -4.785648e+01  0.000000e+00 -1.612473e+01
      vertex  -4.583256e+01  0.000000e+00 -2.120440e+01
    endloop
  endfacet
  facet normal  0.000000e+00 -1.000000e+00 -0.000000e+00
    outer loop
      vertex  -4.389058e+01  0.000000e+00 -1.535798e+01
      vertex  -4.583256e+01  0.000000e+00 -2.120440e+01
      vertex  -4.189505e+01  0.000000e+00 -2.017559e+01
    endloop
  endfacet
  facet normal  0.000000e+00 -1.000000e+00  0.000000e+00
    outer loop
      vertex  -4.189505e+01  0.000000e+00 -2.017559e+01
      vertex  -4.583256e+01  0.000000e+00 -2.120440e+01
      vertex  -4.327129e+01  0.000000e+00 -2.603547e+01
    endloop
  endfacet
  facet normal  0.000000e+00 -1.000000e+00 -0.000000e+00
    outer loop
      vertex  -4.189505e+01  0.000000e+00 -2.017559e+01
      vertex  -4.327129e+01  0.000000e+00 -2.603547e+01
      vertex  -3.937268e+01  0.000000e+00 -2.473949e+01
    endloop
  endfacet
  facet normal  0.000000e+00 -1.000000e+00  0.000000e+00
    outer loop
      vertex  -3.937268e+01  0.000000e+00 -2.473949e+01
      vertex  -4.327129e+01  0.000000e+00 -2.603547e+01
      vertex  -4.020270e+01  0.000000e+00 -3.056130e+01
    endloop
  endfacet
  facet normal  0.000000e+00 -1.000000e+00 -0.000000e+00
    outer loop
      vertex  -3.937268e+01  0.000000e+00 -2.473949e+01
      vertex  -4.020270e+01  0.000000e+00 -3.056130e+01
      vertex  -3.635516e+01  0.000000e+00 -2.899228e+01
    endloop
  endfacet
  facet normal  0.000000e+00 -1.000000e+00  0.000000e+00
    outer loop
      vertex  -3.635516e+01  0.000000e+00 -2.899228e+01
      vertex  -4.020270e+01  0.000000e+00 -3.056130e+01
      vertex  -3.666277e+01  0.000000e+00 -3.472882e+01
    endloop
  endfacet
  facet normal  0.000000e+00 -1.000000e+00 -0.000000e+00
    outer loop
      vertex  -3.635516e+01  0.000000e+00 -2.899228e+01
      vertex  -3.666277e+01  0.000000e+00 -3.472882e+01
      vertex  -3.288047e+01  0.000000e+00 -3.288047e+01
    endloop
  endfacet
  facet normal  0.000000e+00 -1.000000e+00 -0.000000e+00
    outer loop
      vertex  -3.288047e+01  0.000000e+00 -3.288047e+01
      vertex  -3.666277e+01  0.000000e+00 -3.472882e+01
      vertex  -3.269301e+01  0.000000e+00 -3.848919e+01
    endloop
  endfacet
  facet normal  0.000000e+00 -1.000000e+00  0.000000e+00
    outer loop
      vertex  -3.288047e+01  0.000000e+00 -3.288047e+01
      vertex  -3.269301e+01  0.000000e+00 -3.848919e+01
      vertex  -2.899228e+01  0.000000e+00 -3.635516e+01
    endloop
  endfacet
  facet normal  0.000000e+00 -1.000000e+00 -0.000000e+00
    outer loop
      vertex  -2.899228e+01  0.000000e+00 -3.635516e+01
      vertex  -3.269301e+01  0.000000e+00 -3.848919e+01
      vertex  -2.833995e+01  0.000000e+00 -4.179829e+01
    endloop
  endfacet
  facet normal  0.000000e+00 -1.000000e+00  0.000000e+00
    outer loop
      vertex  -2.899228e+01  0.000000e+00 -3.635516e+01
      vertex  -2.833995e+01  0.000000e+00 -4.179829e+01
      vertex  -2.473949e+01  0.000000e+00 -3.937268e+01
    endloop
  endfacet
  facet normal  0.000000e+00 -1.000000e+00 -0.000000e+00
    outer loop
      vertex  -2.473949e+01  0.000000e+00 -3.937268e+01
      vertex  -2.833995e+01  0.000000e+00 -4.179829e+01
      vertex  -2.365462e+01  0.000000e+00 -4.461736e+01
    endloop
  endfacet
  facet normal  0.000000e+00 -1.000000e+00  0.000000e+00
    outer loop
      vertex  -2.473949e+01  0.000000e+00 -3.937268e+01
      vertex  -2.365462e+01  0.000000e+00 -4.461736e+01
      vertex  -2.017559e+01  0.000000e+00 -4.189505e+01
    endloop
  endfacet
  facet normal  0.000000e+00 -1.000000e+00 -0.000000e+00
    outer loop
      vertex  -2.017559e+01  0.000000e+00 -4.189505e+01
      vertex  -2.365462e+01  0.000000e+00 -4.461736e+01
      vertex  -1.869198e+01  0.000000e+00 -4.691332e+01
    endloop
  endfacet
  facet normal  0.000000e+00 -1.000000e+00  0.000000e+00
    outer loop
      vertex  -2.017559e+01  0.000000e+00 -4.189505e+01
      vertex  -1.869198e+01  0.000000e+00 -4.691332e+01
      vertex  -1.535798e+01  0.000000e+00 -4.389058e+01
    endloop
  endfacet
  facet normal  0.000000e+00 -1.000000e+00 -0.000000e+00
    outer loop
      vertex  -1.535798e+01  0.000000e+00 -4.389058e+01
      vertex  -1.869198e+01  0.000000e+00 -4.691332e+01
      vertex  -1.351018e+01  0.000000e+00 -4.865928e+01
    endloop
  endfacet
  facet normal  0.000000e+00 -1.000000e+00  0.000000e+00
    outer loop
      vertex  -1.535798e+01  0.000000e+00 -4.389058e+01
      vertex  -1.351018e+01  0.000000e+00 -4.865928e+01
      vertex  -1.034722e+01  0.000000e+00 -4.533415e+01
    endloop
  endfacet
  facet normal  0.000000e+00 -1.000000e+00 -0.000000e+00
    outer loop
      vertex  -1.034722e+01  0.000000e+00 -4.533415e+01
      vertex  -1.351018e+01  0.000000e+00 -4.865928e+01
      vertex  -8.169991e+00  0.000000e+00 -4.983474e+01
    endloop
  endfacet
  facet normal  0.000000e+00 -1.000000e+00  0.000000e+00
    outer loop
      vertex  -1.034722e+01  0.000000e+00 -4.533415e+01
      vertex  -8.169991e+00  0.000000e+00 -4.983474e+01
      vertex  -5.206348e+00  0.000000e+00 -4.620762e+01
    endloop
  endfacet
  facet normal  0.000000e+00 -1.000000e+00 -0.000000e+00
    outer loop
      vertex  -5.206348e+00  0.000000e+00 -4.620762e+01
      vertex  -8.169991e+00  0.000000e+00 -4.983474e+01
      vertex  -2.734015e+00  0.000000e+00 -5.042594e+01
    endloop
  endfacet
  facet normal  0.000000e+00 -1.000000e+00  0.000000e+00
    outer loop
      vertex  -5.206348e+00  0.000000e+00 -4.620762e+01
      vertex  -2.734015e+00  0.000000e+00 -5.042594e+01
      vertex   0.000000e+00  0.000000e+00 -4.650000e+01
    endloop
  endfacet
  facet normal  0.000000e+00 -1.000000e+00 -0.000000e+00
    outer loop
      vertex   0.000000e+00  0.000000e+00 -4.650000e+01
      vertex  -2.734015e+00  0.000000e+00 -5.042594e+01
      vertex   2.734015e+00  0.000000e+00 -5.042594e+01
    endloop
  endfacet
  facet normal  0.000000e+00 -1.000000e+00  0.000000e+00
    outer loop
      vertex   0.000000e+00  0.000000e+00 -4.650000e+01
      vertex   2.734015e+00  0.000000e+00 -5.042594e+01
      vertex   5.206348e+00  0.000000e+00 -4.620762e+01
    endloop
  endfacet
  facet normal  0.000000e+00 -1.000000e+00 -0.000000e+00
    outer loop
      vertex   5.206348e+00  0.000000e+00 -4.620762e+01
      vertex   2.734015e+00  0.000000e+00 -5.042594e+01
      vertex   8.169991e+00  0.000000e+00 -4.983474e+01
    endloop
  endfacet
  facet normal  0.000000e+00 -1.000000e+00  0.000000e+00
    outer loop
      vertex   5.206348e+00  0.000000e+00 -4.620762e+01
      vertex   8.169991e+00  0.000000e+00 -4.983474e+01
      vertex   1.034722e+01  0.000000e+00 -4.533415e+01
    endloop
  endfacet
  facet normal  0.000000e+00 -1.000000e+00 -0.000000e+00
    outer loop
      vertex   1.034722e+01  0.000000e+00 -4.533415e+01
      vertex   8.169991e+00  0.000000e+00 -4.983474e+01
      vertex   1.351018e+01  0.000000e+00 -4.865928e+01
    endloop
  endfacet
  facet normal  0.000000e+00 -1.000000e+00  0.000000e+00
    outer loop
      vertex   1.034722e+01  0.000000e+00 -4.533415e+01
      vertex   1.351018e+01  0.000000e+00 -4.865928e+01
      vertex   1.535798e+01  0.000000e+00 -4.389058e+01
    endloop
  endfacet
  facet normal  0.000000e+00 -1.000000e+00 -0.000000e+00
    outer loop
      vertex   1.535798e+01  0.000000e+00 -4.389058e+01
      vertex   1.351018e+01  0.000000e+00 -4.865928e+01
      vertex   1.869198e+01  0.000000e+00 -4.691332e+01
    endloop
  endfacet
  facet normal  0.000000e+00 -1.000000e+00  0.000000e+00
    outer loop
      vertex   1.535798e+01  0.000000e+00 -4.389058e+01
      vertex   1.869198e+01  0.000000e+00 -4.691332e+01
      vertex   2.017559e+01  0.000000e+00 -4.189505e+01
    endloop
  endfacet
  facet normal  0.000000e+00 -1.000000e+00 -0.000000e+00
    outer loop
      vertex   2.017559e+01  0.000000e+00 -4.189505e+01
      vertex   1.869198e+01  0.000000e+00 -4.691332e+01
      vertex   2.365462e+01  0.000000e+00 -4.461736e+01
    endloop
  endfacet
  facet normal  0.000000e+00 -1.000000e+00  0.000000e+00
    outer loop
      vertex   2.017559e+01  0.000000e+00 -4.189505e+01
      vertex   2.365462e+01  0.000000e+00 -4.461736e+01
      vertex   2.473949e+01  0.000000e+00 -3.937268e+01
    endloop
  endfacet
  facet normal  0.000000e+00 -1.000000e+00 -0.000000e+00
    outer loop
      vertex   2.473949e+01  0.000000e+00 -3.937268e+01
      vertex   2.365462e+01  0.000000e+00 -4.461736e+01
      vertex   2.833995e+01  0.000000e+00 -4.179829e+01
    endloop
  endfacet
  facet normal  0.000000e+00 -1.000000e+00  0.000000e+00
    outer loop
      vertex   2.473949e+01  0.000000e+00 -3.937268e+01
      vertex   2.833995e+01  0.000000e+00 -4.179829e+01
      vertex   2.899228e+01  0.000000e+00 -3.635516e+01
    endloop
  endfacet
  facet normal  0.000000e+00 -1.000000e+00 -0.000000e+00
    outer loop
      vertex   2.899228e+01  0.000000e+00 -3.635516e+01
      vertex   2.833995e+01  0.000000e+00 -4.179829e+01
      vertex   3.269301e+01  0.000000e+00 -3.848919e+01
    endloop
  endfacet
  facet normal  0.000000e+00 -1.000000e+00  0.000000e+00
    outer loop
      vertex   2.899228e+01  0.000000e+00 -3.635516e+01
      vertex   3.269301e+01  0.000000e+00 -3.848919e+01
      vertex   3.288047e+01  0.000000e+00 -3.288047e+01
    endloop
  endfacet
  facet normal  0.000000e+00 -1.000000e+00 -0.000000e+00
    outer loop
      vertex   3.288047e+01  0.000000e+00 -3.288047e+01
      vertex   3.269301e+01  0.000000e+00 -3.848919e+01
      vertex   3.666277e+01  0.000000e+00 -3.472882e+01
    endloop
  endfacet
  facet normal  0.000000e+00 -1.000000e+00  0.000000e+00
    outer loop
      vertex   3.288047e+01  0.000000e+00 -3.288047e+01
      vertex   3.666277e+01  0.000000e+00 -3.472882e+01
      vertex   3.635516e+01  0.000000e+00 -2.899228e+01
    endloop
  endfacet
  facet normal  0.000000e+00 -1.000000e+00  0.000000e+00
    outer loop
      vertex   3.635516e+01  0.000000e+00 -2.899228e+01
      vertex   3.666277e+01  0.000000e+00 -3.472882e+01
      vertex   4.020270e+01  0.000000e+00 -3.056130e+01
    endloop
  endfacet
  facet normal  0.000000e+00 -1.000000e+00  0.000000e+00
    outer loop
      vertex   3.635516e+01  0.000000e+00 -2.899228e+01
      vertex   4.020270e+01  0.000000e+00 -3.056130e+01
      vertex   3.937268e+01  0.000000e+00 -2.473949e+01
    endloop
  endfacet
  facet normal  0.000000e+00 -1.000000e+00  0.000000e+00
    outer loop
      vertex   3.937268e+01  0.000000e+00 -2.473949e+01
      vertex   4.020270e+01  0.000000e+00 -3.056130e+01
      vertex   4.327129e+01  0.000000e+00 -2.603547e+01
    endloop
  endfacet
  facet normal  0.000000e+00 -1.000000e+00  0.000000e+00
    outer loop
      vertex   3.937268e+01  0.000000e+00 -2.473949e+01
      vertex   4.327129e+01  0.000000e+00 -2.603547e+01
      vertex   4.189505e+01  0.000000e+00 -2.017559e+01
    endloop
  endfacet
  facet normal  0.000000e+00 -1.000000e+00  0.000000e+00
    outer loop
      vertex   4.189505e+01  0.000000e+00 -2.017559e+01
      vertex   4.327129e+01  0.000000e+00 -2.603547e+01
      vertex   4.583256e+01  0.000000e+00 -2.120440e+01
    endloop
  endfacet
  facet normal  0.000000e+00 -1.000000e+00  0.000000e+00
    outer loop
      vertex   4.189505e+01  0.000000e+00 -2.017559e+01
      vertex   4.583256e+01  0.000000e+00 -2.120440e+01
      vertex   4.389058e+01  0.000000e+00 -1.535798e+01
    endloop
  endfacet
  facet normal  0.000000e+00 -1.000000e+00  0.000000e+00
    outer loop
      vertex   4.389058e+01  0.000000e+00 -1.535798e+01
      vertex   4.583256e+01  0.000000e+00 -2.120440e+01
      vertex   4.785648e+01  0.000000e+00 -1.612473e+01
    endloop
  endfacet
  facet normal  0.000000e+00 -1.000000e+00  0.000000e+00
    outer loop
      vertex   4.389058e+01  0.000000e+00 -1.535798e+01
      vertex   4.785648e+01  0.000000e+00 -1.612473e+01
      vertex   4.533415e+01  0.000000e+00 -1.034722e+01
    endloop
  endfacet
  facet normal  0.000000e+00 -1.000000e+00  0.000000e+00
    outer loop
      vertex   4.533415e+01  0.000000e+00 -1.034722e+01
      vertex   4.785648e+01  0.000000e+00 -1.612473e+01
      vertex   4.931934e+01  0.000000e+00 -1.085601e+01
    endloop
  endfacet
  facet normal  0.000000e+00 -1.000000e+00  0.000000e+00
    outer loop
      vertex   4.533415e+01  0.000000e+00 -1.034722e+01
      vertex   4.931934e+01  0.000000e+00 -1.085601e+01
      vertex   4.620762e+01  0.000000e+00 -5.206348e+00
    endloop
  endfacet
  facet normal  0.000000e+00 -1.000000e+00  0.000000e+00
    outer loop
      vertex   4.620762e+01  0.000000e+00 -5.206348e+00
      vertex   4.931934e+01  0.000000e+00 -1.085601e+01
      vertex   5.020397e+01  0.000000e+00 -5.460010e+00
    endloop
  endfacet
  facet normal  0.000000e+00 -1.000000e+00  0.000000e+00
    outer loop
      vertex   4.620762e+01  0.000000e+00 -5.206348e+00
      vertex   5.020397e+01  0.000000e+00 -5.460010e+00
      vertex   4.650000e+01  0.000000e+00  0.000000e+00
    endloop
  endfacet
endsolid vcg
