solid STL generated by MeshLab
  facet normal -0.000000e+00  1.000000e+00  0.000000e+00
    outer loop
      vertex  -5.580408e+00  3.000000e+01 -5.220258e+01
      vertex  -2.609921e+00  3.000000e+01 -5.043251e+01
      vertex   0.000000e+00  3.000000e+01 -5.250000e+01
    endloop
  endfacet
  facet normal  0.000000e+00  1.000000e+00 -0.000000e+00
    outer loop
      vertex   0.000000e+00  3.000000e+01 -5.250000e+01
      vertex  -2.609921e+00  3.000000e+01 -5.043251e+01
      vertex   2.609921e+00  3.000000e+01 -5.043251e+01
    endloop
  endfacet
  facet normal  0.000000e+00  1.000000e+00  0.000000e+00
    outer loop
      vertex   0.000000e+00  3.000000e+01 -5.250000e+01
      vertex   2.609921e+00  3.000000e+01 -5.043251e+01
      vertex   5.580408e+00  3.000000e+01 -5.220258e+01
    endloop
  endfacet
  facet normal  0.000000e+00  1.000000e+00 -0.000000e+00
    outer loop
      vertex   5.580408e+00  3.000000e+01 -5.220258e+01
      vertex   2.609921e+00  3.000000e+01 -5.043251e+01
      vertex   7.801880e+00  3.000000e+01 -4.989369e+01
    endloop
  endfacet
  facet normal  0.000000e+00  1.000000e+00  0.000000e+00
    outer loop
      vertex   5.580408e+00  3.000000e+01 -5.220258e+01
      vertex   7.801880e+00  3.000000e+01 -4.989369e+01
      vertex   1.109759e+01  3.000000e+01 -5.131367e+01
    endloop
  endfacet
  facet normal  0.000000e+00  1.000000e+00 -0.000000e+00
    outer loop
      vertex   1.109759e+01  3.000000e+01 -5.131367e+01
      vertex   7.801880e+00  3.000000e+01 -4.989369e+01
      vertex   1.291048e+01  3.000000e+01 -4.882181e+01
    endloop
  endfacet
  facet normal  0.000000e+00  1.000000e+00  0.000000e+00
    outer loop
      vertex   1.109759e+01  3.000000e+01 -5.131367e+01
      vertex   1.291048e+01  3.000000e+01 -4.882181e+01
      vertex   1.648903e+01  3.000000e+01 -4.984337e+01
    endloop
  endfacet
  facet normal  0.000000e+00  1.000000e+00 -0.000000e+00
    outer loop
      vertex   1.648903e+01  3.000000e+01 -4.984337e+01
      vertex   1.291048e+01  3.000000e+01 -4.882181e+01
      vertex   1.788115e+01  3.000000e+01 -4.722832e+01
    endloop
  endfacet
  facet normal  0.000000e+00  1.000000e+00  0.000000e+00
    outer loop
      vertex   1.648903e+01  3.000000e+01 -4.984337e+01
      vertex   1.788115e+01  3.000000e+01 -4.722832e+01
      vertex   2.169364e+01  3.000000e+01 -4.780833e+01
    endloop
  endfacet
  facet normal  0.000000e+00  1.000000e+00 -0.000000e+00
    outer loop
      vertex   2.169364e+01  3.000000e+01 -4.780833e+01
      vertex   1.788115e+01  3.000000e+01 -4.722832e+01
      vertex   2.266078e+01  3.000000e+01 -4.513025e+01
    endloop
  endfacet
  facet normal  0.000000e+00  1.000000e+00  0.000000e+00
    outer loop
      vertex   2.169364e+01  3.000000e+01 -4.780833e+01
      vertex   2.266078e+01  3.000000e+01 -4.513025e+01
      vertex   2.665245e+01  3.000000e+01 -4.523159e+01
    endloop
  endfacet
  facet normal  0.000000e+00  1.000000e+00 -0.000000e+00
    outer loop
      vertex   2.665245e+01  3.000000e+01 -4.523159e+01
      vertex   2.266078e+01  3.000000e+01 -4.513025e+01
      vertex   2.719830e+01  3.000000e+01 -4.255000e+01
    endloop
  endfacet
  facet normal  0.000000e+00  1.000000e+00  0.000000e+00
    outer loop
      vertex   2.665245e+01  3.000000e+01 -4.523159e+01
      vertex   2.719830e+01  3.000000e+01 -4.255000e+01
      vertex   2.770000e+01  3.000000e+01 -4.255000e+01
    endloop
  endfacet
  facet normal  0.000000e+00  1.000000e+00  0.000000e+00
    outer loop
      vertex  -2.609921e+00  3.000000e+01 -5.043251e+01
      vertex  -5.580408e+00  3.000000e+01 -5.220258e+01
      vertex  -7.801880e+00  3.000000e+01 -4.989369e+01
    endloop
  endfacet
  facet normal  0.000000e+00  1.000000e+00  0.000000e+00
    outer loop
      vertex  -7.801880e+00  3.000000e+01 -4.989369e+01
      vertex  -5.580408e+00  3.000000e+01 -5.220258e+01
      vertex  -1.109759e+01  3.000000e+01 -5.131367e+01
    endloop
  endfacet
  facet normal  0.000000e+00  1.000000e+00  0.000000e+00
    outer loop
      vertex  -7.801880e+00  3.000000e+01 -4.989369e+01
      vertex  -1.109759e+01  3.000000e+01 -5.131367e+01
      vertex  -1.291048e+01  3.000000e+01 -4.882181e+01
    endloop
  endfacet
  facet normal  0.000000e+00  1.000000e+00  0.000000e+00
    outer loop
      vertex  -1.291048e+01  3.000000e+01 -4.882181e+01
      vertex  -1.109759e+01  3.000000e+01 -5.131367e+01
      vertex  -1.648903e+01  3.000000e+01 -4.984337e+01
    endloop
  endfacet
  facet normal  0.000000e+00  1.000000e+00  0.000000e+00
    outer loop
      vertex  -1.291048e+01  3.000000e+01 -4.882181e+01
      vertex  -1.648903e+01  3.000000e+01 -4.984337e+01
      vertex  -1.788115e+01  3.000000e+01 -4.722832e+01
    endloop
  endfacet
  facet normal  0.000000e+00  1.000000e+00  0.000000e+00
    outer loop
      vertex  -1.788115e+01  3.000000e+01 -4.722832e+01
      vertex  -1.648903e+01  3.000000e+01 -4.984337e+01
      vertex  -2.169364e+01  3.000000e+01 -4.780833e+01
    endloop
  endfacet
  facet normal  0.000000e+00  1.000000e+00  0.000000e+00
    outer loop
      vertex  -1.788115e+01  3.000000e+01 -4.722832e+01
      vertex  -2.169364e+01  3.000000e+01 -4.780833e+01
      vertex  -2.266078e+01  3.000000e+01 -4.513025e+01
    endloop
  endfacet
  facet normal  0.000000e+00  1.000000e+00  0.000000e+00
    outer loop
      vertex  -2.266078e+01  3.000000e+01 -4.513025e+01
      vertex  -2.169364e+01  3.000000e+01 -4.780833e+01
      vertex  -2.665245e+01  3.000000e+01 -4.523159e+01
    endloop
  endfacet
  facet normal  0.000000e+00  1.000000e+00  0.000000e+00
    outer loop
      vertex  -2.266078e+01  3.000000e+01 -4.513025e+01
      vertex  -2.665245e+01  3.000000e+01 -4.523159e+01
      vertex  -2.719830e+01  3.000000e+01 -4.255000e+01
    endloop
  endfacet
  facet normal  0.000000e+00  1.000000e+00  0.000000e+00
    outer loop
      vertex  -2.719830e+01  3.000000e+01 -4.255000e+01
      vertex  -2.665245e+01  3.000000e+01 -4.523159e+01
      vertex  -2.770000e+01  3.000000e+01 -4.255000e+01
    endloop
  endfacet
  facet normal  0.000000e+00  1.000000e+00  0.000000e+00
    outer loop
      vertex  -2.770000e+01  3.000000e+01 -4.255000e+01
      vertex  -2.665245e+01  3.000000e+01 -4.523159e+01
      vertex  -3.130928e+01  3.000000e+01 -4.214236e+01
    endloop
  endfacet
  facet normal  0.000000e+00  1.000000e+00 -0.000000e+00
    outer loop
      vertex  -2.770000e+01  3.000000e+01 -4.255000e+01
      vertex  -3.130928e+01  3.000000e+01 -4.214236e+01
      vertex  -2.770000e+01  3.000000e+01 -4.222511e+01
    endloop
  endfacet
  facet normal  0.000000e+00  1.000000e+00  0.000000e+00
    outer loop
      vertex  -2.770000e+01  3.000000e+01 -4.222511e+01
      vertex  -3.130928e+01  3.000000e+01 -4.214236e+01
      vertex  -3.194293e+01  3.000000e+01 -3.911393e+01
    endloop
  endfacet
  facet normal  0.000000e+00  1.000000e+00  0.000000e+00
    outer loop
      vertex  -3.194293e+01  3.000000e+01 -3.911393e+01
      vertex  -3.130928e+01  3.000000e+01 -4.214236e+01
      vertex  -3.561137e+01  3.000000e+01 -3.857564e+01
    endloop
  endfacet
  facet normal  0.000000e+00  1.000000e+00  0.000000e+00
    outer loop
      vertex  -3.194293e+01  3.000000e+01 -3.911393e+01
      vertex  -3.561137e+01  3.000000e+01 -3.857564e+01
      vertex  -3.583913e+01  3.000000e+01 -3.557817e+01
    endloop
  endfacet
  facet normal  0.000000e+00  1.000000e+00  0.000000e+00
    outer loop
      vertex  -3.583913e+01  3.000000e+01 -3.557817e+01
      vertex  -3.561137e+01  3.000000e+01 -3.857564e+01
      vertex  -3.950997e+01  3.000000e+01 -3.457185e+01
    endloop
  endfacet
  facet normal  0.000000e+00  1.000000e+00  0.000000e+00
    outer loop
      vertex  -3.583913e+01  3.000000e+01 -3.557817e+01
      vertex  -3.950997e+01  3.000000e+01 -3.457185e+01
      vertex  -3.934632e+01  3.000000e+01 -3.165624e+01
    endloop
  endfacet
  facet normal  0.000000e+00  1.000000e+00  0.000000e+00
    outer loop
      vertex  -3.934632e+01  3.000000e+01 -3.165624e+01
      vertex  -3.950997e+01  3.000000e+01 -3.457185e+01
      vertex  -4.296090e+01  3.000000e+01 -3.017634e+01
    endloop
  endfacet
  facet normal  0.000000e+00  1.000000e+00  0.000000e+00
    outer loop
      vertex  -3.934632e+01  3.000000e+01 -3.165624e+01
      vertex  -4.296090e+01  3.000000e+01 -3.017634e+01
      vertex  -4.242641e+01  3.000000e+01 -2.739069e+01
    endloop
  endfacet
  facet normal  0.000000e+00  1.000000e+00  0.000000e+00
    outer loop
      vertex  -4.242641e+01  3.000000e+01 -2.739069e+01
      vertex  -4.296090e+01  3.000000e+01 -3.017634e+01
      vertex  -4.592506e+01  3.000000e+01 -2.543892e+01
    endloop
  endfacet
  facet normal  0.000000e+00  1.000000e+00  0.000000e+00
    outer loop
      vertex  -4.242641e+01  3.000000e+01 -2.739069e+01
      vertex  -4.592506e+01  3.000000e+01 -2.543892e+01
      vertex  -4.504599e+01  3.000000e+01 -2.282782e+01
    endloop
  endfacet
  facet normal  0.000000e+00  1.000000e+00  0.000000e+00
    outer loop
      vertex  -4.504599e+01  3.000000e+01 -2.282782e+01
      vertex  -4.592506e+01  3.000000e+01 -2.543892e+01
      vertex  -4.836888e+01  3.000000e+01 -2.041327e+01
    endloop
  endfacet
  facet normal  0.000000e+00  1.000000e+00  0.000000e+00
    outer loop
      vertex  -4.504599e+01  3.000000e+01 -2.282782e+01
      vertex  -4.836888e+01  3.000000e+01 -2.041327e+01
      vertex  -4.717661e+01  3.000000e+01 -1.801716e+01
    endloop
  endfacet
  facet normal  0.000000e+00  1.000000e+00  0.000000e+00
    outer loop
      vertex  -4.717661e+01  3.000000e+01 -1.801716e+01
      vertex  -4.836888e+01  3.000000e+01 -2.041327e+01
      vertex  -5.026466e+01  3.000000e+01 -1.515633e+01
    endloop
  endfacet
  facet normal  0.000000e+00  1.000000e+00  0.000000e+00
    outer loop
      vertex  -4.717661e+01  3.000000e+01 -1.801716e+01
      vertex  -5.026466e+01  3.000000e+01 -1.515633e+01
      vertex  -4.879514e+01  3.000000e+01 -1.301094e+01
    endloop
  endfacet
  facet normal  0.000000e+00  1.000000e+00  0.000000e+00
    outer loop
      vertex  -4.879514e+01  3.000000e+01 -1.301094e+01
      vertex  -5.026466e+01  3.000000e+01 -1.515633e+01
      vertex  -5.159092e+01  3.000000e+01 -9.727658e+00
    endloop
  endfacet
  facet normal  0.000000e+00  1.000000e+00  0.000000e+00
    outer loop
      vertex  -4.879514e+01  3.000000e+01 -1.301094e+01
      vertex  -5.159092e+01  3.000000e+01 -9.727658e+00
      vertex  -4.988402e+01  3.000000e+01 -7.863488e+00
    endloop
  endfacet
  facet normal  0.000000e+00  1.000000e+00  0.000000e+00
    outer loop
      vertex  -4.988402e+01  3.000000e+01 -7.863488e+00
      vertex  -5.159092e+01  3.000000e+01 -9.727658e+00
      vertex  -5.233263e+01  3.000000e+01 -4.188771e+00
    endloop
  endfacet
  facet normal  0.000000e+00  1.000000e+00  0.000000e+00
    outer loop
      vertex  -4.988402e+01  3.000000e+01 -7.863488e+00
      vertex  -5.233263e+01  3.000000e+01 -4.188771e+00
      vertex  -5.043143e+01  3.000000e+01 -2.630681e+00
    endloop
  endfacet
  facet normal  0.000000e+00  1.000000e+00  0.000000e+00
    outer loop
      vertex  -5.043143e+01  3.000000e+01 -2.630681e+00
      vertex  -5.233263e+01  3.000000e+01 -4.188771e+00
      vertex  -5.248139e+01  3.000000e+01  1.397577e+00
    endloop
  endfacet
  facet normal  0.000000e+00  1.000000e+00 -0.000000e+00
    outer loop
      vertex  -5.043143e+01  3.000000e+01 -2.630681e+00
      vertex  -5.248139e+01  3.000000e+01  1.397577e+00
      vertex  -5.043143e+01  3.000000e+01  2.630681e+00
    endloop
  endfacet
  facet normal  0.000000e+00  1.000000e+00  0.000000e+00
    outer loop
      vertex  -5.043143e+01  3.000000e+01  2.630681e+00
      vertex  -5.248139e+01  3.000000e+01  1.397577e+00
      vertex  -5.203552e+01  3.000000e+01  6.968090e+00
    endloop
  endfacet
  facet normal  0.000000e+00  1.000000e+00 -0.000000e+00
    outer loop
      vertex  -5.043143e+01  3.000000e+01  2.630681e+00
      vertex  -5.203552e+01  3.000000e+01  6.968090e+00
      vertex  -4.988402e+01  3.000000e+01  7.863488e+00
    endloop
  endfacet
  facet normal  0.000000e+00  1.000000e+00  0.000000e+00
    outer loop
      vertex  -4.988402e+01  3.000000e+01  7.863488e+00
      vertex  -5.203552e+01  3.000000e+01  6.968090e+00
      vertex  -5.100007e+01  3.000000e+01  1.245965e+01
    endloop
  endfacet
  facet normal  0.000000e+00  1.000000e+00 -0.000000e+00
    outer loop
      vertex  -4.988402e+01  3.000000e+01  7.863488e+00
      vertex  -5.100007e+01  3.000000e+01  1.245965e+01
      vertex  -4.879514e+01  3.000000e+01  1.301094e+01
    endloop
  endfacet
  facet normal  0.000000e+00  1.000000e+00  0.000000e+00
    outer loop
      vertex  -4.879514e+01  3.000000e+01  1.301094e+01
      vertex  -5.100007e+01  3.000000e+01  1.245965e+01
      vertex  -4.938676e+01  3.000000e+01  1.781004e+01
    endloop
  endfacet
  facet normal  0.000000e+00  1.000000e+00 -0.000000e+00
    outer loop
      vertex  -4.879514e+01  3.000000e+01  1.301094e+01
      vertex  -4.938676e+01  3.000000e+01  1.781004e+01
      vertex  -4.717661e+01  3.000000e+01  1.801716e+01
    endloop
  endfacet
  facet normal  0.000000e+00  1.000000e+00  0.000000e+00
    outer loop
      vertex  -4.717661e+01  3.000000e+01  1.801716e+01
      vertex  -4.938676e+01  3.000000e+01  1.781004e+01
      vertex  -4.721389e+01  3.000000e+01  2.295863e+01
    endloop
  endfacet
  facet normal  0.000000e+00  1.000000e+00 -0.000000e+00
    outer loop
      vertex  -4.717661e+01  3.000000e+01  1.801716e+01
      vertex  -4.721389e+01  3.000000e+01  2.295863e+01
      vertex  -4.504599e+01  3.000000e+01  2.282782e+01
    endloop
  endfacet
  facet normal  0.000000e+00  1.000000e+00 -0.000000e+00
    outer loop
      vertex  -4.504599e+01  3.000000e+01  2.282782e+01
      vertex  -4.721389e+01  3.000000e+01  2.295863e+01
      vertex  -4.450606e+01  3.000000e+01  2.784710e+01
    endloop
  endfacet
  facet normal  0.000000e+00  1.000000e+00  0.000000e+00
    outer loop
      vertex  -4.504599e+01  3.000000e+01  2.282782e+01
      vertex  -4.450606e+01  3.000000e+01  2.784710e+01
      vertex  -4.242641e+01  3.000000e+01  2.739069e+01
    endloop
  endfacet
  facet normal  0.000000e+00  1.000000e+00 -0.000000e+00
    outer loop
      vertex  -4.242641e+01  3.000000e+01  2.739069e+01
      vertex  -4.450606e+01  3.000000e+01  2.784710e+01
      vertex  -4.129395e+01  3.000000e+01  3.242004e+01
    endloop
  endfacet
  facet normal  0.000000e+00  1.000000e+00  0.000000e+00
    outer loop
      vertex  -4.242641e+01  3.000000e+01  2.739069e+01
      vertex  -4.129395e+01  3.000000e+01  3.242004e+01
      vertex  -3.934632e+01  3.000000e+01  3.165624e+01
    endloop
  endfacet
  facet normal  0.000000e+00  1.000000e+00 -0.000000e+00
    outer loop
      vertex  -3.934632e+01  3.000000e+01  3.165624e+01
      vertex  -4.129395e+01  3.000000e+01  3.242004e+01
      vertex  -3.761398e+01  3.000000e+01  3.662566e+01
    endloop
  endfacet
  facet normal  0.000000e+00  1.000000e+00  0.000000e+00
    outer loop
      vertex  -3.934632e+01  3.000000e+01  3.165624e+01
      vertex  -3.761398e+01  3.000000e+01  3.662566e+01
      vertex  -3.583913e+01  3.000000e+01  3.557817e+01
    endloop
  endfacet
  facet normal  0.000000e+00  1.000000e+00 -0.000000e+00
    outer loop
      vertex  -3.583913e+01  3.000000e+01  3.557817e+01
      vertex  -3.761398e+01  3.000000e+01  3.662566e+01
      vertex  -3.350782e+01  3.000000e+01  4.041628e+01
    endloop
  endfacet
  facet normal  0.000000e+00  1.000000e+00  0.000000e+00
    outer loop
      vertex  -3.583913e+01  3.000000e+01  3.557817e+01
      vertex  -3.350782e+01  3.000000e+01  4.041628e+01
      vertex  -3.194293e+01  3.000000e+01  3.911393e+01
    endloop
  endfacet
  facet normal  0.000000e+00  1.000000e+00 -0.000000e+00
    outer loop
      vertex  -3.194293e+01  3.000000e+01  3.911393e+01
      vertex  -3.350782e+01  3.000000e+01  4.041628e+01
      vertex  -2.902201e+01  3.000000e+01  4.374898e+01
    endloop
  endfacet
  facet normal  0.000000e+00  1.000000e+00  0.000000e+00
    outer loop
      vertex  -3.194293e+01  3.000000e+01  3.911393e+01
      vertex  -2.902201e+01  3.000000e+01  4.374898e+01
      vertex  -2.770000e+01  3.000000e+01  4.222511e+01
    endloop
  endfacet
  facet normal  0.000000e+00  1.000000e+00 -0.000000e+00
    outer loop
      vertex  -2.770000e+01  3.000000e+01  4.222511e+01
      vertex  -2.902201e+01  3.000000e+01  4.374898e+01
      vertex  -2.770000e+01  3.000000e+01  4.255000e+01
    endloop
  endfacet
  facet normal  0.000000e+00  1.000000e+00 -0.000000e+00
    outer loop
      vertex  -2.770000e+01  3.000000e+01  4.255000e+01
      vertex  -2.902201e+01  3.000000e+01  4.374898e+01
      vertex  -2.719830e+01  3.000000e+01  4.255000e+01
    endloop
  endfacet
  facet normal  0.000000e+00  1.000000e+00 -0.000000e+00
    outer loop
      vertex  -2.719830e+01  3.000000e+01  4.255000e+01
      vertex  -2.902201e+01  3.000000e+01  4.374898e+01
      vertex  -2.420736e+01  3.000000e+01  4.658598e+01
    endloop
  endfacet
  facet normal  0.000000e+00  1.000000e+00  0.000000e+00
    outer loop
      vertex  -2.719830e+01  3.000000e+01  4.255000e+01
      vertex  -2.420736e+01  3.000000e+01  4.658598e+01
      vertex  -2.266078e+01  3.000000e+01  4.513025e+01
    endloop
  endfacet
  facet normal  0.000000e+00  1.000000e+00 -0.000000e+00
    outer loop
      vertex  -2.266078e+01  3.000000e+01  4.513025e+01
      vertex  -2.420736e+01  3.000000e+01  4.658598e+01
      vertex  -1.911843e+01  3.000000e+01  4.889515e+01
    endloop
  endfacet
  facet normal  0.000000e+00  1.000000e+00  0.000000e+00
    outer loop
      vertex  -2.266078e+01  3.000000e+01  4.513025e+01
      vertex  -1.911843e+01  3.000000e+01  4.889515e+01
      vertex  -1.788115e+01  3.000000e+01  4.722832e+01
    endloop
  endfacet
  facet normal  0.000000e+00  1.000000e+00 -0.000000e+00
    outer loop
      vertex  -1.788115e+01  3.000000e+01  4.722832e+01
      vertex  -1.911843e+01  3.000000e+01  4.889515e+01
      vertex  -1.381288e+01  3.000000e+01  5.065031e+01
    endloop
  endfacet
  facet normal  0.000000e+00  1.000000e+00  0.000000e+00
    outer loop
      vertex  -1.788115e+01  3.000000e+01  4.722832e+01
      vertex  -1.381288e+01  3.000000e+01  5.065031e+01
      vertex  -1.291048e+01  3.000000e+01  4.882181e+01
    endloop
  endfacet
  facet normal  0.000000e+00  1.000000e+00 -0.000000e+00
    outer loop
      vertex  -1.291048e+01  3.000000e+01  4.882181e+01
      vertex  -1.381288e+01  3.000000e+01  5.065031e+01
      vertex  -8.350834e+00  3.000000e+01  5.183159e+01
    endloop
  endfacet
  facet normal  0.000000e+00  1.000000e+00  0.000000e+00
    outer loop
      vertex  -1.291048e+01  3.000000e+01  4.882181e+01
      vertex  -8.350834e+00  3.000000e+01  5.183159e+01
      vertex  -7.801880e+00  3.000000e+01  4.989369e+01
    endloop
  endfacet
  facet normal  0.000000e+00  1.000000e+00 -0.000000e+00
    outer loop
      vertex  -7.801880e+00  3.000000e+01  4.989369e+01
      vertex  -8.350834e+00  3.000000e+01  5.183159e+01
      vertex  -2.794164e+00  3.000000e+01  5.242559e+01
    endloop
  endfacet
  facet normal  0.000000e+00  1.000000e+00  0.000000e+00
    outer loop
      vertex  -7.801880e+00  3.000000e+01  4.989369e+01
      vertex  -2.794164e+00  3.000000e+01  5.242559e+01
      vertex  -2.609921e+00  3.000000e+01  5.043251e+01
    endloop
  endfacet
  facet normal  0.000000e+00  1.000000e+00 -0.000000e+00
    outer loop
      vertex  -2.609921e+00  3.000000e+01  5.043251e+01
      vertex  -2.794164e+00  3.000000e+01  5.242559e+01
      vertex   2.609921e+00  3.000000e+01  5.043251e+01
    endloop
  endfacet
  facet normal  0.000000e+00  1.000000e+00 -0.000000e+00
    outer loop
      vertex   2.609921e+00  3.000000e+01  5.043251e+01
      vertex  -2.794164e+00  3.000000e+01  5.242559e+01
      vertex   2.794164e+00  3.000000e+01  5.242559e+01
    endloop
  endfacet
  facet normal -0.000000e+00  1.000000e+00  0.000000e+00
    outer loop
      vertex   2.609921e+00  3.000000e+01  5.043251e+01
      vertex   2.794164e+00  3.000000e+01  5.242559e+01
      vertex   7.801880e+00  3.000000e+01  4.989369e+01
    endloop
  endfacet
  facet normal  0.000000e+00  1.000000e+00 -0.000000e+00
    outer loop
      vertex   7.801880e+00  3.000000e+01  4.989369e+01
      vertex   2.794164e+00  3.000000e+01  5.242559e+01
      vertex   8.350834e+00  3.000000e+01  5.183159e+01
    endloop
  endfacet
  facet normal -0.000000e+00  1.000000e+00  0.000000e+00
    outer loop
      vertex   7.801880e+00  3.000000e+01  4.989369e+01
      vertex   8.350834e+00  3.000000e+01  5.183159e+01
      vertex   1.291048e+01  3.000000e+01  4.882181e+01
    endloop
  endfacet
  facet normal  0.000000e+00  1.000000e+00 -0.000000e+00
    outer loop
      vertex   1.291048e+01  3.000000e+01  4.882181e+01
      vertex   8.350834e+00  3.000000e+01  5.183159e+01
      vertex   1.381288e+01  3.000000e+01  5.065031e+01
    endloop
  endfacet
  facet normal -0.000000e+00  1.000000e+00  0.000000e+00
    outer loop
      vertex   1.291048e+01  3.000000e+01  4.882181e+01
      vertex   1.381288e+01  3.000000e+01  5.065031e+01
      vertex   1.788115e+01  3.000000e+01  4.722832e+01
    endloop
  endfacet
  facet normal  0.000000e+00  1.000000e+00 -0.000000e+00
    outer loop
      vertex   1.788115e+01  3.000000e+01  4.722832e+01
      vertex   1.381288e+01  3.000000e+01  5.065031e+01
      vertex   1.911843e+01  3.000000e+01  4.889515e+01
    endloop
  endfacet
  facet normal -0.000000e+00  1.000000e+00  0.000000e+00
    outer loop
      vertex   1.788115e+01  3.000000e+01  4.722832e+01
      vertex   1.911843e+01  3.000000e+01  4.889515e+01
      vertex   2.266078e+01  3.000000e+01  4.513025e+01
    endloop
  endfacet
  facet normal  0.000000e+00  1.000000e+00 -0.000000e+00
    outer loop
      vertex   2.266078e+01  3.000000e+01  4.513025e+01
      vertex   1.911843e+01  3.000000e+01  4.889515e+01
      vertex   2.420736e+01  3.000000e+01  4.658598e+01
    endloop
  endfacet
  facet normal -0.000000e+00  1.000000e+00  0.000000e+00
    outer loop
      vertex   2.266078e+01  3.000000e+01  4.513025e+01
      vertex   2.420736e+01  3.000000e+01  4.658598e+01
      vertex   2.719830e+01  3.000000e+01  4.255000e+01
    endloop
  endfacet
  facet normal  0.000000e+00  1.000000e+00 -0.000000e+00
    outer loop
      vertex   2.719830e+01  3.000000e+01  4.255000e+01
      vertex   2.420736e+01  3.000000e+01  4.658598e+01
      vertex   2.902201e+01  3.000000e+01  4.374898e+01
    endloop
  endfacet
  facet normal  0.000000e+00  1.000000e+00  0.000000e+00
    outer loop
      vertex   2.719830e+01  3.000000e+01  4.255000e+01
      vertex   2.902201e+01  3.000000e+01  4.374898e+01
      vertex   2.770000e+01  3.000000e+01  4.255000e+01
    endloop
  endfacet
  facet normal -0.000000e+00  1.000000e+00  0.000000e+00
    outer loop
      vertex   2.770000e+01  3.000000e+01  4.255000e+01
      vertex   2.902201e+01  3.000000e+01  4.374898e+01
      vertex   2.770000e+01  3.000000e+01  4.222511e+01
    endloop
  endfacet
  facet normal -0.000000e+00  1.000000e+00  0.000000e+00
    outer loop
      vertex   2.770000e+01  3.000000e+01  4.222511e+01
      vertex   2.902201e+01  3.000000e+01  4.374898e+01
      vertex   3.194293e+01  3.000000e+01  3.911393e+01
    endloop
  endfacet
  facet normal  0.000000e+00  1.000000e+00 -0.000000e+00
    outer loop
      vertex   3.194293e+01  3.000000e+01  3.911393e+01
      vertex   2.902201e+01  3.000000e+01  4.374898e+01
      vertex   3.350782e+01  3.000000e+01  4.041628e+01
    endloop
  endfacet
  facet normal -0.000000e+00  1.000000e+00  0.000000e+00
    outer loop
      vertex   3.194293e+01  3.000000e+01  3.911393e+01
      vertex   3.350782e+01  3.000000e+01  4.041628e+01
      vertex   3.583913e+01  3.000000e+01  3.557817e+01
    endloop
  endfacet
  facet normal  0.000000e+00  1.000000e+00 -0.000000e+00
    outer loop
      vertex   3.583913e+01  3.000000e+01  3.557817e+01
      vertex   3.350782e+01  3.000000e+01  4.041628e+01
      vertex   3.761398e+01  3.000000e+01  3.662566e+01
    endloop
  endfacet
  facet normal -0.000000e+00  1.000000e+00  0.000000e+00
    outer loop
      vertex   3.583913e+01  3.000000e+01  3.557817e+01
      vertex   3.761398e+01  3.000000e+01  3.662566e+01
      vertex   3.934632e+01  3.000000e+01  3.165624e+01
    endloop
  endfacet
  facet normal  0.000000e+00  1.000000e+00 -0.000000e+00
    outer loop
      vertex   3.934632e+01  3.000000e+01  3.165624e+01
      vertex   3.761398e+01  3.000000e+01  3.662566e+01
      vertex   4.129395e+01  3.000000e+01  3.242004e+01
    endloop
  endfacet
  facet normal -0.000000e+00  1.000000e+00  0.000000e+00
    outer loop
      vertex   3.934632e+01  3.000000e+01  3.165624e+01
      vertex   4.129395e+01  3.000000e+01  3.242004e+01
      vertex   4.242641e+01  3.000000e+01  2.739069e+01
    endloop
  endfacet
  facet normal  0.000000e+00  1.000000e+00 -0.000000e+00
    outer loop
      vertex   4.242641e+01  3.000000e+01  2.739069e+01
      vertex   4.129395e+01  3.000000e+01  3.242004e+01
      vertex   4.450606e+01  3.000000e+01  2.784710e+01
    endloop
  endfacet
  facet normal -0.000000e+00  1.000000e+00  0.000000e+00
    outer loop
      vertex   4.242641e+01  3.000000e+01  2.739069e+01
      vertex   4.450606e+01  3.000000e+01  2.784710e+01
      vertex   4.504599e+01  3.000000e+01  2.282782e+01
    endloop
  endfacet
  facet normal  0.000000e+00  1.000000e+00 -0.000000e+00
    outer loop
      vertex   4.504599e+01  3.000000e+01  2.282782e+01
      vertex   4.450606e+01  3.000000e+01  2.784710e+01
      vertex   4.721389e+01  3.000000e+01  2.295863e+01
    endloop
  endfacet
  facet normal -0.000000e+00  1.000000e+00  0.000000e+00
    outer loop
      vertex   4.504599e+01  3.000000e+01  2.282782e+01
      vertex   4.721389e+01  3.000000e+01  2.295863e+01
      vertex   4.717661e+01  3.000000e+01  1.801716e+01
    endloop
  endfacet
  facet normal -0.000000e+00  1.000000e+00  0.000000e+00
    outer loop
      vertex   4.717661e+01  3.000000e+01  1.801716e+01
      vertex   4.721389e+01  3.000000e+01  2.295863e+01
      vertex   4.938676e+01  3.000000e+01  1.781004e+01
    endloop
  endfacet
  facet normal  0.000000e+00  1.000000e+00  0.000000e+00
    outer loop
      vertex   4.717661e+01  3.000000e+01  1.801716e+01
      vertex   4.938676e+01  3.000000e+01  1.781004e+01
      vertex   4.879514e+01  3.000000e+01  1.301094e+01
    endloop
  endfacet
  facet normal -0.000000e+00  1.000000e+00  0.000000e+00
    outer loop
      vertex   4.879514e+01  3.000000e+01  1.301094e+01
      vertex   4.938676e+01  3.000000e+01  1.781004e+01
      vertex   5.100007e+01  3.000000e+01  1.245965e+01
    endloop
  endfacet
  facet normal  0.000000e+00  1.000000e+00  0.000000e+00
    outer loop
      vertex   4.879514e+01  3.000000e+01  1.301094e+01
      vertex   5.100007e+01  3.000000e+01  1.245965e+01
      vertex   4.988402e+01  3.000000e+01  7.863488e+00
    endloop
  endfacet
  facet normal -0.000000e+00  1.000000e+00  0.000000e+00
    outer loop
      vertex   4.988402e+01  3.000000e+01  7.863488e+00
      vertex   5.100007e+01  3.000000e+01  1.245965e+01
      vertex   5.203552e+01  3.000000e+01  6.968090e+00
    endloop
  endfacet
  facet normal  0.000000e+00  1.000000e+00  0.000000e+00
    outer loop
      vertex   4.988402e+01  3.000000e+01  7.863488e+00
      vertex   5.203552e+01  3.000000e+01  6.968090e+00
      vertex   5.043143e+01  3.000000e+01  2.630681e+00
    endloop
  endfacet
  facet normal -0.000000e+00  1.000000e+00  0.000000e+00
    outer loop
      vertex   5.043143e+01  3.000000e+01  2.630681e+00
      vertex   5.203552e+01  3.000000e+01  6.968090e+00
      vertex   5.248139e+01  3.000000e+01  1.397577e+00
    endloop
  endfacet
  facet normal  0.000000e+00  1.000000e+00  0.000000e+00
    outer loop
      vertex   5.043143e+01  3.000000e+01  2.630681e+00
      vertex   5.248139e+01  3.000000e+01  1.397577e+00
      vertex   5.043143e+01  3.000000e+01 -2.630681e+00
    endloop
  endfacet
  facet normal -0.000000e+00  1.000000e+00  0.000000e+00
    outer loop
      vertex   5.043143e+01  3.000000e+01 -2.630681e+00
      vertex   5.248139e+01  3.000000e+01  1.397577e+00
      vertex   5.233263e+01  3.000000e+01 -4.188771e+00
    endloop
  endfacet
  facet normal  0.000000e+00  1.000000e+00  0.000000e+00
    outer loop
      vertex   5.043143e+01  3.000000e+01 -2.630681e+00
      vertex   5.233263e+01  3.000000e+01 -4.188771e+00
      vertex   4.988402e+01  3.000000e+01 -7.863488e+00
    endloop
  endfacet
  facet normal -0.000000e+00  1.000000e+00  0.000000e+00
    outer loop
      vertex   4.988402e+01  3.000000e+01 -7.863488e+00
      vertex   5.233263e+01  3.000000e+01 -4.188771e+00
      vertex   5.159092e+01  3.000000e+01 -9.727658e+00
    endloop
  endfacet
  facet normal  0.000000e+00  1.000000e+00  0.000000e+00
    outer loop
      vertex   4.988402e+01  3.000000e+01 -7.863488e+00
      vertex   5.159092e+01  3.000000e+01 -9.727658e+00
      vertex   4.879514e+01  3.000000e+01 -1.301094e+01
    endloop
  endfacet
  facet normal -0.000000e+00  1.000000e+00  0.000000e+00
    outer loop
      vertex   4.879514e+01  3.000000e+01 -1.301094e+01
      vertex   5.159092e+01  3.000000e+01 -9.727658e+00
      vertex   5.026466e+01  3.000000e+01 -1.515633e+01
    endloop
  endfacet
  facet normal  0.000000e+00  1.000000e+00  0.000000e+00
    outer loop
      vertex   4.879514e+01  3.000000e+01 -1.301094e+01
      vertex   5.026466e+01  3.000000e+01 -1.515633e+01
      vertex   4.717661e+01  3.000000e+01 -1.801716e+01
    endloop
  endfacet
  facet normal -0.000000e+00  1.000000e+00  0.000000e+00
    outer loop
      vertex   4.717661e+01  3.000000e+01 -1.801716e+01
      vertex   5.026466e+01  3.000000e+01 -1.515633e+01
      vertex   4.836888e+01  3.000000e+01 -2.041327e+01
    endloop
  endfacet
  facet normal  0.000000e+00  1.000000e+00  0.000000e+00
    outer loop
      vertex   4.717661e+01  3.000000e+01 -1.801716e+01
      vertex   4.836888e+01  3.000000e+01 -2.041327e+01
      vertex   4.504599e+01  3.000000e+01 -2.282782e+01
    endloop
  endfacet
  facet normal -0.000000e+00  1.000000e+00  0.000000e+00
    outer loop
      vertex   4.504599e+01  3.000000e+01 -2.282782e+01
      vertex   4.836888e+01  3.000000e+01 -2.041327e+01
      vertex   4.592506e+01  3.000000e+01 -2.543892e+01
    endloop
  endfacet
  facet normal  0.000000e+00  1.000000e+00  0.000000e+00
    outer loop
      vertex   4.504599e+01  3.000000e+01 -2.282782e+01
      vertex   4.592506e+01  3.000000e+01 -2.543892e+01
      vertex   4.242641e+01  3.000000e+01 -2.739069e+01
    endloop
  endfacet
  facet normal -0.000000e+00  1.000000e+00  0.000000e+00
    outer loop
      vertex   4.242641e+01  3.000000e+01 -2.739069e+01
      vertex   4.592506e+01  3.000000e+01 -2.543892e+01
      vertex   4.296090e+01  3.000000e+01 -3.017634e+01
    endloop
  endfacet
  facet normal  0.000000e+00  1.000000e+00  0.000000e+00
    outer loop
      vertex   4.242641e+01  3.000000e+01 -2.739069e+01
      vertex   4.296090e+01  3.000000e+01 -3.017634e+01
      vertex   3.934632e+01  3.000000e+01 -3.165624e+01
    endloop
  endfacet
  facet normal -0.000000e+00  1.000000e+00  0.000000e+00
    outer loop
      vertex   3.934632e+01  3.000000e+01 -3.165624e+01
      vertex   4.296090e+01  3.000000e+01 -3.017634e+01
      vertex   3.950997e+01  3.000000e+01 -3.457185e+01
    endloop
  endfacet
  facet normal  0.000000e+00  1.000000e+00  0.000000e+00
    outer loop
      vertex   3.934632e+01  3.000000e+01 -3.165624e+01
      vertex   3.950997e+01  3.000000e+01 -3.457185e+01
      vertex   3.583913e+01  3.000000e+01 -3.557817e+01
    endloop
  endfacet
  facet normal -0.000000e+00  1.000000e+00  0.000000e+00
    outer loop
      vertex   3.583913e+01  3.000000e+01 -3.557817e+01
      vertex   3.950997e+01  3.000000e+01 -3.457185e+01
      vertex   3.561137e+01  3.000000e+01 -3.857564e+01
    endloop
  endfacet
  facet normal  0.000000e+00  1.000000e+00  0.000000e+00
    outer loop
      vertex   3.583913e+01  3.000000e+01 -3.557817e+01
      vertex   3.561137e+01  3.000000e+01 -3.857564e+01
      vertex   3.194293e+01  3.000000e+01 -3.911393e+01
    endloop
  endfacet
  facet normal -0.000000e+00  1.000000e+00  0.000000e+00
    outer loop
      vertex   3.194293e+01  3.000000e+01 -3.911393e+01
      vertex   3.561137e+01  3.000000e+01 -3.857564e+01
      vertex   3.130928e+01  3.000000e+01 -4.214236e+01
    endloop
  endfacet
  facet normal  0.000000e+00  1.000000e+00  0.000000e+00
    outer loop
      vertex   3.194293e+01  3.000000e+01 -3.911393e+01
      vertex   3.130928e+01  3.000000e+01 -4.214236e+01
      vertex   2.770000e+01  3.000000e+01 -4.222511e+01
    endloop
  endfacet
  facet normal -0.000000e+00  1.000000e+00  0.000000e+00
    outer loop
      vertex   2.770000e+01  3.000000e+01 -4.222511e+01
      vertex   3.130928e+01  3.000000e+01 -4.214236e+01
      vertex   2.770000e+01  3.000000e+01 -4.255000e+01
    endloop
  endfacet
  facet normal -0.000000e+00  1.000000e+00  0.000000e+00
    outer loop
      vertex   2.770000e+01  3.000000e+01 -4.255000e+01
      vertex   3.130928e+01  3.000000e+01 -4.214236e+01
      vertex   2.665245e+01  3.000000e+01 -4.523159e+01
    endloop
  endfacet
  facet normal  5.548696e-01  0.000000e+00  8.319374e-01
    outer loop
      vertex   2.770000e+01  3.100000e+01  4.222511e+01
      vertex   2.770000e+01  3.000000e+01  4.222511e+01
      vertex   2.833995e+01  3.200000e+01  4.179829e+01
    endloop
  endfacet
  facet normal  5.912408e-01 -1.710611e-02  8.063138e-01
    outer loop
      vertex   2.833995e+01  3.200000e+01  4.179829e+01
      vertex   2.770000e+01  3.000000e+01  4.222511e+01
      vertex   3.194293e+01  3.000000e+01  3.911393e+01
    endloop
  endfacet
  facet normal  6.050313e-01  2.170690e-02  7.959057e-01
    outer loop
      vertex   2.833995e+01  3.200000e+01  4.179829e+01
      vertex   3.194293e+01  3.000000e+01  3.911393e+01
      vertex   3.269301e+01  3.200000e+01  3.848919e+01
    endloop
  endfacet
  facet normal  6.718778e-01 -2.071008e-02  7.403725e-01
    outer loop
      vertex   3.269301e+01  3.200000e+01  3.848919e+01
      vertex   3.194293e+01  3.000000e+01  3.911393e+01
      vertex   3.583913e+01  3.000000e+01  3.557817e+01
    endloop
  endfacet
  facet normal  6.874832e-01  2.509732e-02  7.257665e-01
    outer loop
      vertex   3.269301e+01  3.200000e+01  3.848919e+01
      vertex   3.583913e+01  3.000000e+01  3.557817e+01
      vertex   3.666277e+01  3.200000e+01  3.472882e+01
    endloop
  endfacet
  facet normal  7.452097e-01 -2.388622e-02  6.664022e-01
    outer loop
      vertex   3.666277e+01  3.200000e+01  3.472882e+01
      vertex   3.583913e+01  3.000000e+01  3.557817e+01
      vertex   3.934632e+01  3.000000e+01  3.165624e+01
    endloop
  endfacet
  facet normal  7.618621e-01  2.806359e-02  6.471311e-01
    outer loop
      vertex   3.666277e+01  3.200000e+01  3.472882e+01
      vertex   3.934632e+01  3.000000e+01  3.165624e+01
      vertex   4.020270e+01  3.200000e+01  3.056130e+01
    endloop
  endfacet
  facet normal  8.104441e-01 -2.663878e-02  5.852099e-01
    outer loop
      vertex   4.020270e+01  3.200000e+01  3.056130e+01
      vertex   3.934632e+01  3.000000e+01  3.165624e+01
      vertex   4.242641e+01  3.000000e+01  2.739069e+01
    endloop
  endfacet
  facet normal  8.273008e-01  3.060240e-02  5.609251e-01
    outer loop
      vertex   4.020270e+01  3.200000e+01  3.056130e+01
      vertex   4.242641e+01  3.000000e+01  2.739069e+01
      vertex   4.327129e+01  3.200000e+01  2.603547e+01
    endloop
  endfacet
  facet normal  8.668766e-01 -2.897118e-02  4.976801e-01
    outer loop
      vertex   4.327129e+01  3.200000e+01  2.603547e+01
      vertex   4.242641e+01  3.000000e+01  2.739069e+01
      vertex   4.504599e+01  3.000000e+01  2.282782e+01
    endloop
  endfacet
  facet normal  8.830393e-01  3.272072e-02  4.681570e-01
    outer loop
      vertex   4.327129e+01  3.200000e+01  2.603547e+01
      vertex   4.504599e+01  3.000000e+01  2.282782e+01
      vertex   4.583256e+01  3.200000e+01  2.120440e+01
    endloop
  endfacet
  facet normal  9.139004e-01 -3.087439e-02  4.047627e-01
    outer loop
      vertex   4.583256e+01  3.200000e+01  2.120440e+01
      vertex   4.504599e+01  3.000000e+01  2.282782e+01
      vertex   4.717661e+01  3.000000e+01  1.801716e+01
    endloop
  endfacet
  facet normal  9.284264e-01  3.441521e-02  3.699188e-01
    outer loop
      vertex   4.583256e+01  3.200000e+01  2.120440e+01
      vertex   4.717661e+01  3.000000e+01  1.801716e+01
      vertex   4.785648e+01  3.200000e+01  1.612473e+01
    endloop
  endfacet
  facet normal  9.510092e-01 -3.235667e-02  3.074648e-01
    outer loop
      vertex   4.785648e+01  3.200000e+01  1.612473e+01
      vertex   4.717661e+01  3.000000e+01  1.801716e+01
      vertex   4.879514e+01  3.000000e+01  1.301094e+01
    endloop
  endfacet
  facet normal  9.629362e-01  3.568216e-02  2.673586e-01
    outer loop
      vertex   4.785648e+01  3.200000e+01  1.612473e+01
      vertex   4.879514e+01  3.000000e+01  1.301094e+01
      vertex   4.931934e+01  3.200000e+01  1.085601e+01
    endloop
  endfacet
  facet normal  9.778033e-01 -3.341834e-02  2.068427e-01
    outer loop
      vertex   4.931934e+01  3.200000e+01  1.085601e+01
      vertex   4.879514e+01  3.000000e+01  1.301094e+01
      vertex   4.988402e+01  3.000000e+01  7.863488e+00
    endloop
  endfacet
  facet normal  9.861680e-01  3.652755e-02  1.616739e-01
    outer loop
      vertex   4.931934e+01  3.200000e+01  1.085601e+01
      vertex   4.988402e+01  3.000000e+01  7.863488e+00
      vertex   5.020397e+01  3.200000e+01  5.460010e+00
    endloop
  endfacet
  facet normal  9.939958e-01 -3.405253e-02  1.039843e-01
    outer loop
      vertex   5.020397e+01  3.200000e+01  5.460010e+00
      vertex   4.988402e+01  3.000000e+01  7.863488e+00
      vertex   5.043143e+01  3.000000e+01  2.630681e+00
    endloop
  endfacet
  facet normal  9.978514e-01  3.695314e-02  5.410172e-02
    outer loop
      vertex   5.020397e+01  3.200000e+01  5.460010e+00
      vertex   5.043143e+01  3.000000e+01  2.630681e+00
      vertex   5.050000e+01  3.200000e+01  0.000000e+00
    endloop
  endfacet
  facet normal  9.994128e-01 -3.426255e-02  0.000000e+00
    outer loop
      vertex   5.050000e+01  3.200000e+01  0.000000e+00
      vertex   5.043143e+01  3.000000e+01  2.630681e+00
      vertex   5.043143e+01  3.000000e+01 -2.630681e+00
    endloop
  endfacet
  facet normal  9.978514e-01  3.695314e-02 -5.410172e-02
    outer loop
      vertex   5.050000e+01  3.200000e+01  0.000000e+00
      vertex   5.043143e+01  3.000000e+01 -2.630681e+00
      vertex   5.020397e+01  3.200000e+01 -5.460010e+00
    endloop
  endfacet
  facet normal  9.939958e-01 -3.405253e-02 -1.039843e-01
    outer loop
      vertex   5.020397e+01  3.200000e+01 -5.460010e+00
      vertex   5.043143e+01  3.000000e+01 -2.630681e+00
      vertex   4.988402e+01  3.000000e+01 -7.863488e+00
    endloop
  endfacet
  facet normal  9.861680e-01  3.652757e-02 -1.616739e-01
    outer loop
      vertex   5.020397e+01  3.200000e+01 -5.460010e+00
      vertex   4.988402e+01  3.000000e+01 -7.863488e+00
      vertex   4.931934e+01  3.200000e+01 -1.085601e+01
    endloop
  endfacet
  facet normal  9.778033e-01 -3.341834e-02 -2.068427e-01
    outer loop
      vertex   4.931934e+01  3.200000e+01 -1.085601e+01
      vertex   4.988402e+01  3.000000e+01 -7.863488e+00
      vertex   4.879514e+01  3.000000e+01 -1.301094e+01
    endloop
  endfacet
  facet normal  9.629362e-01  3.568214e-02 -2.673586e-01
    outer loop
      vertex   4.931934e+01  3.200000e+01 -1.085601e+01
      vertex   4.879514e+01  3.000000e+01 -1.301094e+01
      vertex   4.785648e+01  3.200000e+01 -1.612473e+01
    endloop
  endfacet
  facet normal  9.510092e-01 -3.235667e-02 -3.074648e-01
    outer loop
      vertex   4.785648e+01  3.200000e+01 -1.612473e+01
      vertex   4.879514e+01  3.000000e+01 -1.301094e+01
      vertex   4.717661e+01  3.000000e+01 -1.801716e+01
    endloop
  endfacet
  facet normal  9.284264e-01  3.441521e-02 -3.699188e-01
    outer loop
      vertex   4.785648e+01  3.200000e+01 -1.612473e+01
      vertex   4.717661e+01  3.000000e+01 -1.801716e+01
      vertex   4.583256e+01  3.200000e+01 -2.120440e+01
    endloop
  endfacet
  facet normal  9.139004e-01 -3.087439e-02 -4.047627e-01
    outer loop
      vertex   4.583256e+01  3.200000e+01 -2.120440e+01
      vertex   4.717661e+01  3.000000e+01 -1.801716e+01
      vertex   4.504599e+01  3.000000e+01 -2.282782e+01
    endloop
  endfacet
  facet normal  8.830393e-01  3.272068e-02 -4.681570e-01
    outer loop
      vertex   4.583256e+01  3.200000e+01 -2.120440e+01
      vertex   4.504599e+01  3.000000e+01 -2.282782e+01
      vertex   4.327129e+01  3.200000e+01 -2.603547e+01
    endloop
  endfacet
  facet normal  8.668766e-01 -2.897118e-02 -4.976801e-01
    outer loop
      vertex   4.327129e+01  3.200000e+01 -2.603547e+01
      vertex   4.504599e+01  3.000000e+01 -2.282782e+01
      vertex   4.242641e+01  3.000000e+01 -2.739069e+01
    endloop
  endfacet
  facet normal  8.273008e-01  3.060242e-02 -5.609251e-01
    outer loop
      vertex   4.327129e+01  3.200000e+01 -2.603547e+01
      vertex   4.242641e+01  3.000000e+01 -2.739069e+01
      vertex   4.020270e+01  3.200000e+01 -3.056130e+01
    endloop
  endfacet
  facet normal  8.104441e-01 -2.663878e-02 -5.852099e-01
    outer loop
      vertex   4.020270e+01  3.200000e+01 -3.056130e+01
      vertex   4.242641e+01  3.000000e+01 -2.739069e+01
      vertex   3.934632e+01  3.000000e+01 -3.165624e+01
    endloop
  endfacet
  facet normal  7.618620e-01  2.806361e-02 -6.471310e-01
    outer loop
      vertex   4.020270e+01  3.200000e+01 -3.056130e+01
      vertex   3.934632e+01  3.000000e+01 -3.165624e+01
      vertex   3.666277e+01  3.200000e+01 -3.472882e+01
    endloop
  endfacet
  facet normal  7.452097e-01 -2.388622e-02 -6.664022e-01
    outer loop
      vertex   3.666277e+01  3.200000e+01 -3.472882e+01
      vertex   3.934632e+01  3.000000e+01 -3.165624e+01
      vertex   3.583913e+01  3.000000e+01 -3.557817e+01
    endloop
  endfacet
  facet normal  6.874832e-01  2.509730e-02 -7.257665e-01
    outer loop
      vertex   3.666277e+01  3.200000e+01 -3.472882e+01
      vertex   3.583913e+01  3.000000e+01 -3.557817e+01
      vertex   3.269301e+01  3.200000e+01 -3.848919e+01
    endloop
  endfacet
  facet normal  6.718778e-01 -2.071008e-02 -7.403725e-01
    outer loop
      vertex   3.269301e+01  3.200000e+01 -3.848919e+01
      vertex   3.583913e+01  3.000000e+01 -3.557817e+01
      vertex   3.194293e+01  3.000000e+01 -3.911393e+01
    endloop
  endfacet
  facet normal  6.050313e-01  2.170692e-02 -7.959057e-01
    outer loop
      vertex   3.269301e+01  3.200000e+01 -3.848919e+01
      vertex   3.194293e+01  3.000000e+01 -3.911393e+01
      vertex   2.833995e+01  3.200000e+01 -4.179829e+01
    endloop
  endfacet
  facet normal  5.912408e-01 -1.710611e-02 -8.063138e-01
    outer loop
      vertex   2.833995e+01  3.200000e+01 -4.179829e+01
      vertex   3.194293e+01  3.000000e+01 -3.911393e+01
      vertex   2.770000e+01  3.000000e+01 -4.222511e+01
    endloop
  endfacet
  facet normal  5.548696e-01  0.000000e+00 -8.319374e-01
    outer loop
      vertex   2.833995e+01  3.200000e+01 -4.179829e+01
      vertex   2.770000e+01  3.000000e+01 -4.222511e+01
      vertex   2.770000e+01  3.100000e+01 -4.222511e+01
    endloop
  endfacet
  facet normal  5.468356e-01  7.390633e-03 -8.372074e-01
    outer loop
      vertex   2.770000e+01  3.100000e+01 -4.222511e+01
      vertex   2.753320e+01  3.100000e+01 -4.233406e+01
      vertex   2.833995e+01  3.200000e+01 -4.179829e+01
    endloop
  endfacet
  facet normal  5.435268e-01  1.119026e-02 -8.393172e-01
    outer loop
      vertex   2.833995e+01  3.200000e+01 -4.179829e+01
      vertex   2.753320e+01  3.100000e+01 -4.233406e+01
      vertex   2.736596e+01  3.100000e+01 -4.244236e+01
    endloop
  endfacet
  facet normal  5.401860e-01  1.578422e-02 -8.413976e-01
    outer loop
      vertex   2.833995e+01  3.200000e+01 -4.179829e+01
      vertex   2.736596e+01  3.100000e+01 -4.244236e+01
      vertex   2.719830e+01  3.100000e+01 -4.255000e+01
    endloop
  endfacet
  facet normal  5.147604e-01  5.544184e-02 -8.555395e-01
    outer loop
      vertex   2.833995e+01  3.200000e+01 -4.179829e+01
      vertex   2.719830e+01  3.100000e+01 -4.255000e+01
      vertex   2.365462e+01  3.200000e+01 -4.461736e+01
    endloop
  endfacet
  facet normal  5.039090e-01  0.000000e+00 -8.637568e-01
    outer loop
      vertex   2.365462e+01  3.200000e+01 -4.461736e+01
      vertex   2.719830e+01  3.100000e+01 -4.255000e+01
      vertex   2.719830e+01  3.000000e+01 -4.255000e+01
    endloop
  endfacet
  facet normal  4.941875e-01 -2.270550e-02 -8.690588e-01
    outer loop
      vertex   2.365462e+01  3.200000e+01 -4.461736e+01
      vertex   2.719830e+01  3.000000e+01 -4.255000e+01
      vertex   2.266078e+01  3.000000e+01 -4.513025e+01
    endloop
  endfacet
  facet normal  4.197675e-01  2.408539e-02 -9.073120e-01
    outer loop
      vertex   2.365462e+01  3.200000e+01 -4.461736e+01
      vertex   2.266078e+01  3.000000e+01 -4.513025e+01
      vertex   1.869198e+01  3.200000e+01 -4.691332e+01
    endloop
  endfacet
  facet normal  4.018712e-01 -1.873197e-02 -9.155046e-01
    outer loop
      vertex   1.869198e+01  3.200000e+01 -4.691332e+01
      vertex   2.266078e+01  3.000000e+01 -4.513025e+01
      vertex   1.788115e+01  3.000000e+01 -4.722832e+01
    endloop
  endfacet
  facet normal  3.192399e-01  1.980180e-02 -9.474670e-01
    outer loop
      vertex   1.869198e+01  3.200000e+01 -4.691332e+01
      vertex   1.788115e+01  3.000000e+01 -4.722832e+01
      vertex   1.351018e+01  3.200000e+01 -4.865928e+01
    endloop
  endfacet
  facet normal  3.052450e-01 -1.414781e-02 -9.521687e-01
    outer loop
      vertex   1.351018e+01  3.200000e+01 -4.865928e+01
      vertex   1.788115e+01  3.000000e+01 -4.722832e+01
      vertex   1.291048e+01  3.000000e+01 -4.882181e+01
    endloop
  endfacet
  facet normal  2.149459e-01  1.490652e-02 -9.765122e-01
    outer loop
      vertex   1.351018e+01  3.200000e+01 -4.865928e+01
      vertex   1.291048e+01  3.000000e+01 -4.882181e+01
      vertex   8.169991e+00  3.200000e+01 -4.983474e+01
    endloop
  endfacet
  facet normal  2.053390e-01 -8.946840e-03 -9.786500e-01
    outer loop
      vertex   8.169991e+00  3.200000e+01 -4.983474e+01
      vertex   1.291048e+01  3.000000e+01 -4.882181e+01
      vertex   7.801880e+00  3.000000e+01 -4.989369e+01
    endloop
  endfacet
  facet normal  1.081149e-01  9.402975e-03 -9.940940e-01
    outer loop
      vertex   8.169991e+00  3.200000e+01 -4.983474e+01
      vertex   7.801880e+00  3.000000e+01 -4.989369e+01
      vertex   2.734015e+00  3.200000e+01 -5.042594e+01
    endloop
  endfacet
  facet normal  1.032245e-01 -3.137853e-03 -9.946531e-01
    outer loop
      vertex   2.734015e+00  3.200000e+01 -5.042594e+01
      vertex   7.801880e+00  3.000000e+01 -4.989369e+01
      vertex   2.609921e+00  3.000000e+01 -5.043251e+01
    endloop
  endfacet
  facet normal  0.000000e+00  3.284436e-03 -9.999946e-01
    outer loop
      vertex   2.734015e+00  3.200000e+01 -5.042594e+01
      vertex   2.609921e+00  3.000000e+01 -5.043251e+01
      vertex  -2.734015e+00  3.200000e+01 -5.042594e+01
    endloop
  endfacet
  facet normal  0.000000e+00  3.284437e-03 -9.999946e-01
    outer loop
      vertex  -2.734015e+00  3.200000e+01 -5.042594e+01
      vertex   2.609921e+00  3.000000e+01 -5.043251e+01
      vertex  -2.609921e+00  3.000000e+01 -5.043251e+01
    endloop
  endfacet
  facet normal -1.032245e-01 -3.137853e-03 -9.946531e-01
    outer loop
      vertex  -2.734015e+00  3.200000e+01 -5.042594e+01
      vertex  -2.609921e+00  3.000000e+01 -5.043251e+01
      vertex  -7.801880e+00  3.000000e+01 -4.989369e+01
    endloop
  endfacet
  facet normal -1.081149e-01  9.402962e-03 -9.940940e-01
    outer loop
      vertex  -2.734015e+00  3.200000e+01 -5.042594e+01
      vertex  -7.801880e+00  3.000000e+01 -4.989369e+01
      vertex  -8.169991e+00  3.200000e+01 -4.983474e+01
    endloop
  endfacet
  facet normal -2.053390e-01 -8.946840e-03 -9.786500e-01
    outer loop
      vertex  -8.169991e+00  3.200000e+01 -4.983474e+01
      vertex  -7.801880e+00  3.000000e+01 -4.989369e+01
      vertex  -1.291048e+01  3.000000e+01 -4.882181e+01
    endloop
  endfacet
  facet normal -2.149459e-01  1.490653e-02 -9.765122e-01
    outer loop
      vertex  -8.169991e+00  3.200000e+01 -4.983474e+01
      vertex  -1.291048e+01  3.000000e+01 -4.882181e+01
      vertex  -1.351018e+01  3.200000e+01 -4.865928e+01
    endloop
  endfacet
  facet normal -3.052450e-01 -1.414781e-02 -9.521687e-01
    outer loop
      vertex  -1.351018e+01  3.200000e+01 -4.865928e+01
      vertex  -1.291048e+01  3.000000e+01 -4.882181e+01
      vertex  -1.788115e+01  3.000000e+01 -4.722832e+01
    endloop
  endfacet
  facet normal -3.192399e-01  1.980183e-02 -9.474670e-01
    outer loop
      vertex  -1.351018e+01  3.200000e+01 -4.865928e+01
      vertex  -1.788115e+01  3.000000e+01 -4.722832e+01
      vertex  -1.869198e+01  3.200000e+01 -4.691332e+01
    endloop
  endfacet
  facet normal -4.018712e-01 -1.873197e-02 -9.155046e-01
    outer loop
      vertex  -1.869198e+01  3.200000e+01 -4.691332e+01
      vertex  -1.788115e+01  3.000000e+01 -4.722832e+01
      vertex  -2.266078e+01  3.000000e+01 -4.513025e+01
    endloop
  endfacet
  facet normal -4.197675e-01  2.408537e-02 -9.073120e-01
    outer loop
      vertex  -1.869198e+01  3.200000e+01 -4.691332e+01
      vertex  -2.266078e+01  3.000000e+01 -4.513025e+01
      vertex  -2.365462e+01  3.200000e+01 -4.461736e+01
    endloop
  endfacet
  facet normal -4.983835e-01 -2.542527e-02 -8.665838e-01
    outer loop
      vertex  -2.365462e+01  3.200000e+01 -4.461736e+01
      vertex  -2.266078e+01  3.000000e+01 -4.513025e+01
      vertex  -2.719830e+01  3.100000e+01 -4.255000e+01
    endloop
  endfacet
  facet normal -5.147604e-01  5.544193e-02 -8.555395e-01
    outer loop
      vertex  -2.365462e+01  3.200000e+01 -4.461736e+01
      vertex  -2.719830e+01  3.100000e+01 -4.255000e+01
      vertex  -2.833995e+01  3.200000e+01 -4.179829e+01
    endloop
  endfacet
  facet normal -5.401860e-01  1.578422e-02 -8.413976e-01
    outer loop
      vertex  -2.833995e+01  3.200000e+01 -4.179829e+01
      vertex  -2.719830e+01  3.100000e+01 -4.255000e+01
      vertex  -2.736596e+01  3.100000e+01 -4.244236e+01
    endloop
  endfacet
  facet normal -5.435268e-01  1.119026e-02 -8.393172e-01
    outer loop
      vertex  -2.833995e+01  3.200000e+01 -4.179829e+01
      vertex  -2.736596e+01  3.100000e+01 -4.244236e+01
      vertex  -2.753320e+01  3.100000e+01 -4.233406e+01
    endloop
  endfacet
  facet normal -4.943150e-01  0.000000e+00 -8.692829e-01
    outer loop
      vertex  -2.266078e+01  3.000000e+01 -4.513025e+01
      vertex  -2.719830e+01  3.000000e+01 -4.255000e+01
      vertex  -2.719830e+01  3.100000e+01 -4.255000e+01
    endloop
  endfacet
  facet normal -5.468356e-01  7.390633e-03 -8.372074e-01
    outer loop
      vertex  -2.753320e+01  3.100000e+01 -4.233406e+01
      vertex  -2.770000e+01  3.100000e+01 -4.222511e+01
      vertex  -2.833995e+01  3.200000e+01 -4.179829e+01
    endloop
  endfacet
  facet normal -5.548696e-01  0.000000e+00 -8.319374e-01
    outer loop
      vertex  -2.833995e+01  3.200000e+01 -4.179829e+01
      vertex  -2.770000e+01  3.100000e+01 -4.222511e+01
      vertex  -2.770000e+01  3.000000e+01 -4.222511e+01
    endloop
  endfacet
  facet normal -5.912408e-01 -1.710611e-02 -8.063138e-01
    outer loop
      vertex  -2.833995e+01  3.200000e+01 -4.179829e+01
      vertex  -2.770000e+01  3.000000e+01 -4.222511e+01
      vertex  -3.194293e+01  3.000000e+01 -3.911393e+01
    endloop
  endfacet
  facet normal -6.050313e-01  2.170690e-02 -7.959057e-01
    outer loop
      vertex  -2.833995e+01  3.200000e+01 -4.179829e+01
      vertex  -3.194293e+01  3.000000e+01 -3.911393e+01
      vertex  -3.269301e+01  3.200000e+01 -3.848919e+01
    endloop
  endfacet
  facet normal -6.718778e-01 -2.071008e-02 -7.403725e-01
    outer loop
      vertex  -3.269301e+01  3.200000e+01 -3.848919e+01
      vertex  -3.194293e+01  3.000000e+01 -3.911393e+01
      vertex  -3.583913e+01  3.000000e+01 -3.557817e+01
    endloop
  endfacet
  facet normal -6.874832e-01  2.509732e-02 -7.257665e-01
    outer loop
      vertex  -3.269301e+01  3.200000e+01 -3.848919e+01
      vertex  -3.583913e+01  3.000000e+01 -3.557817e+01
      vertex  -3.666277e+01  3.200000e+01 -3.472882e+01
    endloop
  endfacet
  facet normal -7.452097e-01 -2.388622e-02 -6.664022e-01
    outer loop
      vertex  -3.666277e+01  3.200000e+01 -3.472882e+01
      vertex  -3.583913e+01  3.000000e+01 -3.557817e+01
      vertex  -3.934632e+01  3.000000e+01 -3.165624e+01
    endloop
  endfacet
  facet normal -7.618621e-01  2.806359e-02 -6.471311e-01
    outer loop
      vertex  -3.666277e+01  3.200000e+01 -3.472882e+01
      vertex  -3.934632e+01  3.000000e+01 -3.165624e+01
      vertex  -4.020270e+01  3.200000e+01 -3.056130e+01
    endloop
  endfacet
  facet normal -8.104441e-01 -2.663878e-02 -5.852099e-01
    outer loop
      vertex  -4.020270e+01  3.200000e+01 -3.056130e+01
      vertex  -3.934632e+01  3.000000e+01 -3.165624e+01
      vertex  -4.242641e+01  3.000000e+01 -2.739069e+01
    endloop
  endfacet
  facet normal -8.273008e-01  3.060240e-02 -5.609251e-01
    outer loop
      vertex  -4.020270e+01  3.200000e+01 -3.056130e+01
      vertex  -4.242641e+01  3.000000e+01 -2.739069e+01
      vertex  -4.327129e+01  3.200000e+01 -2.603547e+01
    endloop
  endfacet
  facet normal -8.668766e-01 -2.897118e-02 -4.976801e-01
    outer loop
      vertex  -4.327129e+01  3.200000e+01 -2.603547e+01
      vertex  -4.242641e+01  3.000000e+01 -2.739069e+01
      vertex  -4.504599e+01  3.000000e+01 -2.282782e+01
    endloop
  endfacet
  facet normal -8.830393e-01  3.272072e-02 -4.681570e-01
    outer loop
      vertex  -4.327129e+01  3.200000e+01 -2.603547e+01
      vertex  -4.504599e+01  3.000000e+01 -2.282782e+01
      vertex  -4.583256e+01  3.200000e+01 -2.120440e+01
    endloop
  endfacet
  facet normal -9.139004e-01 -3.087439e-02 -4.047627e-01
    outer loop
      vertex  -4.583256e+01  3.200000e+01 -2.120440e+01
      vertex  -4.504599e+01  3.000000e+01 -2.282782e+01
      vertex  -4.717661e+01  3.000000e+01 -1.801716e+01
    endloop
  endfacet
  facet normal -9.284264e-01  3.441521e-02 -3.699188e-01
    outer loop
      vertex  -4.583256e+01  3.200000e+01 -2.120440e+01
      vertex  -4.717661e+01  3.000000e+01 -1.801716e+01
      vertex  -4.785648e+01  3.200000e+01 -1.612473e+01
    endloop
  endfacet
  facet normal -9.510092e-01 -3.235667e-02 -3.074648e-01
    outer loop
      vertex  -4.785648e+01  3.200000e+01 -1.612473e+01
      vertex  -4.717661e+01  3.000000e+01 -1.801716e+01
      vertex  -4.879514e+01  3.000000e+01 -1.301094e+01
    endloop
  endfacet
  facet normal -9.629362e-01  3.568216e-02 -2.673586e-01
    outer loop
      vertex  -4.785648e+01  3.200000e+01 -1.612473e+01
      vertex  -4.879514e+01  3.000000e+01 -1.301094e+01
      vertex  -4.931934e+01  3.200000e+01 -1.085601e+01
    endloop
  endfacet
  facet normal -9.778033e-01 -3.341834e-02 -2.068427e-01
    outer loop
      vertex  -4.931934e+01  3.200000e+01 -1.085601e+01
      vertex  -4.879514e+01  3.000000e+01 -1.301094e+01
      vertex  -4.988402e+01  3.000000e+01 -7.863488e+00
    endloop
  endfacet
  facet normal -9.861680e-01  3.652755e-02 -1.616739e-01
    outer loop
      vertex  -4.931934e+01  3.200000e+01 -1.085601e+01
      vertex  -4.988402e+01  3.000000e+01 -7.863488e+00
      vertex  -5.020397e+01  3.200000e+01 -5.460010e+00
    endloop
  endfacet
  facet normal -9.939958e-01 -3.405253e-02 -1.039843e-01
    outer loop
      vertex  -5.020397e+01  3.200000e+01 -5.460010e+00
      vertex  -4.988402e+01  3.000000e+01 -7.863488e+00
      vertex  -5.043143e+01  3.000000e+01 -2.630681e+00
    endloop
  endfacet
  facet normal -9.978514e-01  3.695314e-02 -5.410172e-02
    outer loop
      vertex  -5.020397e+01  3.200000e+01 -5.460010e+00
      vertex  -5.043143e+01  3.000000e+01 -2.630681e+00
      vertex  -5.050000e+01  3.200000e+01  0.000000e+00
    endloop
  endfacet
  facet normal -9.994128e-01 -3.426255e-02  0.000000e+00
    outer loop
      vertex  -5.050000e+01  3.200000e+01  0.000000e+00
      vertex  -5.043143e+01  3.000000e+01 -2.630681e+00
      vertex  -5.043143e+01  3.000000e+01  2.630681e+00
    endloop
  endfacet
  facet normal -9.978514e-01  3.695314e-02  5.410172e-02
    outer loop
      vertex  -5.050000e+01  3.200000e+01  0.000000e+00
      vertex  -5.043143e+01  3.000000e+01  2.630681e+00
      vertex  -5.020397e+01  3.200000e+01  5.460010e+00
    endloop
  endfacet
  facet normal -9.939958e-01 -3.405253e-02  1.039843e-01
    outer loop
      vertex  -5.020397e+01  3.200000e+01  5.460010e+00
      vertex  -5.043143e+01  3.000000e+01  2.630681e+00
      vertex  -4.988402e+01  3.000000e+01  7.863488e+00
    endloop
  endfacet
  facet normal -9.861680e-01  3.652757e-02  1.616739e-01
    outer loop
      vertex  -5.020397e+01  3.200000e+01  5.460010e+00
      vertex  -4.988402e+01  3.000000e+01  7.863488e+00
      vertex  -4.931934e+01  3.200000e+01  1.085601e+01
    endloop
  endfacet
  facet normal -9.778033e-01 -3.341834e-02  2.068427e-01
    outer loop
      vertex  -4.931934e+01  3.200000e+01  1.085601e+01
      vertex  -4.988402e+01  3.000000e+01  7.863488e+00
      vertex  -4.879514e+01  3.000000e+01  1.301094e+01
    endloop
  endfacet
  facet normal -9.629362e-01  3.568214e-02  2.673586e-01
    outer loop
      vertex  -4.931934e+01  3.200000e+01  1.085601e+01
      vertex  -4.879514e+01  3.000000e+01  1.301094e+01
      vertex  -4.785648e+01  3.200000e+01  1.612473e+01
    endloop
  endfacet
  facet normal -9.510092e-01 -3.235667e-02  3.074648e-01
    outer loop
      vertex  -4.785648e+01  3.200000e+01  1.612473e+01
      vertex  -4.879514e+01  3.000000e+01  1.301094e+01
      vertex  -4.717661e+01  3.000000e+01  1.801716e+01
    endloop
  endfacet
  facet normal -9.284264e-01  3.441521e-02  3.699188e-01
    outer loop
      vertex  -4.785648e+01  3.200000e+01  1.612473e+01
      vertex  -4.717661e+01  3.000000e+01  1.801716e+01
      vertex  -4.583256e+01  3.200000e+01  2.120440e+01
    endloop
  endfacet
  facet normal -9.139004e-01 -3.087439e-02  4.047627e-01
    outer loop
      vertex  -4.583256e+01  3.200000e+01  2.120440e+01
      vertex  -4.717661e+01  3.000000e+01  1.801716e+01
      vertex  -4.504599e+01  3.000000e+01  2.282782e+01
    endloop
  endfacet
  facet normal -8.830393e-01  3.272068e-02  4.681570e-01
    outer loop
      vertex  -4.583256e+01  3.200000e+01  2.120440e+01
      vertex  -4.504599e+01  3.000000e+01  2.282782e+01
      vertex  -4.327129e+01  3.200000e+01  2.603547e+01
    endloop
  endfacet
  facet normal -8.668766e-01 -2.897118e-02  4.976801e-01
    outer loop
      vertex  -4.327129e+01  3.200000e+01  2.603547e+01
      vertex  -4.504599e+01  3.000000e+01  2.282782e+01
      vertex  -4.242641e+01  3.000000e+01  2.739069e+01
    endloop
  endfacet
  facet normal -8.273008e-01  3.060242e-02  5.609251e-01
    outer loop
      vertex  -4.327129e+01  3.200000e+01  2.603547e+01
      vertex  -4.242641e+01  3.000000e+01  2.739069e+01
      vertex  -4.020270e+01  3.200000e+01  3.056130e+01
    endloop
  endfacet
  facet normal -8.104441e-01 -2.663878e-02  5.852099e-01
    outer loop
      vertex  -4.020270e+01  3.200000e+01  3.056130e+01
      vertex  -4.242641e+01  3.000000e+01  2.739069e+01
      vertex  -3.934632e+01  3.000000e+01  3.165624e+01
    endloop
  endfacet
  facet normal -7.618620e-01  2.806361e-02  6.471310e-01
    outer loop
      vertex  -4.020270e+01  3.200000e+01  3.056130e+01
      vertex  -3.934632e+01  3.000000e+01  3.165624e+01
      vertex  -3.666277e+01  3.200000e+01  3.472882e+01
    endloop
  endfacet
  facet normal -7.452097e-01 -2.388622e-02  6.664022e-01
    outer loop
      vertex  -3.666277e+01  3.200000e+01  3.472882e+01
      vertex  -3.934632e+01  3.000000e+01  3.165624e+01
      vertex  -3.583913e+01  3.000000e+01  3.557817e+01
    endloop
  endfacet
  facet normal -6.874832e-01  2.509730e-02  7.257665e-01
    outer loop
      vertex  -3.666277e+01  3.200000e+01  3.472882e+01
      vertex  -3.583913e+01  3.000000e+01  3.557817e+01
      vertex  -3.269301e+01  3.200000e+01  3.848919e+01
    endloop
  endfacet
  facet normal -6.718778e-01 -2.071008e-02  7.403725e-01
    outer loop
      vertex  -3.269301e+01  3.200000e+01  3.848919e+01
      vertex  -3.583913e+01  3.000000e+01  3.557817e+01
      vertex  -3.194293e+01  3.000000e+01  3.911393e+01
    endloop
  endfacet
  facet normal -6.050313e-01  2.170692e-02  7.959057e-01
    outer loop
      vertex  -3.269301e+01  3.200000e+01  3.848919e+01
      vertex  -3.194293e+01  3.000000e+01  3.911393e+01
      vertex  -2.833995e+01  3.200000e+01  4.179829e+01
    endloop
  endfacet
  facet normal -5.912408e-01 -1.710611e-02  8.063138e-01
    outer loop
      vertex  -2.833995e+01  3.200000e+01  4.179829e+01
      vertex  -3.194293e+01  3.000000e+01  3.911393e+01
      vertex  -2.770000e+01  3.000000e+01  4.222511e+01
    endloop
  endfacet
  facet normal -5.548696e-01  0.000000e+00  8.319374e-01
    outer loop
      vertex  -2.833995e+01  3.200000e+01  4.179829e+01
      vertex  -2.770000e+01  3.000000e+01  4.222511e+01
      vertex  -2.770000e+01  3.100000e+01  4.222511e+01
    endloop
  endfacet
  facet normal -5.468356e-01  7.390633e-03  8.372074e-01
    outer loop
      vertex  -2.770000e+01  3.100000e+01  4.222511e+01
      vertex  -2.753320e+01  3.100000e+01  4.233406e+01
      vertex  -2.833995e+01  3.200000e+01  4.179829e+01
    endloop
  endfacet
  facet normal -5.435268e-01  1.119026e-02  8.393172e-01
    outer loop
      vertex  -2.833995e+01  3.200000e+01  4.179829e+01
      vertex  -2.753320e+01  3.100000e+01  4.233406e+01
      vertex  -2.736596e+01  3.100000e+01  4.244236e+01
    endloop
  endfacet
  facet normal -5.401860e-01  1.578422e-02  8.413976e-01
    outer loop
      vertex  -2.833995e+01  3.200000e+01  4.179829e+01
      vertex  -2.736596e+01  3.100000e+01  4.244236e+01
      vertex  -2.719830e+01  3.100000e+01  4.255000e+01
    endloop
  endfacet
  facet normal -5.147604e-01  5.544184e-02  8.555395e-01
    outer loop
      vertex  -2.833995e+01  3.200000e+01  4.179829e+01
      vertex  -2.719830e+01  3.100000e+01  4.255000e+01
      vertex  -2.365462e+01  3.200000e+01  4.461736e+01
    endloop
  endfacet
  facet normal -5.039090e-01  0.000000e+00  8.637568e-01
    outer loop
      vertex  -2.365462e+01  3.200000e+01  4.461736e+01
      vertex  -2.719830e+01  3.100000e+01  4.255000e+01
      vertex  -2.719830e+01  3.000000e+01  4.255000e+01
    endloop
  endfacet
  facet normal -4.941875e-01 -2.270550e-02  8.690588e-01
    outer loop
      vertex  -2.365462e+01  3.200000e+01  4.461736e+01
      vertex  -2.719830e+01  3.000000e+01  4.255000e+01
      vertex  -2.266078e+01  3.000000e+01  4.513025e+01
    endloop
  endfacet
  facet normal -4.197675e-01  2.408539e-02  9.073120e-01
    outer loop
      vertex  -2.365462e+01  3.200000e+01  4.461736e+01
      vertex  -2.266078e+01  3.000000e+01  4.513025e+01
      vertex  -1.869198e+01  3.200000e+01  4.691332e+01
    endloop
  endfacet
  facet normal -4.018712e-01 -1.873197e-02  9.155046e-01
    outer loop
      vertex  -1.869198e+01  3.200000e+01  4.691332e+01
      vertex  -2.266078e+01  3.000000e+01  4.513025e+01
      vertex  -1.788115e+01  3.000000e+01  4.722832e+01
    endloop
  endfacet
  facet normal -3.192399e-01  1.980180e-02  9.474670e-01
    outer loop
      vertex  -1.869198e+01  3.200000e+01  4.691332e+01
      vertex  -1.788115e+01  3.000000e+01  4.722832e+01
      vertex  -1.351018e+01  3.200000e+01  4.865928e+01
    endloop
  endfacet
  facet normal -3.052450e-01 -1.414781e-02  9.521687e-01
    outer loop
      vertex  -1.351018e+01  3.200000e+01  4.865928e+01
      vertex  -1.788115e+01  3.000000e+01  4.722832e+01
      vertex  -1.291048e+01  3.000000e+01  4.882181e+01
    endloop
  endfacet
  facet normal -2.149459e-01  1.490652e-02  9.765122e-01
    outer loop
      vertex  -1.351018e+01  3.200000e+01  4.865928e+01
      vertex  -1.291048e+01  3.000000e+01  4.882181e+01
      vertex  -8.169991e+00  3.200000e+01  4.983474e+01
    endloop
  endfacet
  facet normal -2.053390e-01 -8.946840e-03  9.786500e-01
    outer loop
      vertex  -8.169991e+00  3.200000e+01  4.983474e+01
      vertex  -1.291048e+01  3.000000e+01  4.882181e+01
      vertex  -7.801880e+00  3.000000e+01  4.989369e+01
    endloop
  endfacet
  facet normal -1.081149e-01  9.402975e-03  9.940940e-01
    outer loop
      vertex  -8.169991e+00  3.200000e+01  4.983474e+01
      vertex  -7.801880e+00  3.000000e+01  4.989369e+01
      vertex  -2.734015e+00  3.200000e+01  5.042594e+01
    endloop
  endfacet
  facet normal -1.032245e-01 -3.137853e-03  9.946531e-01
    outer loop
      vertex  -2.734015e+00  3.200000e+01  5.042594e+01
      vertex  -7.801880e+00  3.000000e+01  4.989369e+01
      vertex  -2.609921e+00  3.000000e+01  5.043251e+01
    endloop
  endfacet
  facet normal -0.000000e+00  3.284436e-03  9.999946e-01
    outer loop
      vertex  -2.734015e+00  3.200000e+01  5.042594e+01
      vertex  -2.609921e+00  3.000000e+01  5.043251e+01
      vertex   2.734015e+00  3.200000e+01  5.042594e+01
    endloop
  endfacet
  facet normal  0.000000e+00  3.284437e-03  9.999946e-01
    outer loop
      vertex   2.734015e+00  3.200000e+01  5.042594e+01
      vertex  -2.609921e+00  3.000000e+01  5.043251e+01
      vertex   2.609921e+00  3.000000e+01  5.043251e+01
    endloop
  endfacet
  facet normal  1.032245e-01 -3.137853e-03  9.946531e-01
    outer loop
      vertex   2.734015e+00  3.200000e+01  5.042594e+01
      vertex   2.609921e+00  3.000000e+01  5.043251e+01
      vertex   7.801880e+00  3.000000e+01  4.989369e+01
    endloop
  endfacet
  facet normal  1.081149e-01  9.402962e-03  9.940940e-01
    outer loop
      vertex   2.734015e+00  3.200000e+01  5.042594e+01
      vertex   7.801880e+00  3.000000e+01  4.989369e+01
      vertex   8.169991e+00  3.200000e+01  4.983474e+01
    endloop
  endfacet
  facet normal  2.053390e-01 -8.946840e-03  9.786500e-01
    outer loop
      vertex   8.169991e+00  3.200000e+01  4.983474e+01
      vertex   7.801880e+00  3.000000e+01  4.989369e+01
      vertex   1.291048e+01  3.000000e+01  4.882181e+01
    endloop
  endfacet
  facet normal  2.149459e-01  1.490653e-02  9.765122e-01
    outer loop
      vertex   8.169991e+00  3.200000e+01  4.983474e+01
      vertex   1.291048e+01  3.000000e+01  4.882181e+01
      vertex   1.351018e+01  3.200000e+01  4.865928e+01
    endloop
  endfacet
  facet normal  3.052450e-01 -1.414781e-02  9.521687e-01
    outer loop
      vertex   1.351018e+01  3.200000e+01  4.865928e+01
      vertex   1.291048e+01  3.000000e+01  4.882181e+01
      vertex   1.788115e+01  3.000000e+01  4.722832e+01
    endloop
  endfacet
  facet normal  3.192399e-01  1.980183e-02  9.474670e-01
    outer loop
      vertex   1.351018e+01  3.200000e+01  4.865928e+01
      vertex   1.788115e+01  3.000000e+01  4.722832e+01
      vertex   1.869198e+01  3.200000e+01  4.691332e+01
    endloop
  endfacet
  facet normal  4.018712e-01 -1.873197e-02  9.155046e-01
    outer loop
      vertex   1.869198e+01  3.200000e+01  4.691332e+01
      vertex   1.788115e+01  3.000000e+01  4.722832e+01
      vertex   2.266078e+01  3.000000e+01  4.513025e+01
    endloop
  endfacet
  facet normal  4.197675e-01  2.408537e-02  9.073120e-01
    outer loop
      vertex   1.869198e+01  3.200000e+01  4.691332e+01
      vertex   2.266078e+01  3.000000e+01  4.513025e+01
      vertex   2.365462e+01  3.200000e+01  4.461736e+01
    endloop
  endfacet
  facet normal  4.983835e-01 -2.542527e-02  8.665838e-01
    outer loop
      vertex   2.365462e+01  3.200000e+01  4.461736e+01
      vertex   2.266078e+01  3.000000e+01  4.513025e+01
      vertex   2.719830e+01  3.100000e+01  4.255000e+01
    endloop
  endfacet
  facet normal  5.147604e-01  5.544193e-02  8.555395e-01
    outer loop
      vertex   2.365462e+01  3.200000e+01  4.461736e+01
      vertex   2.719830e+01  3.100000e+01  4.255000e+01
      vertex   2.833995e+01  3.200000e+01  4.179829e+01
    endloop
  endfacet
  facet normal  5.401860e-01  1.578422e-02  8.413976e-01
    outer loop
      vertex   2.833995e+01  3.200000e+01  4.179829e+01
      vertex   2.719830e+01  3.100000e+01  4.255000e+01
      vertex   2.736596e+01  3.100000e+01  4.244236e+01
    endloop
  endfacet
  facet normal  5.435268e-01  1.119026e-02  8.393172e-01
    outer loop
      vertex   2.833995e+01  3.200000e+01  4.179829e+01
      vertex   2.736596e+01  3.100000e+01  4.244236e+01
      vertex   2.753320e+01  3.100000e+01  4.233406e+01
    endloop
  endfacet
  facet normal  4.943150e-01  0.000000e+00  8.692829e-01
    outer loop
      vertex   2.266078e+01  3.000000e+01  4.513025e+01
      vertex   2.719830e+01  3.000000e+01  4.255000e+01
      vertex   2.719830e+01  3.100000e+01  4.255000e+01
    endloop
  endfacet
  facet normal  5.468356e-01  7.390633e-03  8.372074e-01
    outer loop
      vertex   2.753320e+01  3.100000e+01  4.233406e+01
      vertex   2.770000e+01  3.100000e+01  4.222511e+01
      vertex   2.833995e+01  3.200000e+01  4.179829e+01
    endloop
  endfacet
  facet normal  1.000000e+00  0.000000e+00  0.000000e+00
    outer loop
      vertex  -2.770000e+01  3.100000e+01  4.222511e+01
      vertex  -2.770000e+01  3.000000e+01  4.222511e+01
      vertex  -2.770000e+01  3.100000e+01  1.685000e+01
    endloop
  endfacet
  facet normal  1.000000e+00  0.000000e+00  0.000000e+00
    outer loop
      vertex  -2.770000e+01  3.100000e+01  1.685000e+01
      vertex  -2.770000e+01  3.000000e+01  4.222511e+01
      vertex  -2.770000e+01  3.000000e+00  1.685000e+01
    endloop
  endfacet
  facet normal  1.000000e+00  0.000000e+00  0.000000e+00
    outer loop
      vertex  -2.770000e+01  3.000000e+00  1.685000e+01
      vertex  -2.770000e+01  3.000000e+01  4.222511e+01
      vertex  -2.770000e+01  3.000000e+00  4.255000e+01
    endloop
  endfacet
  facet normal  1.000000e+00 -0.000000e+00  0.000000e+00
    outer loop
      vertex  -2.770000e+01  3.000000e+00  4.255000e+01
      vertex  -2.770000e+01  3.000000e+01  4.222511e+01
      vertex  -2.770000e+01  3.000000e+01  4.255000e+01
    endloop
  endfacet
  facet normal  0.000000e+00  0.000000e+00 -1.000000e+00
    outer loop
      vertex  -2.770000e+01  3.000000e+01  4.255000e+01
      vertex  -2.719830e+01  3.000000e+01  4.255000e+01
      vertex  -2.770000e+01  3.000000e+00  4.255000e+01
    endloop
  endfacet
  facet normal  0.000000e+00  0.000000e+00 -1.000000e+00
    outer loop
      vertex  -2.770000e+01  3.000000e+00  4.255000e+01
      vertex  -2.719830e+01  3.000000e+01  4.255000e+01
      vertex  -2.000000e+00  3.000000e+00  4.255000e+01
    endloop
  endfacet
  facet normal  0.000000e+00  0.000000e+00 -1.000000e+00
    outer loop
      vertex  -2.000000e+00  3.000000e+00  4.255000e+01
      vertex  -2.719830e+01  3.000000e+01  4.255000e+01
      vertex  -2.000000e+00  3.100000e+01  4.255000e+01
    endloop
  endfacet
  facet normal -0.000000e+00  0.000000e+00 -1.000000e+00
    outer loop
      vertex  -2.000000e+00  3.100000e+01  4.255000e+01
      vertex  -2.719830e+01  3.000000e+01  4.255000e+01
      vertex  -2.719830e+01  3.100000e+01  4.255000e+01
    endloop
  endfacet
  facet normal -1.000000e+00 -0.000000e+00 -0.000000e+00
    outer loop
      vertex   2.770000e+01  3.000000e+01  4.255000e+01
      vertex   2.770000e+01  3.000000e+01  4.222511e+01
      vertex   2.770000e+01  3.000000e+00  4.255000e+01
    endloop
  endfacet
  facet normal -1.000000e+00  0.000000e+00  0.000000e+00
    outer loop
      vertex   2.770000e+01  3.000000e+00  4.255000e+01
      vertex   2.770000e+01  3.000000e+01  4.222511e+01
      vertex   2.770000e+01  3.000000e+00  1.685000e+01
    endloop
  endfacet
  facet normal -1.000000e+00  0.000000e+00  0.000000e+00
    outer loop
      vertex   2.770000e+01  3.000000e+00  1.685000e+01
      vertex   2.770000e+01  3.000000e+01  4.222511e+01
      vertex   2.770000e+01  3.100000e+01  1.685000e+01
    endloop
  endfacet
  facet normal -1.000000e+00  0.000000e+00  0.000000e+00
    outer loop
      vertex   2.770000e+01  3.100000e+01  1.685000e+01
      vertex   2.770000e+01  3.000000e+01  4.222511e+01
      vertex   2.770000e+01  3.100000e+01  4.222511e+01
    endloop
  endfacet
  facet normal  0.000000e+00 -1.000000e+00 -0.000000e+00
    outer loop
      vertex   2.753320e+01  3.100000e+01  4.233406e+01
      vertex   2.570000e+01  3.100000e+01  4.055000e+01
      vertex   2.770000e+01  3.100000e+01  4.222511e+01
    endloop
  endfacet
  facet normal  0.000000e+00 -1.000000e+00  0.000000e+00
    outer loop
      vertex   2.770000e+01  3.100000e+01  4.222511e+01
      vertex   2.570000e+01  3.100000e+01  4.055000e+01
      vertex   2.570000e+01  3.100000e+01  1.885000e+01
    endloop
  endfacet
  facet normal  0.000000e+00 -1.000000e+00 -0.000000e+00
    outer loop
      vertex   2.770000e+01  3.100000e+01  4.222511e+01
      vertex   2.570000e+01  3.100000e+01  1.885000e+01
      vertex   2.770000e+01  3.100000e+01  1.685000e+01
    endloop
  endfacet
  facet normal  0.000000e+00 -1.000000e+00  0.000000e+00
    outer loop
      vertex   2.770000e+01  3.100000e+01  1.685000e+01
      vertex   2.570000e+01  3.100000e+01  1.885000e+01
      vertex   2.000000e+00  3.100000e+01  1.685000e+01
    endloop
  endfacet
  facet normal  0.000000e+00 -1.000000e+00  0.000000e+00
    outer loop
      vertex   2.000000e+00  3.100000e+01  1.685000e+01
      vertex   2.570000e+01  3.100000e+01  1.885000e+01
      vertex   4.000000e+00  3.100000e+01  1.885000e+01
    endloop
  endfacet
  facet normal  0.000000e+00 -1.000000e+00  0.000000e+00
    outer loop
      vertex   2.000000e+00  3.100000e+01  1.685000e+01
      vertex   4.000000e+00  3.100000e+01  1.885000e+01
      vertex   4.000000e+00  3.100000e+01  4.055000e+01
    endloop
  endfacet
  facet normal -0.000000e+00 -1.000000e+00  0.000000e+00
    outer loop
      vertex   2.753320e+01  3.100000e+01  4.233406e+01
      vertex   2.736596e+01  3.100000e+01  4.244236e+01
      vertex   2.570000e+01  3.100000e+01  4.055000e+01
    endloop
  endfacet
  facet normal  0.000000e+00 -1.000000e+00  0.000000e+00
    outer loop
      vertex   2.570000e+01  3.100000e+01  4.055000e+01
      vertex   2.736596e+01  3.100000e+01  4.244236e+01
      vertex   2.719830e+01  3.100000e+01  4.255000e+01
    endloop
  endfacet
  facet normal  0.000000e+00 -1.000000e+00  0.000000e+00
    outer loop
      vertex   2.570000e+01  3.100000e+01  4.055000e+01
      vertex   2.719830e+01  3.100000e+01  4.255000e+01
      vertex   4.000000e+00  3.100000e+01  4.055000e+01
    endloop
  endfacet
  facet normal  0.000000e+00 -1.000000e+00  0.000000e+00
    outer loop
      vertex   4.000000e+00  3.100000e+01  4.055000e+01
      vertex   2.719830e+01  3.100000e+01  4.255000e+01
      vertex   2.000000e+00  3.100000e+01  4.255000e+01
    endloop
  endfacet
  facet normal -0.000000e+00 -1.000000e+00  0.000000e+00
    outer loop
      vertex   4.000000e+00  3.100000e+01  4.055000e+01
      vertex   2.000000e+00  3.100000e+01  4.255000e+01
      vertex   2.000000e+00  3.100000e+01  1.685000e+01
    endloop
  endfacet
  facet normal -1.000000e+00  0.000000e+00  0.000000e+00
    outer loop
      vertex   2.770000e+01  3.100000e+01 -4.222511e+01
      vertex   2.770000e+01  3.000000e+01 -4.222511e+01
      vertex   2.770000e+01  3.100000e+01 -1.685000e+01
    endloop
  endfacet
  facet normal -1.000000e+00 -0.000000e+00  0.000000e+00
    outer loop
      vertex   2.770000e+01  3.100000e+01 -1.685000e+01
      vertex   2.770000e+01  3.000000e+01 -4.222511e+01
      vertex   2.770000e+01  3.000000e+00 -1.685000e+01
    endloop
  endfacet
  facet normal -1.000000e+00  0.000000e+00  0.000000e+00
    outer loop
      vertex   2.770000e+01  3.000000e+00 -1.685000e+01
      vertex   2.770000e+01  3.000000e+01 -4.222511e+01
      vertex   2.770000e+01  3.000000e+00 -4.255000e+01
    endloop
  endfacet
  facet normal -1.000000e+00  0.000000e+00  0.000000e+00
    outer loop
      vertex   2.770000e+01  3.000000e+00 -4.255000e+01
      vertex   2.770000e+01  3.000000e+01 -4.222511e+01
      vertex   2.770000e+01  3.000000e+01 -4.255000e+01
    endloop
  endfacet
  facet normal  0.000000e+00  0.000000e+00  1.000000e+00
    outer loop
      vertex   2.770000e+01  3.000000e+01 -4.255000e+01
      vertex   2.719830e+01  3.000000e+01 -4.255000e+01
      vertex   2.770000e+01  3.000000e+00 -4.255000e+01
    endloop
  endfacet
  facet normal  0.000000e+00  0.000000e+00  1.000000e+00
    outer loop
      vertex   2.770000e+01  3.000000e+00 -4.255000e+01
      vertex   2.719830e+01  3.000000e+01 -4.255000e+01
      vertex   2.000000e+00  3.000000e+00 -4.255000e+01
    endloop
  endfacet
  facet normal  0.000000e+00  0.000000e+00  1.000000e+00
    outer loop
      vertex   2.000000e+00  3.000000e+00 -4.255000e+01
      vertex   2.719830e+01  3.000000e+01 -4.255000e+01
      vertex   2.000000e+00  3.100000e+01 -4.255000e+01
    endloop
  endfacet
  facet normal -0.000000e+00  0.000000e+00  1.000000e+00
    outer loop
      vertex   2.000000e+00  3.100000e+01 -4.255000e+01
      vertex   2.719830e+01  3.000000e+01 -4.255000e+01
      vertex   2.719830e+01  3.100000e+01 -4.255000e+01
    endloop
  endfacet
  facet normal  1.000000e+00  0.000000e+00 -0.000000e+00
    outer loop
      vertex  -2.770000e+01  3.000000e+01 -4.255000e+01
      vertex  -2.770000e+01  3.000000e+01 -4.222511e+01
      vertex  -2.770000e+01  3.000000e+00 -4.255000e+01
    endloop
  endfacet
  facet normal  1.000000e+00  0.000000e+00  0.000000e+00
    outer loop
      vertex  -2.770000e+01  3.000000e+00 -4.255000e+01
      vertex  -2.770000e+01  3.000000e+01 -4.222511e+01
      vertex  -2.770000e+01  3.000000e+00 -1.685000e+01
    endloop
  endfacet
  facet normal  1.000000e+00 -0.000000e+00  0.000000e+00
    outer loop
      vertex  -2.770000e+01  3.000000e+00 -1.685000e+01
      vertex  -2.770000e+01  3.000000e+01 -4.222511e+01
      vertex  -2.770000e+01  3.100000e+01 -1.685000e+01
    endloop
  endfacet
  facet normal  1.000000e+00  0.000000e+00  0.000000e+00
    outer loop
      vertex  -2.770000e+01  3.100000e+01 -1.685000e+01
      vertex  -2.770000e+01  3.000000e+01 -4.222511e+01
      vertex  -2.770000e+01  3.100000e+01 -4.222511e+01
    endloop
  endfacet
  facet normal  0.000000e+00 -1.000000e+00  0.000000e+00
    outer loop
      vertex  -2.753320e+01  3.100000e+01 -4.233406e+01
      vertex  -2.570000e+01  3.100000e+01 -4.055000e+01
      vertex  -2.770000e+01  3.100000e+01 -4.222511e+01
    endloop
  endfacet
  facet normal  0.000000e+00 -1.000000e+00  0.000000e+00
    outer loop
      vertex  -2.770000e+01  3.100000e+01 -4.222511e+01
      vertex  -2.570000e+01  3.100000e+01 -4.055000e+01
      vertex  -2.570000e+01  3.100000e+01 -1.885000e+01
    endloop
  endfacet
  facet normal  0.000000e+00 -1.000000e+00  0.000000e+00
    outer loop
      vertex  -2.770000e+01  3.100000e+01 -4.222511e+01
      vertex  -2.570000e+01  3.100000e+01 -1.885000e+01
      vertex  -2.770000e+01  3.100000e+01 -1.685000e+01
    endloop
  endfacet
  facet normal  0.000000e+00 -1.000000e+00  0.000000e+00
    outer loop
      vertex  -2.770000e+01  3.100000e+01 -1.685000e+01
      vertex  -2.570000e+01  3.100000e+01 -1.885000e+01
      vertex  -4.000000e+00  3.100000e+01 -1.885000e+01
    endloop
  endfacet
  facet normal  0.000000e+00 -1.000000e+00  0.000000e+00
    outer loop
      vertex  -2.770000e+01  3.100000e+01 -1.685000e+01
      vertex  -4.000000e+00  3.100000e+01 -1.885000e+01
      vertex  -2.000000e+00  3.100000e+01 -1.685000e+01
    endloop
  endfacet
  facet normal  0.000000e+00 -1.000000e+00  0.000000e+00
    outer loop
      vertex  -2.000000e+00  3.100000e+01 -1.685000e+01
      vertex  -4.000000e+00  3.100000e+01 -1.885000e+01
      vertex  -4.000000e+00  3.100000e+01 -4.055000e+01
    endloop
  endfacet
  facet normal  0.000000e+00 -1.000000e+00 -0.000000e+00
    outer loop
      vertex  -2.000000e+00  3.100000e+01 -1.685000e+01
      vertex  -4.000000e+00  3.100000e+01 -4.055000e+01
      vertex  -2.000000e+00  3.100000e+01 -4.255000e+01
    endloop
  endfacet
  facet normal  0.000000e+00 -1.000000e+00  0.000000e+00
    outer loop
      vertex  -2.000000e+00  3.100000e+01 -4.255000e+01
      vertex  -4.000000e+00  3.100000e+01 -4.055000e+01
      vertex  -2.719830e+01  3.100000e+01 -4.255000e+01
    endloop
  endfacet
  facet normal  0.000000e+00 -1.000000e+00  0.000000e+00
    outer loop
      vertex  -2.719830e+01  3.100000e+01 -4.255000e+01
      vertex  -4.000000e+00  3.100000e+01 -4.055000e+01
      vertex  -2.570000e+01  3.100000e+01 -4.055000e+01
    endloop
  endfacet
  facet normal  0.000000e+00 -1.000000e+00  0.000000e+00
    outer loop
      vertex  -2.719830e+01  3.100000e+01 -4.255000e+01
      vertex  -2.570000e+01  3.100000e+01 -4.055000e+01
      vertex  -2.736596e+01  3.100000e+01 -4.244236e+01
    endloop
  endfacet
  facet normal  0.000000e+00 -1.000000e+00  0.000000e+00
    outer loop
      vertex  -2.736596e+01  3.100000e+01 -4.244236e+01
      vertex  -2.570000e+01  3.100000e+01 -4.055000e+01
      vertex  -2.753320e+01  3.100000e+01 -4.233406e+01
    endloop
  endfacet
  facet normal  0.000000e+00  1.000000e+00 -0.000000e+00
    outer loop
      vertex   5.020397e+01  3.200000e+01 -5.460010e+00
      vertex   4.055000e+01  3.200000e+01 -1.085000e+01
      vertex   5.050000e+01  3.200000e+01  0.000000e+00
    endloop
  endfacet
  facet normal  0.000000e+00  1.000000e+00  0.000000e+00
    outer loop
      vertex   5.050000e+01  3.200000e+01  0.000000e+00
      vertex   4.055000e+01  3.200000e+01 -1.085000e+01
      vertex   4.055000e+01  3.200000e+01  1.085000e+01
    endloop
  endfacet
  facet normal  0.000000e+00  1.000000e+00  0.000000e+00
    outer loop
      vertex   5.050000e+01  3.200000e+01  0.000000e+00
      vertex   4.055000e+01  3.200000e+01  1.085000e+01
      vertex   5.020397e+01  3.200000e+01  5.460010e+00
    endloop
  endfacet
  facet normal  0.000000e+00  1.000000e+00  0.000000e+00
    outer loop
      vertex   5.020397e+01  3.200000e+01  5.460010e+00
      vertex   4.055000e+01  3.200000e+01  1.085000e+01
      vertex   4.931934e+01  3.200000e+01  1.085601e+01
    endloop
  endfacet
  facet normal  0.000000e+00  1.000000e+00  0.000000e+00
    outer loop
      vertex   4.931934e+01  3.200000e+01  1.085601e+01
      vertex   4.055000e+01  3.200000e+01  1.085000e+01
      vertex   4.785648e+01  3.200000e+01  1.612473e+01
    endloop
  endfacet
  facet normal  0.000000e+00  1.000000e+00  0.000000e+00
    outer loop
      vertex   4.785648e+01  3.200000e+01  1.612473e+01
      vertex   4.055000e+01  3.200000e+01  1.085000e+01
      vertex   4.583256e+01  3.200000e+01  2.120440e+01
    endloop
  endfacet
  facet normal  0.000000e+00  1.000000e+00  0.000000e+00
    outer loop
      vertex   4.583256e+01  3.200000e+01  2.120440e+01
      vertex   4.055000e+01  3.200000e+01  1.085000e+01
      vertex   2.570000e+01  3.200000e+01  1.885000e+01
    endloop
  endfacet
  facet normal  0.000000e+00  1.000000e+00  0.000000e+00
    outer loop
      vertex   4.583256e+01  3.200000e+01  2.120440e+01
      vertex   2.570000e+01  3.200000e+01  1.885000e+01
      vertex   4.327129e+01  3.200000e+01  2.603547e+01
    endloop
  endfacet
  facet normal  0.000000e+00  1.000000e+00  0.000000e+00
    outer loop
      vertex   4.327129e+01  3.200000e+01  2.603547e+01
      vertex   2.570000e+01  3.200000e+01  1.885000e+01
      vertex   4.020270e+01  3.200000e+01  3.056130e+01
    endloop
  endfacet
  facet normal  0.000000e+00  1.000000e+00  0.000000e+00
    outer loop
      vertex   4.020270e+01  3.200000e+01  3.056130e+01
      vertex   2.570000e+01  3.200000e+01  1.885000e+01
      vertex   3.666277e+01  3.200000e+01  3.472882e+01
    endloop
  endfacet
  facet normal  0.000000e+00  1.000000e+00  0.000000e+00
    outer loop
      vertex   3.666277e+01  3.200000e+01  3.472882e+01
      vertex   2.570000e+01  3.200000e+01  1.885000e+01
      vertex   3.269301e+01  3.200000e+01  3.848919e+01
    endloop
  endfacet
  facet normal  0.000000e+00  1.000000e+00  0.000000e+00
    outer loop
      vertex   3.269301e+01  3.200000e+01  3.848919e+01
      vertex   2.570000e+01  3.200000e+01  1.885000e+01
      vertex   2.570000e+01  3.200000e+01  4.055000e+01
    endloop
  endfacet
  facet normal  0.000000e+00  1.000000e+00  0.000000e+00
    outer loop
      vertex   3.269301e+01  3.200000e+01  3.848919e+01
      vertex   2.570000e+01  3.200000e+01  4.055000e+01
      vertex   2.833995e+01  3.200000e+01  4.179829e+01
    endloop
  endfacet
  facet normal  0.000000e+00  1.000000e+00  0.000000e+00
    outer loop
      vertex   2.833995e+01  3.200000e+01  4.179829e+01
      vertex   2.570000e+01  3.200000e+01  4.055000e+01
      vertex   2.365462e+01  3.200000e+01  4.461736e+01
    endloop
  endfacet
  facet normal  0.000000e+00  1.000000e+00  0.000000e+00
    outer loop
      vertex   2.365462e+01  3.200000e+01  4.461736e+01
      vertex   2.570000e+01  3.200000e+01  4.055000e+01
      vertex   1.869198e+01  3.200000e+01  4.691332e+01
    endloop
  endfacet
  facet normal  0.000000e+00  1.000000e+00  0.000000e+00
    outer loop
      vertex   1.869198e+01  3.200000e+01  4.691332e+01
      vertex   2.570000e+01  3.200000e+01  4.055000e+01
      vertex   4.000000e+00  3.200000e+01  4.055000e+01
    endloop
  endfacet
  facet normal  0.000000e+00  1.000000e+00  0.000000e+00
    outer loop
      vertex   1.869198e+01  3.200000e+01  4.691332e+01
      vertex   4.000000e+00  3.200000e+01  4.055000e+01
      vertex   1.351018e+01  3.200000e+01  4.865928e+01
    endloop
  endfacet
  facet normal  0.000000e+00  1.000000e+00  0.000000e+00
    outer loop
      vertex   1.351018e+01  3.200000e+01  4.865928e+01
      vertex   4.000000e+00  3.200000e+01  4.055000e+01
      vertex   8.169991e+00  3.200000e+01  4.983474e+01
    endloop
  endfacet
  facet normal  0.000000e+00  1.000000e+00  0.000000e+00
    outer loop
      vertex   8.169991e+00  3.200000e+01  4.983474e+01
      vertex   4.000000e+00  3.200000e+01  4.055000e+01
      vertex   2.734015e+00  3.200000e+01  5.042594e+01
    endloop
  endfacet
  facet normal  0.000000e+00  1.000000e+00  0.000000e+00
    outer loop
      vertex   2.734015e+00  3.200000e+01  5.042594e+01
      vertex   4.000000e+00  3.200000e+01  4.055000e+01
      vertex  -4.000000e+00  3.200000e+01  4.055000e+01
    endloop
  endfacet
  facet normal  0.000000e+00  1.000000e+00  0.000000e+00
    outer loop
      vertex   2.734015e+00  3.200000e+01  5.042594e+01
      vertex  -4.000000e+00  3.200000e+01  4.055000e+01
      vertex  -2.734015e+00  3.200000e+01  5.042594e+01
    endloop
  endfacet
  facet normal  0.000000e+00  1.000000e+00  0.000000e+00
    outer loop
      vertex  -2.734015e+00  3.200000e+01  5.042594e+01
      vertex  -4.000000e+00  3.200000e+01  4.055000e+01
      vertex  -8.169991e+00  3.200000e+01  4.983474e+01
    endloop
  endfacet
  facet normal  0.000000e+00  1.000000e+00  0.000000e+00
    outer loop
      vertex  -8.169991e+00  3.200000e+01  4.983474e+01
      vertex  -4.000000e+00  3.200000e+01  4.055000e+01
      vertex  -1.351018e+01  3.200000e+01  4.865928e+01
    endloop
  endfacet
  facet normal  0.000000e+00  1.000000e+00  0.000000e+00
    outer loop
      vertex  -1.351018e+01  3.200000e+01  4.865928e+01
      vertex  -4.000000e+00  3.200000e+01  4.055000e+01
      vertex  -1.869198e+01  3.200000e+01  4.691332e+01
    endloop
  endfacet
  facet normal  0.000000e+00  1.000000e+00  0.000000e+00
    outer loop
      vertex  -1.869198e+01  3.200000e+01  4.691332e+01
      vertex  -4.000000e+00  3.200000e+01  4.055000e+01
      vertex  -2.570000e+01  3.200000e+01  4.055000e+01
    endloop
  endfacet
  facet normal  0.000000e+00  1.000000e+00  0.000000e+00
    outer loop
      vertex  -1.869198e+01  3.200000e+01  4.691332e+01
      vertex  -2.570000e+01  3.200000e+01  4.055000e+01
      vertex  -2.365462e+01  3.200000e+01  4.461736e+01
    endloop
  endfacet
  facet normal  0.000000e+00  1.000000e+00  0.000000e+00
    outer loop
      vertex  -2.365462e+01  3.200000e+01  4.461736e+01
      vertex  -2.570000e+01  3.200000e+01  4.055000e+01
      vertex  -2.833995e+01  3.200000e+01  4.179829e+01
    endloop
  endfacet
  facet normal  0.000000e+00  1.000000e+00  0.000000e+00
    outer loop
      vertex  -2.833995e+01  3.200000e+01  4.179829e+01
      vertex  -2.570000e+01  3.200000e+01  4.055000e+01
      vertex  -3.269301e+01  3.200000e+01  3.848919e+01
    endloop
  endfacet
  facet normal -0.000000e+00  1.000000e+00  0.000000e+00
    outer loop
      vertex  -3.269301e+01  3.200000e+01  3.848919e+01
      vertex  -2.570000e+01  3.200000e+01  4.055000e+01
      vertex  -2.570000e+01  3.200000e+01  1.885000e+01
    endloop
  endfacet
  facet normal  0.000000e+00  1.000000e+00  0.000000e+00
    outer loop
      vertex  -3.269301e+01  3.200000e+01  3.848919e+01
      vertex  -2.570000e+01  3.200000e+01  1.885000e+01
      vertex  -3.666277e+01  3.200000e+01  3.472882e+01
    endloop
  endfacet
  facet normal  0.000000e+00  1.000000e+00  0.000000e+00
    outer loop
      vertex  -3.666277e+01  3.200000e+01  3.472882e+01
      vertex  -2.570000e+01  3.200000e+01  1.885000e+01
      vertex  -4.020270e+01  3.200000e+01  3.056130e+01
    endloop
  endfacet
  facet normal  0.000000e+00  1.000000e+00  0.000000e+00
    outer loop
      vertex  -4.020270e+01  3.200000e+01  3.056130e+01
      vertex  -2.570000e+01  3.200000e+01  1.885000e+01
      vertex  -4.327129e+01  3.200000e+01  2.603547e+01
    endloop
  endfacet
  facet normal  0.000000e+00  1.000000e+00  0.000000e+00
    outer loop
      vertex  -4.327129e+01  3.200000e+01  2.603547e+01
      vertex  -2.570000e+01  3.200000e+01  1.885000e+01
      vertex  -4.583256e+01  3.200000e+01  2.120440e+01
    endloop
  endfacet
  facet normal  0.000000e+00  1.000000e+00  0.000000e+00
    outer loop
      vertex  -4.583256e+01  3.200000e+01  2.120440e+01
      vertex  -2.570000e+01  3.200000e+01  1.885000e+01
      vertex  -4.055000e+01  3.200000e+01  1.085000e+01
    endloop
  endfacet
  facet normal  0.000000e+00  1.000000e+00  0.000000e+00
    outer loop
      vertex  -4.583256e+01  3.200000e+01  2.120440e+01
      vertex  -4.055000e+01  3.200000e+01  1.085000e+01
      vertex  -4.785648e+01  3.200000e+01  1.612473e+01
    endloop
  endfacet
  facet normal  0.000000e+00  1.000000e+00  0.000000e+00
    outer loop
      vertex  -4.785648e+01  3.200000e+01  1.612473e+01
      vertex  -4.055000e+01  3.200000e+01  1.085000e+01
      vertex  -4.931934e+01  3.200000e+01  1.085601e+01
    endloop
  endfacet
  facet normal  0.000000e+00  1.000000e+00  0.000000e+00
    outer loop
      vertex  -4.931934e+01  3.200000e+01  1.085601e+01
      vertex  -4.055000e+01  3.200000e+01  1.085000e+01
      vertex  -5.020397e+01  3.200000e+01  5.460010e+00
    endloop
  endfacet
  facet normal -0.000000e+00  1.000000e+00  0.000000e+00
    outer loop
      vertex  -5.020397e+01  3.200000e+01  5.460010e+00
      vertex  -4.055000e+01  3.200000e+01  1.085000e+01
      vertex  -5.050000e+01  3.200000e+01  0.000000e+00
    endloop
  endfacet
  facet normal -0.000000e+00  1.000000e+00  0.000000e+00
    outer loop
      vertex  -5.050000e+01  3.200000e+01  0.000000e+00
      vertex  -4.055000e+01  3.200000e+01  1.085000e+01
      vertex  -4.055000e+01  3.200000e+01 -1.085000e+01
    endloop
  endfacet
  facet normal  0.000000e+00  1.000000e+00  0.000000e+00
    outer loop
      vertex  -5.050000e+01  3.200000e+01  0.000000e+00
      vertex  -4.055000e+01  3.200000e+01 -1.085000e+01
      vertex  -5.020397e+01  3.200000e+01 -5.460010e+00
    endloop
  endfacet
  facet normal  0.000000e+00  1.000000e+00  0.000000e+00
    outer loop
      vertex  -5.020397e+01  3.200000e+01 -5.460010e+00
      vertex  -4.055000e+01  3.200000e+01 -1.085000e+01
      vertex  -4.931934e+01  3.200000e+01 -1.085601e+01
    endloop
  endfacet
  facet normal -0.000000e+00  1.000000e+00  0.000000e+00
    outer loop
      vertex  -4.931934e+01  3.200000e+01 -1.085601e+01
      vertex  -4.055000e+01  3.200000e+01 -1.085000e+01
      vertex  -4.785648e+01  3.200000e+01 -1.612473e+01
    endloop
  endfacet
  facet normal -0.000000e+00  1.000000e+00  0.000000e+00
    outer loop
      vertex  -4.785648e+01  3.200000e+01 -1.612473e+01
      vertex  -4.055000e+01  3.200000e+01 -1.085000e+01
      vertex  -4.583256e+01  3.200000e+01 -2.120440e+01
    endloop
  endfacet
  facet normal  0.000000e+00  1.000000e+00  0.000000e+00
    outer loop
      vertex  -4.583256e+01  3.200000e+01 -2.120440e+01
      vertex  -4.055000e+01  3.200000e+01 -1.085000e+01
      vertex  -2.570000e+01  3.200000e+01 -1.885000e+01
    endloop
  endfacet
  facet normal -0.000000e+00  1.000000e+00  0.000000e+00
    outer loop
      vertex  -4.583256e+01  3.200000e+01 -2.120440e+01
      vertex  -2.570000e+01  3.200000e+01 -1.885000e+01
      vertex  -4.327129e+01  3.200000e+01 -2.603547e+01
    endloop
  endfacet
  facet normal -0.000000e+00  1.000000e+00  0.000000e+00
    outer loop
      vertex  -4.327129e+01  3.200000e+01 -2.603547e+01
      vertex  -2.570000e+01  3.200000e+01 -1.885000e+01
      vertex  -4.020270e+01  3.200000e+01 -3.056130e+01
    endloop
  endfacet
  facet normal -0.000000e+00  1.000000e+00  0.000000e+00
    outer loop
      vertex  -4.020270e+01  3.200000e+01 -3.056130e+01
      vertex  -2.570000e+01  3.200000e+01 -1.885000e+01
      vertex  -3.666277e+01  3.200000e+01 -3.472882e+01
    endloop
  endfacet
  facet normal -0.000000e+00  1.000000e+00  0.000000e+00
    outer loop
      vertex  -3.666277e+01  3.200000e+01 -3.472882e+01
      vertex  -2.570000e+01  3.200000e+01 -1.885000e+01
      vertex  -3.269301e+01  3.200000e+01 -3.848919e+01
    endloop
  endfacet
  facet normal -0.000000e+00  1.000000e+00  0.000000e+00
    outer loop
      vertex  -3.269301e+01  3.200000e+01 -3.848919e+01
      vertex  -2.570000e+01  3.200000e+01 -1.885000e+01
      vertex  -2.570000e+01  3.200000e+01 -4.055000e+01
    endloop
  endfacet
  facet normal  0.000000e+00  1.000000e+00  0.000000e+00
    outer loop
      vertex  -3.269301e+01  3.200000e+01 -3.848919e+01
      vertex  -2.570000e+01  3.200000e+01 -4.055000e+01
      vertex  -2.833995e+01  3.200000e+01 -4.179829e+01
    endloop
  endfacet
  facet normal -0.000000e+00  1.000000e+00  0.000000e+00
    outer loop
      vertex  -2.833995e+01  3.200000e+01 -4.179829e+01
      vertex  -2.570000e+01  3.200000e+01 -4.055000e+01
      vertex  -2.365462e+01  3.200000e+01 -4.461736e+01
    endloop
  endfacet
  facet normal -0.000000e+00  1.000000e+00 -0.000000e+00
    outer loop
      vertex  -2.365462e+01  3.200000e+01 -4.461736e+01
      vertex  -2.570000e+01  3.200000e+01 -4.055000e+01
      vertex  -1.869198e+01  3.200000e+01 -4.691332e+01
    endloop
  endfacet
  facet normal  0.000000e+00  1.000000e+00 -0.000000e+00
    outer loop
      vertex  -1.869198e+01  3.200000e+01 -4.691332e+01
      vertex  -2.570000e+01  3.200000e+01 -4.055000e+01
      vertex  -4.000000e+00  3.200000e+01 -4.055000e+01
    endloop
  endfacet
  facet normal -0.000000e+00  1.000000e+00  0.000000e+00
    outer loop
      vertex  -1.869198e+01  3.200000e+01 -4.691332e+01
      vertex  -4.000000e+00  3.200000e+01 -4.055000e+01
      vertex  -1.351018e+01  3.200000e+01 -4.865928e+01
    endloop
  endfacet
  facet normal -0.000000e+00  1.000000e+00  0.000000e+00
    outer loop
      vertex  -1.351018e+01  3.200000e+01 -4.865928e+01
      vertex  -4.000000e+00  3.200000e+01 -4.055000e+01
      vertex  -8.169991e+00  3.200000e+01 -4.983474e+01
    endloop
  endfacet
  facet normal -0.000000e+00  1.000000e+00  0.000000e+00
    outer loop
      vertex  -8.169991e+00  3.200000e+01 -4.983474e+01
      vertex  -4.000000e+00  3.200000e+01 -4.055000e+01
      vertex  -2.734015e+00  3.200000e+01 -5.042594e+01
    endloop
  endfacet
  facet normal  0.000000e+00  1.000000e+00 -0.000000e+00
    outer loop
      vertex  -2.734015e+00  3.200000e+01 -5.042594e+01
      vertex  -4.000000e+00  3.200000e+01 -4.055000e+01
      vertex   4.000000e+00  3.200000e+01 -4.055000e+01
    endloop
  endfacet
  facet normal  0.000000e+00  1.000000e+00  0.000000e+00
    outer loop
      vertex  -2.734015e+00  3.200000e+01 -5.042594e+01
      vertex   4.000000e+00  3.200000e+01 -4.055000e+01
      vertex   2.734015e+00  3.200000e+01 -5.042594e+01
    endloop
  endfacet
  facet normal  0.000000e+00  1.000000e+00  0.000000e+00
    outer loop
      vertex   2.734015e+00  3.200000e+01 -5.042594e+01
      vertex   4.000000e+00  3.200000e+01 -4.055000e+01
      vertex   8.169991e+00  3.200000e+01 -4.983474e+01
    endloop
  endfacet
  facet normal  0.000000e+00  1.000000e+00 -0.000000e+00
    outer loop
      vertex   8.169991e+00  3.200000e+01 -4.983474e+01
      vertex   4.000000e+00  3.200000e+01 -4.055000e+01
      vertex   1.351018e+01  3.200000e+01 -4.865928e+01
    endloop
  endfacet
  facet normal  0.000000e+00  1.000000e+00 -0.000000e+00
    outer loop
      vertex   1.351018e+01  3.200000e+01 -4.865928e+01
      vertex   4.000000e+00  3.200000e+01 -4.055000e+01
      vertex   1.869198e+01  3.200000e+01 -4.691332e+01
    endloop
  endfacet
  facet normal  0.000000e+00  1.000000e+00 -0.000000e+00
    outer loop
      vertex   1.869198e+01  3.200000e+01 -4.691332e+01
      vertex   4.000000e+00  3.200000e+01 -4.055000e+01
      vertex   2.570000e+01  3.200000e+01 -4.055000e+01
    endloop
  endfacet
  facet normal  0.000000e+00  1.000000e+00  0.000000e+00
    outer loop
      vertex   1.869198e+01  3.200000e+01 -4.691332e+01
      vertex   2.570000e+01  3.200000e+01 -4.055000e+01
      vertex   2.365462e+01  3.200000e+01 -4.461736e+01
    endloop
  endfacet
  facet normal  0.000000e+00  1.000000e+00  0.000000e+00
    outer loop
      vertex   2.365462e+01  3.200000e+01 -4.461736e+01
      vertex   2.570000e+01  3.200000e+01 -4.055000e+01
      vertex   2.833995e+01  3.200000e+01 -4.179829e+01
    endloop
  endfacet
  facet normal  0.000000e+00  1.000000e+00 -0.000000e+00
    outer loop
      vertex   2.833995e+01  3.200000e+01 -4.179829e+01
      vertex   2.570000e+01  3.200000e+01 -4.055000e+01
      vertex   3.269301e+01  3.200000e+01 -3.848919e+01
    endloop
  endfacet
  facet normal  0.000000e+00  1.000000e+00  0.000000e+00
    outer loop
      vertex   3.269301e+01  3.200000e+01 -3.848919e+01
      vertex   2.570000e+01  3.200000e+01 -4.055000e+01
      vertex   2.570000e+01  3.200000e+01 -1.885000e+01
    endloop
  endfacet
  facet normal  0.000000e+00  1.000000e+00 -0.000000e+00
    outer loop
      vertex   3.269301e+01  3.200000e+01 -3.848919e+01
      vertex   2.570000e+01  3.200000e+01 -1.885000e+01
      vertex   3.666277e+01  3.200000e+01 -3.472882e+01
    endloop
  endfacet
  facet normal  0.000000e+00  1.000000e+00 -0.000000e+00
    outer loop
      vertex   3.666277e+01  3.200000e+01 -3.472882e+01
      vertex   2.570000e+01  3.200000e+01 -1.885000e+01
      vertex   4.020270e+01  3.200000e+01 -3.056130e+01
    endloop
  endfacet
  facet normal  0.000000e+00  1.000000e+00 -0.000000e+00
    outer loop
      vertex   4.020270e+01  3.200000e+01 -3.056130e+01
      vertex   2.570000e+01  3.200000e+01 -1.885000e+01
      vertex   4.327129e+01  3.200000e+01 -2.603547e+01
    endloop
  endfacet
  facet normal  0.000000e+00  1.000000e+00 -0.000000e+00
    outer loop
      vertex   4.327129e+01  3.200000e+01 -2.603547e+01
      vertex   2.570000e+01  3.200000e+01 -1.885000e+01
      vertex   4.583256e+01  3.200000e+01 -2.120440e+01
    endloop
  endfacet
  facet normal  0.000000e+00  1.000000e+00  0.000000e+00
    outer loop
      vertex   4.583256e+01  3.200000e+01 -2.120440e+01
      vertex   2.570000e+01  3.200000e+01 -1.885000e+01
      vertex   4.055000e+01  3.200000e+01 -1.085000e+01
    endloop
  endfacet
  facet normal  0.000000e+00  1.000000e+00 -0.000000e+00
    outer loop
      vertex   4.583256e+01  3.200000e+01 -2.120440e+01
      vertex   4.055000e+01  3.200000e+01 -1.085000e+01
      vertex   4.785648e+01  3.200000e+01 -1.612473e+01
    endloop
  endfacet
  facet normal  0.000000e+00  1.000000e+00 -0.000000e+00
    outer loop
      vertex   4.785648e+01  3.200000e+01 -1.612473e+01
      vertex   4.055000e+01  3.200000e+01 -1.085000e+01
      vertex   4.931934e+01  3.200000e+01 -1.085601e+01
    endloop
  endfacet
  facet normal  0.000000e+00  1.000000e+00 -0.000000e+00
    outer loop
      vertex   4.931934e+01  3.200000e+01 -1.085601e+01
      vertex   4.055000e+01  3.200000e+01 -1.085000e+01
      vertex   5.020397e+01  3.200000e+01 -5.460010e+00
    endloop
  endfacet
  facet normal  0.000000e+00  1.000000e+00  0.000000e+00
    outer loop
      vertex   1.085000e+01  3.200000e+01  1.085000e+01
      vertex   1.885000e+01  3.200000e+01 -1.085000e+01
      vertex   1.085000e+01  3.200000e+01 -1.085000e+01
    endloop
  endfacet
  facet normal -0.000000e+00  1.000000e+00  0.000000e+00
    outer loop
      vertex   1.085000e+01  3.200000e+01 -1.085000e+01
      vertex   1.885000e+01  3.200000e+01 -1.085000e+01
      vertex   4.000000e+00  3.200000e+01 -1.885000e+01
    endloop
  endfacet
  facet normal  0.000000e+00  1.000000e+00  0.000000e+00
    outer loop
      vertex   1.085000e+01  3.200000e+01 -1.085000e+01
      vertex   4.000000e+00  3.200000e+01 -1.885000e+01
      vertex  -1.085000e+01  3.200000e+01 -1.085000e+01
    endloop
  endfacet
  facet normal  0.000000e+00  1.000000e+00  0.000000e+00
    outer loop
      vertex  -1.085000e+01  3.200000e+01 -1.085000e+01
      vertex   4.000000e+00  3.200000e+01 -1.885000e+01
      vertex  -4.000000e+00  3.200000e+01 -1.885000e+01
    endloop
  endfacet
  facet normal  0.000000e+00  1.000000e+00  0.000000e+00
    outer loop
      vertex  -1.085000e+01  3.200000e+01 -1.085000e+01
      vertex  -4.000000e+00  3.200000e+01 -1.885000e+01
      vertex  -2.570000e+01  3.200000e+01 -1.885000e+01
    endloop
  endfacet
  facet normal  0.000000e+00  1.000000e+00  0.000000e+00
    outer loop
      vertex  -1.085000e+01  3.200000e+01  1.085000e+01
      vertex   4.000000e+00  3.200000e+01  1.885000e+01
      vertex   1.085000e+01  3.200000e+01  1.085000e+01
    endloop
  endfacet
  facet normal  0.000000e+00  1.000000e+00 -0.000000e+00
    outer loop
      vertex   1.085000e+01  3.200000e+01  1.085000e+01
      vertex   4.000000e+00  3.200000e+01  1.885000e+01
      vertex   1.885000e+01  3.200000e+01  1.085000e+01
    endloop
  endfacet
  facet normal -0.000000e+00  1.000000e+00  0.000000e+00
    outer loop
      vertex   1.085000e+01  3.200000e+01  1.085000e+01
      vertex   1.885000e+01  3.200000e+01  1.085000e+01
      vertex   1.885000e+01  3.200000e+01 -1.085000e+01
    endloop
  endfacet
  facet normal  0.000000e+00  1.000000e+00 -0.000000e+00
    outer loop
      vertex  -1.085000e+01  3.200000e+01 -1.085000e+01
      vertex  -1.885000e+01  3.200000e+01  1.085000e+01
      vertex  -1.085000e+01  3.200000e+01  1.085000e+01
    endloop
  endfacet
  facet normal  0.000000e+00  1.000000e+00  0.000000e+00
    outer loop
      vertex  -1.085000e+01  3.200000e+01  1.085000e+01
      vertex  -1.885000e+01  3.200000e+01  1.085000e+01
      vertex  -2.570000e+01  3.200000e+01  1.885000e+01
    endloop
  endfacet
  facet normal  0.000000e+00  1.000000e+00 -0.000000e+00
    outer loop
      vertex  -1.085000e+01  3.200000e+01  1.085000e+01
      vertex  -2.570000e+01  3.200000e+01  1.885000e+01
      vertex  -4.000000e+00  3.200000e+01  1.885000e+01
    endloop
  endfacet
  facet normal  0.000000e+00  1.000000e+00  0.000000e+00
    outer loop
      vertex  -1.885000e+01  3.200000e+01  1.085000e+01
      vertex  -1.085000e+01  3.200000e+01 -1.085000e+01
      vertex  -1.885000e+01  3.200000e+01 -1.085000e+01
    endloop
  endfacet
  facet normal -0.000000e+00  1.000000e+00  0.000000e+00
    outer loop
      vertex  -1.885000e+01  3.200000e+01 -1.085000e+01
      vertex  -1.085000e+01  3.200000e+01 -1.085000e+01
      vertex  -2.570000e+01  3.200000e+01 -1.885000e+01
    endloop
  endfacet
  facet normal  0.000000e+00  1.000000e+00  0.000000e+00
    outer loop
      vertex  -1.885000e+01  3.200000e+01 -1.085000e+01
      vertex  -2.570000e+01  3.200000e+01 -1.885000e+01
      vertex  -4.055000e+01  3.200000e+01 -1.085000e+01
    endloop
  endfacet
  facet normal  0.000000e+00  1.000000e+00  0.000000e+00
    outer loop
      vertex  -1.885000e+01  3.200000e+01  1.085000e+01
      vertex  -4.055000e+01  3.200000e+01  1.085000e+01
      vertex  -2.570000e+01  3.200000e+01  1.885000e+01
    endloop
  endfacet
  facet normal  0.000000e+00  1.000000e+00  0.000000e+00
    outer loop
      vertex  -4.000000e+00  3.200000e+01 -4.055000e+01
      vertex  -4.000000e+00  3.200000e+01 -1.885000e+01
      vertex   4.000000e+00  3.200000e+01 -4.055000e+01
    endloop
  endfacet
  facet normal  0.000000e+00  1.000000e+00 -0.000000e+00
    outer loop
      vertex   4.000000e+00  3.200000e+01 -4.055000e+01
      vertex  -4.000000e+00  3.200000e+01 -1.885000e+01
      vertex   4.000000e+00  3.200000e+01 -1.885000e+01
    endloop
  endfacet
  facet normal  0.000000e+00  1.000000e+00  0.000000e+00
    outer loop
      vertex   4.055000e+01  3.200000e+01  1.085000e+01
      vertex   1.885000e+01  3.200000e+01  1.085000e+01
      vertex   2.570000e+01  3.200000e+01  1.885000e+01
    endloop
  endfacet
  facet normal  0.000000e+00  1.000000e+00  0.000000e+00
    outer loop
      vertex   2.570000e+01  3.200000e+01  1.885000e+01
      vertex   1.885000e+01  3.200000e+01  1.085000e+01
      vertex   4.000000e+00  3.200000e+01  1.885000e+01
    endloop
  endfacet
  facet normal  0.000000e+00  1.000000e+00  0.000000e+00
    outer loop
      vertex   4.000000e+00  3.200000e+01 -1.885000e+01
      vertex   1.885000e+01  3.200000e+01 -1.085000e+01
      vertex   2.570000e+01  3.200000e+01 -1.885000e+01
    endloop
  endfacet
  facet normal  0.000000e+00  1.000000e+00 -0.000000e+00
    outer loop
      vertex   2.570000e+01  3.200000e+01 -1.885000e+01
      vertex   1.885000e+01  3.200000e+01 -1.085000e+01
      vertex   4.055000e+01  3.200000e+01 -1.085000e+01
    endloop
  endfacet
  facet normal  0.000000e+00  1.000000e+00  0.000000e+00
    outer loop
      vertex  -1.085000e+01  3.200000e+01  1.085000e+01
      vertex  -4.000000e+00  3.200000e+01  1.885000e+01
      vertex   4.000000e+00  3.200000e+01  1.885000e+01
    endloop
  endfacet
  facet normal  0.000000e+00  1.000000e+00  0.000000e+00
    outer loop
      vertex   4.000000e+00  3.200000e+01  1.885000e+01
      vertex  -4.000000e+00  3.200000e+01  1.885000e+01
      vertex  -4.000000e+00  3.200000e+01  4.055000e+01
    endloop
  endfacet
  facet normal  0.000000e+00  1.000000e+00 -0.000000e+00
    outer loop
      vertex   4.000000e+00  3.200000e+01  1.885000e+01
      vertex  -4.000000e+00  3.200000e+01  4.055000e+01
      vertex   4.000000e+00  3.200000e+01  4.055000e+01
    endloop
  endfacet
  facet normal -0.000000e+00 -1.000000e+00  0.000000e+00
    outer loop
      vertex   5.580408e+00  3.000000e+00 -5.220258e+01
      vertex   2.000000e+00  3.000000e+00 -4.255000e+01
      vertex   0.000000e+00  3.000000e+00 -5.250000e+01
    endloop
  endfacet
  facet normal  0.000000e+00 -1.000000e+00  0.000000e+00
    outer loop
      vertex   0.000000e+00  3.000000e+00 -5.250000e+01
      vertex   2.000000e+00  3.000000e+00 -4.255000e+01
      vertex  -2.000000e+00  3.000000e+00 -4.255000e+01
    endloop
  endfacet
  facet normal  0.000000e+00 -1.000000e+00  0.000000e+00
    outer loop
      vertex   0.000000e+00  3.000000e+00 -5.250000e+01
      vertex  -2.000000e+00  3.000000e+00 -4.255000e+01
      vertex  -5.580408e+00  3.000000e+00 -5.220258e+01
    endloop
  endfacet
  facet normal  0.000000e+00 -1.000000e+00  0.000000e+00
    outer loop
      vertex  -5.580408e+00  3.000000e+00 -5.220258e+01
      vertex  -2.000000e+00  3.000000e+00 -4.255000e+01
      vertex  -1.109759e+01  3.000000e+00 -5.131367e+01
    endloop
  endfacet
  facet normal  0.000000e+00 -1.000000e+00  0.000000e+00
    outer loop
      vertex  -1.109759e+01  3.000000e+00 -5.131367e+01
      vertex  -2.000000e+00  3.000000e+00 -4.255000e+01
      vertex  -1.648903e+01  3.000000e+00 -4.984337e+01
    endloop
  endfacet
  facet normal  0.000000e+00 -1.000000e+00  0.000000e+00
    outer loop
      vertex  -1.648903e+01  3.000000e+00 -4.984337e+01
      vertex  -2.000000e+00  3.000000e+00 -4.255000e+01
      vertex  -2.169364e+01  3.000000e+00 -4.780833e+01
    endloop
  endfacet
  facet normal  0.000000e+00 -1.000000e+00  0.000000e+00
    outer loop
      vertex  -2.169364e+01  3.000000e+00 -4.780833e+01
      vertex  -2.000000e+00  3.000000e+00 -4.255000e+01
      vertex  -2.770000e+01  3.000000e+00 -4.255000e+01
    endloop
  endfacet
  facet normal  0.000000e+00 -1.000000e+00  0.000000e+00
    outer loop
      vertex  -2.169364e+01  3.000000e+00 -4.780833e+01
      vertex  -2.770000e+01  3.000000e+00 -4.255000e+01
      vertex  -2.665245e+01  3.000000e+00 -4.523159e+01
    endloop
  endfacet
  facet normal  0.000000e+00 -1.000000e+00  0.000000e+00
    outer loop
      vertex  -2.665245e+01  3.000000e+00 -4.523159e+01
      vertex  -2.770000e+01  3.000000e+00 -4.255000e+01
      vertex  -3.130928e+01  3.000000e+00 -4.214236e+01
    endloop
  endfacet
  facet normal  0.000000e+00 -1.000000e+00  0.000000e+00
    outer loop
      vertex  -3.130928e+01  3.000000e+00 -4.214236e+01
      vertex  -2.770000e+01  3.000000e+00 -4.255000e+01
      vertex  -3.561137e+01  3.000000e+00 -3.857564e+01
    endloop
  endfacet
  facet normal  0.000000e+00 -1.000000e+00  0.000000e+00
    outer loop
      vertex  -3.561137e+01  3.000000e+00 -3.857564e+01
      vertex  -2.770000e+01  3.000000e+00 -4.255000e+01
      vertex  -2.770000e+01  3.000000e+00 -1.685000e+01
    endloop
  endfacet
  facet normal  0.000000e+00 -1.000000e+00  0.000000e+00
    outer loop
      vertex  -3.561137e+01  3.000000e+00 -3.857564e+01
      vertex  -2.770000e+01  3.000000e+00 -1.685000e+01
      vertex  -3.950997e+01  3.000000e+00 -3.457185e+01
    endloop
  endfacet
  facet normal  0.000000e+00 -1.000000e+00  0.000000e+00
    outer loop
      vertex  -3.950997e+01  3.000000e+00 -3.457185e+01
      vertex  -2.770000e+01  3.000000e+00 -1.685000e+01
      vertex  -4.296090e+01  3.000000e+00 -3.017634e+01
    endloop
  endfacet
  facet normal  0.000000e+00 -1.000000e+00  0.000000e+00
    outer loop
      vertex  -4.296090e+01  3.000000e+00 -3.017634e+01
      vertex  -2.770000e+01  3.000000e+00 -1.685000e+01
      vertex  -4.592506e+01  3.000000e+00 -2.543892e+01
    endloop
  endfacet
  facet normal  0.000000e+00 -1.000000e+00  0.000000e+00
    outer loop
      vertex  -4.592506e+01  3.000000e+00 -2.543892e+01
      vertex  -2.770000e+01  3.000000e+00 -1.685000e+01
      vertex  -4.255000e+01  3.000000e+00 -1.285000e+01
    endloop
  endfacet
  facet normal  0.000000e+00 -1.000000e+00  0.000000e+00
    outer loop
      vertex  -4.592506e+01  3.000000e+00 -2.543892e+01
      vertex  -4.255000e+01  3.000000e+00 -1.285000e+01
      vertex  -4.836888e+01  3.000000e+00 -2.041327e+01
    endloop
  endfacet
  facet normal  0.000000e+00 -1.000000e+00  0.000000e+00
    outer loop
      vertex  -4.836888e+01  3.000000e+00 -2.041327e+01
      vertex  -4.255000e+01  3.000000e+00 -1.285000e+01
      vertex  -5.026466e+01  3.000000e+00 -1.515633e+01
    endloop
  endfacet
  facet normal  0.000000e+00 -1.000000e+00  0.000000e+00
    outer loop
      vertex  -5.026466e+01  3.000000e+00 -1.515633e+01
      vertex  -4.255000e+01  3.000000e+00 -1.285000e+01
      vertex  -5.159092e+01  3.000000e+00 -9.727658e+00
    endloop
  endfacet
  facet normal  0.000000e+00 -1.000000e+00  0.000000e+00
    outer loop
      vertex  -5.159092e+01  3.000000e+00 -9.727658e+00
      vertex  -4.255000e+01  3.000000e+00 -1.285000e+01
      vertex  -5.233263e+01  3.000000e+00 -4.188771e+00
    endloop
  endfacet
  facet normal  0.000000e+00 -1.000000e+00  0.000000e+00
    outer loop
      vertex  -5.233263e+01  3.000000e+00 -4.188771e+00
      vertex  -4.255000e+01  3.000000e+00 -1.285000e+01
      vertex  -5.248139e+01  3.000000e+00  1.397577e+00
    endloop
  endfacet
  facet normal  0.000000e+00 -1.000000e+00  0.000000e+00
    outer loop
      vertex  -5.248139e+01  3.000000e+00  1.397577e+00
      vertex  -4.255000e+01  3.000000e+00 -1.285000e+01
      vertex  -4.255000e+01  3.000000e+00  1.285000e+01
    endloop
  endfacet
  facet normal  0.000000e+00 -1.000000e+00  0.000000e+00
    outer loop
      vertex  -5.248139e+01  3.000000e+00  1.397577e+00
      vertex  -4.255000e+01  3.000000e+00  1.285000e+01
      vertex  -5.203552e+01  3.000000e+00  6.968090e+00
    endloop
  endfacet
  facet normal  0.000000e+00 -1.000000e+00  0.000000e+00
    outer loop
      vertex  -5.203552e+01  3.000000e+00  6.968090e+00
      vertex  -4.255000e+01  3.000000e+00  1.285000e+01
      vertex  -5.100007e+01  3.000000e+00  1.245965e+01
    endloop
  endfacet
  facet normal  0.000000e+00 -1.000000e+00  0.000000e+00
    outer loop
      vertex  -5.100007e+01  3.000000e+00  1.245965e+01
      vertex  -4.255000e+01  3.000000e+00  1.285000e+01
      vertex  -4.938676e+01  3.000000e+00  1.781004e+01
    endloop
  endfacet
  facet normal  0.000000e+00 -1.000000e+00  0.000000e+00
    outer loop
      vertex  -4.938676e+01  3.000000e+00  1.781004e+01
      vertex  -4.255000e+01  3.000000e+00  1.285000e+01
      vertex  -4.721389e+01  3.000000e+00  2.295863e+01
    endloop
  endfacet
  facet normal  0.000000e+00 -1.000000e+00  0.000000e+00
    outer loop
      vertex  -4.721389e+01  3.000000e+00  2.295863e+01
      vertex  -4.255000e+01  3.000000e+00  1.285000e+01
      vertex  -2.770000e+01  3.000000e+00  1.685000e+01
    endloop
  endfacet
  facet normal  0.000000e+00 -1.000000e+00  0.000000e+00
    outer loop
      vertex  -4.721389e+01  3.000000e+00  2.295863e+01
      vertex  -2.770000e+01  3.000000e+00  1.685000e+01
      vertex  -4.450606e+01  3.000000e+00  2.784710e+01
    endloop
  endfacet
  facet normal  0.000000e+00 -1.000000e+00  0.000000e+00
    outer loop
      vertex  -4.450606e+01  3.000000e+00  2.784710e+01
      vertex  -2.770000e+01  3.000000e+00  1.685000e+01
      vertex  -4.129395e+01  3.000000e+00  3.242004e+01
    endloop
  endfacet
  facet normal  0.000000e+00 -1.000000e+00  0.000000e+00
    outer loop
      vertex  -4.129395e+01  3.000000e+00  3.242004e+01
      vertex  -2.770000e+01  3.000000e+00  1.685000e+01
      vertex  -3.761398e+01  3.000000e+00  3.662566e+01
    endloop
  endfacet
  facet normal  0.000000e+00 -1.000000e+00  0.000000e+00
    outer loop
      vertex  -3.761398e+01  3.000000e+00  3.662566e+01
      vertex  -2.770000e+01  3.000000e+00  1.685000e+01
      vertex  -3.350782e+01  3.000000e+00  4.041628e+01
    endloop
  endfacet
  facet normal  0.000000e+00 -1.000000e+00  0.000000e+00
    outer loop
      vertex  -3.350782e+01  3.000000e+00  4.041628e+01
      vertex  -2.770000e+01  3.000000e+00  1.685000e+01
      vertex  -2.770000e+01  3.000000e+00  4.255000e+01
    endloop
  endfacet
  facet normal  0.000000e+00 -1.000000e+00  0.000000e+00
    outer loop
      vertex  -3.350782e+01  3.000000e+00  4.041628e+01
      vertex  -2.770000e+01  3.000000e+00  4.255000e+01
      vertex  -2.902201e+01  3.000000e+00  4.374898e+01
    endloop
  endfacet
  facet normal  0.000000e+00 -1.000000e+00  0.000000e+00
    outer loop
      vertex  -2.902201e+01  3.000000e+00  4.374898e+01
      vertex  -2.770000e+01  3.000000e+00  4.255000e+01
      vertex  -2.420736e+01  3.000000e+00  4.658598e+01
    endloop
  endfacet
  facet normal  0.000000e+00 -1.000000e+00 -0.000000e+00
    outer loop
      vertex  -2.420736e+01  3.000000e+00  4.658598e+01
      vertex  -2.770000e+01  3.000000e+00  4.255000e+01
      vertex  -2.000000e+00  3.000000e+00  4.255000e+01
    endloop
  endfacet
  facet normal  0.000000e+00 -1.000000e+00  0.000000e+00
    outer loop
      vertex  -2.420736e+01  3.000000e+00  4.658598e+01
      vertex  -2.000000e+00  3.000000e+00  4.255000e+01
      vertex  -1.911843e+01  3.000000e+00  4.889515e+01
    endloop
  endfacet
  facet normal  0.000000e+00 -1.000000e+00  0.000000e+00
    outer loop
      vertex  -1.911843e+01  3.000000e+00  4.889515e+01
      vertex  -2.000000e+00  3.000000e+00  4.255000e+01
      vertex  -1.381288e+01  3.000000e+00  5.065031e+01
    endloop
  endfacet
  facet normal  0.000000e+00 -1.000000e+00  0.000000e+00
    outer loop
      vertex  -1.381288e+01  3.000000e+00  5.065031e+01
      vertex  -2.000000e+00  3.000000e+00  4.255000e+01
      vertex  -8.350834e+00  3.000000e+00  5.183159e+01
    endloop
  endfacet
  facet normal  0.000000e+00 -1.000000e+00  0.000000e+00
    outer loop
      vertex  -8.350834e+00  3.000000e+00  5.183159e+01
      vertex  -2.000000e+00  3.000000e+00  4.255000e+01
      vertex  -2.794164e+00  3.000000e+00  5.242559e+01
    endloop
  endfacet
  facet normal  0.000000e+00 -1.000000e+00  0.000000e+00
    outer loop
      vertex  -2.794164e+00  3.000000e+00  5.242559e+01
      vertex  -2.000000e+00  3.000000e+00  4.255000e+01
      vertex   2.000000e+00  3.000000e+00  4.255000e+01
    endloop
  endfacet
  facet normal  0.000000e+00 -1.000000e+00  0.000000e+00
    outer loop
      vertex  -2.794164e+00  3.000000e+00  5.242559e+01
      vertex   2.000000e+00  3.000000e+00  4.255000e+01
      vertex   2.794164e+00  3.000000e+00  5.242559e+01
    endloop
  endfacet
  facet normal  0.000000e+00 -1.000000e+00 -0.000000e+00
    outer loop
      vertex   2.794164e+00  3.000000e+00  5.242559e+01
      vertex   2.000000e+00  3.000000e+00  4.255000e+01
      vertex   8.350834e+00  3.000000e+00  5.183159e+01
    endloop
  endfacet
  facet normal  0.000000e+00 -1.000000e+00 -0.000000e+00
    outer loop
      vertex   8.350834e+00  3.000000e+00  5.183159e+01
      vertex   2.000000e+00  3.000000e+00  4.255000e+01
      vertex   1.381288e+01  3.000000e+00  5.065031e+01
    endloop
  endfacet
  facet normal  0.000000e+00 -1.000000e+00 -0.000000e+00
    outer loop
      vertex   1.381288e+01  3.000000e+00  5.065031e+01
      vertex   2.000000e+00  3.000000e+00  4.255000e+01
      vertex   1.911843e+01  3.000000e+00  4.889515e+01
    endloop
  endfacet
  facet normal  0.000000e+00 -1.000000e+00 -0.000000e+00
    outer loop
      vertex   1.911843e+01  3.000000e+00  4.889515e+01
      vertex   2.000000e+00  3.000000e+00  4.255000e+01
      vertex   2.420736e+01  3.000000e+00  4.658598e+01
    endloop
  endfacet
  facet normal  0.000000e+00 -1.000000e+00 -0.000000e+00
    outer loop
      vertex   2.420736e+01  3.000000e+00  4.658598e+01
      vertex   2.000000e+00  3.000000e+00  4.255000e+01
      vertex   2.770000e+01  3.000000e+00  4.255000e+01
    endloop
  endfacet
  facet normal  0.000000e+00 -1.000000e+00  0.000000e+00
    outer loop
      vertex   2.420736e+01  3.000000e+00  4.658598e+01
      vertex   2.770000e+01  3.000000e+00  4.255000e+01
      vertex   2.902201e+01  3.000000e+00  4.374898e+01
    endloop
  endfacet
  facet normal  0.000000e+00 -1.000000e+00 -0.000000e+00
    outer loop
      vertex   2.902201e+01  3.000000e+00  4.374898e+01
      vertex   2.770000e+01  3.000000e+00  4.255000e+01
      vertex   3.350782e+01  3.000000e+00  4.041628e+01
    endloop
  endfacet
  facet normal -0.000000e+00 -1.000000e+00  0.000000e+00
    outer loop
      vertex   3.350782e+01  3.000000e+00  4.041628e+01
      vertex   2.770000e+01  3.000000e+00  4.255000e+01
      vertex   2.770000e+01  3.000000e+00  1.685000e+01
    endloop
  endfacet
  facet normal  0.000000e+00 -1.000000e+00 -0.000000e+00
    outer loop
      vertex   3.350782e+01  3.000000e+00  4.041628e+01
      vertex   2.770000e+01  3.000000e+00  1.685000e+01
      vertex   3.761398e+01  3.000000e+00  3.662566e+01
    endloop
  endfacet
  facet normal  0.000000e+00 -1.000000e+00 -0.000000e+00
    outer loop
      vertex   3.761398e+01  3.000000e+00  3.662566e+01
      vertex   2.770000e+01  3.000000e+00  1.685000e+01
      vertex   4.129395e+01  3.000000e+00  3.242004e+01
    endloop
  endfacet
  facet normal  0.000000e+00 -1.000000e+00 -0.000000e+00
    outer loop
      vertex   4.129395e+01  3.000000e+00  3.242004e+01
      vertex   2.770000e+01  3.000000e+00  1.685000e+01
      vertex   4.450606e+01  3.000000e+00  2.784710e+01
    endloop
  endfacet
  facet normal  0.000000e+00 -1.000000e+00 -0.000000e+00
    outer loop
      vertex   4.450606e+01  3.000000e+00  2.784710e+01
      vertex   2.770000e+01  3.000000e+00  1.685000e+01
      vertex   4.721389e+01  3.000000e+00  2.295863e+01
    endloop
  endfacet
  facet normal  0.000000e+00 -1.000000e+00  0.000000e+00
    outer loop
      vertex   4.721389e+01  3.000000e+00  2.295863e+01
      vertex   2.770000e+01  3.000000e+00  1.685000e+01
      vertex   4.255000e+01  3.000000e+00  1.285000e+01
    endloop
  endfacet
  facet normal  0.000000e+00 -1.000000e+00 -0.000000e+00
    outer loop
      vertex   4.721389e+01  3.000000e+00  2.295863e+01
      vertex   4.255000e+01  3.000000e+00  1.285000e+01
      vertex   4.938676e+01  3.000000e+00  1.781004e+01
    endloop
  endfacet
  facet normal  0.000000e+00 -1.000000e+00 -0.000000e+00
    outer loop
      vertex   4.938676e+01  3.000000e+00  1.781004e+01
      vertex   4.255000e+01  3.000000e+00  1.285000e+01
      vertex   5.100007e+01  3.000000e+00  1.245965e+01
    endloop
  endfacet
  facet normal -0.000000e+00 -1.000000e+00 -0.000000e+00
    outer loop
      vertex   5.100007e+01  3.000000e+00  1.245965e+01
      vertex   4.255000e+01  3.000000e+00  1.285000e+01
      vertex   5.203552e+01  3.000000e+00  6.968090e+00
    endloop
  endfacet
  facet normal -0.000000e+00 -1.000000e+00 -0.000000e+00
    outer loop
      vertex   5.203552e+01  3.000000e+00  6.968090e+00
      vertex   4.255000e+01  3.000000e+00  1.285000e+01
      vertex   5.248139e+01  3.000000e+00  1.397577e+00
    endloop
  endfacet
  facet normal -0.000000e+00 -1.000000e+00  0.000000e+00
    outer loop
      vertex   5.248139e+01  3.000000e+00  1.397577e+00
      vertex   4.255000e+01  3.000000e+00  1.285000e+01
      vertex   4.255000e+01  3.000000e+00 -1.285000e+01
    endloop
  endfacet
  facet normal  0.000000e+00 -1.000000e+00  0.000000e+00
    outer loop
      vertex   5.248139e+01  3.000000e+00  1.397577e+00
      vertex   4.255000e+01  3.000000e+00 -1.285000e+01
      vertex   5.233263e+01  3.000000e+00 -4.188771e+00
    endloop
  endfacet
  facet normal  0.000000e+00 -1.000000e+00  0.000000e+00
    outer loop
      vertex   5.233263e+01  3.000000e+00 -4.188771e+00
      vertex   4.255000e+01  3.000000e+00 -1.285000e+01
      vertex   5.159092e+01  3.000000e+00 -9.727658e+00
    endloop
  endfacet
  facet normal  0.000000e+00 -1.000000e+00  0.000000e+00
    outer loop
      vertex   5.159092e+01  3.000000e+00 -9.727658e+00
      vertex   4.255000e+01  3.000000e+00 -1.285000e+01
      vertex   5.026466e+01  3.000000e+00 -1.515633e+01
    endloop
  endfacet
  facet normal -0.000000e+00 -1.000000e+00  0.000000e+00
    outer loop
      vertex   5.026466e+01  3.000000e+00 -1.515633e+01
      vertex   4.255000e+01  3.000000e+00 -1.285000e+01
      vertex   4.836888e+01  3.000000e+00 -2.041327e+01
    endloop
  endfacet
  facet normal -0.000000e+00 -1.000000e+00  0.000000e+00
    outer loop
      vertex   4.836888e+01  3.000000e+00 -2.041327e+01
      vertex   4.255000e+01  3.000000e+00 -1.285000e+01
      vertex   4.592506e+01  3.000000e+00 -2.543892e+01
    endloop
  endfacet
  facet normal  0.000000e+00 -1.000000e+00  0.000000e+00
    outer loop
      vertex   4.592506e+01  3.000000e+00 -2.543892e+01
      vertex   4.255000e+01  3.000000e+00 -1.285000e+01
      vertex   2.770000e+01  3.000000e+00 -1.685000e+01
    endloop
  endfacet
  facet normal -0.000000e+00 -1.000000e+00  0.000000e+00
    outer loop
      vertex   4.592506e+01  3.000000e+00 -2.543892e+01
      vertex   2.770000e+01  3.000000e+00 -1.685000e+01
      vertex   4.296090e+01  3.000000e+00 -3.017634e+01
    endloop
  endfacet
  facet normal -0.000000e+00 -1.000000e+00  0.000000e+00
    outer loop
      vertex   4.296090e+01  3.000000e+00 -3.017634e+01
      vertex   2.770000e+01  3.000000e+00 -1.685000e+01
      vertex   3.950997e+01  3.000000e+00 -3.457185e+01
    endloop
  endfacet
  facet normal -0.000000e+00 -1.000000e+00  0.000000e+00
    outer loop
      vertex   3.950997e+01  3.000000e+00 -3.457185e+01
      vertex   2.770000e+01  3.000000e+00 -1.685000e+01
      vertex   3.561137e+01  3.000000e+00 -3.857564e+01
    endloop
  endfacet
  facet normal -0.000000e+00 -1.000000e+00  0.000000e+00
    outer loop
      vertex   3.561137e+01  3.000000e+00 -3.857564e+01
      vertex   2.770000e+01  3.000000e+00 -1.685000e+01
      vertex   2.770000e+01  3.000000e+00 -4.255000e+01
    endloop
  endfacet
  facet normal  0.000000e+00 -1.000000e+00  0.000000e+00
    outer loop
      vertex   3.561137e+01  3.000000e+00 -3.857564e+01
      vertex   2.770000e+01  3.000000e+00 -4.255000e+01
      vertex   3.130928e+01  3.000000e+00 -4.214236e+01
    endloop
  endfacet
  facet normal  0.000000e+00 -1.000000e+00  0.000000e+00
    outer loop
      vertex   3.130928e+01  3.000000e+00 -4.214236e+01
      vertex   2.770000e+01  3.000000e+00 -4.255000e+01
      vertex   2.665245e+01  3.000000e+00 -4.523159e+01
    endloop
  endfacet
  facet normal -0.000000e+00 -1.000000e+00  0.000000e+00
    outer loop
      vertex   2.665245e+01  3.000000e+00 -4.523159e+01
      vertex   2.770000e+01  3.000000e+00 -4.255000e+01
      vertex   2.169364e+01  3.000000e+00 -4.780833e+01
    endloop
  endfacet
  facet normal  0.000000e+00 -1.000000e+00  0.000000e+00
    outer loop
      vertex   2.169364e+01  3.000000e+00 -4.780833e+01
      vertex   2.770000e+01  3.000000e+00 -4.255000e+01
      vertex   2.000000e+00  3.000000e+00 -4.255000e+01
    endloop
  endfacet
  facet normal -0.000000e+00 -1.000000e+00  0.000000e+00
    outer loop
      vertex   2.169364e+01  3.000000e+00 -4.780833e+01
      vertex   2.000000e+00  3.000000e+00 -4.255000e+01
      vertex   1.648903e+01  3.000000e+00 -4.984337e+01
    endloop
  endfacet
  facet normal -0.000000e+00 -1.000000e+00  0.000000e+00
    outer loop
      vertex   1.648903e+01  3.000000e+00 -4.984337e+01
      vertex   2.000000e+00  3.000000e+00 -4.255000e+01
      vertex   1.109759e+01  3.000000e+00 -5.131367e+01
    endloop
  endfacet
  facet normal -0.000000e+00 -1.000000e+00  0.000000e+00
    outer loop
      vertex   1.109759e+01  3.000000e+00 -5.131367e+01
      vertex   2.000000e+00  3.000000e+00 -4.255000e+01
      vertex   5.580408e+00  3.000000e+00 -5.220258e+01
    endloop
  endfacet
  facet normal  0.000000e+00 -1.000000e+00  0.000000e+00
    outer loop
      vertex  -2.000000e+00  3.000000e+00 -1.685000e+01
      vertex  -1.285000e+01  3.000000e+00 -1.285000e+01
      vertex  -2.770000e+01  3.000000e+00 -1.685000e+01
    endloop
  endfacet
  facet normal  0.000000e+00 -1.000000e+00  0.000000e+00
    outer loop
      vertex  -2.770000e+01  3.000000e+00 -1.685000e+01
      vertex  -1.285000e+01  3.000000e+00 -1.285000e+01
      vertex  -1.685000e+01  3.000000e+00 -1.285000e+01
    endloop
  endfacet
  facet normal  0.000000e+00 -1.000000e+00  0.000000e+00
    outer loop
      vertex  -2.770000e+01  3.000000e+00 -1.685000e+01
      vertex  -1.685000e+01  3.000000e+00 -1.285000e+01
      vertex  -4.255000e+01  3.000000e+00 -1.285000e+01
    endloop
  endfacet
  facet normal  0.000000e+00 -1.000000e+00  0.000000e+00
    outer loop
      vertex  -1.285000e+01  3.000000e+00 -1.285000e+01
      vertex  -2.000000e+00  3.000000e+00 -1.685000e+01
      vertex   2.000000e+00  3.000000e+00 -1.685000e+01
    endloop
  endfacet
  facet normal -0.000000e+00 -1.000000e+00  0.000000e+00
    outer loop
      vertex   2.000000e+00  3.000000e+00 -1.685000e+01
      vertex  -2.000000e+00  3.000000e+00 -1.685000e+01
      vertex  -2.000000e+00  3.000000e+00 -4.255000e+01
    endloop
  endfacet
  facet normal  0.000000e+00 -1.000000e+00 -0.000000e+00
    outer loop
      vertex   2.000000e+00  3.000000e+00 -1.685000e+01
      vertex  -2.000000e+00  3.000000e+00 -4.255000e+01
      vertex   2.000000e+00  3.000000e+00 -4.255000e+01
    endloop
  endfacet
  facet normal  0.000000e+00 -1.000000e+00  0.000000e+00
    outer loop
      vertex   2.770000e+01  3.000000e+00 -1.685000e+01
      vertex   1.685000e+01  3.000000e+00 -1.285000e+01
      vertex   2.000000e+00  3.000000e+00 -1.685000e+01
    endloop
  endfacet
  facet normal  0.000000e+00 -1.000000e+00  0.000000e+00
    outer loop
      vertex   2.000000e+00  3.000000e+00 -1.685000e+01
      vertex   1.685000e+01  3.000000e+00 -1.285000e+01
      vertex   1.285000e+01  3.000000e+00 -1.285000e+01
    endloop
  endfacet
  facet normal  0.000000e+00 -1.000000e+00  0.000000e+00
    outer loop
      vertex   2.000000e+00  3.000000e+00 -1.685000e+01
      vertex   1.285000e+01  3.000000e+00 -1.285000e+01
      vertex  -1.285000e+01  3.000000e+00 -1.285000e+01
    endloop
  endfacet
  facet normal  0.000000e+00 -1.000000e+00  0.000000e+00
    outer loop
      vertex   4.255000e+01  3.000000e+00  1.285000e+01
      vertex   2.770000e+01  3.000000e+00  1.685000e+01
      vertex   1.685000e+01  3.000000e+00  1.285000e+01
    endloop
  endfacet
  facet normal  0.000000e+00 -1.000000e+00  0.000000e+00
    outer loop
      vertex   1.685000e+01  3.000000e+00  1.285000e+01
      vertex   2.770000e+01  3.000000e+00  1.685000e+01
      vertex   2.000000e+00  3.000000e+00  1.685000e+01
    endloop
  endfacet
  facet normal  0.000000e+00 -1.000000e+00  0.000000e+00
    outer loop
      vertex   1.685000e+01  3.000000e+00  1.285000e+01
      vertex   2.000000e+00  3.000000e+00  1.685000e+01
      vertex   1.285000e+01  3.000000e+00  1.285000e+01
    endloop
  endfacet
  facet normal  0.000000e+00 -1.000000e+00  0.000000e+00
    outer loop
      vertex   1.285000e+01  3.000000e+00  1.285000e+01
      vertex   2.000000e+00  3.000000e+00  1.685000e+01
      vertex  -1.285000e+01  3.000000e+00  1.285000e+01
    endloop
  endfacet
  facet normal  0.000000e+00 -1.000000e+00  0.000000e+00
    outer loop
      vertex  -1.285000e+01  3.000000e+00  1.285000e+01
      vertex   2.000000e+00  3.000000e+00  1.685000e+01
      vertex  -2.000000e+00  3.000000e+00  1.685000e+01
    endloop
  endfacet
  facet normal  0.000000e+00 -1.000000e+00  0.000000e+00
    outer loop
      vertex  -1.285000e+01  3.000000e+00  1.285000e+01
      vertex  -2.000000e+00  3.000000e+00  1.685000e+01
      vertex  -2.770000e+01  3.000000e+00  1.685000e+01
    endloop
  endfacet
  facet normal  0.000000e+00 -1.000000e+00  0.000000e+00
    outer loop
      vertex   2.000000e+00  3.000000e+00  1.685000e+01
      vertex   2.000000e+00  3.000000e+00  4.255000e+01
      vertex  -2.000000e+00  3.000000e+00  1.685000e+01
    endloop
  endfacet
  facet normal  0.000000e+00 -1.000000e+00  0.000000e+00
    outer loop
      vertex  -2.000000e+00  3.000000e+00  1.685000e+01
      vertex   2.000000e+00  3.000000e+00  4.255000e+01
      vertex  -2.000000e+00  3.000000e+00  4.255000e+01
    endloop
  endfacet
  facet normal  0.000000e+00 -1.000000e+00  0.000000e+00
    outer loop
      vertex  -4.255000e+01  3.000000e+00  1.285000e+01
      vertex  -1.685000e+01  3.000000e+00  1.285000e+01
      vertex  -2.770000e+01  3.000000e+00  1.685000e+01
    endloop
  endfacet
  facet normal  0.000000e+00 -1.000000e+00  0.000000e+00
    outer loop
      vertex  -2.770000e+01  3.000000e+00  1.685000e+01
      vertex  -1.685000e+01  3.000000e+00  1.285000e+01
      vertex  -1.285000e+01  3.000000e+00  1.285000e+01
    endloop
  endfacet
  facet normal  0.000000e+00 -1.000000e+00  0.000000e+00
    outer loop
      vertex  -1.685000e+01  3.000000e+00  1.285000e+01
      vertex  -1.685000e+01  3.000000e+00 -1.285000e+01
      vertex  -1.285000e+01  3.000000e+00  1.285000e+01
    endloop
  endfacet
  facet normal  0.000000e+00 -1.000000e+00 -0.000000e+00
    outer loop
      vertex  -1.285000e+01  3.000000e+00  1.285000e+01
      vertex  -1.685000e+01  3.000000e+00 -1.285000e+01
      vertex  -1.285000e+01  3.000000e+00 -1.285000e+01
    endloop
  endfacet
  facet normal -0.000000e+00 -1.000000e+00  0.000000e+00
    outer loop
      vertex   4.255000e+01  3.000000e+00 -1.285000e+01
      vertex   1.685000e+01  3.000000e+00 -1.285000e+01
      vertex   2.770000e+01  3.000000e+00 -1.685000e+01
    endloop
  endfacet
  facet normal  0.000000e+00 -1.000000e+00  0.000000e+00
    outer loop
      vertex   1.685000e+01  3.000000e+00 -1.285000e+01
      vertex   1.685000e+01  3.000000e+00  1.285000e+01
      vertex   1.285000e+01  3.000000e+00 -1.285000e+01
    endloop
  endfacet
  facet normal  0.000000e+00 -1.000000e+00  0.000000e+00
    outer loop
      vertex   1.285000e+01  3.000000e+00 -1.285000e+01
      vertex   1.685000e+01  3.000000e+00  1.285000e+01
      vertex   1.285000e+01  3.000000e+00  1.285000e+01
    endloop
  endfacet
  facet normal -1.000000e+00  0.000000e+00  0.000000e+00
    outer loop
      vertex   1.285000e+01  3.000000e+00 -1.285000e+01
      vertex   1.285000e+01  3.000000e+00  1.285000e+01
      vertex   1.285000e+01  3.100000e+01 -1.285000e+01
    endloop
  endfacet
  facet normal -1.000000e+00  0.000000e+00  0.000000e+00
    outer loop
      vertex   1.285000e+01  3.100000e+01 -1.285000e+01
      vertex   1.285000e+01  3.000000e+00  1.285000e+01
      vertex   1.285000e+01  3.100000e+01  1.285000e+01
    endloop
  endfacet
  facet normal  0.000000e+00  0.000000e+00  1.000000e+00
    outer loop
      vertex  -1.285000e+01  3.000000e+00 -1.285000e+01
      vertex   1.285000e+01  3.000000e+00 -1.285000e+01
      vertex  -1.285000e+01  3.100000e+01 -1.285000e+01
    endloop
  endfacet
  facet normal -0.000000e+00  0.000000e+00  1.000000e+00
    outer loop
      vertex  -1.285000e+01  3.100000e+01 -1.285000e+01
      vertex   1.285000e+01  3.000000e+00 -1.285000e+01
      vertex   1.285000e+01  3.100000e+01 -1.285000e+01
    endloop
  endfacet
  facet normal  1.000000e+00 -0.000000e+00  0.000000e+00
    outer loop
      vertex  -1.285000e+01  3.000000e+00  1.285000e+01
      vertex  -1.285000e+01  3.000000e+00 -1.285000e+01
      vertex  -1.285000e+01  3.100000e+01  1.285000e+01
    endloop
  endfacet
  facet normal  1.000000e+00  0.000000e+00  0.000000e+00
    outer loop
      vertex  -1.285000e+01  3.100000e+01  1.285000e+01
      vertex  -1.285000e+01  3.000000e+00 -1.285000e+01
      vertex  -1.285000e+01  3.100000e+01 -1.285000e+01
    endloop
  endfacet
  facet normal  0.000000e+00  0.000000e+00 -1.000000e+00
    outer loop
      vertex   1.285000e+01  3.000000e+00  1.285000e+01
      vertex  -1.285000e+01  3.000000e+00  1.285000e+01
      vertex   1.285000e+01  3.100000e+01  1.285000e+01
    endloop
  endfacet
  facet normal -0.000000e+00  0.000000e+00 -1.000000e+00
    outer loop
      vertex   1.285000e+01  3.100000e+01  1.285000e+01
      vertex  -1.285000e+01  3.000000e+00  1.285000e+01
      vertex  -1.285000e+01  3.100000e+01  1.285000e+01
    endloop
  endfacet
  facet normal -1.000000e+00  0.000000e+00  0.000000e+00
    outer loop
      vertex   4.255000e+01  3.000000e+00 -1.285000e+01
      vertex   4.255000e+01  3.000000e+00  1.285000e+01
      vertex   4.255000e+01  3.100000e+01 -1.285000e+01
    endloop
  endfacet
  facet normal -1.000000e+00  0.000000e+00  0.000000e+00
    outer loop
      vertex   4.255000e+01  3.100000e+01 -1.285000e+01
      vertex   4.255000e+01  3.000000e+00  1.285000e+01
      vertex   4.255000e+01  3.100000e+01  1.285000e+01
    endloop
  endfacet
  facet normal  0.000000e+00  0.000000e+00  1.000000e+00
    outer loop
      vertex   1.685000e+01  3.000000e+00 -1.285000e+01
      vertex   4.255000e+01  3.000000e+00 -1.285000e+01
      vertex   1.685000e+01  3.100000e+01 -1.285000e+01
    endloop
  endfacet
  facet normal -0.000000e+00  0.000000e+00  1.000000e+00
    outer loop
      vertex   1.685000e+01  3.100000e+01 -1.285000e+01
      vertex   4.255000e+01  3.000000e+00 -1.285000e+01
      vertex   4.255000e+01  3.100000e+01 -1.285000e+01
    endloop
  endfacet
  facet normal  1.000000e+00 -0.000000e+00  0.000000e+00
    outer loop
      vertex   1.685000e+01  3.000000e+00  1.285000e+01
      vertex   1.685000e+01  3.000000e+00 -1.285000e+01
      vertex   1.685000e+01  3.100000e+01  1.285000e+01
    endloop
  endfacet
  facet normal  1.000000e+00  0.000000e+00  0.000000e+00
    outer loop
      vertex   1.685000e+01  3.100000e+01  1.285000e+01
      vertex   1.685000e+01  3.000000e+00 -1.285000e+01
      vertex   1.685000e+01  3.100000e+01 -1.285000e+01
    endloop
  endfacet
  facet normal  0.000000e+00  0.000000e+00 -1.000000e+00
    outer loop
      vertex   4.255000e+01  3.000000e+00  1.285000e+01
      vertex   1.685000e+01  3.000000e+00  1.285000e+01
      vertex   4.255000e+01  3.100000e+01  1.285000e+01
    endloop
  endfacet
  facet normal -0.000000e+00  0.000000e+00 -1.000000e+00
    outer loop
      vertex   4.255000e+01  3.100000e+01  1.285000e+01
      vertex   1.685000e+01  3.000000e+00  1.285000e+01
      vertex   1.685000e+01  3.100000e+01  1.285000e+01
    endloop
  endfacet
  facet normal -1.000000e+00  0.000000e+00  0.000000e+00
    outer loop
      vertex  -1.685000e+01  3.000000e+00 -1.285000e+01
      vertex  -1.685000e+01  3.000000e+00  1.285000e+01
      vertex  -1.685000e+01  3.100000e+01 -1.285000e+01
    endloop
  endfacet
  facet normal -1.000000e+00  0.000000e+00  0.000000e+00
    outer loop
      vertex  -1.685000e+01  3.100000e+01 -1.285000e+01
      vertex  -1.685000e+01  3.000000e+00  1.285000e+01
      vertex  -1.685000e+01  3.100000e+01  1.285000e+01
    endloop
  endfacet
  facet normal  0.000000e+00  0.000000e+00  1.000000e+00
    outer loop
      vertex  -4.255000e+01  3.000000e+00 -1.285000e+01
      vertex  -1.685000e+01  3.000000e+00 -1.285000e+01
      vertex  -4.255000e+01  3.100000e+01 -1.285000e+01
    endloop
  endfacet
  facet normal -0.000000e+00  0.000000e+00  1.000000e+00
    outer loop
      vertex  -4.255000e+01  3.100000e+01 -1.285000e+01
      vertex  -1.685000e+01  3.000000e+00 -1.285000e+01
      vertex  -1.685000e+01  3.100000e+01 -1.285000e+01
    endloop
  endfacet
  facet normal  1.000000e+00 -0.000000e+00  0.000000e+00
    outer loop
      vertex  -4.255000e+01  3.000000e+00  1.285000e+01
      vertex  -4.255000e+01  3.000000e+00 -1.285000e+01
      vertex  -4.255000e+01  3.100000e+01  1.285000e+01
    endloop
  endfacet
  facet normal  1.000000e+00  0.000000e+00  0.000000e+00
    outer loop
      vertex  -4.255000e+01  3.100000e+01  1.285000e+01
      vertex  -4.255000e+01  3.000000e+00 -1.285000e+01
      vertex  -4.255000e+01  3.100000e+01 -1.285000e+01
    endloop
  endfacet
  facet normal  0.000000e+00  0.000000e+00 -1.000000e+00
    outer loop
      vertex  -1.685000e+01  3.000000e+00  1.285000e+01
      vertex  -4.255000e+01  3.000000e+00  1.285000e+01
      vertex  -1.685000e+01  3.100000e+01  1.285000e+01
    endloop
  endfacet
  facet normal -0.000000e+00  0.000000e+00 -1.000000e+00
    outer loop
      vertex  -1.685000e+01  3.100000e+01  1.285000e+01
      vertex  -4.255000e+01  3.000000e+00  1.285000e+01
      vertex  -4.255000e+01  3.100000e+01  1.285000e+01
    endloop
  endfacet
  facet normal -1.000000e+00  0.000000e+00  0.000000e+00
    outer loop
      vertex  -2.000000e+00  3.000000e+00  1.685000e+01
      vertex  -2.000000e+00  3.000000e+00  4.255000e+01
      vertex  -2.000000e+00  3.100000e+01  1.685000e+01
    endloop
  endfacet
  facet normal -1.000000e+00  0.000000e+00  0.000000e+00
    outer loop
      vertex  -2.000000e+00  3.100000e+01  1.685000e+01
      vertex  -2.000000e+00  3.000000e+00  4.255000e+01
      vertex  -2.000000e+00  3.100000e+01  4.255000e+01
    endloop
  endfacet
  facet normal  0.000000e+00  0.000000e+00  1.000000e+00
    outer loop
      vertex  -2.770000e+01  3.000000e+00  1.685000e+01
      vertex  -2.000000e+00  3.000000e+00  1.685000e+01
      vertex  -2.770000e+01  3.100000e+01  1.685000e+01
    endloop
  endfacet
  facet normal -0.000000e+00  0.000000e+00  1.000000e+00
    outer loop
      vertex  -2.770000e+01  3.100000e+01  1.685000e+01
      vertex  -2.000000e+00  3.000000e+00  1.685000e+01
      vertex  -2.000000e+00  3.100000e+01  1.685000e+01
    endloop
  endfacet
  facet normal  0.000000e+00  0.000000e+00  1.000000e+00
    outer loop
      vertex   2.000000e+00  3.000000e+00  1.685000e+01
      vertex   2.770000e+01  3.000000e+00  1.685000e+01
      vertex   2.000000e+00  3.100000e+01  1.685000e+01
    endloop
  endfacet
  facet normal -0.000000e+00  0.000000e+00  1.000000e+00
    outer loop
      vertex   2.000000e+00  3.100000e+01  1.685000e+01
      vertex   2.770000e+01  3.000000e+00  1.685000e+01
      vertex   2.770000e+01  3.100000e+01  1.685000e+01
    endloop
  endfacet
  facet normal  1.000000e+00 -0.000000e+00  0.000000e+00
    outer loop
      vertex   2.000000e+00  3.000000e+00  4.255000e+01
      vertex   2.000000e+00  3.000000e+00  1.685000e+01
      vertex   2.000000e+00  3.100000e+01  4.255000e+01
    endloop
  endfacet
  facet normal  1.000000e+00  0.000000e+00  0.000000e+00
    outer loop
      vertex   2.000000e+00  3.100000e+01  4.255000e+01
      vertex   2.000000e+00  3.000000e+00  1.685000e+01
      vertex   2.000000e+00  3.100000e+01  1.685000e+01
    endloop
  endfacet
  facet normal -0.000000e+00 -0.000000e+00 -1.000000e+00
    outer loop
      vertex   2.770000e+01  3.000000e+01  4.255000e+01
      vertex   2.770000e+01  3.000000e+00  4.255000e+01
      vertex   2.719830e+01  3.000000e+01  4.255000e+01
    endloop
  endfacet
  facet normal  0.000000e+00 -0.000000e+00 -1.000000e+00
    outer loop
      vertex   2.719830e+01  3.000000e+01  4.255000e+01
      vertex   2.770000e+01  3.000000e+00  4.255000e+01
      vertex   2.000000e+00  3.000000e+00  4.255000e+01
    endloop
  endfacet
  facet normal -0.000000e+00  0.000000e+00 -1.000000e+00
    outer loop
      vertex   2.719830e+01  3.000000e+01  4.255000e+01
      vertex   2.000000e+00  3.000000e+00  4.255000e+01
      vertex   2.000000e+00  3.100000e+01  4.255000e+01
    endloop
  endfacet
  facet normal  0.000000e+00  0.000000e+00 -1.000000e+00
    outer loop
      vertex   2.000000e+00  3.100000e+01  4.255000e+01
      vertex   2.719830e+01  3.100000e+01  4.255000e+01
      vertex   2.719830e+01  3.000000e+01  4.255000e+01
    endloop
  endfacet
  facet normal  1.000000e+00 -0.000000e+00  0.000000e+00
    outer loop
      vertex   2.000000e+00  3.000000e+00 -1.685000e+01
      vertex   2.000000e+00  3.000000e+00 -4.255000e+01
      vertex   2.000000e+00  3.100000e+01 -1.685000e+01
    endloop
  endfacet
  facet normal  1.000000e+00  0.000000e+00  0.000000e+00
    outer loop
      vertex   2.000000e+00  3.100000e+01 -1.685000e+01
      vertex   2.000000e+00  3.000000e+00 -4.255000e+01
      vertex   2.000000e+00  3.100000e+01 -4.255000e+01
    endloop
  endfacet
  facet normal  0.000000e+00  0.000000e+00 -1.000000e+00
    outer loop
      vertex   2.770000e+01  3.000000e+00 -1.685000e+01
      vertex   2.000000e+00  3.000000e+00 -1.685000e+01
      vertex   2.770000e+01  3.100000e+01 -1.685000e+01
    endloop
  endfacet
  facet normal -0.000000e+00  0.000000e+00 -1.000000e+00
    outer loop
      vertex   2.770000e+01  3.100000e+01 -1.685000e+01
      vertex   2.000000e+00  3.000000e+00 -1.685000e+01
      vertex   2.000000e+00  3.100000e+01 -1.685000e+01
    endloop
  endfacet
  facet normal  0.000000e+00  0.000000e+00 -1.000000e+00
    outer loop
      vertex  -2.000000e+00  3.000000e+00 -1.685000e+01
      vertex  -2.770000e+01  3.000000e+00 -1.685000e+01
      vertex  -2.000000e+00  3.100000e+01 -1.685000e+01
    endloop
  endfacet
  facet normal -0.000000e+00  0.000000e+00 -1.000000e+00
    outer loop
      vertex  -2.000000e+00  3.100000e+01 -1.685000e+01
      vertex  -2.770000e+01  3.000000e+00 -1.685000e+01
      vertex  -2.770000e+01  3.100000e+01 -1.685000e+01
    endloop
  endfacet
  facet normal -1.000000e+00  0.000000e+00  0.000000e+00
    outer loop
      vertex  -2.000000e+00  3.000000e+00 -4.255000e+01
      vertex  -2.000000e+00  3.000000e+00 -1.685000e+01
      vertex  -2.000000e+00  3.100000e+01 -4.255000e+01
    endloop
  endfacet
  facet normal -1.000000e+00  0.000000e+00  0.000000e+00
    outer loop
      vertex  -2.000000e+00  3.100000e+01 -4.255000e+01
      vertex  -2.000000e+00  3.000000e+00 -1.685000e+01
      vertex  -2.000000e+00  3.100000e+01 -1.685000e+01
    endloop
  endfacet
  facet normal -0.000000e+00  0.000000e+00  1.000000e+00
    outer loop
      vertex  -2.770000e+01  3.000000e+01 -4.255000e+01
      vertex  -2.770000e+01  3.000000e+00 -4.255000e+01
      vertex  -2.719830e+01  3.000000e+01 -4.255000e+01
    endloop
  endfacet
  facet normal  0.000000e+00  0.000000e+00  1.000000e+00
    outer loop
      vertex  -2.719830e+01  3.000000e+01 -4.255000e+01
      vertex  -2.770000e+01  3.000000e+00 -4.255000e+01
      vertex  -2.000000e+00  3.000000e+00 -4.255000e+01
    endloop
  endfacet
  facet normal -0.000000e+00  0.000000e+00  1.000000e+00
    outer loop
      vertex  -2.719830e+01  3.000000e+01 -4.255000e+01
      vertex  -2.000000e+00  3.000000e+00 -4.255000e+01
      vertex  -2.000000e+00  3.100000e+01 -4.255000e+01
    endloop
  endfacet
  facet normal  0.000000e+00  0.000000e+00  1.000000e+00
    outer loop
      vertex  -2.000000e+00  3.100000e+01 -4.255000e+01
      vertex  -2.719830e+01  3.100000e+01 -4.255000e+01
      vertex  -2.719830e+01  3.000000e+01 -4.255000e+01
    endloop
  endfacet
  facet normal  0.000000e+00 -1.000000e+00  0.000000e+00
    outer loop
      vertex  -1.285000e+01  3.100000e+01 -1.285000e+01
      vertex   1.285000e+01  3.100000e+01 -1.285000e+01
      vertex   1.085000e+01  3.100000e+01 -1.085000e+01
    endloop
  endfacet
  facet normal  0.000000e+00 -1.000000e+00  0.000000e+00
    outer loop
      vertex   1.085000e+01  3.100000e+01 -1.085000e+01
      vertex   1.285000e+01  3.100000e+01 -1.285000e+01
      vertex   1.285000e+01  3.100000e+01  1.285000e+01
    endloop
  endfacet
  facet normal  0.000000e+00 -1.000000e+00  0.000000e+00
    outer loop
      vertex   1.085000e+01  3.100000e+01 -1.085000e+01
      vertex   1.285000e+01  3.100000e+01  1.285000e+01
      vertex   1.085000e+01  3.100000e+01  1.085000e+01
    endloop
  endfacet
  facet normal  0.000000e+00 -1.000000e+00  0.000000e+00
    outer loop
      vertex   1.085000e+01  3.100000e+01  1.085000e+01
      vertex   1.285000e+01  3.100000e+01  1.285000e+01
      vertex  -1.285000e+01  3.100000e+01  1.285000e+01
    endloop
  endfacet
  facet normal  0.000000e+00 -1.000000e+00  0.000000e+00
    outer loop
      vertex   1.085000e+01  3.100000e+01  1.085000e+01
      vertex  -1.285000e+01  3.100000e+01  1.285000e+01
      vertex  -1.085000e+01  3.100000e+01  1.085000e+01
    endloop
  endfacet
  facet normal -0.000000e+00 -1.000000e+00  0.000000e+00
    outer loop
      vertex  -1.085000e+01  3.100000e+01  1.085000e+01
      vertex  -1.285000e+01  3.100000e+01  1.285000e+01
      vertex  -1.285000e+01  3.100000e+01 -1.285000e+01
    endloop
  endfacet
  facet normal  0.000000e+00 -1.000000e+00 -0.000000e+00
    outer loop
      vertex  -1.085000e+01  3.100000e+01  1.085000e+01
      vertex  -1.285000e+01  3.100000e+01 -1.285000e+01
      vertex  -1.085000e+01  3.100000e+01 -1.085000e+01
    endloop
  endfacet
  facet normal  0.000000e+00 -1.000000e+00 -0.000000e+00
    outer loop
      vertex  -1.085000e+01  3.100000e+01 -1.085000e+01
      vertex  -1.285000e+01  3.100000e+01 -1.285000e+01
      vertex   1.085000e+01  3.100000e+01 -1.085000e+01
    endloop
  endfacet
  facet normal  0.000000e+00 -1.000000e+00  0.000000e+00
    outer loop
      vertex   1.685000e+01  3.100000e+01 -1.285000e+01
      vertex   4.255000e+01  3.100000e+01 -1.285000e+01
      vertex   4.055000e+01  3.100000e+01 -1.085000e+01
    endloop
  endfacet
  facet normal  0.000000e+00 -1.000000e+00  0.000000e+00
    outer loop
      vertex   4.055000e+01  3.100000e+01 -1.085000e+01
      vertex   4.255000e+01  3.100000e+01 -1.285000e+01
      vertex   4.255000e+01  3.100000e+01  1.285000e+01
    endloop
  endfacet
  facet normal  0.000000e+00 -1.000000e+00  0.000000e+00
    outer loop
      vertex   4.055000e+01  3.100000e+01 -1.085000e+01
      vertex   4.255000e+01  3.100000e+01  1.285000e+01
      vertex   4.055000e+01  3.100000e+01  1.085000e+01
    endloop
  endfacet
  facet normal  0.000000e+00 -1.000000e+00  0.000000e+00
    outer loop
      vertex   4.055000e+01  3.100000e+01  1.085000e+01
      vertex   4.255000e+01  3.100000e+01  1.285000e+01
      vertex   1.685000e+01  3.100000e+01  1.285000e+01
    endloop
  endfacet
  facet normal  0.000000e+00 -1.000000e+00  0.000000e+00
    outer loop
      vertex   4.055000e+01  3.100000e+01  1.085000e+01
      vertex   1.685000e+01  3.100000e+01  1.285000e+01
      vertex   1.885000e+01  3.100000e+01  1.085000e+01
    endloop
  endfacet
  facet normal -0.000000e+00 -1.000000e+00  0.000000e+00
    outer loop
      vertex   1.885000e+01  3.100000e+01  1.085000e+01
      vertex   1.685000e+01  3.100000e+01  1.285000e+01
      vertex   1.685000e+01  3.100000e+01 -1.285000e+01
    endloop
  endfacet
  facet normal  0.000000e+00 -1.000000e+00 -0.000000e+00
    outer loop
      vertex   1.885000e+01  3.100000e+01  1.085000e+01
      vertex   1.685000e+01  3.100000e+01 -1.285000e+01
      vertex   1.885000e+01  3.100000e+01 -1.085000e+01
    endloop
  endfacet
  facet normal  0.000000e+00 -1.000000e+00 -0.000000e+00
    outer loop
      vertex   1.885000e+01  3.100000e+01 -1.085000e+01
      vertex   1.685000e+01  3.100000e+01 -1.285000e+01
      vertex   4.055000e+01  3.100000e+01 -1.085000e+01
    endloop
  endfacet
  facet normal  0.000000e+00 -1.000000e+00  0.000000e+00
    outer loop
      vertex  -4.255000e+01  3.100000e+01 -1.285000e+01
      vertex  -1.685000e+01  3.100000e+01 -1.285000e+01
      vertex  -1.885000e+01  3.100000e+01 -1.085000e+01
    endloop
  endfacet
  facet normal  0.000000e+00 -1.000000e+00  0.000000e+00
    outer loop
      vertex  -1.885000e+01  3.100000e+01 -1.085000e+01
      vertex  -1.685000e+01  3.100000e+01 -1.285000e+01
      vertex  -1.685000e+01  3.100000e+01  1.285000e+01
    endloop
  endfacet
  facet normal  0.000000e+00 -1.000000e+00  0.000000e+00
    outer loop
      vertex  -1.885000e+01  3.100000e+01 -1.085000e+01
      vertex  -1.685000e+01  3.100000e+01  1.285000e+01
      vertex  -1.885000e+01  3.100000e+01  1.085000e+01
    endloop
  endfacet
  facet normal  0.000000e+00 -1.000000e+00  0.000000e+00
    outer loop
      vertex  -1.885000e+01  3.100000e+01  1.085000e+01
      vertex  -1.685000e+01  3.100000e+01  1.285000e+01
      vertex  -4.255000e+01  3.100000e+01  1.285000e+01
    endloop
  endfacet
  facet normal  0.000000e+00 -1.000000e+00  0.000000e+00
    outer loop
      vertex  -1.885000e+01  3.100000e+01  1.085000e+01
      vertex  -4.255000e+01  3.100000e+01  1.285000e+01
      vertex  -4.055000e+01  3.100000e+01  1.085000e+01
    endloop
  endfacet
  facet normal -0.000000e+00 -1.000000e+00  0.000000e+00
    outer loop
      vertex  -4.055000e+01  3.100000e+01  1.085000e+01
      vertex  -4.255000e+01  3.100000e+01  1.285000e+01
      vertex  -4.255000e+01  3.100000e+01 -1.285000e+01
    endloop
  endfacet
  facet normal  0.000000e+00 -1.000000e+00 -0.000000e+00
    outer loop
      vertex  -4.055000e+01  3.100000e+01  1.085000e+01
      vertex  -4.255000e+01  3.100000e+01 -1.285000e+01
      vertex  -4.055000e+01  3.100000e+01 -1.085000e+01
    endloop
  endfacet
  facet normal  0.000000e+00 -1.000000e+00 -0.000000e+00
    outer loop
      vertex  -4.055000e+01  3.100000e+01 -1.085000e+01
      vertex  -4.255000e+01  3.100000e+01 -1.285000e+01
      vertex  -1.885000e+01  3.100000e+01 -1.085000e+01
    endloop
  endfacet
  facet normal  0.000000e+00 -1.000000e+00  0.000000e+00
    outer loop
      vertex  -2.736596e+01  3.100000e+01  4.244236e+01
      vertex  -2.570000e+01  3.100000e+01  4.055000e+01
      vertex  -2.719830e+01  3.100000e+01  4.255000e+01
    endloop
  endfacet
  facet normal  0.000000e+00 -1.000000e+00  0.000000e+00
    outer loop
      vertex  -2.719830e+01  3.100000e+01  4.255000e+01
      vertex  -2.570000e+01  3.100000e+01  4.055000e+01
      vertex  -4.000000e+00  3.100000e+01  4.055000e+01
    endloop
  endfacet
  facet normal  0.000000e+00 -1.000000e+00  0.000000e+00
    outer loop
      vertex  -2.719830e+01  3.100000e+01  4.255000e+01
      vertex  -4.000000e+00  3.100000e+01  4.055000e+01
      vertex  -2.000000e+00  3.100000e+01  4.255000e+01
    endloop
  endfacet
  facet normal  0.000000e+00 -1.000000e+00  0.000000e+00
    outer loop
      vertex  -2.000000e+00  3.100000e+01  4.255000e+01
      vertex  -4.000000e+00  3.100000e+01  4.055000e+01
      vertex  -4.000000e+00  3.100000e+01  1.885000e+01
    endloop
  endfacet
  facet normal  0.000000e+00 -1.000000e+00 -0.000000e+00
    outer loop
      vertex  -2.000000e+00  3.100000e+01  4.255000e+01
      vertex  -4.000000e+00  3.100000e+01  1.885000e+01
      vertex  -2.000000e+00  3.100000e+01  1.685000e+01
    endloop
  endfacet
  facet normal  0.000000e+00 -1.000000e+00  0.000000e+00
    outer loop
      vertex  -2.000000e+00  3.100000e+01  1.685000e+01
      vertex  -4.000000e+00  3.100000e+01  1.885000e+01
      vertex  -2.770000e+01  3.100000e+01  1.685000e+01
    endloop
  endfacet
  facet normal  0.000000e+00 -1.000000e+00  0.000000e+00
    outer loop
      vertex  -2.770000e+01  3.100000e+01  1.685000e+01
      vertex  -4.000000e+00  3.100000e+01  1.885000e+01
      vertex  -2.570000e+01  3.100000e+01  1.885000e+01
    endloop
  endfacet
  facet normal  0.000000e+00 -1.000000e+00  0.000000e+00
    outer loop
      vertex  -2.770000e+01  3.100000e+01  1.685000e+01
      vertex  -2.570000e+01  3.100000e+01  1.885000e+01
      vertex  -2.770000e+01  3.100000e+01  4.222511e+01
    endloop
  endfacet
  facet normal  0.000000e+00 -1.000000e+00  0.000000e+00
    outer loop
      vertex  -2.770000e+01  3.100000e+01  4.222511e+01
      vertex  -2.570000e+01  3.100000e+01  1.885000e+01
      vertex  -2.570000e+01  3.100000e+01  4.055000e+01
    endloop
  endfacet
  facet normal  0.000000e+00 -1.000000e+00  0.000000e+00
    outer loop
      vertex  -2.770000e+01  3.100000e+01  4.222511e+01
      vertex  -2.570000e+01  3.100000e+01  4.055000e+01
      vertex  -2.753320e+01  3.100000e+01  4.233406e+01
    endloop
  endfacet
  facet normal  0.000000e+00 -1.000000e+00  0.000000e+00
    outer loop
      vertex  -2.753320e+01  3.100000e+01  4.233406e+01
      vertex  -2.570000e+01  3.100000e+01  4.055000e+01
      vertex  -2.736596e+01  3.100000e+01  4.244236e+01
    endloop
  endfacet
  facet normal -0.000000e+00 -1.000000e+00  0.000000e+00
    outer loop
      vertex   2.736596e+01  3.100000e+01 -4.244236e+01
      vertex   2.570000e+01  3.100000e+01 -4.055000e+01
      vertex   2.719830e+01  3.100000e+01 -4.255000e+01
    endloop
  endfacet
  facet normal  0.000000e+00 -1.000000e+00  0.000000e+00
    outer loop
      vertex   2.719830e+01  3.100000e+01 -4.255000e+01
      vertex   2.570000e+01  3.100000e+01 -4.055000e+01
      vertex   4.000000e+00  3.100000e+01 -4.055000e+01
    endloop
  endfacet
  facet normal  0.000000e+00 -1.000000e+00  0.000000e+00
    outer loop
      vertex   2.719830e+01  3.100000e+01 -4.255000e+01
      vertex   4.000000e+00  3.100000e+01 -4.055000e+01
      vertex   2.000000e+00  3.100000e+01 -4.255000e+01
    endloop
  endfacet
  facet normal  0.000000e+00 -1.000000e+00  0.000000e+00
    outer loop
      vertex   2.000000e+00  3.100000e+01 -4.255000e+01
      vertex   4.000000e+00  3.100000e+01 -4.055000e+01
      vertex   4.000000e+00  3.100000e+01 -1.885000e+01
    endloop
  endfacet
  facet normal  0.000000e+00 -1.000000e+00  0.000000e+00
    outer loop
      vertex   2.000000e+00  3.100000e+01 -4.255000e+01
      vertex   4.000000e+00  3.100000e+01 -1.885000e+01
      vertex   2.000000e+00  3.100000e+01 -1.685000e+01
    endloop
  endfacet
  facet normal  0.000000e+00 -1.000000e+00  0.000000e+00
    outer loop
      vertex   2.000000e+00  3.100000e+01 -1.685000e+01
      vertex   4.000000e+00  3.100000e+01 -1.885000e+01
      vertex   2.570000e+01  3.100000e+01 -1.885000e+01
    endloop
  endfacet
  facet normal  0.000000e+00 -1.000000e+00  0.000000e+00
    outer loop
      vertex   2.000000e+00  3.100000e+01 -1.685000e+01
      vertex   2.570000e+01  3.100000e+01 -1.885000e+01
      vertex   2.770000e+01  3.100000e+01 -1.685000e+01
    endloop
  endfacet
  facet normal  0.000000e+00 -1.000000e+00 -0.000000e+00
    outer loop
      vertex   2.770000e+01  3.100000e+01 -1.685000e+01
      vertex   2.570000e+01  3.100000e+01 -1.885000e+01
      vertex   2.770000e+01  3.100000e+01 -4.222511e+01
    endloop
  endfacet
  facet normal  0.000000e+00 -1.000000e+00  0.000000e+00
    outer loop
      vertex   2.770000e+01  3.100000e+01 -4.222511e+01
      vertex   2.570000e+01  3.100000e+01 -1.885000e+01
      vertex   2.570000e+01  3.100000e+01 -4.055000e+01
    endloop
  endfacet
  facet normal -0.000000e+00 -1.000000e+00  0.000000e+00
    outer loop
      vertex   2.770000e+01  3.100000e+01 -4.222511e+01
      vertex   2.570000e+01  3.100000e+01 -4.055000e+01
      vertex   2.753320e+01  3.100000e+01 -4.233406e+01
    endloop
  endfacet
  facet normal -0.000000e+00 -1.000000e+00  0.000000e+00
    outer loop
      vertex   2.753320e+01  3.100000e+01 -4.233406e+01
      vertex   2.570000e+01  3.100000e+01 -4.055000e+01
      vertex   2.736596e+01  3.100000e+01 -4.244236e+01
    endloop
  endfacet
  facet normal -1.000000e+00  0.000000e+00  0.000000e+00
    outer loop
      vertex   1.085000e+01  3.100000e+01 -1.085000e+01
      vertex   1.085000e+01  3.100000e+01  1.085000e+01
      vertex   1.085000e+01  3.200000e+01 -1.085000e+01
    endloop
  endfacet
  facet normal -1.000000e+00  0.000000e+00  0.000000e+00
    outer loop
      vertex   1.085000e+01  3.200000e+01 -1.085000e+01
      vertex   1.085000e+01  3.100000e+01  1.085000e+01
      vertex   1.085000e+01  3.200000e+01  1.085000e+01
    endloop
  endfacet
  facet normal  0.000000e+00  0.000000e+00  1.000000e+00
    outer loop
      vertex  -1.085000e+01  3.100000e+01 -1.085000e+01
      vertex   1.085000e+01  3.100000e+01 -1.085000e+01
      vertex  -1.085000e+01  3.200000e+01 -1.085000e+01
    endloop
  endfacet
  facet normal -0.000000e+00  0.000000e+00  1.000000e+00
    outer loop
      vertex  -1.085000e+01  3.200000e+01 -1.085000e+01
      vertex   1.085000e+01  3.100000e+01 -1.085000e+01
      vertex   1.085000e+01  3.200000e+01 -1.085000e+01
    endloop
  endfacet
  facet normal  1.000000e+00 -0.000000e+00  0.000000e+00
    outer loop
      vertex  -1.085000e+01  3.100000e+01  1.085000e+01
      vertex  -1.085000e+01  3.100000e+01 -1.085000e+01
      vertex  -1.085000e+01  3.200000e+01  1.085000e+01
    endloop
  endfacet
  facet normal  1.000000e+00  0.000000e+00  0.000000e+00
    outer loop
      vertex  -1.085000e+01  3.200000e+01  1.085000e+01
      vertex  -1.085000e+01  3.100000e+01 -1.085000e+01
      vertex  -1.085000e+01  3.200000e+01 -1.085000e+01
    endloop
  endfacet
  facet normal  0.000000e+00  0.000000e+00 -1.000000e+00
    outer loop
      vertex   1.085000e+01  3.100000e+01  1.085000e+01
      vertex  -1.085000e+01  3.100000e+01  1.085000e+01
      vertex   1.085000e+01  3.200000e+01  1.085000e+01
    endloop
  endfacet
  facet normal -0.000000e+00  0.000000e+00 -1.000000e+00
    outer loop
      vertex   1.085000e+01  3.200000e+01  1.085000e+01
      vertex  -1.085000e+01  3.100000e+01  1.085000e+01
      vertex  -1.085000e+01  3.200000e+01  1.085000e+01
    endloop
  endfacet
  facet normal -1.000000e+00  0.000000e+00  0.000000e+00
    outer loop
      vertex  -1.885000e+01  3.100000e+01 -1.085000e+01
      vertex  -1.885000e+01  3.100000e+01  1.085000e+01
      vertex  -1.885000e+01  3.200000e+01 -1.085000e+01
    endloop
  endfacet
  facet normal -1.000000e+00  0.000000e+00  0.000000e+00
    outer loop
      vertex  -1.885000e+01  3.200000e+01 -1.085000e+01
      vertex  -1.885000e+01  3.100000e+01  1.085000e+01
      vertex  -1.885000e+01  3.200000e+01  1.085000e+01
    endloop
  endfacet
  facet normal  0.000000e+00  0.000000e+00  1.000000e+00
    outer loop
      vertex  -4.055000e+01  3.100000e+01 -1.085000e+01
      vertex  -1.885000e+01  3.100000e+01 -1.085000e+01
      vertex  -4.055000e+01  3.200000e+01 -1.085000e+01
    endloop
  endfacet
  facet normal -0.000000e+00  0.000000e+00  1.000000e+00
    outer loop
      vertex  -4.055000e+01  3.200000e+01 -1.085000e+01
      vertex  -1.885000e+01  3.100000e+01 -1.085000e+01
      vertex  -1.885000e+01  3.200000e+01 -1.085000e+01
    endloop
  endfacet
  facet normal  1.000000e+00 -0.000000e+00  0.000000e+00
    outer loop
      vertex  -4.055000e+01  3.100000e+01  1.085000e+01
      vertex  -4.055000e+01  3.100000e+01 -1.085000e+01
      vertex  -4.055000e+01  3.200000e+01  1.085000e+01
    endloop
  endfacet
  facet normal  1.000000e+00  0.000000e+00  0.000000e+00
    outer loop
      vertex  -4.055000e+01  3.200000e+01  1.085000e+01
      vertex  -4.055000e+01  3.100000e+01 -1.085000e+01
      vertex  -4.055000e+01  3.200000e+01 -1.085000e+01
    endloop
  endfacet
  facet normal  0.000000e+00  0.000000e+00 -1.000000e+00
    outer loop
      vertex  -1.885000e+01  3.100000e+01  1.085000e+01
      vertex  -4.055000e+01  3.100000e+01  1.085000e+01
      vertex  -1.885000e+01  3.200000e+01  1.085000e+01
    endloop
  endfacet
  facet normal -0.000000e+00  0.000000e+00 -1.000000e+00
    outer loop
      vertex  -1.885000e+01  3.200000e+01  1.085000e+01
      vertex  -4.055000e+01  3.100000e+01  1.085000e+01
      vertex  -4.055000e+01  3.200000e+01  1.085000e+01
    endloop
  endfacet
  facet normal -1.000000e+00  0.000000e+00  0.000000e+00
    outer loop
      vertex  -4.000000e+00  3.100000e+01 -4.055000e+01
      vertex  -4.000000e+00  3.100000e+01 -1.885000e+01
      vertex  -4.000000e+00  3.200000e+01 -4.055000e+01
    endloop
  endfacet
  facet normal -1.000000e+00  0.000000e+00  0.000000e+00
    outer loop
      vertex  -4.000000e+00  3.200000e+01 -4.055000e+01
      vertex  -4.000000e+00  3.100000e+01 -1.885000e+01
      vertex  -4.000000e+00  3.200000e+01 -1.885000e+01
    endloop
  endfacet
  facet normal  0.000000e+00  0.000000e+00  1.000000e+00
    outer loop
      vertex  -2.570000e+01  3.100000e+01 -4.055000e+01
      vertex  -4.000000e+00  3.100000e+01 -4.055000e+01
      vertex  -2.570000e+01  3.200000e+01 -4.055000e+01
    endloop
  endfacet
  facet normal -0.000000e+00  0.000000e+00  1.000000e+00
    outer loop
      vertex  -2.570000e+01  3.200000e+01 -4.055000e+01
      vertex  -4.000000e+00  3.100000e+01 -4.055000e+01
      vertex  -4.000000e+00  3.200000e+01 -4.055000e+01
    endloop
  endfacet
  facet normal  1.000000e+00 -0.000000e+00  0.000000e+00
    outer loop
      vertex  -2.570000e+01  3.100000e+01 -1.885000e+01
      vertex  -2.570000e+01  3.100000e+01 -4.055000e+01
      vertex  -2.570000e+01  3.200000e+01 -1.885000e+01
    endloop
  endfacet
  facet normal  1.000000e+00  0.000000e+00  0.000000e+00
    outer loop
      vertex  -2.570000e+01  3.200000e+01 -1.885000e+01
      vertex  -2.570000e+01  3.100000e+01 -4.055000e+01
      vertex  -2.570000e+01  3.200000e+01 -4.055000e+01
    endloop
  endfacet
  facet normal  0.000000e+00  0.000000e+00 -1.000000e+00
    outer loop
      vertex  -4.000000e+00  3.100000e+01 -1.885000e+01
      vertex  -2.570000e+01  3.100000e+01 -1.885000e+01
      vertex  -4.000000e+00  3.200000e+01 -1.885000e+01
    endloop
  endfacet
  facet normal -0.000000e+00  0.000000e+00 -1.000000e+00
    outer loop
      vertex  -4.000000e+00  3.200000e+01 -1.885000e+01
      vertex  -2.570000e+01  3.100000e+01 -1.885000e+01
      vertex  -2.570000e+01  3.200000e+01 -1.885000e+01
    endloop
  endfacet
  facet normal -1.000000e+00  0.000000e+00  0.000000e+00
    outer loop
      vertex   4.055000e+01  3.100000e+01 -1.085000e+01
      vertex   4.055000e+01  3.100000e+01  1.085000e+01
      vertex   4.055000e+01  3.200000e+01 -1.085000e+01
    endloop
  endfacet
  facet normal -1.000000e+00  0.000000e+00  0.000000e+00
    outer loop
      vertex   4.055000e+01  3.200000e+01 -1.085000e+01
      vertex   4.055000e+01  3.100000e+01  1.085000e+01
      vertex   4.055000e+01  3.200000e+01  1.085000e+01
    endloop
  endfacet
  facet normal  0.000000e+00  0.000000e+00  1.000000e+00
    outer loop
      vertex   1.885000e+01  3.100000e+01 -1.085000e+01
      vertex   4.055000e+01  3.100000e+01 -1.085000e+01
      vertex   1.885000e+01  3.200000e+01 -1.085000e+01
    endloop
  endfacet
  facet normal -0.000000e+00  0.000000e+00  1.000000e+00
    outer loop
      vertex   1.885000e+01  3.200000e+01 -1.085000e+01
      vertex   4.055000e+01  3.100000e+01 -1.085000e+01
      vertex   4.055000e+01  3.200000e+01 -1.085000e+01
    endloop
  endfacet
  facet normal  1.000000e+00 -0.000000e+00  0.000000e+00
    outer loop
      vertex   1.885000e+01  3.100000e+01  1.085000e+01
      vertex   1.885000e+01  3.100000e+01 -1.085000e+01
      vertex   1.885000e+01  3.200000e+01  1.085000e+01
    endloop
  endfacet
  facet normal  1.000000e+00  0.000000e+00  0.000000e+00
    outer loop
      vertex   1.885000e+01  3.200000e+01  1.085000e+01
      vertex   1.885000e+01  3.100000e+01 -1.085000e+01
      vertex   1.885000e+01  3.200000e+01 -1.085000e+01
    endloop
  endfacet
  facet normal  0.000000e+00  0.000000e+00 -1.000000e+00
    outer loop
      vertex   4.055000e+01  3.100000e+01  1.085000e+01
      vertex   1.885000e+01  3.100000e+01  1.085000e+01
      vertex   4.055000e+01  3.200000e+01  1.085000e+01
    endloop
  endfacet
  facet normal -0.000000e+00  0.000000e+00 -1.000000e+00
    outer loop
      vertex   4.055000e+01  3.200000e+01  1.085000e+01
      vertex   1.885000e+01  3.100000e+01  1.085000e+01
      vertex   1.885000e+01  3.200000e+01  1.085000e+01
    endloop
  endfacet
  facet normal -1.000000e+00  0.000000e+00  0.000000e+00
    outer loop
      vertex  -4.000000e+00  3.100000e+01  1.885000e+01
      vertex  -4.000000e+00  3.100000e+01  4.055000e+01
      vertex  -4.000000e+00  3.200000e+01  1.885000e+01
    endloop
  endfacet
  facet normal -1.000000e+00  0.000000e+00  0.000000e+00
    outer loop
      vertex  -4.000000e+00  3.200000e+01  1.885000e+01
      vertex  -4.000000e+00  3.100000e+01  4.055000e+01
      vertex  -4.000000e+00  3.200000e+01  4.055000e+01
    endloop
  endfacet
  facet normal  0.000000e+00  0.000000e+00  1.000000e+00
    outer loop
      vertex  -2.570000e+01  3.100000e+01  1.885000e+01
      vertex  -4.000000e+00  3.100000e+01  1.885000e+01
      vertex  -2.570000e+01  3.200000e+01  1.885000e+01
    endloop
  endfacet
  facet normal -0.000000e+00  0.000000e+00  1.000000e+00
    outer loop
      vertex  -2.570000e+01  3.200000e+01  1.885000e+01
      vertex  -4.000000e+00  3.100000e+01  1.885000e+01
      vertex  -4.000000e+00  3.200000e+01  1.885000e+01
    endloop
  endfacet
  facet normal  1.000000e+00 -0.000000e+00  0.000000e+00
    outer loop
      vertex  -2.570000e+01  3.100000e+01  4.055000e+01
      vertex  -2.570000e+01  3.100000e+01  1.885000e+01
      vertex  -2.570000e+01  3.200000e+01  4.055000e+01
    endloop
  endfacet
  facet normal  1.000000e+00  0.000000e+00  0.000000e+00
    outer loop
      vertex  -2.570000e+01  3.200000e+01  4.055000e+01
      vertex  -2.570000e+01  3.100000e+01  1.885000e+01
      vertex  -2.570000e+01  3.200000e+01  1.885000e+01
    endloop
  endfacet
  facet normal  0.000000e+00  0.000000e+00 -1.000000e+00
    outer loop
      vertex  -4.000000e+00  3.100000e+01  4.055000e+01
      vertex  -2.570000e+01  3.100000e+01  4.055000e+01
      vertex  -4.000000e+00  3.200000e+01  4.055000e+01
    endloop
  endfacet
  facet normal -0.000000e+00  0.000000e+00 -1.000000e+00
    outer loop
      vertex  -4.000000e+00  3.200000e+01  4.055000e+01
      vertex  -2.570000e+01  3.100000e+01  4.055000e+01
      vertex  -2.570000e+01  3.200000e+01  4.055000e+01
    endloop
  endfacet
  facet normal -1.000000e+00  0.000000e+00  0.000000e+00
    outer loop
      vertex   2.570000e+01  3.100000e+01 -4.055000e+01
      vertex   2.570000e+01  3.100000e+01 -1.885000e+01
      vertex   2.570000e+01  3.200000e+01 -4.055000e+01
    endloop
  endfacet
  facet normal -1.000000e+00  0.000000e+00  0.000000e+00
    outer loop
      vertex   2.570000e+01  3.200000e+01 -4.055000e+01
      vertex   2.570000e+01  3.100000e+01 -1.885000e+01
      vertex   2.570000e+01  3.200000e+01 -1.885000e+01
    endloop
  endfacet
  facet normal  0.000000e+00  0.000000e+00  1.000000e+00
    outer loop
      vertex   4.000000e+00  3.100000e+01 -4.055000e+01
      vertex   2.570000e+01  3.100000e+01 -4.055000e+01
      vertex   4.000000e+00  3.200000e+01 -4.055000e+01
    endloop
  endfacet
  facet normal -0.000000e+00  0.000000e+00  1.000000e+00
    outer loop
      vertex   4.000000e+00  3.200000e+01 -4.055000e+01
      vertex   2.570000e+01  3.100000e+01 -4.055000e+01
      vertex   2.570000e+01  3.200000e+01 -4.055000e+01
    endloop
  endfacet
  facet normal  1.000000e+00 -0.000000e+00  0.000000e+00
    outer loop
      vertex   4.000000e+00  3.100000e+01 -1.885000e+01
      vertex   4.000000e+00  3.100000e+01 -4.055000e+01
      vertex   4.000000e+00  3.200000e+01 -1.885000e+01
    endloop
  endfacet
  facet normal  1.000000e+00  0.000000e+00  0.000000e+00
    outer loop
      vertex   4.000000e+00  3.200000e+01 -1.885000e+01
      vertex   4.000000e+00  3.100000e+01 -4.055000e+01
      vertex   4.000000e+00  3.200000e+01 -4.055000e+01
    endloop
  endfacet
  facet normal  0.000000e+00  0.000000e+00 -1.000000e+00
    outer loop
      vertex   2.570000e+01  3.100000e+01 -1.885000e+01
      vertex   4.000000e+00  3.100000e+01 -1.885000e+01
      vertex   2.570000e+01  3.200000e+01 -1.885000e+01
    endloop
  endfacet
  facet normal -0.000000e+00  0.000000e+00 -1.000000e+00
    outer loop
      vertex   2.570000e+01  3.200000e+01 -1.885000e+01
      vertex   4.000000e+00  3.100000e+01 -1.885000e+01
      vertex   4.000000e+00  3.200000e+01 -1.885000e+01
    endloop
  endfacet
  facet normal -1.000000e+00  0.000000e+00  0.000000e+00
    outer loop
      vertex   2.570000e+01  3.100000e+01  1.885000e+01
      vertex   2.570000e+01  3.100000e+01  4.055000e+01
      vertex   2.570000e+01  3.200000e+01  1.885000e+01
    endloop
  endfacet
  facet normal -1.000000e+00  0.000000e+00  0.000000e+00
    outer loop
      vertex   2.570000e+01  3.200000e+01  1.885000e+01
      vertex   2.570000e+01  3.100000e+01  4.055000e+01
      vertex   2.570000e+01  3.200000e+01  4.055000e+01
    endloop
  endfacet
  facet normal  0.000000e+00  0.000000e+00  1.000000e+00
    outer loop
      vertex   4.000000e+00  3.100000e+01  1.885000e+01
      vertex   2.570000e+01  3.100000e+01  1.885000e+01
      vertex   4.000000e+00  3.200000e+01  1.885000e+01
    endloop
  endfacet
  facet normal -0.000000e+00  0.000000e+00  1.000000e+00
    outer loop
      vertex   4.000000e+00  3.200000e+01  1.885000e+01
      vertex   2.570000e+01  3.100000e+01  1.885000e+01
      vertex   2.570000e+01  3.200000e+01  1.885000e+01
    endloop
  endfacet
  facet normal  1.000000e+00 -0.000000e+00  0.000000e+00
    outer loop
      vertex   4.000000e+00  3.100000e+01  4.055000e+01
      vertex   4.000000e+00  3.100000e+01  1.885000e+01
      vertex   4.000000e+00  3.200000e+01  4.055000e+01
    endloop
  endfacet
  facet normal  1.000000e+00  0.000000e+00  0.000000e+00
    outer loop
      vertex   4.000000e+00  3.200000e+01  4.055000e+01
      vertex   4.000000e+00  3.100000e+01  1.885000e+01
      vertex   4.000000e+00  3.200000e+01  1.885000e+01
    endloop
  endfacet
  facet normal  0.000000e+00  0.000000e+00 -1.000000e+00
    outer loop
      vertex   2.570000e+01  3.100000e+01  4.055000e+01
      vertex   4.000000e+00  3.100000e+01  4.055000e+01
      vertex   2.570000e+01  3.200000e+01  4.055000e+01
    endloop
  endfacet
  facet normal -0.000000e+00  0.000000e+00 -1.000000e+00
    outer loop
      vertex   2.570000e+01  3.200000e+01  4.055000e+01
      vertex   4.000000e+00  3.100000e+01  4.055000e+01
      vertex   4.000000e+00  3.200000e+01  4.055000e+01
    endloop
  endfacet
  facet normal -5.322241e-02  0.000000e+00 -9.985827e-01
    outer loop
      vertex  -5.580408e+00  3.000000e+00 -5.220258e+01
      vertex  -5.580408e+00  3.000000e+01 -5.220258e+01
      vertex   0.000000e+00  3.000000e+00 -5.250000e+01
    endloop
  endfacet
  facet normal -5.322241e-02  0.000000e+00 -9.985827e-01
    outer loop
      vertex   0.000000e+00  3.000000e+00 -5.250000e+01
      vertex  -5.580408e+00  3.000000e+01 -5.220258e+01
      vertex   0.000000e+00  3.000000e+01 -5.250000e+01
    endloop
  endfacet
  facet normal  5.322241e-02  0.000000e+00 -9.985827e-01
    outer loop
      vertex   0.000000e+00  3.000000e+00 -5.250000e+01
      vertex   0.000000e+00  3.000000e+01 -5.250000e+01
      vertex   5.580408e+00  3.000000e+00 -5.220258e+01
    endloop
  endfacet
  facet normal  5.322241e-02  0.000000e+00 -9.985827e-01
    outer loop
      vertex   5.580408e+00  3.000000e+00 -5.220258e+01
      vertex   0.000000e+00  3.000000e+01 -5.250000e+01
      vertex   5.580408e+00  3.000000e+01 -5.220258e+01
    endloop
  endfacet
  facet normal  1.590638e-01  0.000000e+00 -9.872683e-01
    outer loop
      vertex   5.580408e+00  3.000000e+00 -5.220258e+01
      vertex   5.580408e+00  3.000000e+01 -5.220258e+01
      vertex   1.109759e+01  3.000000e+00 -5.131367e+01
    endloop
  endfacet
  facet normal  1.590638e-01  0.000000e+00 -9.872683e-01
    outer loop
      vertex   1.109759e+01  3.000000e+00 -5.131367e+01
      vertex   5.580408e+00  3.000000e+01 -5.220258e+01
      vertex   1.109759e+01  3.000000e+01 -5.131367e+01
    endloop
  endfacet
  facet normal  2.631024e-01  0.000000e+00 -9.647679e-01
    outer loop
      vertex   1.109759e+01  3.000000e+00 -5.131367e+01
      vertex   1.109759e+01  3.000000e+01 -5.131367e+01
      vertex   1.648903e+01  3.000000e+00 -4.984337e+01
    endloop
  endfacet
  facet normal  2.631024e-01  0.000000e+00 -9.647679e-01
    outer loop
      vertex   1.648903e+01  3.000000e+00 -4.984337e+01
      vertex   1.109759e+01  3.000000e+01 -5.131367e+01
      vertex   1.648903e+01  3.000000e+01 -4.984337e+01
    endloop
  endfacet
  facet normal  3.641601e-01  0.000000e+00 -9.313364e-01
    outer loop
      vertex   1.648903e+01  3.000000e+00 -4.984337e+01
      vertex   1.648903e+01  3.000000e+01 -4.984337e+01
      vertex   2.169364e+01  3.000000e+00 -4.780833e+01
    endloop
  endfacet
  facet normal  3.641601e-01  0.000000e+00 -9.313364e-01
    outer loop
      vertex   2.169364e+01  3.000000e+00 -4.780833e+01
      vertex   1.648903e+01  3.000000e+01 -4.984337e+01
      vertex   2.169364e+01  3.000000e+01 -4.780833e+01
    endloop
  endfacet
  facet normal  4.610926e-01  0.000000e+00 -8.873521e-01
    outer loop
      vertex   2.169364e+01  3.000000e+00 -4.780833e+01
      vertex   2.169364e+01  3.000000e+01 -4.780833e+01
      vertex   2.665245e+01  3.000000e+00 -4.523159e+01
    endloop
  endfacet
  facet normal  4.610926e-01  0.000000e+00 -8.873521e-01
    outer loop
      vertex   2.665245e+01  3.000000e+00 -4.523159e+01
      vertex   2.169364e+01  3.000000e+01 -4.780833e+01
      vertex   2.665245e+01  3.000000e+01 -4.523159e+01
    endloop
  endfacet
  facet normal  5.527999e-01  0.000000e+00 -8.333141e-01
    outer loop
      vertex   2.665245e+01  3.000000e+00 -4.523159e+01
      vertex   2.665245e+01  3.000000e+01 -4.523159e+01
      vertex   3.130928e+01  3.000000e+00 -4.214236e+01
    endloop
  endfacet
  facet normal  5.527999e-01  0.000000e+00 -8.333141e-01
    outer loop
      vertex   3.130928e+01  3.000000e+00 -4.214236e+01
      vertex   2.665245e+01  3.000000e+01 -4.523159e+01
      vertex   3.130928e+01  3.000000e+01 -4.214236e+01
    endloop
  endfacet
  facet normal  6.382443e-01  0.000000e+00 -7.698339e-01
    outer loop
      vertex   3.130928e+01  3.000000e+00 -4.214236e+01
      vertex   3.130928e+01  3.000000e+01 -4.214236e+01
      vertex   3.561137e+01  3.000000e+00 -3.857564e+01
    endloop
  endfacet
  facet normal  6.382443e-01  0.000000e+00 -7.698339e-01
    outer loop
      vertex   3.561137e+01  3.000000e+00 -3.857564e+01
      vertex   3.130928e+01  3.000000e+01 -4.214236e+01
      vertex   3.561137e+01  3.000000e+01 -3.857564e+01
    endloop
  endfacet
  facet normal  7.164568e-01  0.000000e+00 -6.976315e-01
    outer loop
      vertex   3.561137e+01  3.000000e+00 -3.857564e+01
      vertex   3.561137e+01  3.000000e+01 -3.857564e+01
      vertex   3.950997e+01  3.000000e+00 -3.457185e+01
    endloop
  endfacet
  facet normal  7.164568e-01  0.000000e+00 -6.976315e-01
    outer loop
      vertex   3.950997e+01  3.000000e+00 -3.457185e+01
      vertex   3.561137e+01  3.000000e+01 -3.857564e+01
      vertex   3.950997e+01  3.000000e+01 -3.457185e+01
    endloop
  endfacet
  facet normal  7.865517e-01  0.000000e+00 -6.175244e-01
    outer loop
      vertex   3.950997e+01  3.000000e+00 -3.457185e+01
      vertex   3.950997e+01  3.000000e+01 -3.457185e+01
      vertex   4.296090e+01  3.000000e+00 -3.017634e+01
    endloop
  endfacet
  facet normal  7.865517e-01  0.000000e+00 -6.175244e-01
    outer loop
      vertex   4.296090e+01  3.000000e+00 -3.017634e+01
      vertex   3.950997e+01  3.000000e+01 -3.457185e+01
      vertex   4.296090e+01  3.000000e+01 -3.017634e+01
    endloop
  endfacet
  facet normal  8.477342e-01  0.000000e+00 -5.304213e-01
    outer loop
      vertex   4.296090e+01  3.000000e+00 -3.017634e+01
      vertex   4.296090e+01  3.000000e+01 -3.017634e+01
      vertex   4.592506e+01  3.000000e+00 -2.543892e+01
    endloop
  endfacet
  facet normal  8.477342e-01  0.000000e+00 -5.304213e-01
    outer loop
      vertex   4.592506e+01  3.000000e+00 -2.543892e+01
      vertex   4.296090e+01  3.000000e+01 -3.017634e+01
      vertex   4.592506e+01  3.000000e+01 -2.543892e+01
    endloop
  endfacet
  facet normal  8.993124e-01  0.000000e+00 -4.373068e-01
    outer loop
      vertex   4.592506e+01  3.000000e+00 -2.543892e+01
      vertex   4.592506e+01  3.000000e+01 -2.543892e+01
      vertex   4.836888e+01  3.000000e+00 -2.041327e+01
    endloop
  endfacet
  facet normal  8.993124e-01  0.000000e+00 -4.373068e-01
    outer loop
      vertex   4.836888e+01  3.000000e+00 -2.041327e+01
      vertex   4.592506e+01  3.000000e+01 -2.543892e+01
      vertex   4.836888e+01  3.000000e+01 -2.041327e+01
    endloop
  endfacet
  facet normal  9.407000e-01  0.000000e+00 -3.392395e-01
    outer loop
      vertex   4.836888e+01  3.000000e+00 -2.041327e+01
      vertex   4.836888e+01  3.000000e+01 -2.041327e+01
      vertex   5.026466e+01  3.000000e+00 -1.515633e+01
    endloop
  endfacet
  facet normal  9.407000e-01  0.000000e+00 -3.392395e-01
    outer loop
      vertex   5.026466e+01  3.000000e+00 -1.515633e+01
      vertex   4.836888e+01  3.000000e+01 -2.041327e+01
      vertex   5.026466e+01  3.000000e+01 -1.515633e+01
    endloop
  endfacet
  facet normal  9.714300e-01  0.000000e+00 -2.373261e-01
    outer loop
      vertex   5.026466e+01  3.000000e+00 -1.515633e+01
      vertex   5.026466e+01  3.000000e+01 -1.515633e+01
      vertex   5.159092e+01  3.000000e+00 -9.727658e+00
    endloop
  endfacet
  facet normal  9.714300e-01  0.000000e+00 -2.373261e-01
    outer loop
      vertex   5.159092e+01  3.000000e+00 -9.727658e+00
      vertex   5.026466e+01  3.000000e+01 -1.515633e+01
      vertex   5.159092e+01  3.000000e+01 -9.727658e+00
    endloop
  endfacet
  facet normal  9.911529e-01  0.000000e+00 -1.327257e-01
    outer loop
      vertex   5.159092e+01  3.000000e+00 -9.727658e+00
      vertex   5.159092e+01  3.000000e+01 -9.727658e+00
      vertex   5.233263e+01  3.000000e+00 -4.188771e+00
    endloop
  endfacet
  facet normal  9.911529e-01  0.000000e+00 -1.327257e-01
    outer loop
      vertex   5.233263e+01  3.000000e+00 -4.188771e+00
      vertex   5.159092e+01  3.000000e+01 -9.727658e+00
      vertex   5.233263e+01  3.000000e+01 -4.188771e+00
    endloop
  endfacet
  facet normal  9.996457e-01  0.000000e+00 -2.662008e-02
    outer loop
      vertex   5.233263e+01  3.000000e+00 -4.188771e+00
      vertex   5.233263e+01  3.000000e+01 -4.188771e+00
      vertex   5.248139e+01  3.000000e+00  1.397577e+00
    endloop
  endfacet
  facet normal  9.996457e-01  0.000000e+00 -2.662008e-02
    outer loop
      vertex   5.248139e+01  3.000000e+00  1.397577e+00
      vertex   5.233263e+01  3.000000e+01 -4.188771e+00
      vertex   5.248139e+01  3.000000e+01  1.397577e+00
    endloop
  endfacet
  facet normal  9.968120e-01 -0.000000e+00  7.978584e-02
    outer loop
      vertex   5.248139e+01  3.000000e+00  1.397577e+00
      vertex   5.248139e+01  3.000000e+01  1.397577e+00
      vertex   5.203552e+01  3.000000e+00  6.968090e+00
    endloop
  endfacet
  facet normal  9.968120e-01 -0.000000e+00  7.978584e-02
    outer loop
      vertex   5.203552e+01  3.000000e+00  6.968090e+00
      vertex   5.248139e+01  3.000000e+01  1.397577e+00
      vertex   5.203552e+01  3.000000e+01  6.968090e+00
    endloop
  endfacet
  facet normal  9.826841e-01 -0.000000e+00  1.852887e-01
    outer loop
      vertex   5.203552e+01  3.000000e+00  6.968090e+00
      vertex   5.203552e+01  3.000000e+01  6.968090e+00
      vertex   5.100007e+01  3.000000e+00  1.245965e+01
    endloop
  endfacet
  facet normal  9.826841e-01 -0.000000e+00  1.852887e-01
    outer loop
      vertex   5.100007e+01  3.000000e+00  1.245965e+01
      vertex   5.203552e+01  3.000000e+01  6.968090e+00
      vertex   5.100007e+01  3.000000e+01  1.245965e+01
    endloop
  endfacet
  facet normal  9.574221e-01 -0.000000e+00  2.886916e-01
    outer loop
      vertex   5.100007e+01  3.000000e+00  1.245965e+01
      vertex   5.100007e+01  3.000000e+01  1.245965e+01
      vertex   4.938676e+01  3.000000e+00  1.781004e+01
    endloop
  endfacet
  facet normal  9.574221e-01 -0.000000e+00  2.886916e-01
    outer loop
      vertex   4.938676e+01  3.000000e+00  1.781004e+01
      vertex   5.100007e+01  3.000000e+01  1.245965e+01
      vertex   4.938676e+01  3.000000e+01  1.781004e+01
    endloop
  endfacet
  facet normal  9.213122e-01 -0.000000e+00  3.888239e-01
    outer loop
      vertex   4.938676e+01  3.000000e+00  1.781004e+01
      vertex   4.938676e+01  3.000000e+01  1.781004e+01
      vertex   4.721389e+01  3.000000e+00  2.295863e+01
    endloop
  endfacet
  facet normal  9.213122e-01 -0.000000e+00  3.888239e-01
    outer loop
      vertex   4.721389e+01  3.000000e+00  2.295863e+01
      vertex   4.938676e+01  3.000000e+01  1.781004e+01
      vertex   4.721389e+01  3.000000e+01  2.295863e+01
    endloop
  endfacet
  facet normal  8.747629e-01 -0.000000e+00  4.845512e-01
    outer loop
      vertex   4.721389e+01  3.000000e+00  2.295863e+01
      vertex   4.721389e+01  3.000000e+01  2.295863e+01
      vertex   4.450606e+01  3.000000e+00  2.784710e+01
    endloop
  endfacet
  facet normal  8.747629e-01 -0.000000e+00  4.845512e-01
    outer loop
      vertex   4.450606e+01  3.000000e+00  2.784710e+01
      vertex   4.721389e+01  3.000000e+01  2.295863e+01
      vertex   4.450606e+01  3.000000e+01  2.784710e+01
    endloop
  endfacet
  facet normal  8.183023e-01 -0.000000e+00  5.747880e-01
    outer loop
      vertex   4.450606e+01  3.000000e+00  2.784710e+01
      vertex   4.450606e+01  3.000000e+01  2.784710e+01
      vertex   4.129395e+01  3.000000e+00  3.242004e+01
    endloop
  endfacet
  facet normal  8.183023e-01 -0.000000e+00  5.747880e-01
    outer loop
      vertex   4.129395e+01  3.000000e+00  3.242004e+01
      vertex   4.450606e+01  3.000000e+01  2.784710e+01
      vertex   4.129395e+01  3.000000e+01  3.242004e+01
    endloop
  endfacet
  facet normal  7.525715e-01 -0.000000e+00  6.585106e-01
    outer loop
      vertex   4.129395e+01  3.000000e+00  3.242004e+01
      vertex   4.129395e+01  3.000000e+01  3.242004e+01
      vertex   3.761398e+01  3.000000e+00  3.662566e+01
    endloop
  endfacet
  facet normal  7.525715e-01 -0.000000e+00  6.585106e-01
    outer loop
      vertex   3.761398e+01  3.000000e+00  3.662566e+01
      vertex   4.129395e+01  3.000000e+01  3.242004e+01
      vertex   3.761398e+01  3.000000e+01  3.662566e+01
    endloop
  endfacet
  facet normal  6.783116e-01 -0.000000e+00  7.347744e-01
    outer loop
      vertex   3.761398e+01  3.000000e+00  3.662566e+01
      vertex   3.761398e+01  3.000000e+01  3.662566e+01
      vertex   3.350782e+01  3.000000e+00  4.041628e+01
    endloop
  endfacet
  facet normal  6.783116e-01 -0.000000e+00  7.347744e-01
    outer loop
      vertex   3.350782e+01  3.000000e+00  4.041628e+01
      vertex   3.761398e+01  3.000000e+01  3.662566e+01
      vertex   3.350782e+01  3.000000e+01  4.041628e+01
    endloop
  endfacet
  facet normal  5.963673e-01 -0.000000e+00  8.027117e-01
    outer loop
      vertex   3.350782e+01  3.000000e+00  4.041628e+01
      vertex   3.350782e+01  3.000000e+01  4.041628e+01
      vertex   2.902201e+01  3.000000e+00  4.374898e+01
    endloop
  endfacet
  facet normal  5.963673e-01 -0.000000e+00  8.027117e-01
    outer loop
      vertex   2.902201e+01  3.000000e+00  4.374898e+01
      vertex   3.350782e+01  3.000000e+01  4.041628e+01
      vertex   2.902201e+01  3.000000e+01  4.374898e+01
    endloop
  endfacet
  facet normal  5.076659e-01 -0.000000e+00  8.615540e-01
    outer loop
      vertex   2.902201e+01  3.000000e+00  4.374898e+01
      vertex   2.902201e+01  3.000000e+01  4.374898e+01
      vertex   2.420736e+01  3.000000e+00  4.658598e+01
    endloop
  endfacet
  facet normal  5.076659e-01 -0.000000e+00  8.615540e-01
    outer loop
      vertex   2.420736e+01  3.000000e+00  4.658598e+01
      vertex   2.902201e+01  3.000000e+01  4.374898e+01
      vertex   2.420736e+01  3.000000e+01  4.658598e+01
    endloop
  endfacet
  facet normal  4.132124e-01 -0.000000e+00  9.106347e-01
    outer loop
      vertex   2.420736e+01  3.000000e+00  4.658598e+01
      vertex   2.420736e+01  3.000000e+01  4.658598e+01
      vertex   1.911843e+01  3.000000e+00  4.889515e+01
    endloop
  endfacet
  facet normal  4.132124e-01 -0.000000e+00  9.106347e-01
    outer loop
      vertex   1.911843e+01  3.000000e+00  4.889515e+01
      vertex   2.420736e+01  3.000000e+01  4.658598e+01
      vertex   1.911843e+01  3.000000e+01  4.889515e+01
    endloop
  endfacet
  facet normal  3.140769e-01 -0.000000e+00  9.493976e-01
    outer loop
      vertex   1.911843e+01  3.000000e+00  4.889515e+01
      vertex   1.911843e+01  3.000000e+01  4.889515e+01
      vertex   1.381288e+01  3.000000e+00  5.065031e+01
    endloop
  endfacet
  facet normal  3.140769e-01 -0.000000e+00  9.493976e-01
    outer loop
      vertex   1.381288e+01  3.000000e+00  5.065031e+01
      vertex   1.911843e+01  3.000000e+01  4.889515e+01
      vertex   1.381288e+01  3.000000e+01  5.065031e+01
    endloop
  endfacet
  facet normal  2.113825e-01 -0.000000e+00  9.774034e-01
    outer loop
      vertex   1.381288e+01  3.000000e+00  5.065031e+01
      vertex   1.381288e+01  3.000000e+01  5.065031e+01
      vertex   8.350834e+00  3.000000e+00  5.183159e+01
    endloop
  endfacet
  facet normal  2.113825e-01 -0.000000e+00  9.774034e-01
    outer loop
      vertex   8.350834e+00  3.000000e+00  5.183159e+01
      vertex   1.381288e+01  3.000000e+01  5.065031e+01
      vertex   8.350834e+00  3.000000e+01  5.183159e+01
    endloop
  endfacet
  facet normal  1.062933e-01 -0.000000e+00  9.943349e-01
    outer loop
      vertex   8.350834e+00  3.000000e+00  5.183159e+01
      vertex   8.350834e+00  3.000000e+01  5.183159e+01
      vertex   2.794164e+00  3.000000e+00  5.242559e+01
    endloop
  endfacet
  facet normal  1.062933e-01 -0.000000e+00  9.943349e-01
    outer loop
      vertex   2.794164e+00  3.000000e+00  5.242559e+01
      vertex   8.350834e+00  3.000000e+01  5.183159e+01
      vertex   2.794164e+00  3.000000e+01  5.242559e+01
    endloop
  endfacet
  facet normal  0.000000e+00 -0.000000e+00  1.000000e+00
    outer loop
      vertex   2.794164e+00  3.000000e+00  5.242559e+01
      vertex   2.794164e+00  3.000000e+01  5.242559e+01
      vertex  -2.794164e+00  3.000000e+00  5.242559e+01
    endloop
  endfacet
  facet normal  0.000000e+00  0.000000e+00  1.000000e+00
    outer loop
      vertex  -2.794164e+00  3.000000e+00  5.242559e+01
      vertex   2.794164e+00  3.000000e+01  5.242559e+01
      vertex  -2.794164e+00  3.000000e+01  5.242559e+01
    endloop
  endfacet
  facet normal -1.062933e-01  0.000000e+00  9.943349e-01
    outer loop
      vertex  -2.794164e+00  3.000000e+00  5.242559e+01
      vertex  -2.794164e+00  3.000000e+01  5.242559e+01
      vertex  -8.350834e+00  3.000000e+00  5.183159e+01
    endloop
  endfacet
  facet normal -1.062933e-01  0.000000e+00  9.943349e-01
    outer loop
      vertex  -8.350834e+00  3.000000e+00  5.183159e+01
      vertex  -2.794164e+00  3.000000e+01  5.242559e+01
      vertex  -8.350834e+00  3.000000e+01  5.183159e+01
    endloop
  endfacet
  facet normal -2.113825e-01  0.000000e+00  9.774034e-01
    outer loop
      vertex  -8.350834e+00  3.000000e+00  5.183159e+01
      vertex  -8.350834e+00  3.000000e+01  5.183159e+01
      vertex  -1.381288e+01  3.000000e+00  5.065031e+01
    endloop
  endfacet
  facet normal -2.113825e-01  0.000000e+00  9.774034e-01
    outer loop
      vertex  -1.381288e+01  3.000000e+00  5.065031e+01
      vertex  -8.350834e+00  3.000000e+01  5.183159e+01
      vertex  -1.381288e+01  3.000000e+01  5.065031e+01
    endloop
  endfacet
  facet normal -3.140769e-01  0.000000e+00  9.493976e-01
    outer loop
      vertex  -1.381288e+01  3.000000e+00  5.065031e+01
      vertex  -1.381288e+01  3.000000e+01  5.065031e+01
      vertex  -1.911843e+01  3.000000e+00  4.889515e+01
    endloop
  endfacet
  facet normal -3.140769e-01  0.000000e+00  9.493976e-01
    outer loop
      vertex  -1.911843e+01  3.000000e+00  4.889515e+01
      vertex  -1.381288e+01  3.000000e+01  5.065031e+01
      vertex  -1.911843e+01  3.000000e+01  4.889515e+01
    endloop
  endfacet
  facet normal -4.132124e-01  0.000000e+00  9.106347e-01
    outer loop
      vertex  -1.911843e+01  3.000000e+00  4.889515e+01
      vertex  -1.911843e+01  3.000000e+01  4.889515e+01
      vertex  -2.420736e+01  3.000000e+00  4.658598e+01
    endloop
  endfacet
  facet normal -4.132124e-01  0.000000e+00  9.106347e-01
    outer loop
      vertex  -2.420736e+01  3.000000e+00  4.658598e+01
      vertex  -1.911843e+01  3.000000e+01  4.889515e+01
      vertex  -2.420736e+01  3.000000e+01  4.658598e+01
    endloop
  endfacet
  facet normal -5.076659e-01  0.000000e+00  8.615540e-01
    outer loop
      vertex  -2.420736e+01  3.000000e+00  4.658598e+01
      vertex  -2.420736e+01  3.000000e+01  4.658598e+01
      vertex  -2.902201e+01  3.000000e+00  4.374898e+01
    endloop
  endfacet
  facet normal -5.076659e-01  0.000000e+00  8.615540e-01
    outer loop
      vertex  -2.902201e+01  3.000000e+00  4.374898e+01
      vertex  -2.420736e+01  3.000000e+01  4.658598e+01
      vertex  -2.902201e+01  3.000000e+01  4.374898e+01
    endloop
  endfacet
  facet normal -5.963673e-01  0.000000e+00  8.027117e-01
    outer loop
      vertex  -2.902201e+01  3.000000e+00  4.374898e+01
      vertex  -2.902201e+01  3.000000e+01  4.374898e+01
      vertex  -3.350782e+01  3.000000e+00  4.041628e+01
    endloop
  endfacet
  facet normal -5.963673e-01  0.000000e+00  8.027117e-01
    outer loop
      vertex  -3.350782e+01  3.000000e+00  4.041628e+01
      vertex  -2.902201e+01  3.000000e+01  4.374898e+01
      vertex  -3.350782e+01  3.000000e+01  4.041628e+01
    endloop
  endfacet
  facet normal -6.783116e-01  0.000000e+00  7.347744e-01
    outer loop
      vertex  -3.350782e+01  3.000000e+00  4.041628e+01
      vertex  -3.350782e+01  3.000000e+01  4.041628e+01
      vertex  -3.761398e+01  3.000000e+00  3.662566e+01
    endloop
  endfacet
  facet normal -6.783116e-01  0.000000e+00  7.347744e-01
    outer loop
      vertex  -3.761398e+01  3.000000e+00  3.662566e+01
      vertex  -3.350782e+01  3.000000e+01  4.041628e+01
      vertex  -3.761398e+01  3.000000e+01  3.662566e+01
    endloop
  endfacet
  facet normal -7.525715e-01  0.000000e+00  6.585106e-01
    outer loop
      vertex  -3.761398e+01  3.000000e+00  3.662566e+01
      vertex  -3.761398e+01  3.000000e+01  3.662566e+01
      vertex  -4.129395e+01  3.000000e+00  3.242004e+01
    endloop
  endfacet
  facet normal -7.525715e-01  0.000000e+00  6.585106e-01
    outer loop
      vertex  -4.129395e+01  3.000000e+00  3.242004e+01
      vertex  -3.761398e+01  3.000000e+01  3.662566e+01
      vertex  -4.129395e+01  3.000000e+01  3.242004e+01
    endloop
  endfacet
  facet normal -8.183023e-01  0.000000e+00  5.747880e-01
    outer loop
      vertex  -4.129395e+01  3.000000e+00  3.242004e+01
      vertex  -4.129395e+01  3.000000e+01  3.242004e+01
      vertex  -4.450606e+01  3.000000e+00  2.784710e+01
    endloop
  endfacet
  facet normal -8.183023e-01  0.000000e+00  5.747880e-01
    outer loop
      vertex  -4.450606e+01  3.000000e+00  2.784710e+01
      vertex  -4.129395e+01  3.000000e+01  3.242004e+01
      vertex  -4.450606e+01  3.000000e+01  2.784710e+01
    endloop
  endfacet
  facet normal -8.747629e-01  0.000000e+00  4.845512e-01
    outer loop
      vertex  -4.450606e+01  3.000000e+00  2.784710e+01
      vertex  -4.450606e+01  3.000000e+01  2.784710e+01
      vertex  -4.721389e+01  3.000000e+00  2.295863e+01
    endloop
  endfacet
  facet normal -8.747629e-01  0.000000e+00  4.845512e-01
    outer loop
      vertex  -4.721389e+01  3.000000e+00  2.295863e+01
      vertex  -4.450606e+01  3.000000e+01  2.784710e+01
      vertex  -4.721389e+01  3.000000e+01  2.295863e+01
    endloop
  endfacet
  facet normal -9.213122e-01  0.000000e+00  3.888239e-01
    outer loop
      vertex  -4.721389e+01  3.000000e+00  2.295863e+01
      vertex  -4.721389e+01  3.000000e+01  2.295863e+01
      vertex  -4.938676e+01  3.000000e+00  1.781004e+01
    endloop
  endfacet
  facet normal -9.213122e-01  0.000000e+00  3.888239e-01
    outer loop
      vertex  -4.938676e+01  3.000000e+00  1.781004e+01
      vertex  -4.721389e+01  3.000000e+01  2.295863e+01
      vertex  -4.938676e+01  3.000000e+01  1.781004e+01
    endloop
  endfacet
  facet normal -9.574221e-01  0.000000e+00  2.886916e-01
    outer loop
      vertex  -4.938676e+01  3.000000e+00  1.781004e+01
      vertex  -4.938676e+01  3.000000e+01  1.781004e+01
      vertex  -5.100007e+01  3.000000e+00  1.245965e+01
    endloop
  endfacet
  facet normal -9.574221e-01  0.000000e+00  2.886916e-01
    outer loop
      vertex  -5.100007e+01  3.000000e+00  1.245965e+01
      vertex  -4.938676e+01  3.000000e+01  1.781004e+01
      vertex  -5.100007e+01  3.000000e+01  1.245965e+01
    endloop
  endfacet
  facet normal -9.826841e-01  0.000000e+00  1.852887e-01
    outer loop
      vertex  -5.100007e+01  3.000000e+00  1.245965e+01
      vertex  -5.100007e+01  3.000000e+01  1.245965e+01
      vertex  -5.203552e+01  3.000000e+00  6.968090e+00
    endloop
  endfacet
  facet normal -9.826841e-01  0.000000e+00  1.852887e-01
    outer loop
      vertex  -5.203552e+01  3.000000e+00  6.968090e+00
      vertex  -5.100007e+01  3.000000e+01  1.245965e+01
      vertex  -5.203552e+01  3.000000e+01  6.968090e+00
    endloop
  endfacet
  facet normal -9.968120e-01  0.000000e+00  7.978584e-02
    outer loop
      vertex  -5.203552e+01  3.000000e+00  6.968090e+00
      vertex  -5.203552e+01  3.000000e+01  6.968090e+00
      vertex  -5.248139e+01  3.000000e+00  1.397577e+00
    endloop
  endfacet
  facet normal -9.968120e-01  0.000000e+00  7.978584e-02
    outer loop
      vertex  -5.248139e+01  3.000000e+00  1.397577e+00
      vertex  -5.203552e+01  3.000000e+01  6.968090e+00
      vertex  -5.248139e+01  3.000000e+01  1.397577e+00
    endloop
  endfacet
  facet normal -9.996457e-01  0.000000e+00 -2.662008e-02
    outer loop
      vertex  -5.248139e+01  3.000000e+00  1.397577e+00
      vertex  -5.248139e+01  3.000000e+01  1.397577e+00
      vertex  -5.233263e+01  3.000000e+00 -4.188771e+00
    endloop
  endfacet
  facet normal -9.996457e-01  0.000000e+00 -2.662008e-02
    outer loop
      vertex  -5.233263e+01  3.000000e+00 -4.188771e+00
      vertex  -5.248139e+01  3.000000e+01  1.397577e+00
      vertex  -5.233263e+01  3.000000e+01 -4.188771e+00
    endloop
  endfacet
  facet normal -9.911529e-01  0.000000e+00 -1.327257e-01
    outer loop
      vertex  -5.233263e+01  3.000000e+00 -4.188771e+00
      vertex  -5.233263e+01  3.000000e+01 -4.188771e+00
      vertex  -5.159092e+01  3.000000e+00 -9.727658e+00
    endloop
  endfacet
  facet normal -9.911529e-01  0.000000e+00 -1.327257e-01
    outer loop
      vertex  -5.159092e+01  3.000000e+00 -9.727658e+00
      vertex  -5.233263e+01  3.000000e+01 -4.188771e+00
      vertex  -5.159092e+01  3.000000e+01 -9.727658e+00
    endloop
  endfacet
  facet normal -9.714300e-01  0.000000e+00 -2.373261e-01
    outer loop
      vertex  -5.159092e+01  3.000000e+00 -9.727658e+00
      vertex  -5.159092e+01  3.000000e+01 -9.727658e+00
      vertex  -5.026466e+01  3.000000e+00 -1.515633e+01
    endloop
  endfacet
  facet normal -9.714300e-01  0.000000e+00 -2.373261e-01
    outer loop
      vertex  -5.026466e+01  3.000000e+00 -1.515633e+01
      vertex  -5.159092e+01  3.000000e+01 -9.727658e+00
      vertex  -5.026466e+01  3.000000e+01 -1.515633e+01
    endloop
  endfacet
  facet normal -9.407000e-01  0.000000e+00 -3.392395e-01
    outer loop
      vertex  -5.026466e+01  3.000000e+00 -1.515633e+01
      vertex  -5.026466e+01  3.000000e+01 -1.515633e+01
      vertex  -4.836888e+01  3.000000e+00 -2.041327e+01
    endloop
  endfacet
  facet normal -9.407000e-01  0.000000e+00 -3.392395e-01
    outer loop
      vertex  -4.836888e+01  3.000000e+00 -2.041327e+01
      vertex  -5.026466e+01  3.000000e+01 -1.515633e+01
      vertex  -4.836888e+01  3.000000e+01 -2.041327e+01
    endloop
  endfacet
  facet normal -8.993124e-01  0.000000e+00 -4.373068e-01
    outer loop
      vertex  -4.836888e+01  3.000000e+00 -2.041327e+01
      vertex  -4.836888e+01  3.000000e+01 -2.041327e+01
      vertex  -4.592506e+01  3.000000e+00 -2.543892e+01
    endloop
  endfacet
  facet normal -8.993124e-01  0.000000e+00 -4.373068e-01
    outer loop
      vertex  -4.592506e+01  3.000000e+00 -2.543892e+01
      vertex  -4.836888e+01  3.000000e+01 -2.041327e+01
      vertex  -4.592506e+01  3.000000e+01 -2.543892e+01
    endloop
  endfacet
  facet normal -8.477342e-01  0.000000e+00 -5.304213e-01
    outer loop
      vertex  -4.592506e+01  3.000000e+00 -2.543892e+01
      vertex  -4.592506e+01  3.000000e+01 -2.543892e+01
      vertex  -4.296090e+01  3.000000e+00 -3.017634e+01
    endloop
  endfacet
  facet normal -8.477342e-01  0.000000e+00 -5.304213e-01
    outer loop
      vertex  -4.296090e+01  3.000000e+00 -3.017634e+01
      vertex  -4.592506e+01  3.000000e+01 -2.543892e+01
      vertex  -4.296090e+01  3.000000e+01 -3.017634e+01
    endloop
  endfacet
  facet normal -7.865517e-01  0.000000e+00 -6.175244e-01
    outer loop
      vertex  -4.296090e+01  3.000000e+00 -3.017634e+01
      vertex  -4.296090e+01  3.000000e+01 -3.017634e+01
      vertex  -3.950997e+01  3.000000e+00 -3.457185e+01
    endloop
  endfacet
  facet normal -7.865517e-01  0.000000e+00 -6.175244e-01
    outer loop
      vertex  -3.950997e+01  3.000000e+00 -3.457185e+01
      vertex  -4.296090e+01  3.000000e+01 -3.017634e+01
      vertex  -3.950997e+01  3.000000e+01 -3.457185e+01
    endloop
  endfacet
  facet normal -7.164568e-01  0.000000e+00 -6.976315e-01
    outer loop
      vertex  -3.950997e+01  3.000000e+00 -3.457185e+01
      vertex  -3.950997e+01  3.000000e+01 -3.457185e+01
      vertex  -3.561137e+01  3.000000e+00 -3.857564e+01
    endloop
  endfacet
  facet normal -7.164568e-01  0.000000e+00 -6.976315e-01
    outer loop
      vertex  -3.561137e+01  3.000000e+00 -3.857564e+01
      vertex  -3.950997e+01  3.000000e+01 -3.457185e+01
      vertex  -3.561137e+01  3.000000e+01 -3.857564e+01
    endloop
  endfacet
  facet normal -6.382443e-01  0.000000e+00 -7.698339e-01
    outer loop
      vertex  -3.561137e+01  3.000000e+00 -3.857564e+01
      vertex  -3.561137e+01  3.000000e+01 -3.857564e+01
      vertex  -3.130928e+01  3.000000e+00 -4.214236e+01
    endloop
  endfacet
  facet normal -6.382443e-01  0.000000e+00 -7.698339e-01
    outer loop
      vertex  -3.130928e+01  3.000000e+00 -4.214236e+01
      vertex  -3.561137e+01  3.000000e+01 -3.857564e+01
      vertex  -3.130928e+01  3.000000e+01 -4.214236e+01
    endloop
  endfacet
  facet normal -5.527999e-01  0.000000e+00 -8.333141e-01
    outer loop
      vertex  -3.130928e+01  3.000000e+00 -4.214236e+01
      vertex  -3.130928e+01  3.000000e+01 -4.214236e+01
      vertex  -2.665245e+01  3.000000e+00 -4.523159e+01
    endloop
  endfacet
  facet normal -5.527999e-01  0.000000e+00 -8.333141e-01
    outer loop
      vertex  -2.665245e+01  3.000000e+00 -4.523159e+01
      vertex  -3.130928e+01  3.000000e+01 -4.214236e+01
      vertex  -2.665245e+01  3.000000e+01 -4.523159e+01
    endloop
  endfacet
  facet normal -4.610926e-01  0.000000e+00 -8.873521e-01
    outer loop
      vertex  -2.665245e+01  3.000000e+00 -4.523159e+01
      vertex  -2.665245e+01  3.000000e+01 -4.523159e+01
      vertex  -2.169364e+01  3.000000e+00 -4.780833e+01
    endloop
  endfacet
  facet normal -4.610926e-01  0.000000e+00 -8.873521e-01
    outer loop
      vertex  -2.169364e+01  3.000000e+00 -4.780833e+01
      vertex  -2.665245e+01  3.000000e+01 -4.523159e+01
      vertex  -2.169364e+01  3.000000e+01 -4.780833e+01
    endloop
  endfacet
  facet normal -3.641601e-01  0.000000e+00 -9.313364e-01
    outer loop
      vertex  -2.169364e+01  3.000000e+00 -4.780833e+01
      vertex  -2.169364e+01  3.000000e+01 -4.780833e+01
      vertex  -1.648903e+01  3.000000e+00 -4.984337e+01
    endloop
  endfacet
  facet normal -3.641601e-01  0.000000e+00 -9.313364e-01
    outer loop
      vertex  -1.648903e+01  3.000000e+00 -4.984337e+01
      vertex  -2.169364e+01  3.000000e+01 -4.780833e+01
      vertex  -1.648903e+01  3.000000e+01 -4.984337e+01
    endloop
  endfacet
  facet normal -2.631024e-01  0.000000e+00 -9.647679e-01
    outer loop
      vertex  -1.648903e+01  3.000000e+00 -4.984337e+01
      vertex  -1.648903e+01  3.000000e+01 -4.984337e+01
      vertex  -1.109759e+01  3.000000e+00 -5.131367e+01
    endloop
  endfacet
  facet normal -2.631024e-01  0.000000e+00 -9.647679e-01
    outer loop
      vertex  -1.109759e+01  3.000000e+00 -5.131367e+01
      vertex  -1.648903e+01  3.000000e+01 -4.984337e+01
      vertex  -1.109759e+01  3.000000e+01 -5.131367e+01
    endloop
  endfacet
  facet normal -1.590638e-01  0.000000e+00 -9.872683e-01
    outer loop
      vertex  -1.109759e+01  3.000000e+00 -5.131367e+01
      vertex  -1.109759e+01  3.000000e+01 -5.131367e+01
      vertex  -5.580408e+00  3.000000e+00 -5.220258e+01
    endloop
  endfacet
  facet normal -1.590638e-01  0.000000e+00 -9.872683e-01
    outer loop
      vertex  -5.580408e+00  3.000000e+00 -5.220258e+01
      vertex  -1.109759e+01  3.000000e+01 -5.131367e+01
      vertex  -5.580408e+00  3.000000e+01 -5.220258e+01
    endloop
  endfacet
endsolid vcg
